est,h,bias,rmse,mae,coverage,rej_rate,n,cell,N,T,rho,sig_lam,mode,het_rho,het_beta
CDOLS,0,-0.0004163644059646,0.0137518865986535,0.0108669471741473,0.93,1.0,300,main_N100_T100_rho0.2_xsd0,100,100,0.2,0.0,,,
CDOLS,1,-0.0232043425466026,0.0276794236496526,0.0241743993914104,0.6633333333333333,1.0,300,main_N100_T100_rho0.2_xsd0,100,100,0.2,0.0,,,
CDOLS,2,-0.0259741901931768,0.0302024723195212,0.0265495036172066,0.6133333333333333,0.9,300,main_N100_T100_rho0.2_xsd0,100,100,0.2,0.0,,,
CDOLS,3,-0.026161597215868,0.0302833469683992,0.0267060520603426,0.5633333333333334,0.5366666666666666,300,main_N100_T100_rho0.2_xsd0,100,100,0.2,0.0,,,
CDOLS,4,-0.0274073679963337,0.0321246496946718,0.0278874289151338,0.5733333333333334,0.4466666666666666,300,main_N100_T100_rho0.2_xsd0,100,100,0.2,0.0,,,
CDOLS,5,-0.0276088910889804,0.0318021552432031,0.0281847093513163,0.52,0.4833333333333333,300,main_N100_T100_rho0.2_xsd0,100,100,0.2,0.0,,,
CDOLS,6,-0.0272650962134496,0.0313982260180419,0.0277449891483135,0.5866666666666667,0.4133333333333333,300,main_N100_T100_rho0.2_xsd0,100,100,0.2,0.0,,,
CDOLS,7,-0.0279816246848115,0.0323107300011894,0.0286715518800768,0.5333333333333333,0.4666666666666667,300,main_N100_T100_rho0.2_xsd0,100,100,0.2,0.0,,,
CDOLS,8,-0.0279656268773272,0.0319822435029967,0.0286356950540291,0.5766666666666667,0.4233333333333333,300,main_N100_T100_rho0.2_xsd0,100,100,0.2,0.0,,,
CDOLS,9,-0.0272031398818722,0.0319229830823392,0.0279050459445669,0.5666666666666667,0.4333333333333333,300,main_N100_T100_rho0.2_xsd0,100,100,0.2,0.0,,,
CDOLS,10,-0.0269628499458791,0.03185654796637,0.0277106699646445,0.5666666666666667,0.4333333333333333,300,main_N100_T100_rho0.2_xsd0,100,100,0.2,0.0,,,
DB,0,-0.0006310306954611,0.0097454567252923,0.0078156119701745,0.9466666666666668,1.0,300,main_N100_T100_rho0.2_xsd0,100,100,0.2,0.0,,,
DB,1,-0.0009384698092468,0.0108957307509533,0.008664534133604,0.95,1.0,300,main_N100_T100_rho0.2_xsd0,100,100,0.2,0.0,,,
DB,2,0.0011586418820155,0.0113927433552899,0.0091333565718591,0.9533333333333334,0.48,300,main_N100_T100_rho0.2_xsd0,100,100,0.2,0.0,,,
DB,3,0.0015804886917876,0.0120771723853067,0.0095015212906969,0.9333333333333332,0.0666666666666666,300,main_N100_T100_rho0.2_xsd0,100,100,0.2,0.0,,,
DB,4,0.0005981910543672,0.0119642327361871,0.0095783654674057,0.94,0.05,300,main_N100_T100_rho0.2_xsd0,100,100,0.2,0.0,,,
DB,5,0.0005522210887759,0.0113865350682786,0.0092753228201406,0.95,0.05,300,main_N100_T100_rho0.2_xsd0,100,100,0.2,0.0,,,
DB,6,0.0007157859835687,0.0117164951383878,0.0093530397258506,0.9433333333333334,0.0533333333333333,300,main_N100_T100_rho0.2_xsd0,100,100,0.2,0.0,,,
DB,7,1.5758901806218992e-05,0.0122881190173688,0.0098147763619814,0.9433333333333334,0.0566666666666666,300,main_N100_T100_rho0.2_xsd0,100,100,0.2,0.0,,,
DB,8,0.0001497753959867,0.0125213321012076,0.0098464787329494,0.93,0.07,300,main_N100_T100_rho0.2_xsd0,100,100,0.2,0.0,,,
DB,9,0.0008080797196728,0.0130528901792709,0.0105910784771428,0.9266666666666666,0.0733333333333333,300,main_N100_T100_rho0.2_xsd0,100,100,0.2,0.0,,,
DB,10,0.0008534094215782,0.0120844996998028,0.009820204023523,0.95,0.05,300,main_N100_T100_rho0.2_xsd0,100,100,0.2,0.0,,,
FE,0,-0.0006310306954611,0.0097454567252923,0.0078156119701745,0.9466666666666668,1.0,300,main_N100_T100_rho0.2_xsd0,100,100,0.2,0.0,,,
FE,1,0.0061806180196114,0.0124545033469507,0.0099301283461178,0.93,1.0,300,main_N100_T100_rho0.2_xsd0,100,100,0.2,0.0,,,
FE,2,0.0096300196182566,0.014856087844513,0.0123871843109823,0.8766666666666667,0.2466666666666666,300,main_N100_T100_rho0.2_xsd0,100,100,0.2,0.0,,,
FE,3,0.0103057061835597,0.0157998541869853,0.0126338746920458,0.8566666666666667,0.0866666666666666,300,main_N100_T100_rho0.2_xsd0,100,100,0.2,0.0,,,
FE,4,0.0093660320264639,0.0152015336079092,0.0124446294555199,0.8633333333333333,0.12,300,main_N100_T100_rho0.2_xsd0,100,100,0.2,0.0,,,
FE,5,0.0093204612943662,0.0147265724587659,0.0121117790535748,0.9,0.0966666666666666,300,main_N100_T100_rho0.2_xsd0,100,100,0.2,0.0,,,
FE,6,0.0094743823325769,0.015046317648977,0.0122235753239177,0.8533333333333334,0.1466666666666666,300,main_N100_T100_rho0.2_xsd0,100,100,0.2,0.0,,,
FE,7,0.0087607134481254,0.0150980156370793,0.0123320135624894,0.8566666666666667,0.1433333333333333,300,main_N100_T100_rho0.2_xsd0,100,100,0.2,0.0,,,
FE,8,0.0088781226071162,0.0153515204569933,0.0124177586100588,0.8666666666666667,0.1333333333333333,300,main_N100_T100_rho0.2_xsd0,100,100,0.2,0.0,,,
FE,9,0.0095169156129504,0.0161459662132395,0.0131264696032629,0.8166666666666667,0.1833333333333333,300,main_N100_T100_rho0.2_xsd0,100,100,0.2,0.0,,,
FE,10,0.0095396956325409,0.0153752426771732,0.0127029781432768,0.8633333333333333,0.1366666666666666,300,main_N100_T100_rho0.2_xsd0,100,100,0.2,0.0,,,
HPJ,0,-0.0005675726094462,0.0245567426763539,0.0199927156066876,0.53,1.0,300,main_N100_T100_rho0.2_xsd0,100,100,0.2,0.0,,,
HPJ,1,0.0074125892622448,0.0319736581856128,0.0256589401046606,0.5,0.9966666666666668,300,main_N100_T100_rho0.2_xsd0,100,100,0.2,0.0,,,
HPJ,2,0.0110703829811603,0.0320261191111291,0.0259538113773961,0.5,0.49,300,main_N100_T100_rho0.2_xsd0,100,100,0.2,0.0,,,
HPJ,3,0.0112038292961967,0.0338812892047305,0.0270153682634185,0.4866666666666667,0.4833333333333333,300,main_N100_T100_rho0.2_xsd0,100,100,0.2,0.0,,,
HPJ,4,0.0081656763000915,0.031518567519952,0.0246293947140384,0.6,0.4033333333333333,300,main_N100_T100_rho0.2_xsd0,100,100,0.2,0.0,,,
HPJ,5,0.010544981329395,0.0335250948055176,0.0272478453607335,0.48,0.5166666666666667,300,main_N100_T100_rho0.2_xsd0,100,100,0.2,0.0,,,
HPJ,6,0.0114521807062218,0.0338732335565321,0.0270590757901284,0.5066666666666667,0.4933333333333333,300,main_N100_T100_rho0.2_xsd0,100,100,0.2,0.0,,,
HPJ,7,0.0113428440255591,0.0355479014224618,0.0281011677524262,0.5033333333333333,0.4966666666666666,300,main_N100_T100_rho0.2_xsd0,100,100,0.2,0.0,,,
HPJ,8,0.0115062309020379,0.0369428202201442,0.0293383760960381,0.5,0.5,300,main_N100_T100_rho0.2_xsd0,100,100,0.2,0.0,,,
HPJ,9,0.0086301220964306,0.0361334423819015,0.0293359594025846,0.4633333333333333,0.5366666666666666,300,main_N100_T100_rho0.2_xsd0,100,100,0.2,0.0,,,
HPJ,10,0.0112147253501375,0.035412055429744,0.0278765559410238,0.5366666666666666,0.4633333333333333,300,main_N100_T100_rho0.2_xsd0,100,100,0.2,0.0,,,
SPJ,0,-0.0005550015284471,0.0098623844489794,0.0078525204507695,0.96,1.0,300,main_N100_T100_rho0.2_xsd0,100,100,0.2,0.0,,,
SPJ,1,-0.0010160987516475,0.010832315589148,0.0086604283204128,0.9533333333333334,1.0,300,main_N100_T100_rho0.2_xsd0,100,100,0.2,0.0,,,
SPJ,2,0.0010947492056686,0.0115338276485728,0.0092666556219084,0.96,0.4633333333333333,300,main_N100_T100_rho0.2_xsd0,100,100,0.2,0.0,,,
SPJ,3,0.0016639018372811,0.0122613731620741,0.0096111286962544,0.9366666666666666,0.0833333333333333,300,main_N100_T100_rho0.2_xsd0,100,100,0.2,0.0,,,
SPJ,4,0.0008861815160375,0.0119872306192328,0.0096162115078874,0.95,0.05,300,main_N100_T100_rho0.2_xsd0,100,100,0.2,0.0,,,
SPJ,5,0.0010407166500302,0.0115561155807793,0.0093727998382119,0.96,0.04,300,main_N100_T100_rho0.2_xsd0,100,100,0.2,0.0,,,
SPJ,6,0.0014438316157929,0.012118690374657,0.0096807586849842,0.94,0.06,300,main_N100_T100_rho0.2_xsd0,100,100,0.2,0.0,,,
SPJ,7,0.0009966909276831,0.0126763927915917,0.010139909784931,0.95,0.05,300,main_N100_T100_rho0.2_xsd0,100,100,0.2,0.0,,,
SPJ,8,0.0013530402664494,0.0129687049516705,0.0101655713372511,0.93,0.07,300,main_N100_T100_rho0.2_xsd0,100,100,0.2,0.0,,,
SPJ,9,0.0022596205808552,0.0134757077042935,0.0108500296437711,0.9266666666666666,0.0733333333333333,300,main_N100_T100_rho0.2_xsd0,100,100,0.2,0.0,,,
SPJ,10,0.0025381431331193,0.01250098590884,0.0101782197092833,0.94,0.06,300,main_N100_T100_rho0.2_xsd0,100,100,0.2,0.0,,,
CDOLS,0,0.0047395663833432,0.0273393657647812,0.0223042681930594,0.95,1.0,300,main_N100_T100_rho0.2_xsd1,100,100,0.2,1.0,,,
CDOLS,1,-0.0121613667083844,0.0342585905250562,0.0273764729486858,0.5166666666666667,1.0,300,main_N100_T100_rho0.2_xsd1,100,100,0.2,1.0,,,
CDOLS,2,-0.0149254866644318,0.03505140804324,0.0283244735682774,0.5033333333333333,0.67,300,main_N100_T100_rho0.2_xsd1,100,100,0.2,1.0,,,
CDOLS,3,-0.0147270936946431,0.0344220259661439,0.026713827382065,0.5466666666666666,0.51,300,main_N100_T100_rho0.2_xsd1,100,100,0.2,1.0,,,
CDOLS,4,-0.0125956600307575,0.0325195363310632,0.0258989806291899,0.5433333333333333,0.4666666666666667,300,main_N100_T100_rho0.2_xsd1,100,100,0.2,1.0,,,
CDOLS,5,-0.01501458970204,0.0355794666129598,0.0271949987981675,0.53,0.47,300,main_N100_T100_rho0.2_xsd1,100,100,0.2,1.0,,,
CDOLS,6,-0.0119709107299968,0.0368110450697651,0.0297189399138064,0.48,0.52,300,main_N100_T100_rho0.2_xsd1,100,100,0.2,1.0,,,
CDOLS,7,-0.015092318552031,0.0382287501287364,0.0304600781133833,0.4966666666666666,0.5033333333333333,300,main_N100_T100_rho0.2_xsd1,100,100,0.2,1.0,,,
CDOLS,8,-0.0114798035565548,0.0348559859696687,0.0279417494533956,0.54,0.46,300,main_N100_T100_rho0.2_xsd1,100,100,0.2,1.0,,,
CDOLS,9,-0.0151991663366778,0.0331624866852506,0.0264020306271578,0.5466666666666666,0.4533333333333333,300,main_N100_T100_rho0.2_xsd1,100,100,0.2,1.0,,,
CDOLS,10,-0.0130473323368636,0.034121167466671,0.0277699114044359,0.5066666666666667,0.4933333333333333,300,main_N100_T100_rho0.2_xsd1,100,100,0.2,1.0,,,
DB,0,0.0042054169995333,0.0250901294992398,0.0206504749136717,0.38,1.0,300,main_N100_T100_rho0.2_xsd1,100,100,0.2,1.0,,,
DB,1,-0.0011586416150105,0.032409209793849,0.0257754613466721,0.9366666666666666,0.9666666666666668,300,main_N100_T100_rho0.2_xsd1,100,100,0.2,1.0,,,
DB,2,-0.0016054191930837,0.0323466529612356,0.0266103977662286,0.9233333333333332,0.1633333333333333,300,main_N100_T100_rho0.2_xsd1,100,100,0.2,1.0,,,
DB,3,-0.0010082174973321,0.0313997585033394,0.0248344835995075,0.94,0.0733333333333333,300,main_N100_T100_rho0.2_xsd1,100,100,0.2,1.0,,,
DB,4,0.0004843420714728,0.0305963668628082,0.024763248804921,0.9433333333333334,0.0533333333333333,300,main_N100_T100_rho0.2_xsd1,100,100,0.2,1.0,,,
DB,5,-0.0014772130142674,0.0330623038476532,0.026016498817977,0.93,0.07,300,main_N100_T100_rho0.2_xsd1,100,100,0.2,1.0,,,
DB,6,0.0015810871914264,0.0354533939620569,0.0282753494767884,0.9066666666666666,0.0933333333333333,300,main_N100_T100_rho0.2_xsd1,100,100,0.2,1.0,,,
DB,7,-0.0013021480751709,0.0351837353035234,0.0273920191353825,0.8933333333333333,0.1066666666666666,300,main_N100_T100_rho0.2_xsd1,100,100,0.2,1.0,,,
DB,8,0.0021074534197124,0.0315752279770306,0.0245767093074749,0.9566666666666668,0.0433333333333333,300,main_N100_T100_rho0.2_xsd1,100,100,0.2,1.0,,,
DB,9,-0.0009408764518693,0.031236304256196,0.0245396436351443,0.9266666666666666,0.0733333333333333,300,main_N100_T100_rho0.2_xsd1,100,100,0.2,1.0,,,
DB,10,0.0016617313803921,0.0338354686885741,0.0268431164645766,0.9333333333333332,0.0666666666666666,300,main_N100_T100_rho0.2_xsd1,100,100,0.2,1.0,,,
FE,0,0.0042054169995333,0.0250901294992398,0.0206504749136717,0.38,1.0,300,main_N100_T100_rho0.2_xsd1,100,100,0.2,1.0,,,
FE,1,0.005915396920633,0.0326203492090478,0.0263348743964008,0.9266666666666666,0.9433333333333334,300,main_N100_T100_rho0.2_xsd1,100,100,0.2,1.0,,,
FE,2,0.006836519136866,0.0327592774302952,0.0269181762910044,0.9266666666666666,0.0966666666666666,300,main_N100_T100_rho0.2_xsd1,100,100,0.2,1.0,,,
FE,3,0.0077134057428937,0.0322868240249023,0.0254871235092438,0.93,0.07,300,main_N100_T100_rho0.2_xsd1,100,100,0.2,1.0,,,
FE,4,0.0092616417879046,0.031988205298252,0.025599574022537,0.9333333333333332,0.07,300,main_N100_T100_rho0.2_xsd1,100,100,0.2,1.0,,,
FE,5,0.0073054217061024,0.033744767083702,0.0269644805452936,0.9066666666666666,0.09,300,main_N100_T100_rho0.2_xsd1,100,100,0.2,1.0,,,
FE,6,0.0103557101051952,0.0368349738320252,0.0294582221619061,0.89,0.11,300,main_N100_T100_rho0.2_xsd1,100,100,0.2,1.0,,,
FE,7,0.0074593234445006,0.0359515326975041,0.0278993023766715,0.8833333333333333,0.1166666666666666,300,main_N100_T100_rho0.2_xsd1,100,100,0.2,1.0,,,
FE,8,0.0108524417382662,0.0333204471297013,0.0264321292817767,0.9466666666666668,0.0533333333333333,300,main_N100_T100_rho0.2_xsd1,100,100,0.2,1.0,,,
FE,9,0.0077846093865577,0.032234912399775,0.0255102429269247,0.9166666666666666,0.0833333333333333,300,main_N100_T100_rho0.2_xsd1,100,100,0.2,1.0,,,
FE,10,0.0103646379378867,0.0353946864975703,0.0278914845711539,0.9033333333333332,0.0966666666666666,300,main_N100_T100_rho0.2_xsd1,100,100,0.2,1.0,,,
HPJ,0,0.0022610730311162,0.0686185116060084,0.0556199825629042,0.1533333333333333,1.0,300,main_N100_T100_rho0.2_xsd1,100,100,0.2,1.0,,,
HPJ,1,0.0047936865989872,0.0420001338801523,0.0332063862068954,0.8366666666666667,0.9066666666666666,300,main_N100_T100_rho0.2_xsd1,100,100,0.2,1.0,,,
HPJ,2,0.0062434973908075,0.0410129800768471,0.0323148730274368,0.8366666666666667,0.1566666666666666,300,main_N100_T100_rho0.2_xsd1,100,100,0.2,1.0,,,
HPJ,3,0.0072734151316603,0.0400168822094211,0.0307650626752677,0.87,0.1333333333333333,300,main_N100_T100_rho0.2_xsd1,100,100,0.2,1.0,,,
HPJ,4,0.0089120162290803,0.0403252635464217,0.0313151523097637,0.85,0.1433333333333333,300,main_N100_T100_rho0.2_xsd1,100,100,0.2,1.0,,,
HPJ,5,0.006804549923179,0.0432594806325489,0.0338933745412967,0.85,0.15,300,main_N100_T100_rho0.2_xsd1,100,100,0.2,1.0,,,
HPJ,6,0.0112097796859341,0.0440756962724624,0.034170139813465,0.8333333333333334,0.1666666666666666,300,main_N100_T100_rho0.2_xsd1,100,100,0.2,1.0,,,
HPJ,7,0.0106303627051359,0.0450276972244089,0.0348337313806981,0.8133333333333334,0.1866666666666666,300,main_N100_T100_rho0.2_xsd1,100,100,0.2,1.0,,,
HPJ,8,0.0091197486119191,0.0412577773562597,0.0329207923395137,0.88,0.12,300,main_N100_T100_rho0.2_xsd1,100,100,0.2,1.0,,,
HPJ,9,0.0063247890081038,0.0431761834073954,0.0340348537667533,0.82,0.18,300,main_N100_T100_rho0.2_xsd1,100,100,0.2,1.0,,,
HPJ,10,0.0097447547134711,0.0446093960975181,0.0339466108343285,0.83,0.17,300,main_N100_T100_rho0.2_xsd1,100,100,0.2,1.0,,,
SPJ,0,0.0041786311464652,0.0251939433151528,0.0207002029543666,0.3866666666666666,1.0,300,main_N100_T100_rho0.2_xsd1,100,100,0.2,1.0,,,
SPJ,1,-0.0017120108759248,0.0330971488758231,0.0262876872002748,0.9333333333333332,0.9633333333333334,300,main_N100_T100_rho0.2_xsd1,100,100,0.2,1.0,,,
SPJ,2,-0.0016450896319701,0.0335919033907857,0.0274622778747414,0.93,0.1633333333333333,300,main_N100_T100_rho0.2_xsd1,100,100,0.2,1.0,,,
SPJ,3,-0.0008359595322693,0.0332595171674007,0.0263553595652999,0.9266666666666666,0.0733333333333333,300,main_N100_T100_rho0.2_xsd1,100,100,0.2,1.0,,,
SPJ,4,0.001162087949673,0.0329447949319221,0.0262855746207268,0.9333333333333332,0.0633333333333333,300,main_N100_T100_rho0.2_xsd1,100,100,0.2,1.0,,,
SPJ,5,-0.0008484231157612,0.0346017808461167,0.0273954648656518,0.9133333333333332,0.0866666666666666,300,main_N100_T100_rho0.2_xsd1,100,100,0.2,1.0,,,
SPJ,6,0.0024872050024971,0.0368133166207154,0.0293423984158187,0.8966666666666666,0.1033333333333333,300,main_N100_T100_rho0.2_xsd1,100,100,0.2,1.0,,,
SPJ,7,0.0001171760556426,0.0368600399823739,0.0290215507749703,0.9033333333333332,0.0966666666666666,300,main_N100_T100_rho0.2_xsd1,100,100,0.2,1.0,,,
SPJ,8,0.0035366625925747,0.0335777915793346,0.0260810715596183,0.9466666666666668,0.0533333333333333,300,main_N100_T100_rho0.2_xsd1,100,100,0.2,1.0,,,
SPJ,9,0.0008167043949251,0.0332559600814431,0.0259214180102214,0.93,0.07,300,main_N100_T100_rho0.2_xsd1,100,100,0.2,1.0,,,
SPJ,10,0.0036725248982762,0.0358887635178471,0.0284256777700469,0.92,0.08,300,main_N100_T100_rho0.2_xsd1,100,100,0.2,1.0,,,
CDOLS,0,-0.0004382608241164,0.0138338468315743,0.0109202055805248,0.93,1.0,300,main_N100_T100_rho0.5_xsd0,100,100,0.5,0.0,,,
CDOLS,1,-0.0221395381197909,0.0268556099882745,0.023262015595236,0.6733333333333333,1.0,300,main_N100_T100_rho0.5_xsd0,100,100,0.5,0.0,,,
CDOLS,2,-0.0310210472571016,0.0347342262901299,0.03127819647505,0.4866666666666667,1.0,300,main_N100_T100_rho0.5_xsd0,100,100,0.5,0.0,,,
CDOLS,3,-0.0355386993750044,0.038742907831678,0.0355985363678299,0.38,1.0,300,main_N100_T100_rho0.5_xsd0,100,100,0.5,0.0,,,
CDOLS,4,-0.0389629158257244,0.0426158942958886,0.0389953632867237,0.3066666666666666,1.0,300,main_N100_T100_rho0.5_xsd0,100,100,0.5,0.0,,,
CDOLS,5,-0.0403450856109428,0.043511663415748,0.0404308801424575,0.2933333333333333,0.9433333333333334,300,main_N100_T100_rho0.5_xsd0,100,100,0.5,0.0,,,
CDOLS,6,-0.0406725081952088,0.0437450550812021,0.0407036419096689,0.2833333333333333,0.8733333333333333,300,main_N100_T100_rho0.5_xsd0,100,100,0.5,0.0,,,
CDOLS,7,-0.0416690754381759,0.0448457574331107,0.0417975172106766,0.2566666666666666,0.7966666666666666,300,main_N100_T100_rho0.5_xsd0,100,100,0.5,0.0,,,
CDOLS,8,-0.0418975767006521,0.0448862141813466,0.0419934679207672,0.2633333333333333,0.8033333333333333,300,main_N100_T100_rho0.5_xsd0,100,100,0.5,0.0,,,
CDOLS,9,-0.0411911400977019,0.04467516111782,0.0412627095379844,0.3,0.7133333333333334,300,main_N100_T100_rho0.5_xsd0,100,100,0.5,0.0,,,
CDOLS,10,-0.0410061237954198,0.0446449992356246,0.0411228057611814,0.33,0.6766666666666666,300,main_N100_T100_rho0.5_xsd0,100,100,0.5,0.0,,,
DB,0,-0.0005854707524036,0.0084726137720326,0.0068714541474655,0.9433333333333334,1.0,300,main_N100_T100_rho0.5_xsd0,100,100,0.5,0.0,,,
DB,1,-0.0001200437651856,0.0095014895807811,0.007521798996952,0.9533333333333334,1.0,300,main_N100_T100_rho0.5_xsd0,100,100,0.5,0.0,,,
DB,2,0.0017608106479806,0.0108131863148308,0.0087741088733935,0.9433333333333334,1.0,300,main_N100_T100_rho0.5_xsd0,100,100,0.5,0.0,,,
DB,3,0.0021413851489143,0.0119710616344661,0.0095592620952788,0.91,1.0,300,main_N100_T100_rho0.5_xsd0,100,100,0.5,0.0,,,
DB,4,0.0016982682232367,0.0120033644213648,0.0097416230131853,0.92,0.8933333333333333,300,main_N100_T100_rho0.5_xsd0,100,100,0.5,0.0,,,
DB,5,0.0017409138888826,0.0115319121554035,0.0093542643888213,0.93,0.35,300,main_N100_T100_rho0.5_xsd0,100,100,0.5,0.0,,,
DB,6,0.0017898985875361,0.0120156044201474,0.0096465641722427,0.92,0.12,300,main_N100_T100_rho0.5_xsd0,100,100,0.5,0.0,,,
DB,7,0.0013337389424988,0.0127754904801542,0.0103170479258852,0.9166666666666666,0.11,300,main_N100_T100_rho0.5_xsd0,100,100,0.5,0.0,,,
DB,8,0.0014779776348028,0.013049218689976,0.0102288250744595,0.89,0.0966666666666666,300,main_N100_T100_rho0.5_xsd0,100,100,0.5,0.0,,,
DB,9,0.0018835332367135,0.0131966442221938,0.0104534493935476,0.8933333333333333,0.1,300,main_N100_T100_rho0.5_xsd0,100,100,0.5,0.0,,,
DB,10,0.0016176398604184,0.0124652221135838,0.0102478246978931,0.9233333333333332,0.07,300,main_N100_T100_rho0.5_xsd0,100,100,0.5,0.0,,,
FE,0,-0.0005854707524036,0.0084726137720326,0.0068714541474655,0.9433333333333334,1.0,300,main_N100_T100_rho0.5_xsd0,100,100,0.5,0.0,,,
FE,1,0.0087108290287933,0.0128393696298283,0.0105353758176518,0.8866666666666667,1.0,300,main_N100_T100_rho0.5_xsd0,100,100,0.5,0.0,,,
FE,2,0.0149105751938431,0.0182848209250186,0.0157158259145795,0.7266666666666667,1.0,300,main_N100_T100_rho0.5_xsd0,100,100,0.5,0.0,,,
FE,3,0.0173997891276361,0.0209763136453115,0.017880351717389,0.6433333333333333,1.0,300,main_N100_T100_rho0.5_xsd0,100,100,0.5,0.0,,,
FE,4,0.0179809517801575,0.0215412794428946,0.0187259798114093,0.58,0.4533333333333333,300,main_N100_T100_rho0.5_xsd0,100,100,0.5,0.0,,,
FE,5,0.0185143947189119,0.0217470320315519,0.0192221693066055,0.56,0.0666666666666666,300,main_N100_T100_rho0.5_xsd0,100,100,0.5,0.0,,,
FE,6,0.0187902569472186,0.0222204545998459,0.0193914013279588,0.5866666666666667,0.1766666666666666,300,main_N100_T100_rho0.5_xsd0,100,100,0.5,0.0,,,
FE,7,0.0184289292891346,0.0223898768364417,0.0193491554518964,0.5833333333333334,0.2966666666666667,300,main_N100_T100_rho0.5_xsd0,100,100,0.5,0.0,,,
FE,8,0.0186004050342895,0.0226799739177895,0.0196261474728123,0.5966666666666667,0.3333333333333333,300,main_N100_T100_rho0.5_xsd0,100,100,0.5,0.0,,,
FE,9,0.0189970179502119,0.0230656971325684,0.0200985004282304,0.56,0.4066666666666667,300,main_N100_T100_rho0.5_xsd0,100,100,0.5,0.0,,,
FE,10,0.0187012181103214,0.0224265361870672,0.0193402236624167,0.57,0.41,300,main_N100_T100_rho0.5_xsd0,100,100,0.5,0.0,,,
HPJ,0,-0.0004414463130519,0.0217223083418938,0.017808476519815,0.5233333333333333,1.0,300,main_N100_T100_rho0.5_xsd0,100,100,0.5,0.0,,,
HPJ,1,0.0099677721145863,0.0290215029520915,0.0230611299589618,0.51,1.0,300,main_N100_T100_rho0.5_xsd0,100,100,0.5,0.0,,,
HPJ,2,0.0165922909808768,0.0338157613942643,0.0276793353040406,0.4033333333333333,1.0,300,main_N100_T100_rho0.5_xsd0,100,100,0.5,0.0,,,
HPJ,3,0.0185778782975235,0.0362525203184488,0.0292484106705932,0.4333333333333333,0.88,300,main_N100_T100_rho0.5_xsd0,100,100,0.5,0.0,,,
HPJ,4,0.0179584677947959,0.0351987599867342,0.0278121121150495,0.4633333333333333,0.5866666666666667,300,main_N100_T100_rho0.5_xsd0,100,100,0.5,0.0,,,
HPJ,5,0.020534354790944,0.0380411988071549,0.0310205242627066,0.3866666666666666,0.54,300,main_N100_T100_rho0.5_xsd0,100,100,0.5,0.0,,,
HPJ,6,0.0215551203422012,0.0389850248355135,0.0321939477842166,0.39,0.5833333333333334,300,main_N100_T100_rho0.5_xsd0,100,100,0.5,0.0,,,
HPJ,7,0.0213763359843892,0.0402282643143595,0.0325621767880389,0.39,0.5966666666666667,300,main_N100_T100_rho0.5_xsd0,100,100,0.5,0.0,,,
HPJ,8,0.0206809964553187,0.0409808546452356,0.0332994376711493,0.3733333333333333,0.6033333333333334,300,main_N100_T100_rho0.5_xsd0,100,100,0.5,0.0,,,
HPJ,9,0.0186366726708266,0.0402065763887252,0.0325310890646944,0.3933333333333333,0.5966666666666667,300,main_N100_T100_rho0.5_xsd0,100,100,0.5,0.0,,,
HPJ,10,0.0198511054454583,0.0397252506362269,0.0308649839330602,0.4433333333333333,0.5566666666666666,300,main_N100_T100_rho0.5_xsd0,100,100,0.5,0.0,,,
SPJ,0,-0.0005062523267938,0.0086206033991943,0.006997101255267,0.96,1.0,300,main_N100_T100_rho0.5_xsd0,100,100,0.5,0.0,,,
SPJ,1,-0.000535050941581,0.0095039205007496,0.0074604576896106,0.96,1.0,300,main_N100_T100_rho0.5_xsd0,100,100,0.5,0.0,,,
SPJ,2,0.0011275975558434,0.0109970835255177,0.0088651679729575,0.94,1.0,300,main_N100_T100_rho0.5_xsd0,100,100,0.5,0.0,,,
SPJ,3,0.0015494206532042,0.0121523294087877,0.0097497052797634,0.9266666666666666,1.0,300,main_N100_T100_rho0.5_xsd0,100,100,0.5,0.0,,,
SPJ,4,0.0013476550463243,0.0122261591878507,0.0098467338434563,0.9266666666666666,0.8733333333333333,300,main_N100_T100_rho0.5_xsd0,100,100,0.5,0.0,,,
SPJ,5,0.0017138112016772,0.0121501824965123,0.0098710121143035,0.9433333333333334,0.3166666666666666,300,main_N100_T100_rho0.5_xsd0,100,100,0.5,0.0,,,
SPJ,6,0.0021828564817939,0.0130640700181829,0.0106362862739657,0.9166666666666666,0.11,300,main_N100_T100_rho0.5_xsd0,100,100,0.5,0.0,,,
SPJ,7,0.0021835758093182,0.0138207772731909,0.0112175898147232,0.9066666666666666,0.1133333333333333,300,main_N100_T100_rho0.5_xsd0,100,100,0.5,0.0,,,
SPJ,8,0.0027866828983369,0.0141247340762783,0.0111551462555711,0.8666666666666667,0.11,300,main_N100_T100_rho0.5_xsd0,100,100,0.5,0.0,,,
SPJ,9,0.0036942771316698,0.0142720315361544,0.0114022914635818,0.89,0.1,300,main_N100_T100_rho0.5_xsd0,100,100,0.5,0.0,,,
SPJ,10,0.003951389934159,0.0136246019849831,0.0111190127699536,0.9133333333333332,0.08,300,main_N100_T100_rho0.5_xsd0,100,100,0.5,0.0,,,
CDOLS,0,0.0047595888747051,0.0274890072977058,0.0224089025890172,0.95,1.0,300,main_N100_T100_rho0.5_xsd1,100,100,0.5,1.0,,,
CDOLS,1,-0.0114684933238782,0.0340199233809373,0.0272294208916091,0.5166666666666667,1.0,300,main_N100_T100_rho0.5_xsd1,100,100,0.5,1.0,,,
CDOLS,2,-0.0175672562896142,0.0380296814084519,0.0306531448464804,0.47,1.0,300,main_N100_T100_rho0.5_xsd1,100,100,0.5,1.0,,,
CDOLS,3,-0.0201979512628663,0.0390540362259286,0.0304660188345929,0.5066666666666667,0.9733333333333334,300,main_N100_T100_rho0.5_xsd1,100,100,0.5,1.0,,,
CDOLS,4,-0.0195871083276172,0.0383509681932424,0.030623144135752,0.47,0.83,300,main_N100_T100_rho0.5_xsd1,100,100,0.5,1.0,,,
CDOLS,5,-0.0221993729393477,0.0417423454128612,0.0331077607956257,0.4566666666666666,0.7033333333333334,300,main_N100_T100_rho0.5_xsd1,100,100,0.5,1.0,,,
CDOLS,6,-0.0195746568532037,0.0423492350056983,0.0343519656862637,0.4333333333333333,0.6366666666666667,300,main_N100_T100_rho0.5_xsd1,100,100,0.5,1.0,,,
CDOLS,7,-0.0219267080493896,0.044546174696365,0.0360406884239407,0.4166666666666667,0.6366666666666667,300,main_N100_T100_rho0.5_xsd1,100,100,0.5,1.0,,,
CDOLS,8,-0.019022506238992,0.0424532656938555,0.0336926816040134,0.47,0.5433333333333333,300,main_N100_T100_rho0.5_xsd1,100,100,0.5,1.0,,,
CDOLS,9,-0.0222709435744229,0.039720600324019,0.0315930758770496,0.49,0.5233333333333333,300,main_N100_T100_rho0.5_xsd1,100,100,0.5,1.0,,,
CDOLS,10,-0.02086663570712,0.0405390155198068,0.0328636229007325,0.4566666666666666,0.5433333333333333,300,main_N100_T100_rho0.5_xsd1,100,100,0.5,1.0,,,
DB,0,0.0033456271036497,0.0197066453216213,0.0161673997446181,0.45,1.0,300,main_N100_T100_rho0.5_xsd1,100,100,0.5,1.0,,,
DB,1,-0.0002191900331087,0.0281524254059185,0.022475855523629,0.9266666666666666,1.0,300,main_N100_T100_rho0.5_xsd1,100,100,0.5,1.0,,,
DB,2,-0.000433877927227,0.035552239313322,0.0287707720715944,0.88,1.0,300,main_N100_T100_rho0.5_xsd1,100,100,0.5,1.0,,,
DB,3,-0.000179793606384,0.0376287182607322,0.0296861139025714,0.86,0.6866666666666666,300,main_N100_T100_rho0.5_xsd1,100,100,0.5,1.0,,,
DB,4,0.000719678290848,0.038552450785248,0.0310737414005683,0.87,0.2933333333333333,300,main_N100_T100_rho0.5_xsd1,100,100,0.5,1.0,,,
DB,5,5.831561836747032e-05,0.0409205835314312,0.0325591417209084,0.8433333333333334,0.17,300,main_N100_T100_rho0.5_xsd1,100,100,0.5,1.0,,,
DB,6,0.0021191787066414,0.0421321968176349,0.0334365263634755,0.8166666666666667,0.1666666666666666,300,main_N100_T100_rho0.5_xsd1,100,100,0.5,1.0,,,
DB,7,0.0009489785010935,0.0414475640851937,0.0330895372130002,0.85,0.16,300,main_N100_T100_rho0.5_xsd1,100,100,0.5,1.0,,,
DB,8,0.0028581873636646,0.0382925251811507,0.0299507065365123,0.89,0.12,300,main_N100_T100_rho0.5_xsd1,100,100,0.5,1.0,,,
DB,9,0.0013040294975618,0.0382085572518903,0.0300610887182522,0.88,0.1233333333333333,300,main_N100_T100_rho0.5_xsd1,100,100,0.5,1.0,,,
DB,10,0.0030512542611142,0.0409319212519823,0.032620142041703,0.86,0.14,300,main_N100_T100_rho0.5_xsd1,100,100,0.5,1.0,,,
FE,0,0.0033456271036497,0.0197066453216213,0.0161673997446181,0.45,1.0,300,main_N100_T100_rho0.5_xsd1,100,100,0.5,1.0,,,
FE,1,0.0085762807077563,0.029171076664648,0.0235522613491202,0.94,1.0,300,main_N100_T100_rho0.5_xsd1,100,100,0.5,1.0,,,
FE,2,0.0126809516985101,0.0371927586371794,0.030663191607141,0.85,0.99,300,main_N100_T100_rho0.5_xsd1,100,100,0.5,1.0,,,
FE,3,0.0150698773355147,0.0399922305177159,0.0319838997019933,0.83,0.5133333333333333,300,main_N100_T100_rho0.5_xsd1,100,100,0.5,1.0,,,
FE,4,0.0170278886688199,0.0416987919419575,0.033587551438954,0.82,0.1666666666666666,300,main_N100_T100_rho0.5_xsd1,100,100,0.5,1.0,,,
FE,5,0.0168890670798269,0.0438565354189722,0.0346931816935122,0.8033333333333333,0.1566666666666666,300,main_N100_T100_rho0.5_xsd1,100,100,0.5,1.0,,,
FE,6,0.0192020041065839,0.0459787618639522,0.0364809349386845,0.7966666666666666,0.1933333333333333,300,main_N100_T100_rho0.5_xsd1,100,100,0.5,1.0,,,
FE,7,0.018144905066777,0.0451394524194503,0.0360427438573887,0.7866666666666666,0.1833333333333333,300,main_N100_T100_rho0.5_xsd1,100,100,0.5,1.0,,,
FE,8,0.0200938102450106,0.0431169768493811,0.0348589748185158,0.8333333333333334,0.1566666666666666,300,main_N100_T100_rho0.5_xsd1,100,100,0.5,1.0,,,
FE,9,0.0185388142117625,0.0425318251000289,0.0337912983386161,0.84,0.1566666666666666,300,main_N100_T100_rho0.5_xsd1,100,100,0.5,1.0,,,
FE,10,0.0202611813026532,0.0456693261974077,0.036377696817361,0.82,0.18,300,main_N100_T100_rho0.5_xsd1,100,100,0.5,1.0,,,
HPJ,0,0.0019181862188391,0.0543395769407381,0.0439232123109366,0.1833333333333333,1.0,300,main_N100_T100_rho0.5_xsd1,100,100,0.5,1.0,,,
HPJ,1,0.0076341888472403,0.0372186911366126,0.0296752551474707,0.8266666666666667,1.0,300,main_N100_T100_rho0.5_xsd1,100,100,0.5,1.0,,,
HPJ,2,0.0116123724148861,0.0435120354485433,0.0350896987010801,0.7933333333333333,0.9766666666666668,300,main_N100_T100_rho0.5_xsd1,100,100,0.5,1.0,,,
HPJ,3,0.0143014898328153,0.0464610459390854,0.0362500915904754,0.78,0.5466666666666666,300,main_N100_T100_rho0.5_xsd1,100,100,0.5,1.0,,,
HPJ,4,0.0164955497020749,0.0489807060211902,0.0388731808251368,0.7766666666666666,0.2433333333333333,300,main_N100_T100_rho0.5_xsd1,100,100,0.5,1.0,,,
HPJ,5,0.016584433196937,0.0516070731955572,0.0412426363384056,0.75,0.2166666666666666,300,main_N100_T100_rho0.5_xsd1,100,100,0.5,1.0,,,
HPJ,6,0.020095523066855,0.0527630116435638,0.0412696558676225,0.7466666666666667,0.2333333333333333,300,main_N100_T100_rho0.5_xsd1,100,100,0.5,1.0,,,
HPJ,7,0.0199146691906217,0.0531629020403756,0.0414567431213012,0.7333333333333333,0.2433333333333333,300,main_N100_T100_rho0.5_xsd1,100,100,0.5,1.0,,,
HPJ,8,0.0189229284280405,0.0498892659691673,0.0398139367644927,0.8066666666666666,0.2,300,main_N100_T100_rho0.5_xsd1,100,100,0.5,1.0,,,
HPJ,9,0.0179085675390411,0.051160001274641,0.0405546968397792,0.74,0.2566666666666666,300,main_N100_T100_rho0.5_xsd1,100,100,0.5,1.0,,,
HPJ,10,0.0200701035873065,0.0523197002303963,0.0402914401255343,0.7733333333333333,0.2266666666666666,300,main_N100_T100_rho0.5_xsd1,100,100,0.5,1.0,,,
SPJ,0,0.0033073919044383,0.0197364992431963,0.0161634599814406,0.4733333333333333,1.0,300,main_N100_T100_rho0.5_xsd1,100,100,0.5,1.0,,,
SPJ,1,-0.0017183776840695,0.029384213601255,0.0233630908001666,0.9333333333333332,1.0,300,main_N100_T100_rho0.5_xsd1,100,100,0.5,1.0,,,
SPJ,2,-0.0018445395031869,0.0382495535630386,0.0305940624004184,0.8866666666666667,1.0,300,main_N100_T100_rho0.5_xsd1,100,100,0.5,1.0,,,
SPJ,3,-0.0012243267157538,0.0414420244403841,0.0321353215347403,0.8466666666666667,0.6433333333333333,300,main_N100_T100_rho0.5_xsd1,100,100,0.5,1.0,,,
SPJ,4,0.0004429191466399,0.0435053021219326,0.0340154497263778,0.85,0.27,300,main_N100_T100_rho0.5_xsd1,100,100,0.5,1.0,,,
SPJ,5,0.0002457994375005,0.0455863437652531,0.036101446582738,0.83,0.1666666666666666,300,main_N100_T100_rho0.5_xsd1,100,100,0.5,1.0,,,
SPJ,6,0.0029021362144877,0.0467824416696084,0.0365944790506905,0.8133333333333334,0.1766666666666666,300,main_N100_T100_rho0.5_xsd1,100,100,0.5,1.0,,,
SPJ,7,0.0026740317826938,0.0466550841802117,0.0372403340769238,0.83,0.16,300,main_N100_T100_rho0.5_xsd1,100,100,0.5,1.0,,,
SPJ,8,0.0049203396052513,0.0438984948579957,0.0343257681642551,0.8733333333333333,0.1233333333333333,300,main_N100_T100_rho0.5_xsd1,100,100,0.5,1.0,,,
SPJ,9,0.0040661370021273,0.0439153974786099,0.0347703633962932,0.87,0.1333333333333333,300,main_N100_T100_rho0.5_xsd1,100,100,0.5,1.0,,,
SPJ,10,0.006203789325334,0.046176579705382,0.0369785052335712,0.82,0.1733333333333333,300,main_N100_T100_rho0.5_xsd1,100,100,0.5,1.0,,,
CDOLS,0,-0.000448831834586,0.0139110808296895,0.0109733971693783,0.93,1.0,300,main_N100_T100_rho0.8_xsd0,100,100,0.8,0.0,,,
CDOLS,1,-0.0189040926427567,0.024341277023543,0.0206552234974427,0.7366666666666667,1.0,300,main_N100_T100_rho0.8_xsd0,100,100,0.8,0.0,,,
CDOLS,2,-0.0315246593349805,0.0353486258381654,0.0317826626743364,0.5266666666666666,1.0,300,main_N100_T100_rho0.8_xsd0,100,100,0.8,0.0,,,
CDOLS,3,-0.0421799893174336,0.0450680681498184,0.0421984936575295,0.2533333333333333,1.0,300,main_N100_T100_rho0.8_xsd0,100,100,0.8,0.0,,,
CDOLS,4,-0.0518379763150631,0.0548771484578464,0.0518379763150631,0.1533333333333333,1.0,300,main_N100_T100_rho0.8_xsd0,100,100,0.8,0.0,,,
CDOLS,5,-0.0589341024767332,0.0614040325192238,0.0589341024767332,0.08,1.0,300,main_N100_T100_rho0.8_xsd0,100,100,0.8,0.0,,,
CDOLS,6,-0.0642597389678753,0.0665496968640867,0.0642597389678753,0.04,1.0,300,main_N100_T100_rho0.8_xsd0,100,100,0.8,0.0,,,
CDOLS,7,-0.0693805221479983,0.0715638471922566,0.0693805221479983,0.0266666666666666,1.0,300,main_N100_T100_rho0.8_xsd0,100,100,0.8,0.0,,,
CDOLS,8,-0.0730953408577281,0.0751194950452816,0.0730953408577281,0.03,1.0,300,main_N100_T100_rho0.8_xsd0,100,100,0.8,0.0,,,
CDOLS,9,-0.0751760971200828,0.077451287560886,0.0751760971200828,0.0166666666666666,1.0,300,main_N100_T100_rho0.8_xsd0,100,100,0.8,0.0,,,
CDOLS,10,-0.0773346360109282,0.0797047167346661,0.0773346360109282,0.01,1.0,300,main_N100_T100_rho0.8_xsd0,100,100,0.8,0.0,,,
DB,0,-0.0003722270035643,0.0058483035276015,0.0046470931773252,0.9566666666666668,1.0,300,main_N100_T100_rho0.8_xsd0,100,100,0.8,0.0,,,
DB,1,0.0011823883365792,0.0070177296318505,0.0055785225473293,0.9666666666666668,1.0,300,main_N100_T100_rho0.8_xsd0,100,100,0.8,0.0,,,
DB,2,0.0032603872063734,0.0093970106631524,0.0075039219827214,0.9033333333333332,1.0,300,main_N100_T100_rho0.8_xsd0,100,100,0.8,0.0,,,
DB,3,0.0045161358634719,0.0116051546817249,0.0094565383029486,0.8433333333333334,1.0,300,main_N100_T100_rho0.8_xsd0,100,100,0.8,0.0,,,
DB,4,0.0054316029013961,0.0130381784282598,0.0106816431191975,0.7833333333333333,1.0,300,main_N100_T100_rho0.8_xsd0,100,100,0.8,0.0,,,
DB,5,0.0064330612141115,0.0142319810039514,0.0116801624909007,0.76,1.0,300,main_N100_T100_rho0.8_xsd0,100,100,0.8,0.0,,,
DB,6,0.0073076680155956,0.0156644953325441,0.0126933674796284,0.7166666666666667,1.0,300,main_N100_T100_rho0.8_xsd0,100,100,0.8,0.0,,,
DB,7,0.0078338613701423,0.0167183017465405,0.0134577962529858,0.69,1.0,300,main_N100_T100_rho0.8_xsd0,100,100,0.8,0.0,,,
DB,8,0.0085090886286243,0.0174800893357201,0.0140427276254457,0.6733333333333333,1.0,300,main_N100_T100_rho0.8_xsd0,100,100,0.8,0.0,,,
DB,9,0.0091268256372123,0.0179486810422433,0.014635756233144,0.6766666666666666,1.0,300,main_N100_T100_rho0.8_xsd0,100,100,0.8,0.0,,,
DB,10,0.0092626541977605,0.0177646958772623,0.0144090738554702,0.7,0.9866666666666668,300,main_N100_T100_rho0.8_xsd0,100,100,0.8,0.0,,,
FE,0,-0.0003722270035643,0.0058483035276015,0.0046470931773252,0.9566666666666668,1.0,300,main_N100_T100_rho0.8_xsd0,100,100,0.8,0.0,,,
FE,1,0.0115151626184566,0.0133932252908498,0.0117301835928287,0.68,1.0,300,main_N100_T100_rho0.8_xsd0,100,100,0.8,0.0,,,
FE,2,0.0217234365695271,0.0233910451285232,0.0217234365695271,0.2666666666666666,1.0,300,main_N100_T100_rho0.8_xsd0,100,100,0.8,0.0,,,
FE,3,0.0293721506797826,0.0311880586414199,0.0293721506797826,0.1066666666666666,1.0,300,main_N100_T100_rho0.8_xsd0,100,100,0.8,0.0,,,
FE,4,0.0353092310145014,0.0371660918653139,0.0353092310145014,0.0566666666666666,1.0,300,main_N100_T100_rho0.8_xsd0,100,100,0.8,0.0,,,
FE,5,0.0402488354103411,0.0421133483306789,0.0402488354103411,0.0433333333333333,1.0,300,main_N100_T100_rho0.8_xsd0,100,100,0.8,0.0,,,
FE,6,0.0442045694671349,0.046218622707461,0.0442045694671349,0.0266666666666666,1.0,300,main_N100_T100_rho0.8_xsd0,100,100,0.8,0.0,,,
FE,7,0.0471329640131548,0.0492897854031295,0.0471329640131548,0.0333333333333333,1.0,300,main_N100_T100_rho0.8_xsd0,100,100,0.8,0.0,,,
FE,8,0.0496714902393555,0.051864990874762,0.0496714902393555,0.0333333333333333,0.9933333333333332,300,main_N100_T100_rho0.8_xsd0,100,100,0.8,0.0,,,
FE,9,0.0517236690460468,0.0538903193105402,0.0517236690460468,0.0266666666666666,0.7533333333333333,300,main_N100_T100_rho0.8_xsd0,100,100,0.8,0.0,,,
FE,10,0.0529515116667531,0.0549973753237907,0.0529515116667531,0.0133333333333333,0.3433333333333333,300,main_N100_T100_rho0.8_xsd0,100,100,0.8,0.0,,,
HPJ,0,0.0002097828816491,0.0157887597074011,0.0129079358545653,0.5466666666666666,1.0,300,main_N100_T100_rho0.8_xsd0,100,100,0.8,0.0,,,
HPJ,1,0.0128275980367148,0.0232604219199515,0.0184726030486603,0.47,1.0,300,main_N100_T100_rho0.8_xsd0,100,100,0.8,0.0,,,
HPJ,2,0.0235249729193188,0.0341181008450865,0.0281520425694288,0.28,1.0,300,main_N100_T100_rho0.8_xsd0,100,100,0.8,0.0,,,
HPJ,3,0.0311717337814765,0.0427927124863953,0.0357422119144129,0.2366666666666666,1.0,300,main_N100_T100_rho0.8_xsd0,100,100,0.8,0.0,,,
HPJ,4,0.0368044201907402,0.0490589459080778,0.0411412878750253,0.22,1.0,300,main_N100_T100_rho0.8_xsd0,100,100,0.8,0.0,,,
HPJ,5,0.0427438483903303,0.0560340631176678,0.0473873753024337,0.2,1.0,300,main_N100_T100_rho0.8_xsd0,100,100,0.8,0.0,,,
HPJ,6,0.0469441039145921,0.0608538521385054,0.0514901838721162,0.19,0.9933333333333332,300,main_N100_T100_rho0.8_xsd0,100,100,0.8,0.0,,,
HPJ,7,0.0497384808071903,0.0641119085185514,0.0548134645914054,0.13,0.9566666666666668,300,main_N100_T100_rho0.8_xsd0,100,100,0.8,0.0,,,
HPJ,8,0.0515128110078854,0.0659878442623727,0.0564620085171717,0.1366666666666666,0.8166666666666667,300,main_N100_T100_rho0.8_xsd0,100,100,0.8,0.0,,,
HPJ,9,0.052535581158003,0.0671073717819239,0.0569579139957036,0.17,0.7133333333333334,300,main_N100_T100_rho0.8_xsd0,100,100,0.8,0.0,,,
HPJ,10,0.0544126239585041,0.0680131583889794,0.0577291680091642,0.15,0.6466666666666666,300,main_N100_T100_rho0.8_xsd0,100,100,0.8,0.0,,,
SPJ,0,-0.0003094502834008,0.0061914192611792,0.0049451590247773,0.9766666666666668,1.0,300,main_N100_T100_rho0.8_xsd0,100,100,0.8,0.0,,,
SPJ,1,-0.0006553298368987,0.0073855136817704,0.0058932167102262,0.98,1.0,300,main_N100_T100_rho0.8_xsd0,100,100,0.8,0.0,,,
SPJ,2,-0.0001335221373992,0.0096885608126026,0.0078122069195388,0.9333333333333332,1.0,300,main_N100_T100_rho0.8_xsd0,100,100,0.8,0.0,,,
SPJ,3,1.6180374696805888e-05,0.011852083756446,0.0096401997169533,0.88,1.0,300,main_N100_T100_rho0.8_xsd0,100,100,0.8,0.0,,,
SPJ,4,0.0002907554801227,0.0134544383137825,0.0108553804113716,0.8333333333333334,1.0,300,main_N100_T100_rho0.8_xsd0,100,100,0.8,0.0,,,
SPJ,5,0.0009880259426523,0.0150288984386225,0.012239337859973,0.8233333333333334,1.0,300,main_N100_T100_rho0.8_xsd0,100,100,0.8,0.0,,,
SPJ,6,0.001908252128587,0.016832590690829,0.0138532212682355,0.7566666666666667,1.0,300,main_N100_T100_rho0.8_xsd0,100,100,0.8,0.0,,,
SPJ,7,0.002757218903245,0.0180426687902996,0.0147300587944912,0.7133333333333334,1.0,300,main_N100_T100_rho0.8_xsd0,100,100,0.8,0.0,,,
SPJ,8,0.0040256684779672,0.0189491618646153,0.0154166936739733,0.68,1.0,300,main_N100_T100_rho0.8_xsd0,100,100,0.8,0.0,,,
SPJ,9,0.0054862995353996,0.0196402042312706,0.0159885859367106,0.69,1.0,300,main_N100_T100_rho0.8_xsd0,100,100,0.8,0.0,,,
SPJ,10,0.006708556504961,0.0200265567992678,0.0161669632371299,0.72,0.9633333333333334,300,main_N100_T100_rho0.8_xsd0,100,100,0.8,0.0,,,
CDOLS,0,0.0047890557425887,0.0275550260960075,0.0224414097092758,0.95,1.0,300,main_N100_T100_rho0.8_xsd1,100,100,0.8,1.0,,,
CDOLS,1,-0.0102909328483772,0.0340696268486874,0.0273256963934982,0.5266666666666666,1.0,300,main_N100_T100_rho0.8_xsd1,100,100,0.8,1.0,,,
CDOLS,2,-0.0187362528478845,0.0425666045977334,0.0338249562639607,0.4466666666666666,1.0,300,main_N100_T100_rho0.8_xsd1,100,100,0.8,1.0,,,
CDOLS,3,-0.0253406631699973,0.0476178993487839,0.0364634353864036,0.48,1.0,300,main_N100_T100_rho0.8_xsd1,100,100,0.8,1.0,,,
CDOLS,4,-0.0288923215179689,0.0502301965725299,0.0396481914794796,0.4366666666666666,1.0,300,main_N100_T100_rho0.8_xsd1,100,100,0.8,1.0,,,
CDOLS,5,-0.0347135710815913,0.0564422551674599,0.0456211890639447,0.35,1.0,300,main_N100_T100_rho0.8_xsd1,100,100,0.8,1.0,,,
CDOLS,6,-0.0348217340586732,0.0582584144514688,0.0475760798574342,0.3466666666666667,1.0,300,main_N100_T100_rho0.8_xsd1,100,100,0.8,1.0,,,
CDOLS,7,-0.0387690974696654,0.0621725897676379,0.0513912577584762,0.32,0.9966666666666668,300,main_N100_T100_rho0.8_xsd1,100,100,0.8,1.0,,,
CDOLS,8,-0.0378946117646124,0.0627312949026978,0.0508256023973669,0.33,0.98,300,main_N100_T100_rho0.8_xsd1,100,100,0.8,1.0,,,
CDOLS,9,-0.0422907577466188,0.0619014099506698,0.0501593328349048,0.3333333333333333,0.98,300,main_N100_T100_rho0.8_xsd1,100,100,0.8,1.0,,,
CDOLS,10,-0.0427014733067564,0.0625815852104273,0.050659254893647,0.3433333333333333,0.96,300,main_N100_T100_rho0.8_xsd1,100,100,0.8,1.0,,,
DB,0,0.0015092507938187,0.0100931648400497,0.0082346842759567,0.6566666666666666,1.0,300,main_N100_T100_rho0.8_xsd1,100,100,0.8,1.0,,,
DB,1,0.0019267254094233,0.0197295355565238,0.0158190415273987,0.9266666666666666,1.0,300,main_N100_T100_rho0.8_xsd1,100,100,0.8,1.0,,,
DB,2,0.0040679687840089,0.0331000456770286,0.0265733800374049,0.7933333333333333,1.0,300,main_N100_T100_rho0.8_xsd1,100,100,0.8,1.0,,,
DB,3,0.0060009422652549,0.0426661670001479,0.0341204977998135,0.75,1.0,300,main_N100_T100_rho0.8_xsd1,100,100,0.8,1.0,,,
DB,4,0.0079647831814746,0.050351514711008,0.0407164937321106,0.6833333333333333,1.0,300,main_N100_T100_rho0.8_xsd1,100,100,0.8,1.0,,,
DB,5,0.0091697139444278,0.0559133100579469,0.0458304103271322,0.6433333333333333,1.0,300,main_N100_T100_rho0.8_xsd1,100,100,0.8,1.0,,,
DB,6,0.0111461332358903,0.0589086204807407,0.0480756174419169,0.6333333333333333,0.95,300,main_N100_T100_rho0.8_xsd1,100,100,0.8,1.0,,,
DB,7,0.0115088035618601,0.0602300171888523,0.0484587334424484,0.6366666666666667,0.8366666666666667,300,main_N100_T100_rho0.8_xsd1,100,100,0.8,1.0,,,
DB,8,0.0126871997692071,0.0602627331645524,0.047863744494076,0.6566666666666666,0.7066666666666667,300,main_N100_T100_rho0.8_xsd1,100,100,0.8,1.0,,,
DB,9,0.0122665888207128,0.0601462365319052,0.0480790094567685,0.6766666666666666,0.58,300,main_N100_T100_rho0.8_xsd1,100,100,0.8,1.0,,,
DB,10,0.013064859980635,0.060765304651511,0.0490992441605724,0.63,0.46,300,main_N100_T100_rho0.8_xsd1,100,100,0.8,1.0,,,
FE,0,0.0015092507938187,0.0100931648400497,0.0082346842759567,0.6566666666666666,1.0,300,main_N100_T100_rho0.8_xsd1,100,100,0.8,1.0,,,
FE,1,0.0122988340614343,0.0230249802089328,0.0185814161756087,0.8766666666666667,1.0,300,main_N100_T100_rho0.8_xsd1,100,100,0.8,1.0,,,
FE,2,0.022589467028072,0.0393902304239412,0.0323266409330401,0.72,1.0,300,main_N100_T100_rho0.8_xsd1,100,100,0.8,1.0,,,
FE,3,0.0309313206879951,0.0515333105709968,0.0424521020927688,0.6233333333333333,1.0,300,main_N100_T100_rho0.8_xsd1,100,100,0.8,1.0,,,
FE,4,0.0379379885084834,0.061409752185745,0.05070958129662,0.5566666666666666,1.0,300,main_N100_T100_rho0.8_xsd1,100,100,0.8,1.0,,,
FE,5,0.0431109016597352,0.0686192863936395,0.0568024034243772,0.5,0.97,300,main_N100_T100_rho0.8_xsd1,100,100,0.8,1.0,,,
FE,6,0.0482072468239247,0.0738073863730492,0.0618545782738489,0.47,0.83,300,main_N100_T100_rho0.8_xsd1,100,100,0.8,1.0,,,
FE,7,0.0510186390536101,0.0766194969279938,0.0640958027273933,0.4766666666666667,0.6233333333333333,300,main_N100_T100_rho0.8_xsd1,100,100,0.8,1.0,,,
FE,8,0.0541126322398634,0.0786157881924707,0.0663493618394209,0.4233333333333333,0.4266666666666667,300,main_N100_T100_rho0.8_xsd1,100,100,0.8,1.0,,,
FE,9,0.0551824129545036,0.0795331452035628,0.0663396528209355,0.4133333333333333,0.3233333333333333,300,main_N100_T100_rho0.8_xsd1,100,100,0.8,1.0,,,
FE,10,0.0571302883974134,0.0814129590233175,0.0684728607264538,0.4366666666666666,0.3066666666666666,300,main_N100_T100_rho0.8_xsd1,100,100,0.8,1.0,,,
HPJ,0,0.000838612315248,0.0284799482450675,0.0229292096576542,0.23,1.0,300,main_N100_T100_rho0.8_xsd1,100,100,0.8,1.0,,,
HPJ,1,0.0117624036627394,0.0280124827584182,0.0223360518867626,0.7933333333333333,1.0,300,main_N100_T100_rho0.8_xsd1,100,100,0.8,1.0,,,
HPJ,2,0.0216896600013698,0.0429723614366932,0.0349076881502526,0.67,1.0,300,main_N100_T100_rho0.8_xsd1,100,100,0.8,1.0,,,
HPJ,3,0.030124869964688,0.0558564099969861,0.045143980066709,0.5966666666666667,1.0,300,main_N100_T100_rho0.8_xsd1,100,100,0.8,1.0,,,
HPJ,4,0.0373364556346589,0.0666921043889314,0.0545930419806808,0.5633333333333334,0.9933333333333332,300,main_N100_T100_rho0.8_xsd1,100,100,0.8,1.0,,,
HPJ,5,0.0427309544435118,0.0744459535919348,0.0611689421355228,0.5033333333333333,0.9533333333333334,300,main_N100_T100_rho0.8_xsd1,100,100,0.8,1.0,,,
HPJ,6,0.048449790207986,0.0802068145412098,0.0661549229014677,0.4566666666666666,0.8033333333333333,300,main_N100_T100_rho0.8_xsd1,100,100,0.8,1.0,,,
HPJ,7,0.0515688525964957,0.0840526189916333,0.0689379720707687,0.4633333333333333,0.6266666666666667,300,main_N100_T100_rho0.8_xsd1,100,100,0.8,1.0,,,
HPJ,8,0.05375101385901,0.0854179126075213,0.070120474394821,0.44,0.4766666666666667,300,main_N100_T100_rho0.8_xsd1,100,100,0.8,1.0,,,
HPJ,9,0.0555854529911876,0.08735835400293,0.0705045931167521,0.46,0.4466666666666666,300,main_N100_T100_rho0.8_xsd1,100,100,0.8,1.0,,,
HPJ,10,0.0578904834112332,0.0889242463780626,0.0725822960594882,0.4433333333333333,0.3633333333333333,300,main_N100_T100_rho0.8_xsd1,100,100,0.8,1.0,,,
SPJ,0,0.0014493484872568,0.0100298617377984,0.0081932249074553,0.74,1.0,300,main_N100_T100_rho0.8_xsd1,100,100,0.8,1.0,,,
SPJ,1,-0.0014227509236879,0.0224006223879365,0.0174677788394436,0.9366666666666666,1.0,300,main_N100_T100_rho0.8_xsd1,100,100,0.8,1.0,,,
SPJ,2,-0.0015193488428154,0.0384243523006549,0.0299253850807746,0.8233333333333334,1.0,300,main_N100_T100_rho0.8_xsd1,100,100,0.8,1.0,,,
SPJ,3,-0.0008806779382805,0.0500736234693137,0.0387889050880646,0.72,1.0,300,main_N100_T100_rho0.8_xsd1,100,100,0.8,1.0,,,
SPJ,4,0.0005194641462797,0.0599721841394058,0.0470833866546959,0.6866666666666666,1.0,300,main_N100_T100_rho0.8_xsd1,100,100,0.8,1.0,,,
SPJ,5,0.00196527071644,0.0668218391728196,0.0525333808789074,0.6533333333333333,0.9966666666666668,300,main_N100_T100_rho0.8_xsd1,100,100,0.8,1.0,,,
SPJ,6,0.0043451854706425,0.0714159301057077,0.0559569555379557,0.6166666666666667,0.9166666666666666,300,main_N100_T100_rho0.8_xsd1,100,100,0.8,1.0,,,
SPJ,7,0.0060619004619515,0.0745353450505834,0.0583345837512338,0.5933333333333334,0.8,300,main_N100_T100_rho0.8_xsd1,100,100,0.8,1.0,,,
SPJ,8,0.0081213057684487,0.075906477739114,0.0593905035485435,0.6133333333333333,0.67,300,main_N100_T100_rho0.8_xsd1,100,100,0.8,1.0,,,
SPJ,9,0.0093945420553787,0.0769988022387282,0.060466314951478,0.6066666666666667,0.54,300,main_N100_T100_rho0.8_xsd1,100,100,0.8,1.0,,,
SPJ,10,0.0116317332228284,0.0779798770389657,0.0621736077262278,0.6,0.4366666666666666,300,main_N100_T100_rho0.8_xsd1,100,100,0.8,1.0,,,
CDOLS,0,-0.0004526259152552,0.0139134017277153,0.0109745754310405,0.93,1.0,300,main_N100_T100_rho0.95_xsd0,100,100,0.95,0.0,,,
CDOLS,1,-0.0130661994800244,0.0201583276343721,0.0165654160113156,0.8733333333333333,1.0,300,main_N100_T100_rho0.95_xsd0,100,100,0.95,0.0,,,
CDOLS,2,-0.0228894583061988,0.0280175394741557,0.0240941778853542,0.7233333333333334,1.0,300,main_N100_T100_rho0.95_xsd0,100,100,0.95,0.0,,,
CDOLS,3,-0.0330900153543343,0.0369180423252337,0.0333487343623339,0.4966666666666666,1.0,300,main_N100_T100_rho0.95_xsd0,100,100,0.95,0.0,,,
CDOLS,4,-0.0439067190017246,0.0477922400339991,0.0439562767205833,0.3066666666666666,1.0,300,main_N100_T100_rho0.95_xsd0,100,100,0.95,0.0,,,
CDOLS,5,-0.0534548362141823,0.0565559133340417,0.0534548362141823,0.1733333333333333,1.0,300,main_N100_T100_rho0.95_xsd0,100,100,0.95,0.0,,,
CDOLS,6,-0.0622252223028973,0.0650731864024324,0.0622252223028973,0.1233333333333333,1.0,300,main_N100_T100_rho0.95_xsd0,100,100,0.95,0.0,,,
CDOLS,7,-0.0714622375099041,0.0739528608141025,0.0714622375099041,0.05,1.0,300,main_N100_T100_rho0.95_xsd0,100,100,0.95,0.0,,,
CDOLS,8,-0.0798592379323838,0.0821244490985427,0.0798592379323838,0.0233333333333333,1.0,300,main_N100_T100_rho0.95_xsd0,100,100,0.95,0.0,,,
CDOLS,9,-0.086938415189466,0.089347804499052,0.086938415189466,0.0133333333333333,1.0,300,main_N100_T100_rho0.95_xsd0,100,100,0.95,0.0,,,
CDOLS,10,-0.0944097783481288,0.0967677868393286,0.0944097783481288,0.0033333333333333,1.0,300,main_N100_T100_rho0.95_xsd0,100,100,0.95,0.0,,,
DB,0,-0.0001789120770682,0.0035449269297804,0.0028352627141514,0.95,1.0,300,main_N100_T100_rho0.95_xsd0,100,100,0.95,0.0,,,
DB,1,0.0036662480784309,0.0058171048514005,0.004735729117303,0.85,1.0,300,main_N100_T100_rho0.95_xsd0,100,100,0.95,0.0,,,
DB,2,0.0077904383574702,0.0099012434673278,0.0083264576598412,0.63,1.0,300,main_N100_T100_rho0.95_xsd0,100,100,0.95,0.0,,,
DB,3,0.0117099291339685,0.0140921131612793,0.012162595608773,0.47,1.0,300,main_N100_T100_rho0.95_xsd0,100,100,0.95,0.0,,,
DB,4,0.0156096754612225,0.0183520942851093,0.0160652046907483,0.33,1.0,300,main_N100_T100_rho0.95_xsd0,100,100,0.95,0.0,,,
DB,5,0.0195787265885274,0.0226812011975616,0.0199752104002502,0.2533333333333333,1.0,300,main_N100_T100_rho0.95_xsd0,100,100,0.95,0.0,,,
DB,6,0.0235592571251373,0.0270113917050056,0.0239169729882248,0.2233333333333333,1.0,300,main_N100_T100_rho0.95_xsd0,100,100,0.95,0.0,,,
DB,7,0.0274357635702587,0.0311677226023031,0.0277841243103874,0.1933333333333333,1.0,300,main_N100_T100_rho0.95_xsd0,100,100,0.95,0.0,,,
DB,8,0.0313772257964055,0.035318244586056,0.031692285731759,0.1766666666666666,1.0,300,main_N100_T100_rho0.95_xsd0,100,100,0.95,0.0,,,
DB,9,0.0352815940377041,0.0393541139128528,0.0355407387855636,0.1633333333333333,1.0,300,main_N100_T100_rho0.95_xsd0,100,100,0.95,0.0,,,
DB,10,0.0389636954259374,0.0431121877560481,0.0391260779336445,0.14,1.0,300,main_N100_T100_rho0.95_xsd0,100,100,0.95,0.0,,,
FE,0,-0.0001789120770682,0.0035449269297804,0.0028352627141514,0.95,1.0,300,main_N100_T100_rho0.95_xsd0,100,100,0.95,0.0,,,
FE,1,0.0132989956455199,0.0140263282638573,0.0133025846202622,0.1366666666666666,1.0,300,main_N100_T100_rho0.95_xsd0,100,100,0.95,0.0,,,
FE,2,0.0264009894892695,0.0270759184843356,0.0264009894892695,0.0033333333333333,1.0,300,main_N100_T100_rho0.95_xsd0,100,100,0.95,0.0,,,
FE,3,0.0386821882419431,0.0394363316028432,0.0386821882419431,0.0,1.0,300,main_N100_T100_rho0.95_xsd0,100,100,0.95,0.0,,,
FE,4,0.050363546064548,0.0512377608836913,0.050363546064548,0.0,1.0,300,main_N100_T100_rho0.95_xsd0,100,100,0.95,0.0,,,
FE,5,0.061567436641302,0.0625650060689957,0.061567436641302,0.0,1.0,300,main_N100_T100_rho0.95_xsd0,100,100,0.95,0.0,,,
FE,6,0.0722668457576576,0.0733877195330861,0.0722668457576576,0.0,1.0,300,main_N100_T100_rho0.95_xsd0,100,100,0.95,0.0,,,
FE,7,0.0823747168196293,0.0835994914865074,0.0823747168196293,0.0,1.0,300,main_N100_T100_rho0.95_xsd0,100,100,0.95,0.0,,,
FE,8,0.0920862496301097,0.093393926836128,0.0920862496301097,0.0,1.0,300,main_N100_T100_rho0.95_xsd0,100,100,0.95,0.0,,,
FE,9,0.1013235136393264,0.1026888134238993,0.1013235136393264,0.0,1.0,300,main_N100_T100_rho0.95_xsd0,100,100,0.95,0.0,,,
FE,10,0.1099234703180286,0.111323086457435,0.1099234703180286,0.0,1.0,300,main_N100_T100_rho0.95_xsd0,100,100,0.95,0.0,,,
HPJ,0,0.0002774065763165,0.0097587862970875,0.0078129528704119,0.53,1.0,300,main_N100_T100_rho0.95_xsd0,100,100,0.95,0.0,,,
HPJ,1,0.0140496195871531,0.0189253597923304,0.016071454133421,0.2633333333333333,1.0,300,main_N100_T100_rho0.95_xsd0,100,100,0.95,0.0,,,
HPJ,2,0.0273764353306824,0.0326067784328815,0.0285519356227204,0.1533333333333333,1.0,300,main_N100_T100_rho0.95_xsd0,100,100,0.95,0.0,,,
HPJ,3,0.039709830679729,0.0458988234716063,0.040784930898513,0.0966666666666666,1.0,300,main_N100_T100_rho0.95_xsd0,100,100,0.95,0.0,,,
HPJ,4,0.0513109850738448,0.0583430110088326,0.052458144402876,0.0766666666666666,1.0,300,main_N100_T100_rho0.95_xsd0,100,100,0.95,0.0,,,
HPJ,5,0.0628229343960454,0.0708323331083772,0.0639584264710305,0.0766666666666666,1.0,300,main_N100_T100_rho0.95_xsd0,100,100,0.95,0.0,,,
HPJ,6,0.0735715158267875,0.0823567008527053,0.0746170211931682,0.07,1.0,300,main_N100_T100_rho0.95_xsd0,100,100,0.95,0.0,,,
HPJ,7,0.0836243515884682,0.0929499763665547,0.0846939675992319,0.05,1.0,300,main_N100_T100_rho0.95_xsd0,100,100,0.95,0.0,,,
HPJ,8,0.0930189228513854,0.1026894545809012,0.0939640489581843,0.0466666666666666,1.0,300,main_N100_T100_rho0.95_xsd0,100,100,0.95,0.0,,,
HPJ,9,0.1020128520869803,0.1120633803857721,0.1028458800534125,0.04,1.0,300,main_N100_T100_rho0.95_xsd0,100,100,0.95,0.0,,,
HPJ,10,0.1107961263405868,0.1209870893009914,0.111545200642031,0.03,1.0,300,main_N100_T100_rho0.95_xsd0,100,100,0.95,0.0,,,
SPJ,0,-0.0001462185104694,0.0042967321870486,0.0034813699521403,0.9766666666666668,1.0,300,main_N100_T100_rho0.95_xsd0,100,100,0.95,0.0,,,
SPJ,1,-0.0023363311349903,0.0062340881152636,0.0050824367556318,0.94,1.0,300,main_N100_T100_rho0.95_xsd0,100,100,0.95,0.0,,,
SPJ,2,-0.0038298018698218,0.0091930373644372,0.0074124499424115,0.8433333333333334,1.0,300,main_N100_T100_rho0.95_xsd0,100,100,0.95,0.0,,,
SPJ,3,-0.0049947826405368,0.0121402571807822,0.0097476357091297,0.7933333333333333,1.0,300,main_N100_T100_rho0.95_xsd0,100,100,0.95,0.0,,,
SPJ,4,-0.005402215702337,0.0148902636955209,0.0119638421986752,0.7566666666666667,1.0,300,main_N100_T100_rho0.95_xsd0,100,100,0.95,0.0,,,
SPJ,5,-0.0053421537990965,0.0175119690075051,0.0140797022371407,0.7133333333333334,1.0,300,main_N100_T100_rho0.95_xsd0,100,100,0.95,0.0,,,
SPJ,6,-0.0044471059200768,0.0197320865279526,0.0159448072257264,0.7,1.0,300,main_N100_T100_rho0.95_xsd0,100,100,0.95,0.0,,,
SPJ,7,-0.0032836006041805,0.0218086656184797,0.0175725358875866,0.7066666666666667,1.0,300,main_N100_T100_rho0.95_xsd0,100,100,0.95,0.0,,,
SPJ,8,-0.0011654318955912,0.0236797769323695,0.0191856999529736,0.6866666666666666,1.0,300,main_N100_T100_rho0.95_xsd0,100,100,0.95,0.0,,,
SPJ,9,0.0013082090131267,0.0256527339544554,0.0208130576330872,0.6866666666666666,1.0,300,main_N100_T100_rho0.95_xsd0,100,100,0.95,0.0,,,
SPJ,10,0.0045343467841584,0.0276665460614597,0.0224983461272905,0.6766666666666666,1.0,300,main_N100_T100_rho0.95_xsd0,100,100,0.95,0.0,,,
CDOLS,0,0.0048027231251269,0.027469398402409,0.0223566234725748,0.95,1.0,300,main_N100_T100_rho0.95_xsd1,100,100,0.95,1.0,,,
CDOLS,1,-0.0084411417672513,0.0342048466472436,0.0274367989420689,0.5166666666666667,1.0,300,main_N100_T100_rho0.95_xsd1,100,100,0.95,1.0,,,
CDOLS,2,-0.0165358471738245,0.0456336735727478,0.0361812181569973,0.44,1.0,300,main_N100_T100_rho0.95_xsd1,100,100,0.95,1.0,,,
CDOLS,3,-0.0241448420882154,0.0541031585136233,0.0405994704333804,0.44,1.0,300,main_N100_T100_rho0.95_xsd1,100,100,0.95,1.0,,,
CDOLS,4,-0.0296537185816548,0.0603806314963129,0.0459424797359224,0.4233333333333333,1.0,300,main_N100_T100_rho0.95_xsd1,100,100,0.95,1.0,,,
CDOLS,5,-0.0377077857198269,0.0703957696172333,0.0545662642519366,0.37,1.0,300,main_N100_T100_rho0.95_xsd1,100,100,0.95,1.0,,,
CDOLS,6,-0.0402961747011027,0.0760511196819327,0.0596277235332391,0.3566666666666667,1.0,300,main_N100_T100_rho0.95_xsd1,100,100,0.95,1.0,,,
CDOLS,7,-0.0466738956101066,0.0818957397649889,0.064475011542962,0.2866666666666667,1.0,300,main_N100_T100_rho0.95_xsd1,100,100,0.95,1.0,,,
CDOLS,8,-0.0486600815104346,0.0862170271423915,0.0678417388889878,0.2933333333333333,1.0,300,main_N100_T100_rho0.95_xsd1,100,100,0.95,1.0,,,
CDOLS,9,-0.0559524926778519,0.0888046214388002,0.0694450972984836,0.31,1.0,300,main_N100_T100_rho0.95_xsd1,100,100,0.95,1.0,,,
CDOLS,10,-0.0595840756501133,0.0921161349558424,0.0705906521168222,0.31,1.0,300,main_N100_T100_rho0.95_xsd1,100,100,0.95,1.0,,,
DB,0,0.0002928130402165,0.0039659765815456,0.0032613578081758,0.8633333333333333,1.0,300,main_N100_T100_rho0.95_xsd1,100,100,0.95,1.0,,,
DB,1,0.0052982131327948,0.012318931286666,0.0100615625498001,0.8866666666666667,1.0,300,main_N100_T100_rho0.95_xsd1,100,100,0.95,1.0,,,
DB,2,0.0111930356804188,0.0235864321632902,0.0193520151335255,0.73,1.0,300,main_N100_T100_rho0.95_xsd1,100,100,0.95,1.0,,,
DB,3,0.0170568852678675,0.0342045342023012,0.0278446855507832,0.6233333333333333,1.0,300,main_N100_T100_rho0.95_xsd1,100,100,0.95,1.0,,,
DB,4,0.0229903085182934,0.0444084732900019,0.036112406554233,0.5666666666666667,1.0,300,main_N100_T100_rho0.95_xsd1,100,100,0.95,1.0,,,
DB,5,0.0286030752331664,0.0534657391513774,0.0436535571743498,0.52,1.0,300,main_N100_T100_rho0.95_xsd1,100,100,0.95,1.0,,,
DB,6,0.0343877701894234,0.0617714269522828,0.0508831934657216,0.46,1.0,300,main_N100_T100_rho0.95_xsd1,100,100,0.95,1.0,,,
DB,7,0.0394529112842752,0.0692887815676419,0.057421274142156,0.4333333333333333,1.0,300,main_N100_T100_rho0.95_xsd1,100,100,0.95,1.0,,,
DB,8,0.0445601846983926,0.0760937980066591,0.063621492909318,0.3966666666666666,1.0,300,main_N100_T100_rho0.95_xsd1,100,100,0.95,1.0,,,
DB,9,0.0489593130116029,0.0820646835870573,0.0691267791113053,0.3633333333333333,1.0,300,main_N100_T100_rho0.95_xsd1,100,100,0.95,1.0,,,
DB,10,0.0536984140764116,0.0879232066318982,0.0746826239777814,0.33,1.0,300,main_N100_T100_rho0.95_xsd1,100,100,0.95,1.0,,,
FE,0,0.0002928130402165,0.0039659765815456,0.0032613578081758,0.8633333333333333,1.0,300,main_N100_T100_rho0.95_xsd1,100,100,0.95,1.0,,,
FE,1,0.0154537848688442,0.0190068791085733,0.016300067500375,0.6866666666666666,1.0,300,main_N100_T100_rho0.95_xsd1,100,100,0.95,1.0,,,
FE,2,0.0307695084825241,0.0369953010533898,0.0320115913709389,0.4366666666666666,1.0,300,main_N100_T100_rho0.95_xsd1,100,100,0.95,1.0,,,
FE,3,0.0453692674095916,0.0539440845779154,0.0469254970275858,0.3466666666666667,1.0,300,main_N100_T100_rho0.95_xsd1,100,100,0.95,1.0,,,
FE,4,0.0593990734259391,0.0700960191406874,0.0612162275535098,0.2866666666666667,1.0,300,main_N100_T100_rho0.95_xsd1,100,100,0.95,1.0,,,
FE,5,0.0725102739311346,0.0848333678859893,0.0745695753504985,0.24,1.0,300,main_N100_T100_rho0.95_xsd1,100,100,0.95,1.0,,,
FE,6,0.0852334404554381,0.0987193183914271,0.0874046804529726,0.22,1.0,300,main_N100_T100_rho0.95_xsd1,100,100,0.95,1.0,,,
FE,7,0.0967117564604668,0.1112956286105428,0.0989432855451167,0.1866666666666666,1.0,300,main_N100_T100_rho0.95_xsd1,100,100,0.95,1.0,,,
FE,8,0.1077384973383269,0.1230497760970873,0.1100790788772555,0.1466666666666666,1.0,300,main_N100_T100_rho0.95_xsd1,100,100,0.95,1.0,,,
FE,9,0.1175921205599249,0.1335488419730483,0.1201027040188575,0.1366666666666666,1.0,300,main_N100_T100_rho0.95_xsd1,100,100,0.95,1.0,,,
FE,10,0.1273468255953864,0.1437693645532217,0.1298884238787889,0.1233333333333333,1.0,300,main_N100_T100_rho0.95_xsd1,100,100,0.95,1.0,,,
HPJ,0,3.6023632385996376e-05,0.0113781214801642,0.0089203861287553,0.4266666666666667,1.0,300,main_N100_T100_rho0.95_xsd1,100,100,0.95,1.0,,,
HPJ,1,0.01546709637382,0.02159102375564,0.0177285929344318,0.6633333333333333,1.0,300,main_N100_T100_rho0.95_xsd1,100,100,0.95,1.0,,,
HPJ,2,0.0309241902824426,0.0397805570224043,0.0334940256399903,0.45,1.0,300,main_N100_T100_rho0.95_xsd1,100,100,0.95,1.0,,,
HPJ,3,0.0457921511309867,0.0578271064350826,0.049073682859766,0.3533333333333333,1.0,300,main_N100_T100_rho0.95_xsd1,100,100,0.95,1.0,,,
HPJ,4,0.0601523766084709,0.0752805037663678,0.0641257095866425,0.26,1.0,300,main_N100_T100_rho0.95_xsd1,100,100,0.95,1.0,,,
HPJ,5,0.0735602523947418,0.091274538578484,0.0778784184805767,0.24,1.0,300,main_N100_T100_rho0.95_xsd1,100,100,0.95,1.0,,,
HPJ,6,0.0866602562065079,0.1063001667208319,0.0909694802415466,0.2,1.0,300,main_N100_T100_rho0.95_xsd1,100,100,0.95,1.0,,,
HPJ,7,0.09834764304936,0.1198595951277278,0.102937390002911,0.19,1.0,300,main_N100_T100_rho0.95_xsd1,100,100,0.95,1.0,,,
HPJ,8,0.1091910647196828,0.131657910696454,0.1139066617495935,0.1733333333333333,0.9966666666666668,300,main_N100_T100_rho0.95_xsd1,100,100,0.95,1.0,,,
HPJ,9,0.119497207044851,0.1427259955028908,0.1243178675309331,0.16,0.9933333333333332,300,main_N100_T100_rho0.95_xsd1,100,100,0.95,1.0,,,
HPJ,10,0.1294235224927757,0.1530477441039165,0.1340853030060338,0.1366666666666666,0.9933333333333332,300,main_N100_T100_rho0.95_xsd1,100,100,0.95,1.0,,,
SPJ,0,0.0001879087206872,0.0041847124382578,0.0033329743030095,0.9366666666666666,1.0,300,main_N100_T100_rho0.95_xsd1,100,100,0.95,1.0,,,
SPJ,1,-0.002350438597436,0.0155552883074149,0.0119869089687412,0.9433333333333334,1.0,300,main_N100_T100_rho0.95_xsd1,100,100,0.95,1.0,,,
SPJ,2,-0.0034794953924509,0.0295881024228475,0.0230347552897894,0.8066666666666666,1.0,300,main_N100_T100_rho0.95_xsd1,100,100,0.95,1.0,,,
SPJ,3,-0.0035361038237374,0.0421375710006791,0.0331145689108846,0.7266666666666667,1.0,300,main_N100_T100_rho0.95_xsd1,100,100,0.95,1.0,,,
SPJ,4,-0.0030447698884243,0.0543448156008694,0.0430361932228645,0.6466666666666666,1.0,300,main_N100_T100_rho0.95_xsd1,100,100,0.95,1.0,,,
SPJ,5,-0.0015329760529998,0.0647705404318928,0.0517693377280282,0.5866666666666667,1.0,300,main_N100_T100_rho0.95_xsd1,100,100,0.95,1.0,,,
SPJ,6,0.0005341402154992,0.0747530713626395,0.0602223184709162,0.5166666666666667,1.0,300,main_N100_T100_rho0.95_xsd1,100,100,0.95,1.0,,,
SPJ,7,0.0034449699061307,0.0834917949692109,0.0674034859557763,0.4733333333333333,1.0,300,main_N100_T100_rho0.95_xsd1,100,100,0.95,1.0,,,
SPJ,8,0.0066814787555381,0.0915167309496711,0.0746581326753897,0.43,1.0,300,main_N100_T100_rho0.95_xsd1,100,100,0.95,1.0,,,
SPJ,9,0.0107724551788239,0.0985371303312258,0.0813097213159246,0.3966666666666666,1.0,300,main_N100_T100_rho0.95_xsd1,100,100,0.95,1.0,,,
SPJ,10,0.0157307171267711,0.1051262692456989,0.0876098671820329,0.3666666666666666,1.0,300,main_N100_T100_rho0.95_xsd1,100,100,0.95,1.0,,,
CDOLS,0,-0.0003903648279349,0.0346735668692882,0.0270752282861542,0.9133333333333332,1.0,300,main_N100_T20_rho0.2_xsd0,100,20,0.2,0.0,,,
CDOLS,1,-0.0208314744193353,0.0401072207023447,0.0317849896822878,0.9133333333333332,0.9833333333333332,300,main_N100_T20_rho0.2_xsd0,100,20,0.2,0.0,,,
CDOLS,2,-0.0283200566841512,0.0463689249262092,0.037852790512984,0.8733333333333333,0.3,300,main_N100_T20_rho0.2_xsd0,100,20,0.2,0.0,,,
CDOLS,3,-0.0279373201938546,0.0476575674632229,0.03899830269869,0.88,0.1433333333333333,300,main_N100_T20_rho0.2_xsd0,100,20,0.2,0.0,,,
CDOLS,4,-0.0285953853724583,0.0472754452039562,0.0379862356288531,0.9,0.1066666666666666,300,main_N100_T20_rho0.2_xsd0,100,20,0.2,0.0,,,
CDOLS,5,-0.0295058061458023,0.0506269499755015,0.041799264493354,0.89,0.11,300,main_N100_T20_rho0.2_xsd0,100,20,0.2,0.0,,,
CDOLS,6,-0.0274486412351495,0.0497362261749228,0.0390997951753667,0.8966666666666666,0.1033333333333333,300,main_N100_T20_rho0.2_xsd0,100,20,0.2,0.0,,,
DB,0,2.3202311067012463e-05,0.0246051785894193,0.0194722467517801,0.92,1.0,300,main_N100_T20_rho0.2_xsd0,100,20,0.2,0.0,,,
DB,1,0.00530404799418,0.0282157936847527,0.0225697898219137,0.94,0.99,300,main_N100_T20_rho0.2_xsd0,100,20,0.2,0.0,,,
DB,2,0.0061161090809733,0.0285872133965197,0.022969410923208,0.9433333333333334,0.1333333333333333,300,main_N100_T20_rho0.2_xsd0,100,20,0.2,0.0,,,
DB,3,0.008504240380822,0.0318223116227547,0.0253868817292074,0.9233333333333332,0.0633333333333333,300,main_N100_T20_rho0.2_xsd0,100,20,0.2,0.0,,,
DB,4,0.007891840996436,0.0321045784227189,0.0261460525093054,0.9166666666666666,0.08,300,main_N100_T20_rho0.2_xsd0,100,20,0.2,0.0,,,
DB,5,0.0085397887519574,0.033334574397188,0.0272094652077707,0.9333333333333332,0.0666666666666666,300,main_N100_T20_rho0.2_xsd0,100,20,0.2,0.0,,,
DB,6,0.0086373533498633,0.0341379128470676,0.0269312072009868,0.9166666666666666,0.0833333333333333,300,main_N100_T20_rho0.2_xsd0,100,20,0.2,0.0,,,
FE,0,2.3202311067012463e-05,0.0246051785894193,0.0194722467517801,0.92,1.0,300,main_N100_T20_rho0.2_xsd0,100,20,0.2,0.0,,,
FE,1,0.0389445730770519,0.0475444908104239,0.0407580500922383,0.6933333333333334,0.8366666666666667,300,main_N100_T20_rho0.2_xsd0,100,20,0.2,0.0,,,
FE,2,0.0442142551960873,0.0522185260454343,0.0456445765474302,0.6133333333333333,0.1133333333333333,300,main_N100_T20_rho0.2_xsd0,100,20,0.2,0.0,,,
FE,3,0.0465736421211979,0.0557536812196243,0.0474808964704986,0.6033333333333334,0.33,300,main_N100_T20_rho0.2_xsd0,100,20,0.2,0.0,,,
FE,4,0.0448326360444686,0.0546356063341027,0.0474653944076553,0.6233333333333333,0.36,300,main_N100_T20_rho0.2_xsd0,100,20,0.2,0.0,,,
FE,5,0.0435807803143602,0.0542674137455566,0.0451321119197869,0.66,0.34,300,main_N100_T20_rho0.2_xsd0,100,20,0.2,0.0,,,
FE,6,0.0408202387895526,0.0526389387083061,0.0447430779807272,0.71,0.29,300,main_N100_T20_rho0.2_xsd0,100,20,0.2,0.0,,,
HPJ,0,0.004410878053226,0.0645589822670519,0.0504728430345738,0.5166666666666667,1.0,300,main_N100_T20_rho0.2_xsd0,100,20,0.2,0.0,,,
HPJ,1,0.0344259492734325,0.0853558932095669,0.0677167630042363,0.47,0.7066666666666667,300,main_N100_T20_rho0.2_xsd0,100,20,0.2,0.0,,,
HPJ,2,0.0403522562857289,0.0880826896609063,0.0723408078224893,0.3866666666666666,0.54,300,main_N100_T20_rho0.2_xsd0,100,20,0.2,0.0,,,
HPJ,3,0.0456836056006139,0.0897922707497537,0.0707545694057285,0.4666666666666667,0.51,300,main_N100_T20_rho0.2_xsd0,100,20,0.2,0.0,,,
HPJ,4,0.0340860719948145,0.0906519213426922,0.0740092306787447,0.4233333333333333,0.57,300,main_N100_T20_rho0.2_xsd0,100,20,0.2,0.0,,,
HPJ,5,0.0439385154105246,0.0932369024733801,0.0746404399790673,0.47,0.5266666666666666,300,main_N100_T20_rho0.2_xsd0,100,20,0.2,0.0,,,
HPJ,6,0.0387763026567409,0.0987731068099415,0.0770335614217732,0.48,0.52,300,main_N100_T20_rho0.2_xsd0,100,20,0.2,0.0,,,
SPJ,0,-0.0002811101615798,0.0250161475391577,0.0195543735936698,0.9366666666666666,1.0,300,main_N100_T20_rho0.2_xsd0,100,20,0.2,0.0,,,
SPJ,1,-0.0004582454846043,0.0288887373480714,0.0229611582798732,0.9566666666666668,0.9866666666666668,300,main_N100_T20_rho0.2_xsd0,100,20,0.2,0.0,,,
SPJ,2,0.0025427185764565,0.0309521290525433,0.0249728637992975,0.9433333333333334,0.1233333333333333,300,main_N100_T20_rho0.2_xsd0,100,20,0.2,0.0,,,
SPJ,3,0.0124860698298197,0.0350386725622785,0.0279959365980209,0.9166666666666666,0.0566666666666666,300,main_N100_T20_rho0.2_xsd0,100,20,0.2,0.0,,,
SPJ,4,0.0224469267187216,0.0404560404242307,0.033319519046979,0.89,0.11,300,main_N100_T20_rho0.2_xsd0,100,20,0.2,0.0,,,
SPJ,5,0.0385556462100108,0.0520617744198974,0.0425659055627548,0.7833333333333333,0.2166666666666666,300,main_N100_T20_rho0.2_xsd0,100,20,0.2,0.0,,,
SPJ,6,0.0574436189531645,0.068241617122213,0.0596090196365473,0.6366666666666667,0.3633333333333333,300,main_N100_T20_rho0.2_xsd0,100,20,0.2,0.0,,,
CDOLS,0,-0.0001843836985895,0.0350517668798204,0.0273846142747353,0.9466666666666668,1.0,300,main_N100_T20_rho0.2_xsd1,100,20,0.2,1.0,,,
CDOLS,1,-0.0114281638581683,0.0697650141916048,0.054752206544851,0.5666666666666667,0.8866666666666667,300,main_N100_T20_rho0.2_xsd1,100,20,0.2,1.0,,,
CDOLS,2,-0.0117349922247181,0.076276454657956,0.0589638660665042,0.62,0.4366666666666666,300,main_N100_T20_rho0.2_xsd1,100,20,0.2,1.0,,,
CDOLS,3,-0.0119405007895846,0.071222583057609,0.05829783014836,0.57,0.43,300,main_N100_T20_rho0.2_xsd1,100,20,0.2,1.0,,,
CDOLS,4,-0.0250923770735579,0.0825830920148539,0.0656432759260979,0.5366666666666666,0.4566666666666666,300,main_N100_T20_rho0.2_xsd1,100,20,0.2,1.0,,,
CDOLS,5,-0.0170037043597233,0.0824968135881343,0.0667549750956687,0.5666666666666667,0.43,300,main_N100_T20_rho0.2_xsd1,100,20,0.2,1.0,,,
CDOLS,6,-0.0175817335044115,0.0912829022116262,0.0733263893832145,0.53,0.47,300,main_N100_T20_rho0.2_xsd1,100,20,0.2,1.0,,,
DB,0,0.0003202797114966,0.0292782202045893,0.0230725934452166,0.78,1.0,300,main_N100_T20_rho0.2_xsd1,100,20,0.2,1.0,,,
DB,1,0.0104001160290663,0.068907705379941,0.0536420317420661,0.6933333333333334,0.7566666666666667,300,main_N100_T20_rho0.2_xsd1,100,20,0.2,1.0,,,
DB,2,0.0158271305650014,0.0740366456037179,0.0586417433673179,0.6666666666666666,0.3433333333333333,300,main_N100_T20_rho0.2_xsd1,100,20,0.2,1.0,,,
DB,3,0.0121595809537656,0.0668368438591017,0.0512256962472492,0.72,0.2766666666666666,300,main_N100_T20_rho0.2_xsd1,100,20,0.2,1.0,,,
DB,4,0.0022673491105584,0.0730447184622819,0.0588919830350653,0.6833333333333333,0.3133333333333333,300,main_N100_T20_rho0.2_xsd1,100,20,0.2,1.0,,,
DB,5,0.0110952447782915,0.0788663334027027,0.0643907613082825,0.6433333333333333,0.3566666666666667,300,main_N100_T20_rho0.2_xsd1,100,20,0.2,1.0,,,
DB,6,0.013099464595014,0.0934632749095524,0.0745251854271007,0.58,0.42,300,main_N100_T20_rho0.2_xsd1,100,20,0.2,1.0,,,
FE,0,0.0003202797114966,0.0292782202045893,0.0230725934452166,0.78,1.0,300,main_N100_T20_rho0.2_xsd1,100,20,0.2,1.0,,,
FE,1,0.0437056353721324,0.0785069298797393,0.0627065704471309,0.6033333333333334,0.55,300,main_N100_T20_rho0.2_xsd1,100,20,0.2,1.0,,,
FE,2,0.0535044186859985,0.0882064701129349,0.0717687124594075,0.51,0.3766666666666666,300,main_N100_T20_rho0.2_xsd1,100,20,0.2,1.0,,,
FE,3,0.0501781295088162,0.0822769297125544,0.0653908753263192,0.62,0.36,300,main_N100_T20_rho0.2_xsd1,100,20,0.2,1.0,,,
FE,4,0.0393210782874664,0.0832439845322815,0.0696168063488392,0.5466666666666666,0.45,300,main_N100_T20_rho0.2_xsd1,100,20,0.2,1.0,,,
FE,5,0.0463070459395096,0.0915826446243659,0.0745921548008575,0.5633333333333334,0.4366666666666666,300,main_N100_T20_rho0.2_xsd1,100,20,0.2,1.0,,,
FE,6,0.0454627153773608,0.1036173731303519,0.0828977291363483,0.54,0.46,300,main_N100_T20_rho0.2_xsd1,100,20,0.2,1.0,,,
HPJ,0,0.0076083547319055,0.0855458145018152,0.0681431669074805,0.3366666666666666,1.0,300,main_N100_T20_rho0.2_xsd1,100,20,0.2,1.0,,,
HPJ,1,0.0450025135455669,0.0949667234214851,0.0759934845374614,0.52,0.5833333333333334,300,main_N100_T20_rho0.2_xsd1,100,20,0.2,1.0,,,
HPJ,2,0.054319248179123,0.1086194652251343,0.0866886432414125,0.47,0.4633333333333333,300,main_N100_T20_rho0.2_xsd1,100,20,0.2,1.0,,,
HPJ,3,0.0525790903629992,0.1044153725322867,0.0834931530344596,0.4766666666666667,0.5066666666666667,300,main_N100_T20_rho0.2_xsd1,100,20,0.2,1.0,,,
HPJ,4,0.0382104384318642,0.1072957687957478,0.0862725371876958,0.48,0.5166666666666667,300,main_N100_T20_rho0.2_xsd1,100,20,0.2,1.0,,,
HPJ,5,0.0504508201380259,0.1093806917707709,0.0865119263940714,0.5266666666666666,0.4733333333333333,300,main_N100_T20_rho0.2_xsd1,100,20,0.2,1.0,,,
HPJ,6,0.0381123223998846,0.1240834307790679,0.098436548802544,0.45,0.55,300,main_N100_T20_rho0.2_xsd1,100,20,0.2,1.0,,,
SPJ,0,0.0004886433440449,0.029668041455863,0.0233506673596216,0.8066666666666666,1.0,300,main_N100_T20_rho0.2_xsd1,100,20,0.2,1.0,,,
SPJ,1,0.0036209708837487,0.0784983193624282,0.0600616674019735,0.69,0.72,300,main_N100_T20_rho0.2_xsd1,100,20,0.2,1.0,,,
SPJ,2,0.0139953384625083,0.086776436041856,0.0686292459296801,0.63,0.3566666666666667,300,main_N100_T20_rho0.2_xsd1,100,20,0.2,1.0,,,
SPJ,3,0.0156430307873354,0.0777466790429415,0.0592584323052557,0.7033333333333334,0.2966666666666667,300,main_N100_T20_rho0.2_xsd1,100,20,0.2,1.0,,,
SPJ,4,0.0179727744436522,0.0832199273470073,0.0682083020671064,0.6533333333333333,0.3433333333333333,300,main_N100_T20_rho0.2_xsd1,100,20,0.2,1.0,,,
SPJ,5,0.0416243743963683,0.0990063428868807,0.0788561870186225,0.6066666666666667,0.39,300,main_N100_T20_rho0.2_xsd1,100,20,0.2,1.0,,,
SPJ,6,0.0616525681614907,0.1219314330715948,0.0959271537793219,0.54,0.46,300,main_N100_T20_rho0.2_xsd1,100,20,0.2,1.0,,,
CDOLS,0,-0.0003952989481975,0.0348362348118451,0.0272114911220518,0.9133333333333332,1.0,300,main_N100_T20_rho0.5_xsd0,100,20,0.5,0.0,,,
CDOLS,1,-0.0198347758316622,0.0397714881522753,0.0315631366640546,0.9166666666666666,1.0,300,main_N100_T20_rho0.5_xsd0,100,20,0.5,0.0,,,
CDOLS,2,-0.0332232607340863,0.0496533165716289,0.0410902944166712,0.8533333333333334,1.0,300,main_N100_T20_rho0.5_xsd0,100,20,0.5,0.0,,,
CDOLS,3,-0.0373942982631957,0.0544189168412264,0.0456082382286431,0.85,0.8333333333333334,300,main_N100_T20_rho0.5_xsd0,100,20,0.5,0.0,,,
CDOLS,4,-0.0402950382095651,0.0555825960829052,0.0457012768860824,0.83,0.4933333333333333,300,main_N100_T20_rho0.5_xsd0,100,20,0.5,0.0,,,
CDOLS,5,-0.0424836355814575,0.0600386599745881,0.0502202934293081,0.8166666666666667,0.3433333333333333,300,main_N100_T20_rho0.5_xsd0,100,20,0.5,0.0,,,
CDOLS,6,-0.0408966409865067,0.0590449671003978,0.0477098974814641,0.8266666666666667,0.22,300,main_N100_T20_rho0.5_xsd0,100,20,0.5,0.0,,,
DB,0,-0.0001907706445904,0.022441981338489,0.0177146706907545,0.9166666666666666,1.0,300,main_N100_T20_rho0.5_xsd0,100,20,0.5,0.0,,,
DB,1,0.0091627559195692,0.0273203446643513,0.0218096845958068,0.92,1.0,300,main_N100_T20_rho0.5_xsd0,100,20,0.5,0.0,,,
DB,2,0.0157986260719245,0.0326537959618974,0.0262991590811848,0.89,0.99,300,main_N100_T20_rho0.5_xsd0,100,20,0.5,0.0,,,
DB,3,0.0231465483099931,0.0388010781200287,0.0305479670862845,0.8066666666666666,0.5066666666666667,300,main_N100_T20_rho0.5_xsd0,100,20,0.5,0.0,,,
DB,4,0.0266947280295952,0.0405043468561136,0.0332596328796077,0.8033333333333333,0.1033333333333333,300,main_N100_T20_rho0.5_xsd0,100,20,0.5,0.0,,,
DB,5,0.0294181139366934,0.043872626885038,0.0353671316276957,0.7666666666666667,0.0966666666666666,300,main_N100_T20_rho0.5_xsd0,100,20,0.5,0.0,,,
DB,6,0.030387416903603,0.0458264691297863,0.0381753218578849,0.77,0.1733333333333333,300,main_N100_T20_rho0.5_xsd0,100,20,0.5,0.0,,,
FE,0,-0.0001907706445904,0.022441981338489,0.0177146706907545,0.9166666666666666,1.0,300,main_N100_T20_rho0.5_xsd0,100,20,0.5,0.0,,,
FE,1,0.0497361361380032,0.0556645057579982,0.0500585825708077,0.4633333333333333,1.0,300,main_N100_T20_rho0.5_xsd0,100,20,0.5,0.0,,,
FE,2,0.0734853298451375,0.0785247077587319,0.0735397685402684,0.2,0.8133333333333334,300,main_N100_T20_rho0.5_xsd0,100,20,0.5,0.0,,,
FE,3,0.0872854091053476,0.092427083364068,0.0872854091053476,0.1333333333333333,0.11,300,main_N100_T20_rho0.5_xsd0,100,20,0.5,0.0,,,
FE,4,0.0920056113485376,0.0968452453180118,0.0920056113485376,0.11,0.53,300,main_N100_T20_rho0.5_xsd0,100,20,0.5,0.0,,,
FE,5,0.0927290576166419,0.0983051442188431,0.0927290576166419,0.1333333333333333,0.69,300,main_N100_T20_rho0.5_xsd0,100,20,0.5,0.0,,,
FE,6,0.0891114604379666,0.095569960402574,0.089221009221455,0.1566666666666666,0.7666666666666667,300,main_N100_T20_rho0.5_xsd0,100,20,0.5,0.0,,,
HPJ,0,0.0019248504189891,0.0573176301114107,0.0444442212214894,0.5366666666666666,1.0,300,main_N100_T20_rho0.5_xsd0,100,20,0.5,0.0,,,
HPJ,1,0.0441886217428958,0.0832094629802242,0.067130466687848,0.41,0.9966666666666668,300,main_N100_T20_rho0.5_xsd0,100,20,0.5,0.0,,,
HPJ,2,0.0677150810188974,0.1015063385238002,0.0845270756512973,0.3133333333333333,0.68,300,main_N100_T20_rho0.5_xsd0,100,20,0.5,0.0,,,
HPJ,3,0.0834875589238427,0.1127704456738975,0.0924693286425151,0.32,0.5133333333333333,300,main_N100_T20_rho0.5_xsd0,100,20,0.5,0.0,,,
HPJ,4,0.0834775886386524,0.11635831734111,0.0979457094743763,0.3133333333333333,0.6133333333333333,300,main_N100_T20_rho0.5_xsd0,100,20,0.5,0.0,,,
HPJ,5,0.0931235882352352,0.1244991689420691,0.103505641191452,0.2966666666666667,0.6366666666666667,300,main_N100_T20_rho0.5_xsd0,100,20,0.5,0.0,,,
HPJ,6,0.0873228782400224,0.1253944142984106,0.1021018874996883,0.3466666666666667,0.6266666666666667,300,main_N100_T20_rho0.5_xsd0,100,20,0.5,0.0,,,
SPJ,0,-0.000627384508193,0.0232291449011197,0.0183136797213021,0.96,1.0,300,main_N100_T20_rho0.5_xsd0,100,20,0.5,0.0,,,
SPJ,1,-0.0040094905863358,0.0287137349499032,0.0224213148697369,0.94,1.0,300,main_N100_T20_rho0.5_xsd0,100,20,0.5,0.0,,,
SPJ,2,0.0008257515405638,0.0341258389665019,0.02672030506494,0.94,0.99,300,main_N100_T20_rho0.5_xsd0,100,20,0.5,0.0,,,
SPJ,3,0.0173220933662557,0.0407269789512502,0.0323222979313167,0.88,0.3933333333333333,300,main_N100_T20_rho0.5_xsd0,100,20,0.5,0.0,,,
SPJ,4,0.0395113432535474,0.0547260312980639,0.0453290428494017,0.7766666666666666,0.0733333333333333,300,main_N100_T20_rho0.5_xsd0,100,20,0.5,0.0,,,
SPJ,5,0.0723361909649503,0.0826085494383377,0.0732576171939065,0.51,0.3133333333333333,300,main_N100_T20_rho0.5_xsd0,100,20,0.5,0.0,,,
SPJ,6,0.1078945894169429,0.1158764770589882,0.1079096581374457,0.18,0.7566666666666667,300,main_N100_T20_rho0.5_xsd0,100,20,0.5,0.0,,,
CDOLS,0,-6.031332742016893e-05,0.0352276738085975,0.0275305211081453,0.9466666666666668,1.0,300,main_N100_T20_rho0.5_xsd1,100,20,0.5,1.0,,,
CDOLS,1,-0.0097533311540015,0.0690851375852995,0.0542472025833835,0.5766666666666667,1.0,300,main_N100_T20_rho0.5_xsd1,100,20,0.5,1.0,,,
CDOLS,2,-0.0128266264909883,0.0825493931773895,0.0625318670912153,0.59,0.93,300,main_N100_T20_rho0.5_xsd1,100,20,0.5,1.0,,,
CDOLS,3,-0.0170002579484015,0.0811311294043727,0.0649904666222103,0.5333333333333333,0.6533333333333333,300,main_N100_T20_rho0.5_xsd1,100,20,0.5,1.0,,,
CDOLS,4,-0.0306634359764473,0.0909868348266677,0.0729858343205712,0.5366666666666666,0.5666666666666667,300,main_N100_T20_rho0.5_xsd1,100,20,0.5,1.0,,,
CDOLS,5,-0.0262522187244343,0.0905924426049961,0.0725459022406174,0.54,0.5133333333333333,300,main_N100_T20_rho0.5_xsd1,100,20,0.5,1.0,,,
CDOLS,6,-0.0267984724394175,0.0980684228075818,0.0788728433669077,0.52,0.48,300,main_N100_T20_rho0.5_xsd1,100,20,0.5,1.0,,,
DB,0,0.0005387997673792,0.0255379750506903,0.020051623990401,0.7966666666666666,1.0,300,main_N100_T20_rho0.5_xsd1,100,20,0.5,1.0,,,
DB,1,0.0205112813977538,0.0669015875720894,0.0523204382005469,0.69,1.0,300,main_N100_T20_rho0.5_xsd1,100,20,0.5,1.0,,,
DB,2,0.0317295660720103,0.0868527393141111,0.0691202980729482,0.55,0.77,300,main_N100_T20_rho0.5_xsd1,100,20,0.5,1.0,,,
DB,3,0.0301830427309429,0.0821246321583768,0.0638343271832669,0.62,0.4033333333333333,300,main_N100_T20_rho0.5_xsd1,100,20,0.5,1.0,,,
DB,4,0.0252582471139105,0.0811270835158074,0.0651834577827038,0.6,0.3033333333333333,300,main_N100_T20_rho0.5_xsd1,100,20,0.5,1.0,,,
DB,5,0.0316746489604565,0.0898844613221215,0.0725651041468418,0.5733333333333334,0.4033333333333333,300,main_N100_T20_rho0.5_xsd1,100,20,0.5,1.0,,,
DB,6,0.0331093161912498,0.1056833646441172,0.0843116761917215,0.53,0.4633333333333333,300,main_N100_T20_rho0.5_xsd1,100,20,0.5,1.0,,,
FE,0,0.0005387997673792,0.0255379750506903,0.020051623990401,0.7966666666666666,1.0,300,main_N100_T20_rho0.5_xsd1,100,20,0.5,1.0,,,
FE,1,0.060666391452031,0.0861355828959213,0.0703472518469531,0.4866666666666667,0.9966666666666668,300,main_N100_T20_rho0.5_xsd1,100,20,0.5,1.0,,,
FE,2,0.088308972876139,0.1163330980236051,0.0984729708147287,0.35,0.5166666666666667,300,main_N100_T20_rho0.5_xsd1,100,20,0.5,1.0,,,
FE,3,0.0930977577007759,0.1174879025868601,0.1011544587961101,0.33,0.3233333333333333,300,main_N100_T20_rho0.5_xsd1,100,20,0.5,1.0,,,
FE,4,0.0895390238410207,0.1168534340562992,0.1007685090935561,0.3433333333333333,0.4833333333333333,300,main_N100_T20_rho0.5_xsd1,100,20,0.5,1.0,,,
FE,5,0.0942271382153768,0.1266760035576616,0.1063390085137367,0.38,0.5433333333333333,300,main_N100_T20_rho0.5_xsd1,100,20,0.5,1.0,,,
FE,6,0.0913159720727024,0.1362132504855052,0.1110818818605585,0.37,0.5966666666666667,300,main_N100_T20_rho0.5_xsd1,100,20,0.5,1.0,,,
HPJ,0,0.0070475631553131,0.0731681433121477,0.0580486564082124,0.3566666666666667,1.0,300,main_N100_T20_rho0.5_xsd1,100,20,0.5,1.0,,,
HPJ,1,0.0616811766539189,0.099963292308362,0.0801476142442341,0.44,0.98,300,main_N100_T20_rho0.5_xsd1,100,20,0.5,1.0,,,
HPJ,2,0.0890532932629828,0.1323540316891204,0.1089551654298734,0.3466666666666667,0.54,300,main_N100_T20_rho0.5_xsd1,100,20,0.5,1.0,,,
HPJ,3,0.0945295153848906,0.1350749878403752,0.1121191779044948,0.3333333333333333,0.4533333333333333,300,main_N100_T20_rho0.5_xsd1,100,20,0.5,1.0,,,
HPJ,4,0.0892691713307763,0.1355605577792765,0.1126281889855192,0.3633333333333333,0.5533333333333333,300,main_N100_T20_rho0.5_xsd1,100,20,0.5,1.0,,,
HPJ,5,0.0970814399379815,0.1397439352812796,0.1154981936861996,0.3533333333333333,0.57,300,main_N100_T20_rho0.5_xsd1,100,20,0.5,1.0,,,
HPJ,6,0.0847273784062518,0.1508305756863301,0.1216484085975181,0.37,0.6133333333333333,300,main_N100_T20_rho0.5_xsd1,100,20,0.5,1.0,,,
SPJ,0,0.0008242570862099,0.0252735076892862,0.0197702956720999,0.84,1.0,300,main_N100_T20_rho0.5_xsd1,100,20,0.5,1.0,,,
SPJ,1,0.0042696913667179,0.077310272256312,0.0600815330922899,0.6966666666666667,1.0,300,main_N100_T20_rho0.5_xsd1,100,20,0.5,1.0,,,
SPJ,2,0.0177996932159263,0.103594020152832,0.0813538376910297,0.56,0.7333333333333333,300,main_N100_T20_rho0.5_xsd1,100,20,0.5,1.0,,,
SPJ,3,0.0244635208965634,0.1045346835205094,0.0808694204240466,0.57,0.3466666666666667,300,main_N100_T20_rho0.5_xsd1,100,20,0.5,1.0,,,
SPJ,4,0.0408483200330188,0.110342340659396,0.0906471037673306,0.54,0.4,300,main_N100_T20_rho0.5_xsd1,100,20,0.5,1.0,,,
SPJ,5,0.0749944805473751,0.1360631019024839,0.1106061446359733,0.4466666666666666,0.5033333333333333,300,main_N100_T20_rho0.5_xsd1,100,20,0.5,1.0,,,
SPJ,6,0.1079613118818176,0.1666753722060167,0.1335536878782297,0.3933333333333333,0.5766666666666667,300,main_N100_T20_rho0.5_xsd1,100,20,0.5,1.0,,,
CDOLS,0,-0.0004217680396626,0.0348725694494249,0.0272544612947711,0.9133333333333332,1.0,300,main_N100_T20_rho0.8_xsd0,100,20,0.8,0.0,,,
CDOLS,1,-0.0178563198221965,0.0390389209714955,0.0311879491382144,0.93,1.0,300,main_N100_T20_rho0.8_xsd0,100,20,0.8,0.0,,,
CDOLS,2,-0.0358614708639361,0.0518243030167328,0.0431547230686461,0.85,1.0,300,main_N100_T20_rho0.8_xsd0,100,20,0.8,0.0,,,
CDOLS,3,-0.0472251984219384,0.0627357383523012,0.0532050011066081,0.7766666666666666,1.0,300,main_N100_T20_rho0.8_xsd0,100,20,0.8,0.0,,,
CDOLS,4,-0.0573642095840033,0.0703422798044512,0.0592562932581665,0.7266666666666667,1.0,300,main_N100_T20_rho0.8_xsd0,100,20,0.8,0.0,,,
CDOLS,5,-0.0662890405009323,0.0807451189466525,0.0700592591377113,0.68,1.0,300,main_N100_T20_rho0.8_xsd0,100,20,0.8,0.0,,,
CDOLS,6,-0.0700831201783955,0.0841682342675809,0.0726099569855857,0.68,1.0,300,main_N100_T20_rho0.8_xsd0,100,20,0.8,0.0,,,
DB,0,-0.000705116126362,0.0176798947257941,0.0137562187950926,0.9266666666666666,1.0,300,main_N100_T20_rho0.8_xsd0,100,20,0.8,0.0,,,
DB,1,0.0228943022973892,0.031531896357007,0.0262667415621729,0.7733333333333333,1.0,300,main_N100_T20_rho0.8_xsd0,100,20,0.8,0.0,,,
DB,2,0.0473650045568124,0.0551920638989098,0.048913538733271,0.45,1.0,300,main_N100_T20_rho0.8_xsd0,100,20,0.8,0.0,,,
DB,3,0.073743460791801,0.0807223018325422,0.0741090422476572,0.2066666666666666,1.0,300,main_N100_T20_rho0.8_xsd0,100,20,0.8,0.0,,,
DB,4,0.0969294544722434,0.1028791667447501,0.0969548857648305,0.0966666666666666,0.9966666666666668,300,main_N100_T20_rho0.8_xsd0,100,20,0.8,0.0,,,
DB,5,0.1171435113384966,0.1230823487761737,0.117158509109083,0.06,0.7633333333333333,300,main_N100_T20_rho0.8_xsd0,100,20,0.8,0.0,,,
DB,6,0.1324778311851269,0.1379514868125938,0.1324778311851269,0.0233333333333333,0.26,300,main_N100_T20_rho0.8_xsd0,100,20,0.8,0.0,,,
FE,0,-0.000705116126362,0.0176798947257941,0.0137562187950926,0.9266666666666666,1.0,300,main_N100_T20_rho0.8_xsd0,100,20,0.8,0.0,,,
FE,1,0.0671165848882512,0.0702881936939665,0.0671165848882512,0.09,1.0,300,main_N100_T20_rho0.8_xsd0,100,20,0.8,0.0,,,
FE,2,0.121986093202748,0.1249081703319644,0.121986093202748,0.0066666666666666,1.0,300,main_N100_T20_rho0.8_xsd0,100,20,0.8,0.0,,,
FE,3,0.1682400183312584,0.1710548402734481,0.1682400183312584,0.0,0.9966666666666668,300,main_N100_T20_rho0.8_xsd0,100,20,0.8,0.0,,,
FE,4,0.2028476437104458,0.2054230016955609,0.2028476437104458,0.0,0.4133333333333333,300,main_N100_T20_rho0.8_xsd0,100,20,0.8,0.0,,,
FE,5,0.2271214276739566,0.2299604116424765,0.2271214276739566,0.0,0.2733333333333333,300,main_N100_T20_rho0.8_xsd0,100,20,0.8,0.0,,,
FE,6,0.2393873148728325,0.2422424269356586,0.2393873148728325,0.0,0.7833333333333333,300,main_N100_T20_rho0.8_xsd0,100,20,0.8,0.0,,,
HPJ,0,-0.0023185285796491,0.0437207024347218,0.0346353600103078,0.5366666666666666,1.0,300,main_N100_T20_rho0.8_xsd0,100,20,0.8,0.0,,,
HPJ,1,0.0610132374060636,0.0835213274169647,0.0700087306355797,0.2933333333333333,1.0,300,main_N100_T20_rho0.8_xsd0,100,20,0.8,0.0,,,
HPJ,2,0.1154582694542836,0.1347779616077148,0.1183841090547545,0.1366666666666666,1.0,300,main_N100_T20_rho0.8_xsd0,100,20,0.8,0.0,,,
HPJ,3,0.1641927645646834,0.1812169059399464,0.1656379279834533,0.0633333333333333,0.88,300,main_N100_T20_rho0.8_xsd0,100,20,0.8,0.0,,,
HPJ,4,0.1977983982490604,0.2149419456783716,0.1985139205871759,0.0466666666666666,0.61,300,main_N100_T20_rho0.8_xsd0,100,20,0.8,0.0,,,
HPJ,5,0.2281263534658492,0.2450586451256898,0.2282432589926974,0.0266666666666666,0.5633333333333334,300,main_N100_T20_rho0.8_xsd0,100,20,0.8,0.0,,,
HPJ,6,0.2392375441537098,0.2571466723524617,0.2396624816176664,0.0266666666666666,0.6733333333333333,300,main_N100_T20_rho0.8_xsd0,100,20,0.8,0.0,,,
SPJ,0,-0.0008649046132633,0.01992632939841,0.0158060555735105,0.9766666666666668,1.0,300,main_N100_T20_rho0.8_xsd0,100,20,0.8,0.0,,,
SPJ,1,-0.0062185764621552,0.0285702552472979,0.0219998703280685,0.94,1.0,300,main_N100_T20_rho0.8_xsd0,100,20,0.8,0.0,,,
SPJ,2,0.0048255664741249,0.0390204563779535,0.0304264864275331,0.8866666666666667,1.0,300,main_N100_T20_rho0.8_xsd0,100,20,0.8,0.0,,,
SPJ,3,0.0360199045508633,0.0586660443065046,0.0475459270141013,0.7633333333333333,1.0,300,main_N100_T20_rho0.8_xsd0,100,20,0.8,0.0,,,
SPJ,4,0.083575753002503,0.0979228771544565,0.0855175036306785,0.4666666666666667,0.9666666666666668,300,main_N100_T20_rho0.8_xsd0,100,20,0.8,0.0,,,
SPJ,5,0.1497565137106464,0.1591764063724684,0.1498557602874412,0.0966666666666666,0.28,300,main_N100_T20_rho0.8_xsd0,100,20,0.8,0.0,,,
SPJ,6,0.2203441764889744,0.2267339289341127,0.2203441764889744,0.0033333333333333,0.3766666666666666,300,main_N100_T20_rho0.8_xsd0,100,20,0.8,0.0,,,
CDOLS,0,6.302065718192621e-06,0.0354917919236768,0.0276512600743012,0.9466666666666668,1.0,300,main_N100_T20_rho0.8_xsd1,100,20,0.8,1.0,,,
CDOLS,1,-0.0083937891282424,0.0686472027106495,0.0536967422115579,0.6,1.0,300,main_N100_T20_rho0.8_xsd1,100,20,0.8,1.0,,,
CDOLS,2,-0.0119491497873079,0.091933944444215,0.0690987437976867,0.56,1.0,300,main_N100_T20_rho0.8_xsd1,100,20,0.8,1.0,,,
CDOLS,3,-0.0196044949137153,0.0993232958405026,0.0779644622971432,0.55,1.0,300,main_N100_T20_rho0.8_xsd1,100,20,0.8,1.0,,,
CDOLS,4,-0.0353492171441225,0.1107356648433929,0.088464514547426,0.4566666666666666,0.9833333333333332,300,main_N100_T20_rho0.8_xsd1,100,20,0.8,1.0,,,
CDOLS,5,-0.0379054381172759,0.1131999369609358,0.0884531957282132,0.4966666666666666,0.94,300,main_N100_T20_rho0.8_xsd1,100,20,0.8,1.0,,,
CDOLS,6,-0.0428607338454748,0.121166990047808,0.0945547685491967,0.4866666666666667,0.88,300,main_N100_T20_rho0.8_xsd1,100,20,0.8,1.0,,,
DB,0,0.0005309565553788,0.017547933958854,0.013763578314932,0.87,1.0,300,main_N100_T20_rho0.8_xsd1,100,20,0.8,1.0,,,
DB,1,0.0387263282682173,0.0634590370112249,0.0504869765054404,0.57,1.0,300,main_N100_T20_rho0.8_xsd1,100,20,0.8,1.0,,,
DB,2,0.0714536789249959,0.1060064268102074,0.0878121557428665,0.3833333333333333,0.9966666666666668,300,main_N100_T20_rho0.8_xsd1,100,20,0.8,1.0,,,
DB,3,0.0943025926198937,0.1306171655223006,0.1103984944241135,0.2933333333333333,0.9466666666666668,300,main_N100_T20_rho0.8_xsd1,100,20,0.8,1.0,,,
DB,4,0.1141300008611938,0.153085430365177,0.1292624900763836,0.2366666666666666,0.8133333333333334,300,main_N100_T20_rho0.8_xsd1,100,20,0.8,1.0,,,
DB,5,0.136576447225093,0.1836020084156272,0.1499300590934252,0.21,0.4866666666666667,300,main_N100_T20_rho0.8_xsd1,100,20,0.8,1.0,,,
DB,6,0.1524776577847808,0.2181297492888631,0.165189467229685,0.2033333333333333,0.5233333333333333,300,main_N100_T20_rho0.8_xsd1,100,20,0.8,1.0,,,
FE,0,0.0005309565553788,0.017547933958854,0.013763578314932,0.87,1.0,300,main_N100_T20_rho0.8_xsd1,100,20,0.8,1.0,,,
FE,1,0.0821385450200502,0.096406038954681,0.0849893291418493,0.25,1.0,300,main_N100_T20_rho0.8_xsd1,100,20,0.8,1.0,,,
FE,2,0.1432338365857637,0.1626187625018872,0.1474163697790276,0.11,0.99,300,main_N100_T20_rho0.8_xsd1,100,20,0.8,1.0,,,
FE,3,0.1834549992988542,0.2023612433608893,0.1876898787396692,0.0733333333333333,0.7633333333333333,300,main_N100_T20_rho0.8_xsd1,100,20,0.8,1.0,,,
FE,4,0.21194604157132,0.2302936380115718,0.2154685453564944,0.06,0.3733333333333333,300,main_N100_T20_rho0.8_xsd1,100,20,0.8,1.0,,,
FE,5,0.2353727188203727,0.256002219786433,0.2382755269559476,0.07,0.5266666666666666,300,main_N100_T20_rho0.8_xsd1,100,20,0.8,1.0,,,
FE,6,0.2445666600083805,0.2702422969117391,0.248375629293878,0.0566666666666666,0.6733333333333333,300,main_N100_T20_rho0.8_xsd1,100,20,0.8,1.0,,,
HPJ,0,0.0053017256657637,0.0515310476291528,0.0409554003375489,0.3866666666666666,1.0,300,main_N100_T20_rho0.8_xsd1,100,20,0.8,1.0,,,
HPJ,1,0.0830666747573933,0.1072490023847862,0.0875839271059184,0.3133333333333333,1.0,300,main_N100_T20_rho0.8_xsd1,100,20,0.8,1.0,,,
HPJ,2,0.1430945745512452,0.1736432826033802,0.1491915410542729,0.1633333333333333,0.96,300,main_N100_T20_rho0.8_xsd1,100,20,0.8,1.0,,,
HPJ,3,0.1826891855806973,0.2134718628953453,0.1886393376015781,0.1033333333333333,0.75,300,main_N100_T20_rho0.8_xsd1,100,20,0.8,1.0,,,
HPJ,4,0.2100901439178555,0.240985712649885,0.2172649791100078,0.09,0.54,300,main_N100_T20_rho0.8_xsd1,100,20,0.8,1.0,,,
HPJ,5,0.2345862380195468,0.2638675241837896,0.2413779119095809,0.08,0.57,300,main_N100_T20_rho0.8_xsd1,100,20,0.8,1.0,,,
HPJ,6,0.2362438155488884,0.2737083613789678,0.2450759615877163,0.1,0.6733333333333333,300,main_N100_T20_rho0.8_xsd1,100,20,0.8,1.0,,,
SPJ,0,0.0008871934155247,0.0176760731399092,0.0139327035132579,0.93,1.0,300,main_N100_T20_rho0.8_xsd1,100,20,0.8,1.0,,,
SPJ,1,0.0045192026436431,0.0694098752811998,0.054536358674275,0.7066666666666667,1.0,300,main_N100_T20_rho0.8_xsd1,100,20,0.8,1.0,,,
SPJ,2,0.0263772710789006,0.1185927559979975,0.095587669862094,0.4866666666666667,0.9966666666666668,300,main_N100_T20_rho0.8_xsd1,100,20,0.8,1.0,,,
SPJ,3,0.0561266163533855,0.1510384809414994,0.1257875342266108,0.3833333333333333,0.9233333333333332,300,main_N100_T20_rho0.8_xsd1,100,20,0.8,1.0,,,
SPJ,4,0.1031403339251711,0.186557272825041,0.1587296410372072,0.29,0.6066666666666667,300,main_N100_T20_rho0.8_xsd1,100,20,0.8,1.0,,,
SPJ,5,0.1680510510830234,0.236840920440093,0.2040658515435374,0.2133333333333333,0.4766666666666667,300,main_N100_T20_rho0.8_xsd1,100,20,0.8,1.0,,,
SPJ,6,0.2317651842271849,0.2891334860834527,0.2517635771540829,0.13,0.58,300,main_N100_T20_rho0.8_xsd1,100,20,0.8,1.0,,,
CDOLS,0,-0.0004587777662509,0.0346623570529797,0.0270856465219245,0.9166666666666666,1.0,300,main_N100_T20_rho0.95_xsd0,100,20,0.95,0.0,,,
CDOLS,1,-0.0167512875883146,0.0386369825945324,0.0309350651234956,0.94,1.0,300,main_N100_T20_rho0.95_xsd0,100,20,0.95,0.0,,,
CDOLS,2,-0.0366549949764302,0.0528288143999372,0.0440304561341545,0.8433333333333334,1.0,300,main_N100_T20_rho0.95_xsd0,100,20,0.95,0.0,,,
CDOLS,3,-0.0524509929674676,0.0680411374209034,0.0577514042261865,0.7666666666666667,1.0,300,main_N100_T20_rho0.95_xsd0,100,20,0.95,0.0,,,
CDOLS,4,-0.0687906215330577,0.0816798874409229,0.0699453670713993,0.6833333333333333,1.0,300,main_N100_T20_rho0.95_xsd0,100,20,0.95,0.0,,,
CDOLS,5,-0.085297186337965,0.0995824141365664,0.0877493534730496,0.6,1.0,300,main_N100_T20_rho0.95_xsd0,100,20,0.95,0.0,,,
CDOLS,6,-0.097180704056639,0.1108631009431848,0.0985158248620886,0.5466666666666666,1.0,300,main_N100_T20_rho0.95_xsd0,100,20,0.95,0.0,,,
DB,0,-0.0005476815718489,0.0129040018140493,0.0103614796356847,0.94,1.0,300,main_N100_T20_rho0.95_xsd0,100,20,0.95,0.0,,,
DB,1,0.0374873787504431,0.0409841340479438,0.0376850810360656,0.3433333333333333,1.0,300,main_N100_T20_rho0.95_xsd0,100,20,0.95,0.0,,,
DB,2,0.0794466885566987,0.0829699701776114,0.0794466885566987,0.04,1.0,300,main_N100_T20_rho0.95_xsd0,100,20,0.95,0.0,,,
DB,3,0.12626768926763,0.1295985291413952,0.12626768926763,0.0033333333333333,1.0,300,main_N100_T20_rho0.95_xsd0,100,20,0.95,0.0,,,
DB,4,0.1739444877204295,0.1770418471699266,0.1739444877204295,0.0,1.0,300,main_N100_T20_rho0.95_xsd0,100,20,0.95,0.0,,,
DB,5,0.2224659727702538,0.2254943096137341,0.2224659727702538,0.0,1.0,300,main_N100_T20_rho0.95_xsd0,100,20,0.95,0.0,,,
DB,6,0.2706143392580404,0.2730637583867739,0.2706143392580404,0.0,0.9966666666666668,300,main_N100_T20_rho0.95_xsd0,100,20,0.95,0.0,,,
FE,0,-0.0005476815718489,0.0129040018140493,0.0103614796356847,0.94,1.0,300,main_N100_T20_rho0.95_xsd0,100,20,0.95,0.0,,,
FE,1,0.0760377727225232,0.0777497733971138,0.0760377727225232,0.0,1.0,300,main_N100_T20_rho0.95_xsd0,100,20,0.95,0.0,,,
FE,2,0.1485271015394487,0.1503529707696838,0.1485271015394487,0.0,1.0,300,main_N100_T20_rho0.95_xsd0,100,20,0.95,0.0,,,
FE,3,0.2181125163793878,0.2199999905839205,0.2181125163793878,0.0,1.0,300,main_N100_T20_rho0.95_xsd0,100,20,0.95,0.0,,,
FE,4,0.2806183056857417,0.282532127425576,0.2806183056857417,0.0,1.0,300,main_N100_T20_rho0.95_xsd0,100,20,0.95,0.0,,,
FE,5,0.335342722829402,0.3374067502427414,0.335342722829402,0.0,0.9866666666666668,300,main_N100_T20_rho0.95_xsd0,100,20,0.95,0.0,,,
FE,6,0.3796881882123128,0.3815480564422028,0.3796881882123128,0.0,0.58,300,main_N100_T20_rho0.95_xsd0,100,20,0.95,0.0,,,
HPJ,0,-0.0030002951777487,0.0331802079105614,0.026714125562861,0.54,1.0,300,main_N100_T20_rho0.95_xsd0,100,20,0.95,0.0,,,
HPJ,1,0.0716234845971383,0.0840137060615853,0.073167500351587,0.16,1.0,300,main_N100_T20_rho0.95_xsd0,100,20,0.95,0.0,,,
HPJ,2,0.1438548430756927,0.1560607021730895,0.1441143156744106,0.0433333333333333,1.0,300,main_N100_T20_rho0.95_xsd0,100,20,0.95,0.0,,,
HPJ,3,0.2156887317441257,0.2280421456259529,0.2157607772754808,0.0066666666666666,1.0,300,main_N100_T20_rho0.95_xsd0,100,20,0.95,0.0,,,
HPJ,4,0.2774985916095573,0.2910271129335199,0.2774985916095573,0.0033333333333333,0.9733333333333334,300,main_N100_T20_rho0.95_xsd0,100,20,0.95,0.0,,,
HPJ,5,0.3358269363665593,0.3496278269171707,0.3358269363665593,0.0,0.8266666666666667,300,main_N100_T20_rho0.95_xsd0,100,20,0.95,0.0,,,
HPJ,6,0.3797494383621588,0.3934670631387429,0.3797494383621588,0.0,0.6766666666666666,300,main_N100_T20_rho0.95_xsd0,100,20,0.95,0.0,,,
SPJ,0,5.60926863995348e-05,0.0167647016468791,0.0135065152919756,0.9733333333333334,1.0,300,main_N100_T20_rho0.95_xsd0,100,20,0.95,0.0,,,
SPJ,1,-0.0049175614724348,0.0247767867658096,0.0192563311186768,0.9466666666666668,1.0,300,main_N100_T20_rho0.95_xsd0,100,20,0.95,0.0,,,
SPJ,2,0.0105871387757122,0.0370611945523984,0.0296670011824432,0.91,1.0,300,main_N100_T20_rho0.95_xsd0,100,20,0.95,0.0,,,
SPJ,3,0.0483016175230579,0.0655760089376372,0.0550352564132087,0.6833333333333333,1.0,300,main_N100_T20_rho0.95_xsd0,100,20,0.95,0.0,,,
SPJ,4,0.1091992873202822,0.1210520430571252,0.1096987715940664,0.3066666666666666,1.0,300,main_N100_T20_rho0.95_xsd0,100,20,0.95,0.0,,,
SPJ,5,0.1923864562520385,0.2006463450303464,0.1923864562520385,0.0466666666666666,0.9966666666666668,300,main_N100_T20_rho0.95_xsd0,100,20,0.95,0.0,,,
SPJ,6,0.2866712305958457,0.2924754713568626,0.2866712305958457,0.0033333333333333,0.9,300,main_N100_T20_rho0.95_xsd0,100,20,0.95,0.0,,,
CDOLS,0,-1.960161172839204e-05,0.0355320937315127,0.0276227994252701,0.9433333333333334,1.0,300,main_N100_T20_rho0.95_xsd1,100,20,0.95,1.0,,,
CDOLS,1,-0.0076776088876742,0.0685853053782694,0.0533977696152462,0.6066666666666667,1.0,300,main_N100_T20_rho0.95_xsd1,100,20,0.95,1.0,,,
CDOLS,2,-0.0107305120062638,0.0977805779791633,0.0734918948823447,0.5566666666666666,1.0,300,main_N100_T20_rho0.95_xsd1,100,20,0.95,1.0,,,
CDOLS,3,-0.0193874116124311,0.1131133943408279,0.0874103349853432,0.51,1.0,300,main_N100_T20_rho0.95_xsd1,100,20,0.95,1.0,,,
CDOLS,4,-0.0358678829445426,0.129461484076446,0.1007689130940845,0.46,1.0,300,main_N100_T20_rho0.95_xsd1,100,20,0.95,1.0,,,
CDOLS,5,-0.0431063097443091,0.1398301309372301,0.1055689867201235,0.4633333333333333,1.0,300,main_N100_T20_rho0.95_xsd1,100,20,0.95,1.0,,,
CDOLS,6,-0.0526121364378468,0.1540652117172359,0.1146586431039578,0.4866666666666667,0.9966666666666668,300,main_N100_T20_rho0.95_xsd1,100,20,0.95,1.0,,,
DB,0,-4.229122157921669e-05,0.0120438235478551,0.0095664648284353,0.9,1.0,300,main_N100_T20_rho0.95_xsd1,100,20,0.95,1.0,,,
DB,1,0.0536708956504541,0.0650941974001457,0.0553313028786911,0.3433333333333333,1.0,300,main_N100_T20_rho0.95_xsd1,100,20,0.95,1.0,,,
DB,2,0.1076856448649727,0.1252355331845496,0.1093399165305565,0.1833333333333333,0.9966666666666668,300,main_N100_T20_rho0.95_xsd1,100,20,0.95,1.0,,,
DB,3,0.1592123758459268,0.182912985668108,0.1602784277689542,0.1133333333333333,0.9966666666666668,300,main_N100_T20_rho0.95_xsd1,100,20,0.95,1.0,,,
DB,4,0.2114760806941629,0.2444825639178443,0.2124882214553908,0.08,0.9933333333333332,300,main_N100_T20_rho0.95_xsd1,100,20,0.95,1.0,,,
DB,5,0.2664917921345711,0.3115754858733163,0.2669688959141316,0.0433333333333333,0.9233333333333332,300,main_N100_T20_rho0.95_xsd1,100,20,0.95,1.0,,,
DB,6,0.3188375291545801,0.381507332473319,0.3189689420807399,0.0266666666666666,0.7866666666666666,300,main_N100_T20_rho0.95_xsd1,100,20,0.95,1.0,,,
FE,0,-4.229122157921669e-05,0.0120438235478551,0.0095664648284353,0.9,1.0,300,main_N100_T20_rho0.95_xsd1,100,20,0.95,1.0,,,
FE,1,0.0913176815851082,0.0992203686366223,0.0923856186899485,0.0833333333333333,1.0,300,main_N100_T20_rho0.95_xsd1,100,20,0.95,1.0,,,
FE,2,0.1733654780737852,0.1853193133669404,0.1752327224984805,0.0333333333333333,1.0,300,main_N100_T20_rho0.95_xsd1,100,20,0.95,1.0,,,
FE,3,0.2439816066888385,0.2577361978097219,0.2457646261119211,0.0166666666666666,1.0,300,main_N100_T20_rho0.95_xsd1,100,20,0.95,1.0,,,
FE,4,0.3064528033675723,0.321984888839031,0.3075977285917508,0.02,0.9066666666666666,300,main_N100_T20_rho0.95_xsd1,100,20,0.95,1.0,,,
FE,5,0.3621870526910319,0.3795608796378865,0.3630405956420731,0.0166666666666666,0.7,300,main_N100_T20_rho0.95_xsd1,100,20,0.95,1.0,,,
FE,6,0.404335915135927,0.4235847515745289,0.4051651329671584,0.0133333333333333,0.56,300,main_N100_T20_rho0.95_xsd1,100,20,0.95,1.0,,,
HPJ,0,0.0027624038667541,0.0370785189891432,0.0293394714792405,0.4233333333333333,1.0,300,main_N100_T20_rho0.95_xsd1,100,20,0.95,1.0,,,
HPJ,1,0.0918133799875467,0.1066917529925067,0.0935233718927057,0.1366666666666666,1.0,300,main_N100_T20_rho0.95_xsd1,100,20,0.95,1.0,,,
HPJ,2,0.1724256788961024,0.1931513200712113,0.1751020207597493,0.06,0.9966666666666668,300,main_N100_T20_rho0.95_xsd1,100,20,0.95,1.0,,,
HPJ,3,0.2417902499313482,0.265643872367678,0.2447277587095715,0.0333333333333333,0.9766666666666668,300,main_N100_T20_rho0.95_xsd1,100,20,0.95,1.0,,,
HPJ,4,0.3032256071761757,0.3297564222862008,0.30591171971638,0.04,0.86,300,main_N100_T20_rho0.95_xsd1,100,20,0.95,1.0,,,
HPJ,5,0.3594890803256712,0.3870082960246881,0.3619508228487491,0.0433333333333333,0.68,300,main_N100_T20_rho0.95_xsd1,100,20,0.95,1.0,,,
HPJ,6,0.3962313605882026,0.4255832008977009,0.3977190872378286,0.0333333333333333,0.6566666666666666,300,main_N100_T20_rho0.95_xsd1,100,20,0.95,1.0,,,
SPJ,0,-0.0006165371226901,0.0149672681123086,0.011881034928373,0.96,1.0,300,main_N100_T20_rho0.95_xsd1,100,20,0.95,1.0,,,
SPJ,1,0.0028374225855391,0.0552476004970212,0.0444552746498745,0.7366666666666667,1.0,300,main_N100_T20_rho0.95_xsd1,100,20,0.95,1.0,,,
SPJ,2,0.0318626449915806,0.1056219541807308,0.0868151316241327,0.5166666666666667,1.0,300,main_N100_T20_rho0.95_xsd1,100,20,0.95,1.0,,,
SPJ,3,0.0798181682221068,0.1577832191340323,0.1302449789113162,0.4133333333333333,0.9933333333333332,300,main_N100_T20_rho0.95_xsd1,100,20,0.95,1.0,,,
SPJ,4,0.1501593794250337,0.2236885607922308,0.1865043636309512,0.2833333333333333,0.9433333333333334,300,main_N100_T20_rho0.95_xsd1,100,20,0.95,1.0,,,
SPJ,5,0.2398790192943014,0.3020970379042625,0.2610954043480105,0.1633333333333333,0.81,300,main_N100_T20_rho0.95_xsd1,100,20,0.95,1.0,,,
SPJ,6,0.3314584822387895,0.3848571693589116,0.3433407470828175,0.0833333333333333,0.6733333333333333,300,main_N100_T20_rho0.95_xsd1,100,20,0.95,1.0,,,
CDOLS,0,-0.0012784217170167,0.0190532630628744,0.0156219119604956,0.9533333333333334,1.0,300,main_N100_T50_rho0.2_xsd0,100,50,0.2,0.0,,,
CDOLS,1,-0.0227275108154028,0.0313295884817619,0.0258424988364474,0.81,1.0,300,main_N100_T50_rho0.2_xsd0,100,50,0.2,0.0,,,
CDOLS,2,-0.0259546451188146,0.0332064510935057,0.0282288148336311,0.7666666666666667,0.6333333333333333,300,main_N100_T50_rho0.2_xsd0,100,50,0.2,0.0,,,
CDOLS,3,-0.0268214067818643,0.0344597356751509,0.0293262010372793,0.77,0.2666666666666666,300,main_N100_T50_rho0.2_xsd0,100,50,0.2,0.0,,,
CDOLS,4,-0.0269182767789643,0.0349905734849362,0.0293237264827571,0.7866666666666666,0.2266666666666666,300,main_N100_T50_rho0.2_xsd0,100,50,0.2,0.0,,,
CDOLS,5,-0.0271050108681274,0.0342574674198837,0.0287672091600679,0.8,0.2,300,main_N100_T50_rho0.2_xsd0,100,50,0.2,0.0,,,
CDOLS,6,-0.0270067033451211,0.0352621452573185,0.0295050556380683,0.78,0.22,300,main_N100_T50_rho0.2_xsd0,100,50,0.2,0.0,,,
CDOLS,7,-0.0289011174505485,0.0358882976520777,0.0303553171656533,0.7866666666666666,0.2133333333333333,300,main_N100_T50_rho0.2_xsd0,100,50,0.2,0.0,,,
CDOLS,8,-0.0268470359798597,0.0357323489673146,0.0295414270963966,0.8033333333333333,0.1966666666666666,300,main_N100_T50_rho0.2_xsd0,100,50,0.2,0.0,,,
CDOLS,9,-0.0250580718959638,0.034899716885909,0.0288450984828471,0.7933333333333333,0.2066666666666666,300,main_N100_T50_rho0.2_xsd0,100,50,0.2,0.0,,,
CDOLS,10,-0.0287904320691415,0.0367635043865315,0.0304638815241299,0.7733333333333333,0.2266666666666666,300,main_N100_T50_rho0.2_xsd0,100,50,0.2,0.0,,,
DB,0,-0.0014446757833828,0.0134920742370221,0.0108022625578486,0.96,1.0,300,main_N100_T50_rho0.2_xsd0,100,50,0.2,0.0,,,
DB,1,0.0002009010191765,0.0162729331948983,0.0128718742396542,0.94,1.0,300,main_N100_T50_rho0.2_xsd0,100,50,0.2,0.0,,,
DB,2,0.0021810507477531,0.0173154063969543,0.014230873178686,0.9466666666666668,0.3133333333333333,300,main_N100_T50_rho0.2_xsd0,100,50,0.2,0.0,,,
DB,3,0.0024969004856824,0.0177446410459869,0.0138711776297039,0.92,0.0833333333333333,300,main_N100_T50_rho0.2_xsd0,100,50,0.2,0.0,,,
DB,4,0.0023720491506847,0.0177371490479423,0.0143119499254221,0.94,0.05,300,main_N100_T50_rho0.2_xsd0,100,50,0.2,0.0,,,
DB,5,0.002322573967138,0.0171117830228082,0.0136066948092305,0.9466666666666668,0.0533333333333333,300,main_N100_T50_rho0.2_xsd0,100,50,0.2,0.0,,,
DB,6,0.0019022631517704,0.0165432118648273,0.0131707811088724,0.9633333333333334,0.0366666666666666,300,main_N100_T50_rho0.2_xsd0,100,50,0.2,0.0,,,
DB,7,0.0009114321394853,0.016079689757354,0.0127173589061805,0.9633333333333334,0.0366666666666666,300,main_N100_T50_rho0.2_xsd0,100,50,0.2,0.0,,,
DB,8,0.0029764759146459,0.0191762022246349,0.0154475862272869,0.93,0.07,300,main_N100_T50_rho0.2_xsd0,100,50,0.2,0.0,,,
DB,9,0.0041754287663463,0.0189898274097772,0.0152146656152549,0.93,0.07,300,main_N100_T50_rho0.2_xsd0,100,50,0.2,0.0,,,
DB,10,0.0003347535641847,0.017961007574796,0.0141496551925027,0.95,0.05,300,main_N100_T50_rho0.2_xsd0,100,50,0.2,0.0,,,
FE,0,-0.0014446757833828,0.0134920742370221,0.0108022625578486,0.96,1.0,300,main_N100_T50_rho0.2_xsd0,100,50,0.2,0.0,,,
FE,1,0.0142590616883303,0.0215486512592245,0.0176259967297222,0.8566666666666667,1.0,300,main_N100_T50_rho0.2_xsd0,100,50,0.2,0.0,,,
FE,2,0.018722491273866,0.0253449805280666,0.0208108182922235,0.76,0.0766666666666666,300,main_N100_T50_rho0.2_xsd0,100,50,0.2,0.0,,,
FE,3,0.0194476876787572,0.0262054347538582,0.0218956291137654,0.7933333333333333,0.1633333333333333,300,main_N100_T50_rho0.2_xsd0,100,50,0.2,0.0,,,
FE,4,0.0193442411843517,0.0261661654048587,0.0217277570268727,0.79,0.1833333333333333,300,main_N100_T50_rho0.2_xsd0,100,50,0.2,0.0,,,
FE,5,0.0192275917338313,0.0256411786056939,0.0215278493015307,0.79,0.2066666666666666,300,main_N100_T50_rho0.2_xsd0,100,50,0.2,0.0,,,
FE,6,0.0187029858261977,0.024927824574795,0.0206617857165874,0.82,0.18,300,main_N100_T50_rho0.2_xsd0,100,50,0.2,0.0,,,
FE,7,0.0175773055643555,0.023823380616521,0.0198378129521876,0.8633333333333333,0.1366666666666666,300,main_N100_T50_rho0.2_xsd0,100,50,0.2,0.0,,,
FE,8,0.0194750041970326,0.0271441420793074,0.0224610774052912,0.8033333333333333,0.1966666666666666,300,main_N100_T50_rho0.2_xsd0,100,50,0.2,0.0,,,
FE,9,0.0204701742432749,0.0275867866573619,0.0230636187388258,0.78,0.22,300,main_N100_T50_rho0.2_xsd0,100,50,0.2,0.0,,,
FE,10,0.0163844444726736,0.0242870715811438,0.0202214370863968,0.83,0.17,300,main_N100_T50_rho0.2_xsd0,100,50,0.2,0.0,,,
HPJ,0,0.001538367051438,0.0403107267596114,0.0325716915472706,0.4566666666666666,1.0,300,main_N100_T50_rho0.2_xsd0,100,50,0.2,0.0,,,
HPJ,1,0.0186407740626524,0.050588556702382,0.0404022929710066,0.4766666666666667,0.94,300,main_N100_T50_rho0.2_xsd0,100,50,0.2,0.0,,,
HPJ,2,0.0142489419281282,0.0472021263575771,0.0372122807362778,0.5233333333333333,0.4633333333333333,300,main_N100_T50_rho0.2_xsd0,100,50,0.2,0.0,,,
HPJ,3,0.0182299440139292,0.0488826775000357,0.0385517825191452,0.5133333333333333,0.4666666666666667,300,main_N100_T50_rho0.2_xsd0,100,50,0.2,0.0,,,
HPJ,4,0.0182472366650233,0.0515509041896824,0.04146657134767,0.46,0.5366666666666666,300,main_N100_T50_rho0.2_xsd0,100,50,0.2,0.0,,,
HPJ,5,0.0196277749398717,0.0523236046166482,0.0410614844655337,0.51,0.4866666666666667,300,main_N100_T50_rho0.2_xsd0,100,50,0.2,0.0,,,
HPJ,6,0.0203725498741721,0.0501831170717355,0.0401208594689791,0.47,0.53,300,main_N100_T50_rho0.2_xsd0,100,50,0.2,0.0,,,
HPJ,7,0.0164343118227986,0.0519661579149729,0.0423020132345764,0.46,0.54,300,main_N100_T50_rho0.2_xsd0,100,50,0.2,0.0,,,
HPJ,8,0.0216626451703624,0.0538070309595067,0.0440264321350684,0.45,0.55,300,main_N100_T50_rho0.2_xsd0,100,50,0.2,0.0,,,
HPJ,9,0.0227973641876343,0.0551309896462745,0.0440969684970018,0.4766666666666667,0.5233333333333333,300,main_N100_T50_rho0.2_xsd0,100,50,0.2,0.0,,,
HPJ,10,0.017762605992137,0.0510470803356287,0.0410753469827204,0.53,0.47,300,main_N100_T50_rho0.2_xsd0,100,50,0.2,0.0,,,
SPJ,0,-0.0016120925234823,0.0136757454928342,0.0111185803101869,0.9666666666666668,1.0,300,main_N100_T50_rho0.2_xsd0,100,50,0.2,0.0,,,
SPJ,1,-0.0006500443493874,0.0167098514026592,0.0132967792828335,0.9533333333333334,1.0,300,main_N100_T50_rho0.2_xsd0,100,50,0.2,0.0,,,
SPJ,2,0.0014764946698488,0.0179546156668034,0.0147593634385482,0.95,0.3,300,main_N100_T50_rho0.2_xsd0,100,50,0.2,0.0,,,
SPJ,3,0.0025681245382869,0.0184417647747238,0.01450826421237,0.9233333333333332,0.0766666666666666,300,main_N100_T50_rho0.2_xsd0,100,50,0.2,0.0,,,
SPJ,4,0.0034911367087476,0.0190274679462962,0.0152697371294283,0.9233333333333332,0.0666666666666666,300,main_N100_T50_rho0.2_xsd0,100,50,0.2,0.0,,,
SPJ,5,0.004485352190141,0.0179982385095622,0.0142811652261114,0.9433333333333334,0.0566666666666666,300,main_N100_T50_rho0.2_xsd0,100,50,0.2,0.0,,,
SPJ,6,0.0052735918220819,0.0178508712308023,0.0142460014517071,0.9566666666666668,0.0433333333333333,300,main_N100_T50_rho0.2_xsd0,100,50,0.2,0.0,,,
SPJ,7,0.005651559855615,0.0173824401228451,0.0138318518274862,0.96,0.04,300,main_N100_T50_rho0.2_xsd0,100,50,0.2,0.0,,,
SPJ,8,0.0090050071107334,0.0215139803374845,0.0173056192479906,0.9033333333333332,0.0966666666666666,300,main_N100_T50_rho0.2_xsd0,100,50,0.2,0.0,,,
SPJ,9,0.0116988921691256,0.0225867247682857,0.0185530751531095,0.9,0.1,300,main_N100_T50_rho0.2_xsd0,100,50,0.2,0.0,,,
SPJ,10,0.0096489017431871,0.0206184404658403,0.0165668966891729,0.9266666666666666,0.0733333333333333,300,main_N100_T50_rho0.2_xsd0,100,50,0.2,0.0,,,
CDOLS,0,-0.0005157239856305,0.0296945394822004,0.0238483965996774,0.94,1.0,300,main_N100_T50_rho0.2_xsd1,100,50,0.2,1.0,,,
CDOLS,1,-0.0136491257902088,0.0447834719821176,0.035244326061917,0.5566666666666666,0.99,300,main_N100_T50_rho0.2_xsd1,100,50,0.2,1.0,,,
CDOLS,2,-0.0122494934577724,0.0457122726275417,0.0365656891532131,0.54,0.5766666666666667,300,main_N100_T50_rho0.2_xsd1,100,50,0.2,1.0,,,
CDOLS,3,-0.0150724937056513,0.0493494194671556,0.0381045140252435,0.53,0.4833333333333333,300,main_N100_T50_rho0.2_xsd1,100,50,0.2,1.0,,,
CDOLS,4,-0.0134168827938654,0.0479827213512427,0.037323796604651,0.5533333333333333,0.44,300,main_N100_T50_rho0.2_xsd1,100,50,0.2,1.0,,,
CDOLS,5,-0.010445685886753,0.0515015563663954,0.0411147441360647,0.52,0.48,300,main_N100_T50_rho0.2_xsd1,100,50,0.2,1.0,,,
CDOLS,6,-0.0129793428710301,0.0515202594430366,0.0405898233817205,0.5366666666666666,0.4633333333333333,300,main_N100_T50_rho0.2_xsd1,100,50,0.2,1.0,,,
CDOLS,7,-0.0161519086900041,0.050091481079554,0.0399309760490587,0.5166666666666667,0.4833333333333333,300,main_N100_T50_rho0.2_xsd1,100,50,0.2,1.0,,,
CDOLS,8,-0.0154690531824843,0.0511540351285237,0.0400503200701333,0.5433333333333333,0.4566666666666666,300,main_N100_T50_rho0.2_xsd1,100,50,0.2,1.0,,,
CDOLS,9,-0.0122778013234607,0.0538414752968321,0.0425225002182182,0.53,0.47,300,main_N100_T50_rho0.2_xsd1,100,50,0.2,1.0,,,
CDOLS,10,-0.0135623817565028,0.056047415732217,0.0453698048872537,0.4533333333333333,0.5466666666666666,300,main_N100_T50_rho0.2_xsd1,100,50,0.2,1.0,,,
DB,0,-0.0012435108976039,0.0270880299662991,0.0215059675274215,0.58,1.0,300,main_N100_T50_rho0.2_xsd1,100,50,0.2,1.0,,,
DB,1,-0.0015290146216004,0.0431146772816972,0.033935884137808,0.8366666666666667,0.9133333333333332,300,main_N100_T50_rho0.2_xsd1,100,50,0.2,1.0,,,
DB,2,0.0008604415083587,0.0457246023620811,0.0359997117113661,0.8433333333333334,0.23,300,main_N100_T50_rho0.2_xsd1,100,50,0.2,1.0,,,
DB,3,-0.0011573576117207,0.047180465455645,0.03613311466283,0.81,0.18,300,main_N100_T50_rho0.2_xsd1,100,50,0.2,1.0,,,
DB,4,8.373845341839038e-05,0.0457746459866876,0.0360676247792785,0.8333333333333334,0.16,300,main_N100_T50_rho0.2_xsd1,100,50,0.2,1.0,,,
DB,5,0.002446235798216,0.0499307007172475,0.0404967288663496,0.7966666666666666,0.2033333333333333,300,main_N100_T50_rho0.2_xsd1,100,50,0.2,1.0,,,
DB,6,0.0001528286623006,0.0500498005207169,0.0397935110918891,0.8033333333333333,0.1966666666666666,300,main_N100_T50_rho0.2_xsd1,100,50,0.2,1.0,,,
DB,7,-0.0027218359296256,0.0487061770356587,0.0384833353469386,0.8266666666666667,0.1733333333333333,300,main_N100_T50_rho0.2_xsd1,100,50,0.2,1.0,,,
DB,8,-0.0012224539082795,0.0483807072717417,0.0383604548987311,0.8266666666666667,0.1733333333333333,300,main_N100_T50_rho0.2_xsd1,100,50,0.2,1.0,,,
DB,9,0.0019204472927472,0.0500277121166143,0.0396015568659855,0.8133333333333334,0.1866666666666666,300,main_N100_T50_rho0.2_xsd1,100,50,0.2,1.0,,,
DB,10,0.001719449967084,0.0527741104998996,0.0425149976809062,0.7966666666666666,0.2033333333333333,300,main_N100_T50_rho0.2_xsd1,100,50,0.2,1.0,,,
FE,0,-0.0012435108976039,0.0270880299662991,0.0215059675274215,0.58,1.0,300,main_N100_T50_rho0.2_xsd1,100,50,0.2,1.0,,,
FE,1,0.0125819294752972,0.0441318632435792,0.0361131574988811,0.8266666666666667,0.8566666666666667,300,main_N100_T50_rho0.2_xsd1,100,50,0.2,1.0,,,
FE,2,0.0175757690344879,0.048373821697667,0.0385271473606307,0.8033333333333333,0.1533333333333333,300,main_N100_T50_rho0.2_xsd1,100,50,0.2,1.0,,,
FE,3,0.0160727756542046,0.0496780620832072,0.0390443465194186,0.8033333333333333,0.1866666666666666,300,main_N100_T50_rho0.2_xsd1,100,50,0.2,1.0,,,
FE,4,0.017382449122957,0.0489046987246933,0.0387399059662661,0.8,0.1966666666666666,300,main_N100_T50_rho0.2_xsd1,100,50,0.2,1.0,,,
FE,5,0.0196939448187915,0.0533689609531716,0.0432841971996724,0.7533333333333333,0.2433333333333333,300,main_N100_T50_rho0.2_xsd1,100,50,0.2,1.0,,,
FE,6,0.0173000623267681,0.0527293712383694,0.0428087904752473,0.78,0.22,300,main_N100_T50_rho0.2_xsd1,100,50,0.2,1.0,,,
FE,7,0.014289702871816,0.0506275637294642,0.0396267711602266,0.8166666666666667,0.1833333333333333,300,main_N100_T50_rho0.2_xsd1,100,50,0.2,1.0,,,
FE,8,0.0156188914313913,0.05087943033581,0.0409499259977683,0.8033333333333333,0.1966666666666666,300,main_N100_T50_rho0.2_xsd1,100,50,0.2,1.0,,,
FE,9,0.0185539758624319,0.0534747951946997,0.0424116664389366,0.7833333333333333,0.2166666666666666,300,main_N100_T50_rho0.2_xsd1,100,50,0.2,1.0,,,
FE,10,0.0181028941128512,0.0560673480856387,0.0447952875332574,0.8,0.2,300,main_N100_T50_rho0.2_xsd1,100,50,0.2,1.0,,,
HPJ,0,-0.0012643019934162,0.0768932705083409,0.0620783628453545,0.2133333333333333,1.0,300,main_N100_T50_rho0.2_xsd1,100,50,0.2,1.0,,,
HPJ,1,0.0151622402397396,0.0554608211459691,0.0448815523492225,0.7366666666666667,0.7866666666666666,300,main_N100_T50_rho0.2_xsd1,100,50,0.2,1.0,,,
HPJ,2,0.0214957943627091,0.0604585547532959,0.0480582872242897,0.6833333333333333,0.2833333333333333,300,main_N100_T50_rho0.2_xsd1,100,50,0.2,1.0,,,
HPJ,3,0.017885067011698,0.0624597555399846,0.049748030080668,0.6966666666666667,0.3066666666666666,300,main_N100_T50_rho0.2_xsd1,100,50,0.2,1.0,,,
HPJ,4,0.0175164377329906,0.0614308394386227,0.0471987970218612,0.7133333333333334,0.29,300,main_N100_T50_rho0.2_xsd1,100,50,0.2,1.0,,,
HPJ,5,0.0204762756536562,0.0637311013535008,0.0509606255645535,0.7066666666666667,0.2933333333333333,300,main_N100_T50_rho0.2_xsd1,100,50,0.2,1.0,,,
HPJ,6,0.0161709538302579,0.0626064312077693,0.0489806135282467,0.68,0.32,300,main_N100_T50_rho0.2_xsd1,100,50,0.2,1.0,,,
HPJ,7,0.0134828690992346,0.0581020708200765,0.0443404159507814,0.76,0.24,300,main_N100_T50_rho0.2_xsd1,100,50,0.2,1.0,,,
HPJ,8,0.0198829570396209,0.0620171164618618,0.0486520686840349,0.7033333333333334,0.2966666666666667,300,main_N100_T50_rho0.2_xsd1,100,50,0.2,1.0,,,
HPJ,9,0.0158385243479919,0.0676248235711148,0.0537140511270407,0.7066666666666667,0.2933333333333333,300,main_N100_T50_rho0.2_xsd1,100,50,0.2,1.0,,,
HPJ,10,0.0188793204732729,0.0722432965994333,0.0548509711191301,0.6833333333333333,0.3166666666666666,300,main_N100_T50_rho0.2_xsd1,100,50,0.2,1.0,,,
SPJ,0,-0.0010450933323448,0.0275393581562238,0.0217046785339628,0.6133333333333333,1.0,300,main_N100_T50_rho0.2_xsd1,100,50,0.2,1.0,,,
SPJ,1,-0.0034935585622452,0.0458346168176593,0.0353037193696273,0.84,0.9133333333333332,300,main_N100_T50_rho0.2_xsd1,100,50,0.2,1.0,,,
SPJ,2,-0.0002491012975735,0.0500609733412622,0.0383467996588883,0.8333333333333334,0.2166666666666666,300,main_N100_T50_rho0.2_xsd1,100,50,0.2,1.0,,,
SPJ,3,-0.001367944333029,0.0515670172993819,0.0391793922606144,0.8166666666666667,0.19,300,main_N100_T50_rho0.2_xsd1,100,50,0.2,1.0,,,
SPJ,4,0.0011569880571738,0.0510128897659441,0.0397593908923629,0.83,0.1733333333333333,300,main_N100_T50_rho0.2_xsd1,100,50,0.2,1.0,,,
SPJ,5,0.0039651693107369,0.0553314352085511,0.0445204648362033,0.7833333333333333,0.2166666666666666,300,main_N100_T50_rho0.2_xsd1,100,50,0.2,1.0,,,
SPJ,6,0.0035036161742286,0.0542160746933243,0.0429370246957645,0.7766666666666666,0.2233333333333333,300,main_N100_T50_rho0.2_xsd1,100,50,0.2,1.0,,,
SPJ,7,0.0017637214976814,0.0527989089792069,0.04146738165059,0.83,0.17,300,main_N100_T50_rho0.2_xsd1,100,50,0.2,1.0,,,
SPJ,8,0.0043010814371923,0.0521769711246127,0.0410634418833917,0.8166666666666667,0.1833333333333333,300,main_N100_T50_rho0.2_xsd1,100,50,0.2,1.0,,,
SPJ,9,0.0090563255766854,0.0555954354400084,0.044166656492486,0.8033333333333333,0.1966666666666666,300,main_N100_T50_rho0.2_xsd1,100,50,0.2,1.0,,,
SPJ,10,0.0107216970176933,0.0567901511074704,0.0451460691988871,0.81,0.19,300,main_N100_T50_rho0.2_xsd1,100,50,0.2,1.0,,,
CDOLS,0,-0.0013095429696555,0.0191698835791596,0.0157145141271043,0.9533333333333334,1.0,300,main_N100_T50_rho0.5_xsd0,100,50,0.5,0.0,,,
CDOLS,1,-0.021710891302058,0.0306816516039876,0.0251418598594794,0.8233333333333334,1.0,300,main_N100_T50_rho0.5_xsd0,100,50,0.5,0.0,,,
CDOLS,2,-0.0309100026383747,0.0375244080475122,0.0325280663862057,0.6966666666666667,1.0,300,main_N100_T50_rho0.5_xsd0,100,50,0.5,0.0,,,
CDOLS,3,-0.0359767465742376,0.0421887796204661,0.037100246564989,0.6333333333333333,1.0,300,main_N100_T50_rho0.5_xsd0,100,50,0.5,0.0,,,
CDOLS,4,-0.0384024628566405,0.0447508574168389,0.0392155732432441,0.61,0.9033333333333332,300,main_N100_T50_rho0.5_xsd0,100,50,0.5,0.0,,,
CDOLS,5,-0.0399667728025067,0.0454889323460963,0.0403484872655703,0.5933333333333334,0.73,300,main_N100_T50_rho0.5_xsd0,100,50,0.5,0.0,,,
CDOLS,6,-0.0405621723606267,0.0469005704684406,0.041358862192567,0.6066666666666667,0.5533333333333333,300,main_N100_T50_rho0.5_xsd0,100,50,0.5,0.0,,,
CDOLS,7,-0.042744879408833,0.0479956037486424,0.0430269137165905,0.59,0.51,300,main_N100_T50_rho0.5_xsd0,100,50,0.5,0.0,,,
CDOLS,8,-0.0409428623862939,0.0475673346847715,0.0416714476492615,0.6366666666666667,0.4166666666666667,300,main_N100_T50_rho0.5_xsd0,100,50,0.5,0.0,,,
CDOLS,9,-0.039249037817403,0.046433864229654,0.0404142532537626,0.6466666666666666,0.3666666666666666,300,main_N100_T50_rho0.5_xsd0,100,50,0.5,0.0,,,
CDOLS,10,-0.0428635496376307,0.0489032291533507,0.04313417664271,0.6333333333333333,0.3766666666666666,300,main_N100_T50_rho0.5_xsd0,100,50,0.5,0.0,,,
DB,0,-0.0013329724740979,0.0119595817846938,0.009435433963473,0.9566666666666668,1.0,300,main_N100_T50_rho0.5_xsd0,100,50,0.5,0.0,,,
DB,1,0.0014265222843562,0.0152123471783907,0.0122493812554531,0.9466666666666668,1.0,300,main_N100_T50_rho0.5_xsd0,100,50,0.5,0.0,,,
DB,2,0.0042788729635545,0.0179962799609948,0.0145915876078597,0.9166666666666666,1.0,300,main_N100_T50_rho0.5_xsd0,100,50,0.5,0.0,,,
DB,3,0.0055192548175003,0.0187251824323297,0.0146970654117147,0.8766666666666667,0.9933333333333332,300,main_N100_T50_rho0.5_xsd0,100,50,0.5,0.0,,,
DB,4,0.0060247260738788,0.0185325423588693,0.0145799740249241,0.9133333333333332,0.4966666666666666,300,main_N100_T50_rho0.5_xsd0,100,50,0.5,0.0,,,
DB,5,0.0060489518073137,0.0178403972540253,0.0140009368813702,0.9233333333333332,0.1166666666666666,300,main_N100_T50_rho0.5_xsd0,100,50,0.5,0.0,,,
DB,6,0.005806059928321,0.0167218093867876,0.0132644432162726,0.9433333333333334,0.0566666666666666,300,main_N100_T50_rho0.5_xsd0,100,50,0.5,0.0,,,
DB,7,0.0055901180368953,0.0167203610494507,0.0130338055042806,0.9366666666666666,0.0466666666666666,300,main_N100_T50_rho0.5_xsd0,100,50,0.5,0.0,,,
DB,8,0.0071561845858464,0.0195745759099476,0.0159770856607058,0.8966666666666666,0.0766666666666666,300,main_N100_T50_rho0.5_xsd0,100,50,0.5,0.0,,,
DB,9,0.0073841359840197,0.0193438360284139,0.0156101390428322,0.9033333333333332,0.1,300,main_N100_T50_rho0.5_xsd0,100,50,0.5,0.0,,,
DB,10,0.0044912260456295,0.0180961117276254,0.0146399593213695,0.94,0.0533333333333333,300,main_N100_T50_rho0.5_xsd0,100,50,0.5,0.0,,,
FE,0,-0.0013329724740979,0.0119595817846938,0.009435433963473,0.9566666666666668,1.0,300,main_N100_T50_rho0.5_xsd0,100,50,0.5,0.0,,,
FE,1,0.0187453271786943,0.0239710793163521,0.0202156987613792,0.7433333333333333,1.0,300,main_N100_T50_rho0.5_xsd0,100,50,0.5,0.0,,,
FE,2,0.0298186011226925,0.0344102096747801,0.0302087764233039,0.51,1.0,300,main_N100_T50_rho0.5_xsd0,100,50,0.5,0.0,,,
FE,3,0.0349266870858707,0.0391199455231652,0.0353297881871363,0.3833333333333333,0.73,300,main_N100_T50_rho0.5_xsd0,100,50,0.5,0.0,,,
FE,4,0.0372019507177577,0.0410552553810691,0.0374670327247066,0.35,0.0733333333333333,300,main_N100_T50_rho0.5_xsd0,100,50,0.5,0.0,,,
FE,5,0.0379696040427567,0.0414797745306928,0.038157019620373,0.3466666666666667,0.25,300,main_N100_T50_rho0.5_xsd0,100,50,0.5,0.0,,,
FE,6,0.0379515719792664,0.0410705846007086,0.0380124619200474,0.3566666666666667,0.3933333333333333,300,main_N100_T50_rho0.5_xsd0,100,50,0.5,0.0,,,
FE,7,0.0376806822962085,0.0408402128045635,0.0377671484545448,0.3733333333333333,0.5133333333333333,300,main_N100_T50_rho0.5_xsd0,100,50,0.5,0.0,,,
FE,8,0.0390219118590461,0.0430407014768354,0.0392285170529374,0.3533333333333333,0.6133333333333333,300,main_N100_T50_rho0.5_xsd0,100,50,0.5,0.0,,,
FE,9,0.0389029253421615,0.0428041289893214,0.0390100592579359,0.37,0.5933333333333334,300,main_N100_T50_rho0.5_xsd0,100,50,0.5,0.0,,,
FE,10,0.0355583523995291,0.0396465796354643,0.035944443313404,0.4266666666666667,0.5533333333333333,300,main_N100_T50_rho0.5_xsd0,100,50,0.5,0.0,,,
HPJ,0,0.0013424878540524,0.0354485440144147,0.0284188399568125,0.5033333333333333,1.0,300,main_N100_T50_rho0.5_xsd0,100,50,0.5,0.0,,,
HPJ,1,0.0210776734526581,0.0474345887464697,0.0376865164899009,0.4933333333333333,1.0,300,main_N100_T50_rho0.5_xsd0,100,50,0.5,0.0,,,
HPJ,2,0.0263979095095559,0.0510888097197039,0.0403176174476004,0.46,0.98,300,main_N100_T50_rho0.5_xsd0,100,50,0.5,0.0,,,
HPJ,3,0.0338312359965231,0.0555034616174327,0.0443724388195742,0.4266666666666667,0.6433333333333333,300,main_N100_T50_rho0.5_xsd0,100,50,0.5,0.0,,,
HPJ,4,0.0366742150732959,0.0587121358630193,0.0473498771270913,0.3833333333333333,0.48,300,main_N100_T50_rho0.5_xsd0,100,50,0.5,0.0,,,
HPJ,5,0.0389075385492837,0.0606835623100605,0.0494877104216676,0.36,0.5366666666666666,300,main_N100_T50_rho0.5_xsd0,100,50,0.5,0.0,,,
HPJ,6,0.0392102793455632,0.0594005444385174,0.0474512259678191,0.3966666666666666,0.5533333333333333,300,main_N100_T50_rho0.5_xsd0,100,50,0.5,0.0,,,
HPJ,7,0.0376652725660274,0.0614528628515668,0.0509221282927796,0.3366666666666666,0.6533333333333333,300,main_N100_T50_rho0.5_xsd0,100,50,0.5,0.0,,,
HPJ,8,0.0422992751295791,0.0645640575059028,0.0529724817006168,0.36,0.6366666666666667,300,main_N100_T50_rho0.5_xsd0,100,50,0.5,0.0,,,
HPJ,9,0.0417378329851627,0.0650473870280282,0.0520323093102065,0.3966666666666666,0.5966666666666667,300,main_N100_T50_rho0.5_xsd0,100,50,0.5,0.0,,,
HPJ,10,0.0374627263642159,0.0610963336269466,0.0478646886922404,0.4466666666666666,0.5533333333333333,300,main_N100_T50_rho0.5_xsd0,100,50,0.5,0.0,,,
SPJ,0,-0.0015129658725817,0.0124588207247074,0.0100454523554706,0.97,1.0,300,main_N100_T50_rho0.5_xsd0,100,50,0.5,0.0,,,
SPJ,1,-0.0007620678421591,0.0158530953906241,0.0128399311459974,0.9566666666666668,1.0,300,main_N100_T50_rho0.5_xsd0,100,50,0.5,0.0,,,
SPJ,2,0.0014746980133581,0.018538624497059,0.0150372186085483,0.93,1.0,300,main_N100_T50_rho0.5_xsd0,100,50,0.5,0.0,,,
SPJ,3,0.0031922098194369,0.0195122238195385,0.0153567048173807,0.8933333333333333,0.9766666666666668,300,main_N100_T50_rho0.5_xsd0,100,50,0.5,0.0,,,
SPJ,4,0.0050205382976147,0.0202541707277707,0.0160159830511706,0.9066666666666666,0.4633333333333333,300,main_N100_T50_rho0.5_xsd0,100,50,0.5,0.0,,,
SPJ,5,0.0067713995823381,0.0197829569933474,0.0157980309372292,0.9266666666666666,0.1066666666666666,300,main_N100_T50_rho0.5_xsd0,100,50,0.5,0.0,,,
SPJ,6,0.0088146540970987,0.0199656551821337,0.0158942517779661,0.9066666666666666,0.0466666666666666,300,main_N100_T50_rho0.5_xsd0,100,50,0.5,0.0,,,
SPJ,7,0.0112466661532281,0.0209855383118567,0.0164647235494179,0.9133333333333332,0.0666666666666666,300,main_N100_T50_rho0.5_xsd0,100,50,0.5,0.0,,,
SPJ,8,0.01554488304375,0.0253991518826837,0.0206941636303967,0.85,0.13,300,main_N100_T50_rho0.5_xsd0,100,50,0.5,0.0,,,
SPJ,9,0.0189956180240329,0.0274199629884906,0.022682366513471,0.8033333333333333,0.1833333333333333,300,main_N100_T50_rho0.5_xsd0,100,50,0.5,0.0,,,
SPJ,10,0.0199494618993227,0.0272709996329852,0.0228683415294368,0.8133333333333334,0.1833333333333333,300,main_N100_T50_rho0.5_xsd0,100,50,0.5,0.0,,,
CDOLS,0,-0.0005049121096934,0.0298643973263065,0.0239727367783752,0.94,1.0,300,main_N100_T50_rho0.5_xsd1,100,50,0.5,1.0,,,
CDOLS,1,-0.0126395101218586,0.0443076343922426,0.0349193095577253,0.56,1.0,300,main_N100_T50_rho0.5_xsd1,100,50,0.5,1.0,,,
CDOLS,2,-0.0152096532274339,0.0492332233284988,0.0392876897618483,0.52,0.9966666666666668,300,main_N100_T50_rho0.5_xsd1,100,50,0.5,1.0,,,
CDOLS,3,-0.0199659828360264,0.0533003840790896,0.0416649300665713,0.5066666666666667,0.9033333333333332,300,main_N100_T50_rho0.5_xsd1,100,50,0.5,1.0,,,
CDOLS,4,-0.0202216466071975,0.053774089513884,0.0421093141635691,0.5233333333333333,0.6833333333333333,300,main_N100_T50_rho0.5_xsd1,100,50,0.5,1.0,,,
CDOLS,5,-0.0176774056125534,0.0569780530791913,0.0455559698386765,0.48,0.5566666666666666,300,main_N100_T50_rho0.5_xsd1,100,50,0.5,1.0,,,
CDOLS,6,-0.0200267693566768,0.0589353756146736,0.0471714098157784,0.47,0.5633333333333334,300,main_N100_T50_rho0.5_xsd1,100,50,0.5,1.0,,,
CDOLS,7,-0.0238353628791828,0.0573285686970471,0.0464066617851451,0.4766666666666667,0.5533333333333333,300,main_N100_T50_rho0.5_xsd1,100,50,0.5,1.0,,,
CDOLS,8,-0.024084010877524,0.0591184337345522,0.0466387570312088,0.5033333333333333,0.5166666666666667,300,main_N100_T50_rho0.5_xsd1,100,50,0.5,1.0,,,
CDOLS,9,-0.0214334309451927,0.0606774257960986,0.0484837893381085,0.48,0.5366666666666666,300,main_N100_T50_rho0.5_xsd1,100,50,0.5,1.0,,,
CDOLS,10,-0.0216623893314983,0.0629700330381373,0.0504265102928253,0.46,0.5366666666666666,300,main_N100_T50_rho0.5_xsd1,100,50,0.5,1.0,,,
DB,0,-0.0008861072500788,0.0221516844868755,0.0175222438148239,0.65,1.0,300,main_N100_T50_rho0.5_xsd1,100,50,0.5,1.0,,,
DB,1,0.0011547654540436,0.0385764246810381,0.0300178344931405,0.83,1.0,300,main_N100_T50_rho0.5_xsd1,100,50,0.5,1.0,,,
DB,2,0.0030734771602786,0.0501462438955814,0.0388742368133245,0.7766666666666666,0.9466666666666668,300,main_N100_T50_rho0.5_xsd1,100,50,0.5,1.0,,,
DB,3,0.0021603509952032,0.054111024847866,0.0419883975082155,0.7633333333333333,0.5966666666666667,300,main_N100_T50_rho0.5_xsd1,100,50,0.5,1.0,,,
DB,4,0.0030779055481467,0.0552571275103763,0.043931684759129,0.7766666666666666,0.33,300,main_N100_T50_rho0.5_xsd1,100,50,0.5,1.0,,,
DB,5,0.0043839513212544,0.0586137453281527,0.0472631763643364,0.7066666666666667,0.3,300,main_N100_T50_rho0.5_xsd1,100,50,0.5,1.0,,,
DB,6,0.0022766347718603,0.0581912579074363,0.0465163888316988,0.7166666666666667,0.2866666666666667,300,main_N100_T50_rho0.5_xsd1,100,50,0.5,1.0,,,
DB,7,-0.0001112502596442,0.056282262757074,0.0440682386119758,0.7633333333333333,0.2233333333333333,300,main_N100_T50_rho0.5_xsd1,100,50,0.5,1.0,,,
DB,8,0.0012409215122448,0.0558873378307311,0.0446437070364801,0.7766666666666666,0.22,300,main_N100_T50_rho0.5_xsd1,100,50,0.5,1.0,,,
DB,9,0.0042427882019854,0.0563278874316108,0.0448070014974607,0.7466666666666667,0.2466666666666666,300,main_N100_T50_rho0.5_xsd1,100,50,0.5,1.0,,,
DB,10,0.0057721549388303,0.0582833920998093,0.0462103827116532,0.75,0.25,300,main_N100_T50_rho0.5_xsd1,100,50,0.5,1.0,,,
FE,0,-0.0008861072500788,0.0221516844868755,0.0175222438148239,0.65,1.0,300,main_N100_T50_rho0.5_xsd1,100,50,0.5,1.0,,,
FE,1,0.0185295297394891,0.0421528141212893,0.0341139755835344,0.7966666666666666,1.0,300,main_N100_T50_rho0.5_xsd1,100,50,0.5,1.0,,,
FE,2,0.0287660538399689,0.0564460086029898,0.0455493807778245,0.7,0.8766666666666667,300,main_N100_T50_rho0.5_xsd1,100,50,0.5,1.0,,,
FE,3,0.0318615732963903,0.0614479991637998,0.0502270358961074,0.6533333333333333,0.3566666666666667,300,main_N100_T50_rho0.5_xsd1,100,50,0.5,1.0,,,
FE,4,0.0346913683499796,0.0640519868967406,0.0524670894099627,0.6366666666666667,0.23,300,main_N100_T50_rho0.5_xsd1,100,50,0.5,1.0,,,
FE,5,0.0368595088364314,0.0681398447530462,0.0554152675654773,0.5833333333333334,0.3133333333333333,300,main_N100_T50_rho0.5_xsd1,100,50,0.5,1.0,,,
FE,6,0.0350647921739407,0.0671522061738345,0.0549462535608814,0.6066666666666667,0.34,300,main_N100_T50_rho0.5_xsd1,100,50,0.5,1.0,,,
FE,7,0.0326811907473557,0.0648032543525556,0.051668689611718,0.6766666666666666,0.31,300,main_N100_T50_rho0.5_xsd1,100,50,0.5,1.0,,,
FE,8,0.0338449058614857,0.0653764914207293,0.0520764127601694,0.6566666666666666,0.3333333333333333,300,main_N100_T50_rho0.5_xsd1,100,50,0.5,1.0,,,
FE,9,0.0365190816971088,0.0672666901672637,0.053654494371184,0.65,0.3333333333333333,300,main_N100_T50_rho0.5_xsd1,100,50,0.5,1.0,,,
FE,10,0.0376034991878114,0.0696723422561401,0.0555116637796485,0.66,0.3333333333333333,300,main_N100_T50_rho0.5_xsd1,100,50,0.5,1.0,,,
HPJ,0,-0.0003738862659334,0.0625874379932217,0.0502576321165293,0.2366666666666666,1.0,300,main_N100_T50_rho0.5_xsd1,100,50,0.5,1.0,,,
HPJ,1,0.0214329551577984,0.0524669505942561,0.0425162801294362,0.7166666666666667,1.0,300,main_N100_T50_rho0.5_xsd1,100,50,0.5,1.0,,,
HPJ,2,0.0324086946701959,0.0663579608139997,0.054039244366682,0.61,0.81,300,main_N100_T50_rho0.5_xsd1,100,50,0.5,1.0,,,
HPJ,3,0.0342171062626433,0.0712491638305382,0.0582412314670595,0.56,0.4,300,main_N100_T50_rho0.5_xsd1,100,50,0.5,1.0,,,
HPJ,4,0.035882367901424,0.0732056592731892,0.0594633380854397,0.5966666666666667,0.3166666666666666,300,main_N100_T50_rho0.5_xsd1,100,50,0.5,1.0,,,
HPJ,5,0.0380799303974219,0.0768581783751307,0.0627852747653436,0.57,0.3966666666666666,300,main_N100_T50_rho0.5_xsd1,100,50,0.5,1.0,,,
HPJ,6,0.0346992893276257,0.0735378115056516,0.059470202404402,0.5733333333333334,0.4033333333333333,300,main_N100_T50_rho0.5_xsd1,100,50,0.5,1.0,,,
HPJ,7,0.0322964663825933,0.0694128018280989,0.0531408317374556,0.6833333333333333,0.2966666666666667,300,main_N100_T50_rho0.5_xsd1,100,50,0.5,1.0,,,
HPJ,8,0.0362011154723027,0.0737440767351697,0.057708619538707,0.61,0.38,300,main_N100_T50_rho0.5_xsd1,100,50,0.5,1.0,,,
HPJ,9,0.0340164100457518,0.0761389393800663,0.0591183573015861,0.6133333333333333,0.38,300,main_N100_T50_rho0.5_xsd1,100,50,0.5,1.0,,,
HPJ,10,0.0370922275775393,0.0813471832795861,0.0632476350034027,0.61,0.3833333333333333,300,main_N100_T50_rho0.5_xsd1,100,50,0.5,1.0,,,
SPJ,0,-0.0006118479849771,0.0223600443496289,0.0174258815152549,0.68,1.0,300,main_N100_T50_rho0.5_xsd1,100,50,0.5,1.0,,,
SPJ,1,-0.0037983700805677,0.0429536626300608,0.0327215191792473,0.8466666666666667,1.0,300,main_N100_T50_rho0.5_xsd1,100,50,0.5,1.0,,,
SPJ,2,-0.0021880710994555,0.0580037002229342,0.0440917051405131,0.78,0.9466666666666668,300,main_N100_T50_rho0.5_xsd1,100,50,0.5,1.0,,,
SPJ,3,-0.0019591490108993,0.0641084906720888,0.0484733749717101,0.75,0.58,300,main_N100_T50_rho0.5_xsd1,100,50,0.5,1.0,,,
SPJ,4,0.0012581308691578,0.0672686687287597,0.052236250970772,0.7133333333333334,0.3266666666666666,300,main_N100_T50_rho0.5_xsd1,100,50,0.5,1.0,,,
SPJ,5,0.0043738084457685,0.0713131728636645,0.0565006757217231,0.69,0.3266666666666666,300,main_N100_T50_rho0.5_xsd1,100,50,0.5,1.0,,,
SPJ,6,0.0057531651713062,0.0704027064527076,0.0551884762283381,0.6866666666666666,0.3166666666666666,300,main_N100_T50_rho0.5_xsd1,100,50,0.5,1.0,,,
SPJ,7,0.0058637910001798,0.0681197569147434,0.0514849246106229,0.75,0.2433333333333333,300,main_N100_T50_rho0.5_xsd1,100,50,0.5,1.0,,,
SPJ,8,0.0095871124432995,0.0685201128198834,0.0525037096434734,0.7433333333333333,0.26,300,main_N100_T50_rho0.5_xsd1,100,50,0.5,1.0,,,
SPJ,9,0.0159959317302394,0.0708348353406314,0.0558811380203229,0.7133333333333334,0.2833333333333333,300,main_N100_T50_rho0.5_xsd1,100,50,0.5,1.0,,,
SPJ,10,0.0211867285680393,0.0724067243544464,0.0571993680446064,0.68,0.3166666666666666,300,main_N100_T50_rho0.5_xsd1,100,50,0.5,1.0,,,
CDOLS,0,-0.0013405277219641,0.0192555717477567,0.0157740502663573,0.9533333333333334,1.0,300,main_N100_T50_rho0.8_xsd0,100,50,0.8,0.0,,,
CDOLS,1,-0.0187844672407826,0.0287908466130275,0.0232639402935995,0.8633333333333333,1.0,300,main_N100_T50_rho0.8_xsd0,100,50,0.8,0.0,,,
CDOLS,2,-0.0317855053537049,0.0387539211412838,0.0336022327207496,0.6933333333333334,1.0,300,main_N100_T50_rho0.8_xsd0,100,50,0.8,0.0,,,
CDOLS,3,-0.0428714317037231,0.0486706990643449,0.0436362418120291,0.5266666666666666,1.0,300,main_N100_T50_rho0.8_xsd0,100,50,0.8,0.0,,,
CDOLS,4,-0.051656756695952,0.0570684062392922,0.0518500857917098,0.4133333333333333,1.0,300,main_N100_T50_rho0.8_xsd0,100,50,0.8,0.0,,,
CDOLS,5,-0.0593187571815982,0.0637822962302011,0.0593332353739795,0.32,1.0,300,main_N100_T50_rho0.8_xsd0,100,50,0.8,0.0,,,
CDOLS,6,-0.0651487712219304,0.070022113222207,0.0651943000165839,0.2833333333333333,1.0,300,main_N100_T50_rho0.8_xsd0,100,50,0.8,0.0,,,
CDOLS,7,-0.0715980982203153,0.0754995440756028,0.0715996376164122,0.19,1.0,300,main_N100_T50_rho0.8_xsd0,100,50,0.8,0.0,,,
CDOLS,8,-0.0734981295385473,0.0781363856187111,0.0735059619341318,0.2166666666666666,1.0,300,main_N100_T50_rho0.8_xsd0,100,50,0.8,0.0,,,
CDOLS,9,-0.0748602984937176,0.0796113474901691,0.0748602984937176,0.2166666666666666,1.0,300,main_N100_T50_rho0.8_xsd0,100,50,0.8,0.0,,,
CDOLS,10,-0.0808460733425728,0.084994029886523,0.0808460733425728,0.1566666666666666,1.0,300,main_N100_T50_rho0.8_xsd0,100,50,0.8,0.0,,,
DB,0,-0.0005725963379659,0.0091084278402384,0.0071989925478923,0.95,1.0,300,main_N100_T50_rho0.8_xsd0,100,50,0.8,0.0,,,
DB,1,0.0049408304941284,0.0127106784147309,0.0103576639170885,0.9066666666666666,1.0,300,main_N100_T50_rho0.8_xsd0,100,50,0.8,0.0,,,
DB,2,0.0106248751963108,0.0183767042594893,0.0150632689537924,0.7966666666666666,1.0,300,main_N100_T50_rho0.8_xsd0,100,50,0.8,0.0,,,
DB,3,0.0153920476997486,0.0228730785919946,0.0186636051192513,0.7133333333333334,1.0,300,main_N100_T50_rho0.8_xsd0,100,50,0.8,0.0,,,
DB,4,0.0195910880820697,0.0268568768173063,0.0222337681988323,0.64,1.0,300,main_N100_T50_rho0.8_xsd0,100,50,0.8,0.0,,,
DB,5,0.0230933092666243,0.0298340690065102,0.0252404560131163,0.59,1.0,300,main_N100_T50_rho0.8_xsd0,100,50,0.8,0.0,,,
DB,6,0.0262089477696194,0.0323081375995575,0.0275966367430087,0.5433333333333333,1.0,300,main_N100_T50_rho0.8_xsd0,100,50,0.8,0.0,,,
DB,7,0.0290822653217644,0.0348065254486542,0.0300133285915787,0.4833333333333333,1.0,300,main_N100_T50_rho0.8_xsd0,100,50,0.8,0.0,,,
DB,8,0.0321046909829599,0.0379033436636479,0.0328646009002925,0.4566666666666666,0.98,300,main_N100_T50_rho0.8_xsd0,100,50,0.8,0.0,,,
DB,9,0.0338558317581121,0.0393110168519328,0.0342187735640609,0.4266666666666667,0.7966666666666666,300,main_N100_T50_rho0.8_xsd0,100,50,0.8,0.0,,,
DB,10,0.0339077496400634,0.0391291990711623,0.0340738615673736,0.4466666666666666,0.52,300,main_N100_T50_rho0.8_xsd0,100,50,0.8,0.0,,,
FE,0,-0.0005725963379659,0.0091084278402384,0.0071989925478923,0.95,1.0,300,main_N100_T50_rho0.8_xsd0,100,50,0.8,0.0,,,
FE,1,0.0247702334257867,0.0272941360911173,0.0248727089531988,0.37,1.0,300,main_N100_T50_rho0.8_xsd0,100,50,0.8,0.0,,,
FE,2,0.0456879049044307,0.0479336596034621,0.0456879049044307,0.0533333333333333,1.0,300,main_N100_T50_rho0.8_xsd0,100,50,0.8,0.0,,,
FE,3,0.0621157054021482,0.0641906999300732,0.0621157054021482,0.01,1.0,300,main_N100_T50_rho0.8_xsd0,100,50,0.8,0.0,,,
FE,4,0.075186299479437,0.0771916348438572,0.075186299479437,0.0,1.0,300,main_N100_T50_rho0.8_xsd0,100,50,0.8,0.0,,,
FE,5,0.0853707567744375,0.0872292768239324,0.0853707567744375,0.0,1.0,300,main_N100_T50_rho0.8_xsd0,100,50,0.8,0.0,,,
FE,6,0.0934368137886167,0.0951358524206338,0.0934368137886167,0.0,0.97,300,main_N100_T50_rho0.8_xsd0,100,50,0.8,0.0,,,
FE,7,0.0998760751974809,0.1015096828417736,0.0998760751974809,0.0,0.4533333333333333,300,main_N100_T50_rho0.8_xsd0,100,50,0.8,0.0,,,
FE,8,0.1053417106305769,0.1070850016720348,0.1053417106305769,0.0,0.1566666666666666,300,main_N100_T50_rho0.8_xsd0,100,50,0.8,0.0,,,
FE,9,0.1086082076669065,0.1103012829212043,0.1086082076669065,0.0,0.45,300,main_N100_T50_rho0.8_xsd0,100,50,0.8,0.0,,,
FE,10,0.109389902365932,0.1110424674015753,0.109389902365932,0.0,0.7433333333333333,300,main_N100_T50_rho0.8_xsd0,100,50,0.8,0.0,,,
HPJ,0,0.0008202175404818,0.0262947681196513,0.0209296509011181,0.5233333333333333,1.0,300,main_N100_T50_rho0.8_xsd0,100,50,0.8,0.0,,,
HPJ,1,0.0255394832054551,0.0402036109790651,0.0322685141192716,0.39,1.0,300,main_N100_T50_rho0.8_xsd0,100,50,0.8,0.0,,,
HPJ,2,0.0441226989891245,0.05730100681316,0.0477863596511487,0.27,1.0,300,main_N100_T50_rho0.8_xsd0,100,50,0.8,0.0,,,
HPJ,3,0.061838040144942,0.0741964852689775,0.0640265033865925,0.16,1.0,300,main_N100_T50_rho0.8_xsd0,100,50,0.8,0.0,,,
HPJ,4,0.0755883737704848,0.0877815089499021,0.0776053343868938,0.1133333333333333,1.0,300,main_N100_T50_rho0.8_xsd0,100,50,0.8,0.0,,,
HPJ,5,0.0868122367137876,0.099078615869056,0.0884134397211186,0.0966666666666666,0.9633333333333334,300,main_N100_T50_rho0.8_xsd0,100,50,0.8,0.0,,,
HPJ,6,0.0950175102699021,0.1067224114209282,0.0965972214083379,0.0533333333333333,0.8,300,main_N100_T50_rho0.8_xsd0,100,50,0.8,0.0,,,
HPJ,7,0.1013477879194207,0.1130353952315341,0.1023875624885287,0.09,0.5866666666666667,300,main_N100_T50_rho0.8_xsd0,100,50,0.8,0.0,,,
HPJ,8,0.1086622692423692,0.1198181698798296,0.1092306525238982,0.0533333333333333,0.56,300,main_N100_T50_rho0.8_xsd0,100,50,0.8,0.0,,,
HPJ,9,0.1113486540551068,0.1224581870854966,0.1118379335388275,0.05,0.63,300,main_N100_T50_rho0.8_xsd0,100,50,0.8,0.0,,,
HPJ,10,0.1114036074916872,0.1217908913133276,0.112026554564081,0.04,0.67,300,main_N100_T50_rho0.8_xsd0,100,50,0.8,0.0,,,
SPJ,0,-0.0007501857732773,0.0101325080960653,0.0081241525642591,0.9666666666666668,1.0,300,main_N100_T50_rho0.8_xsd0,100,50,0.8,0.0,,,
SPJ,1,-0.002139683665332,0.0129893896852374,0.0105694712565426,0.95,1.0,300,main_N100_T50_rho0.8_xsd0,100,50,0.8,0.0,,,
SPJ,2,-0.0014033249268752,0.0168851277295713,0.0138174188929245,0.9233333333333332,1.0,300,main_N100_T50_rho0.8_xsd0,100,50,0.8,0.0,,,
SPJ,3,0.0003575324621894,0.0200750838350356,0.0162700051270352,0.8733333333333333,1.0,300,main_N100_T50_rho0.8_xsd0,100,50,0.8,0.0,,,
SPJ,4,0.0034741940649626,0.0231905026064893,0.0184851432930579,0.86,1.0,300,main_N100_T50_rho0.8_xsd0,100,50,0.8,0.0,,,
SPJ,5,0.007721307467049,0.0258540257482339,0.020769049567456,0.84,1.0,300,main_N100_T50_rho0.8_xsd0,100,50,0.8,0.0,,,
SPJ,6,0.0135348755566476,0.0291708161275354,0.0234086895198581,0.78,1.0,300,main_N100_T50_rho0.8_xsd0,100,50,0.8,0.0,,,
SPJ,7,0.0209972739298161,0.033917064586817,0.0275791703401148,0.7266666666666667,0.9933333333333332,300,main_N100_T50_rho0.8_xsd0,100,50,0.8,0.0,,,
SPJ,8,0.0300343902818583,0.0407278411476633,0.033724701731806,0.6666666666666666,0.8633333333333333,300,main_N100_T50_rho0.8_xsd0,100,50,0.8,0.0,,,
SPJ,9,0.039951423364929,0.0484031647837678,0.0415150580299824,0.53,0.4866666666666667,300,main_N100_T50_rho0.8_xsd0,100,50,0.8,0.0,,,
SPJ,10,0.0502848514180941,0.0568719465144251,0.0506250055342194,0.39,0.1733333333333333,300,main_N100_T50_rho0.8_xsd0,100,50,0.8,0.0,,,
CDOLS,0,-0.0005018110231179,0.0300070524516978,0.0240441177631741,0.94,1.0,300,main_N100_T50_rho0.8_xsd1,100,50,0.8,1.0,,,
CDOLS,1,-0.0114783711304739,0.0439924460180776,0.034755294155152,0.56,1.0,300,main_N100_T50_rho0.8_xsd1,100,50,0.8,1.0,,,
CDOLS,2,-0.0168370359962709,0.0550387896819372,0.0431761903172398,0.4933333333333333,1.0,300,main_N100_T50_rho0.8_xsd1,100,50,0.8,1.0,,,
CDOLS,3,-0.0246472967871998,0.0626610619160811,0.0487664466814716,0.5066666666666667,1.0,300,main_N100_T50_rho0.8_xsd1,100,50,0.8,1.0,,,
CDOLS,4,-0.0289682995300402,0.0671913364773464,0.0510495868373759,0.5233333333333333,1.0,300,main_N100_T50_rho0.8_xsd1,100,50,0.8,1.0,,,
CDOLS,5,-0.0297650750612194,0.0718152327751615,0.056071706564267,0.4333333333333333,0.9966666666666668,300,main_N100_T50_rho0.8_xsd1,100,50,0.8,1.0,,,
CDOLS,6,-0.0345635656736562,0.0786353132093943,0.0618447823869657,0.4233333333333333,0.9766666666666668,300,main_N100_T50_rho0.8_xsd1,100,50,0.8,1.0,,,
CDOLS,7,-0.0410975346117144,0.0796960888588141,0.0643022063993758,0.4033333333333333,0.96,300,main_N100_T50_rho0.8_xsd1,100,50,0.8,1.0,,,
CDOLS,8,-0.0445672653038121,0.0828569202304168,0.0654901196904075,0.42,0.9333333333333332,300,main_N100_T50_rho0.8_xsd1,100,50,0.8,1.0,,,
CDOLS,9,-0.0447389512457493,0.0848332197075853,0.068350187120567,0.3966666666666666,0.8766666666666667,300,main_N100_T50_rho0.8_xsd1,100,50,0.8,1.0,,,
CDOLS,10,-0.0461976757184275,0.0882533941152653,0.0708861455002224,0.38,0.8533333333333334,300,main_N100_T50_rho0.8_xsd1,100,50,0.8,1.0,,,
DB,0,-4.52585357730062e-05,0.0129903731800595,0.0101574433677895,0.7433333333333333,1.0,300,main_N100_T50_rho0.8_xsd1,100,50,0.8,1.0,,,
DB,1,0.0066999161568991,0.0291833310806234,0.0233310987947696,0.8266666666666667,1.0,300,main_N100_T50_rho0.8_xsd1,100,50,0.8,1.0,,,
DB,2,0.0127976067016754,0.0483912447370212,0.0389099886679998,0.6766666666666666,1.0,300,main_N100_T50_rho0.8_xsd1,100,50,0.8,1.0,,,
DB,3,0.017327268790297,0.0623206413849256,0.0508306862735894,0.5733333333333334,1.0,300,main_N100_T50_rho0.8_xsd1,100,50,0.8,1.0,,,
DB,4,0.0217122960485733,0.0734473962229887,0.0603749619978284,0.5133333333333333,1.0,300,main_N100_T50_rho0.8_xsd1,100,50,0.8,1.0,,,
DB,5,0.0254270814253109,0.0819912027253786,0.0677783922343642,0.4733333333333333,0.94,300,main_N100_T50_rho0.8_xsd1,100,50,0.8,1.0,,,
DB,6,0.0266546285073198,0.0850128121324733,0.0695371413585772,0.4666666666666667,0.8233333333333334,300,main_N100_T50_rho0.8_xsd1,100,50,0.8,1.0,,,
DB,7,0.0272276286522704,0.0851561791365425,0.068589674140317,0.5,0.6966666666666667,300,main_N100_T50_rho0.8_xsd1,100,50,0.8,1.0,,,
DB,8,0.0294964841834746,0.085687533719241,0.0683996186028138,0.5033333333333333,0.5833333333333334,300,main_N100_T50_rho0.8_xsd1,100,50,0.8,1.0,,,
DB,9,0.0324821623099107,0.0857998594400172,0.0694879103814053,0.5133333333333333,0.4566666666666666,300,main_N100_T50_rho0.8_xsd1,100,50,0.8,1.0,,,
DB,10,0.0348147595627365,0.0861955895285323,0.0694575447157858,0.5333333333333333,0.42,300,main_N100_T50_rho0.8_xsd1,100,50,0.8,1.0,,,
FE,0,-4.52585357730062e-05,0.0129903731800595,0.0101574433677895,0.7433333333333333,1.0,300,main_N100_T50_rho0.8_xsd1,100,50,0.8,1.0,,,
FE,1,0.0266827128299423,0.0386922436094992,0.0319611294768588,0.6566666666666666,1.0,300,main_N100_T50_rho0.8_xsd1,100,50,0.8,1.0,,,
FE,2,0.0480996203505583,0.0661078721659671,0.0559497073490439,0.47,1.0,300,main_N100_T50_rho0.8_xsd1,100,50,0.8,1.0,,,
FE,3,0.0643673300905579,0.0863110926954794,0.0738077095541497,0.37,1.0,300,main_N100_T50_rho0.8_xsd1,100,50,0.8,1.0,,,
FE,4,0.0777198775332206,0.1025054164932097,0.0878412912935295,0.3,0.9666666666666668,300,main_N100_T50_rho0.8_xsd1,100,50,0.8,1.0,,,
FE,5,0.088239331350921,0.1150879893275301,0.0990317862691955,0.2833333333333333,0.7533333333333333,300,main_N100_T50_rho0.8_xsd1,100,50,0.8,1.0,,,
FE,6,0.0945640537321942,0.1214665186425084,0.1055912866219741,0.2466666666666666,0.5466666666666666,300,main_N100_T50_rho0.8_xsd1,100,50,0.8,1.0,,,
FE,7,0.0988671452776219,0.124875346637077,0.1084243635451907,0.2266666666666666,0.4266666666666667,300,main_N100_T50_rho0.8_xsd1,100,50,0.8,1.0,,,
FE,8,0.1037520801442121,0.1288380110721695,0.1128890637909502,0.2266666666666666,0.4066666666666667,300,main_N100_T50_rho0.8_xsd1,100,50,0.8,1.0,,,
FE,9,0.1084259733064855,0.1324316817942089,0.1160547932837742,0.2233333333333333,0.4333333333333333,300,main_N100_T50_rho0.8_xsd1,100,50,0.8,1.0,,,
FE,10,0.1116532181934919,0.1353416539468836,0.1182933052677545,0.22,0.5066666666666667,300,main_N100_T50_rho0.8_xsd1,100,50,0.8,1.0,,,
HPJ,0,0.0003989534113803,0.0362221120073875,0.0288353150324439,0.3,1.0,300,main_N100_T50_rho0.8_xsd1,100,50,0.8,1.0,,,
HPJ,1,0.0284666887847425,0.0462068481767956,0.0372347076125168,0.6133333333333333,1.0,300,main_N100_T50_rho0.8_xsd1,100,50,0.8,1.0,,,
HPJ,2,0.0501743612276616,0.0726804597361475,0.0604406531098851,0.4566666666666666,1.0,300,main_N100_T50_rho0.8_xsd1,100,50,0.8,1.0,,,
HPJ,3,0.0661436803649935,0.0931381789235008,0.0785670673156788,0.3566666666666667,1.0,300,main_N100_T50_rho0.8_xsd1,100,50,0.8,1.0,,,
HPJ,4,0.0790926206744737,0.1093446869890791,0.0914536167071184,0.3566666666666667,0.9166666666666666,300,main_N100_T50_rho0.8_xsd1,100,50,0.8,1.0,,,
HPJ,5,0.0896205185159009,0.1220768317261632,0.1025534641287586,0.3166666666666666,0.74,300,main_N100_T50_rho0.8_xsd1,100,50,0.8,1.0,,,
HPJ,6,0.094774827458838,0.1263608137223684,0.1064343237791607,0.2766666666666666,0.5733333333333334,300,main_N100_T50_rho0.8_xsd1,100,50,0.8,1.0,,,
HPJ,7,0.0986767941476823,0.12905382138053,0.1086677996782304,0.28,0.4766666666666667,300,main_N100_T50_rho0.8_xsd1,100,50,0.8,1.0,,,
HPJ,8,0.1044174269407577,0.1339738980410741,0.1133261286031089,0.2666666666666666,0.4466666666666666,300,main_N100_T50_rho0.8_xsd1,100,50,0.8,1.0,,,
HPJ,9,0.1065306465295631,0.1356327608946635,0.1145963647246658,0.2666666666666666,0.4466666666666666,300,main_N100_T50_rho0.8_xsd1,100,50,0.8,1.0,,,
HPJ,10,0.1106829385148271,0.1400044439277653,0.1187637765380862,0.2433333333333333,0.4966666666666666,300,main_N100_T50_rho0.8_xsd1,100,50,0.8,1.0,,,
SPJ,0,0.0002764133360823,0.0129246424041434,0.0098938176117317,0.8266666666666667,1.0,300,main_N100_T50_rho0.8_xsd1,100,50,0.8,1.0,,,
SPJ,1,-0.0038903372241354,0.0360676982422072,0.0277058469074432,0.8433333333333334,1.0,300,main_N100_T50_rho0.8_xsd1,100,50,0.8,1.0,,,
SPJ,2,-0.0039686999631551,0.0613871256203148,0.0481201300451823,0.6933333333333334,1.0,300,main_N100_T50_rho0.8_xsd1,100,50,0.8,1.0,,,
SPJ,3,-0.0022484033791133,0.0801776811633619,0.0623003567050089,0.59,1.0,300,main_N100_T50_rho0.8_xsd1,100,50,0.8,1.0,,,
SPJ,4,0.0022674198805463,0.0947368963628645,0.0739950491065293,0.53,0.9933333333333332,300,main_N100_T50_rho0.8_xsd1,100,50,0.8,1.0,,,
SPJ,5,0.0078968080374927,0.1062043921317453,0.0838901390075329,0.4866666666666667,0.9133333333333332,300,main_N100_T50_rho0.8_xsd1,100,50,0.8,1.0,,,
SPJ,6,0.0140208556973128,0.1135943635103886,0.0895257188720436,0.4433333333333333,0.7333333333333333,300,main_N100_T50_rho0.8_xsd1,100,50,0.8,1.0,,,
SPJ,7,0.0200863015075592,0.1173227013729272,0.0921423607184489,0.41,0.6033333333333334,300,main_N100_T50_rho0.8_xsd1,100,50,0.8,1.0,,,
SPJ,8,0.0284117020175353,0.1227272366699127,0.0973793239954392,0.41,0.47,300,main_N100_T50_rho0.8_xsd1,100,50,0.8,1.0,,,
SPJ,9,0.0400859728715563,0.1266957697406206,0.1029352149272023,0.38,0.4133333333333333,300,main_N100_T50_rho0.8_xsd1,100,50,0.8,1.0,,,
SPJ,10,0.051897303172026,0.1312976021970666,0.1081268490014961,0.3966666666666666,0.4666666666666667,300,main_N100_T50_rho0.8_xsd1,100,50,0.8,1.0,,,
CDOLS,0,-0.001336125059354,0.0192147093381638,0.0157174225931115,0.9533333333333334,1.0,300,main_N100_T50_rho0.95_xsd0,100,50,0.95,0.0,,,
CDOLS,1,-0.014750015659444,0.0263598447776407,0.0210966036942703,0.9,1.0,300,main_N100_T50_rho0.95_xsd0,100,50,0.95,0.0,,,
CDOLS,2,-0.0266837479612797,0.0351851972503174,0.0297246026035157,0.78,1.0,300,main_N100_T50_rho0.95_xsd0,100,50,0.95,0.0,,,
CDOLS,3,-0.0388890602278547,0.0458962338713021,0.040505202427169,0.6366666666666667,1.0,300,main_N100_T50_rho0.95_xsd0,100,50,0.95,0.0,,,
CDOLS,4,-0.050586140618293,0.0569940199667774,0.0510281265230117,0.5166666666666667,1.0,300,main_N100_T50_rho0.95_xsd0,100,50,0.95,0.0,,,
CDOLS,5,-0.0626305556219513,0.0679030418137054,0.0626628649663442,0.35,1.0,300,main_N100_T50_rho0.95_xsd0,100,50,0.95,0.0,,,
CDOLS,6,-0.0737782093374786,0.0792986863203017,0.0737820814657542,0.2533333333333333,1.0,300,main_N100_T50_rho0.95_xsd0,100,50,0.95,0.0,,,
CDOLS,7,-0.0861930534681645,0.0907169377062629,0.0861930534681645,0.13,1.0,300,main_N100_T50_rho0.95_xsd0,100,50,0.95,0.0,,,
CDOLS,8,-0.094782468266318,0.0997932331912624,0.094782468266318,0.1133333333333333,1.0,300,main_N100_T50_rho0.95_xsd0,100,50,0.95,0.0,,,
CDOLS,9,-0.103133246612429,0.1080299872857895,0.103133246612429,0.11,1.0,300,main_N100_T50_rho0.95_xsd0,100,50,0.95,0.0,,,
CDOLS,10,-0.1165299567286544,0.1208518976770153,0.1165299567286544,0.0266666666666666,1.0,300,main_N100_T50_rho0.95_xsd0,100,50,0.95,0.0,,,
DB,0,-5.78886345159176e-05,0.0057885464904519,0.0045927734799054,0.9433333333333334,1.0,300,main_N100_T50_rho0.95_xsd0,100,50,0.95,0.0,,,
DB,1,0.0110760836032029,0.0131674061989826,0.01152402207594,0.67,1.0,300,main_N100_T50_rho0.95_xsd0,100,50,0.95,0.0,,,
DB,2,0.0228086661911171,0.0248865805922508,0.022823608134765,0.2466666666666666,1.0,300,main_N100_T50_rho0.95_xsd0,100,50,0.95,0.0,,,
DB,3,0.0345938255380917,0.0369190572088653,0.0345938255380917,0.1366666666666666,1.0,300,main_N100_T50_rho0.95_xsd0,100,50,0.95,0.0,,,
DB,4,0.0465799085589134,0.0492366746005664,0.0465799085589134,0.08,1.0,300,main_N100_T50_rho0.95_xsd0,100,50,0.95,0.0,,,
DB,5,0.058580968280681,0.0614667597860588,0.058580968280681,0.0433333333333333,1.0,300,main_N100_T50_rho0.95_xsd0,100,50,0.95,0.0,,,
DB,6,0.070691984311818,0.0737363581410003,0.070691984311818,0.0233333333333333,1.0,300,main_N100_T50_rho0.95_xsd0,100,50,0.95,0.0,,,
DB,7,0.0829169451557516,0.0860626994750647,0.0829169451557516,0.0066666666666666,1.0,300,main_N100_T50_rho0.95_xsd0,100,50,0.95,0.0,,,
DB,8,0.0951619026520053,0.0984717101625879,0.0951619026520053,0.0066666666666666,1.0,300,main_N100_T50_rho0.95_xsd0,100,50,0.95,0.0,,,
DB,9,0.1068031897387401,0.1101043284824206,0.1068031897387401,0.0,1.0,300,main_N100_T50_rho0.95_xsd0,100,50,0.95,0.0,,,
DB,10,0.1176403319310012,0.1209029312143694,0.1176403319310012,0.0,1.0,300,main_N100_T50_rho0.95_xsd0,100,50,0.95,0.0,,,
FE,0,-5.78886345159176e-05,0.0057885464904519,0.0045927734799054,0.9433333333333334,1.0,300,main_N100_T50_rho0.95_xsd0,100,50,0.95,0.0,,,
FE,1,0.0285616780152209,0.029409359215049,0.0285616780152209,0.0233333333333333,1.0,300,main_N100_T50_rho0.95_xsd0,100,50,0.95,0.0,,,
FE,2,0.0561031003622225,0.0569431574810253,0.0561031003622225,0.0,1.0,300,main_N100_T50_rho0.95_xsd0,100,50,0.95,0.0,,,
FE,3,0.0821219035274505,0.0830783818781206,0.0821219035274505,0.0,1.0,300,main_N100_T50_rho0.95_xsd0,100,50,0.95,0.0,,,
FE,4,0.1068533185406757,0.1079745780176947,0.1068533185406757,0.0,1.0,300,main_N100_T50_rho0.95_xsd0,100,50,0.95,0.0,,,
FE,5,0.1301841185666963,0.1314304389480553,0.1301841185666963,0.0,1.0,300,main_N100_T50_rho0.95_xsd0,100,50,0.95,0.0,,,
FE,6,0.1522681693337342,0.1536105184536737,0.1522681693337342,0.0,1.0,300,main_N100_T50_rho0.95_xsd0,100,50,0.95,0.0,,,
FE,7,0.1731546521843868,0.1745726900185458,0.1731546521843868,0.0,1.0,300,main_N100_T50_rho0.95_xsd0,100,50,0.95,0.0,,,
FE,8,0.1927810567798362,0.194312029897587,0.1927810567798362,0.0,1.0,300,main_N100_T50_rho0.95_xsd0,100,50,0.95,0.0,,,
FE,9,0.2105411158038785,0.2121063732689135,0.2105411158038785,0.0,1.0,300,main_N100_T50_rho0.95_xsd0,100,50,0.95,0.0,,,
FE,10,0.2262371864258571,0.2278281792310586,0.2262371864258571,0.0,1.0,300,main_N100_T50_rho0.95_xsd0,100,50,0.95,0.0,,,
HPJ,0,0.0003789366868538,0.0164152144725607,0.0131392650337116,0.53,1.0,300,main_N100_T50_rho0.95_xsd0,100,50,0.95,0.0,,,
HPJ,1,0.0286709202208339,0.0351349633258324,0.0302645654720286,0.1933333333333333,1.0,300,main_N100_T50_rho0.95_xsd0,100,50,0.95,0.0,,,
HPJ,2,0.0553914003763099,0.0620742612581758,0.0564381994118679,0.0666666666666666,1.0,300,main_N100_T50_rho0.95_xsd0,100,50,0.95,0.0,,,
HPJ,3,0.0816522198437004,0.089331573597787,0.08269637169181,0.0333333333333333,1.0,300,main_N100_T50_rho0.95_xsd0,100,50,0.95,0.0,,,
HPJ,4,0.1067525829086844,0.1151836054612192,0.1075261603378659,0.0233333333333333,1.0,300,main_N100_T50_rho0.95_xsd0,100,50,0.95,0.0,,,
HPJ,5,0.1306845281433718,0.1398656902642208,0.1311569351538398,0.0166666666666666,1.0,300,main_N100_T50_rho0.95_xsd0,100,50,0.95,0.0,,,
HPJ,6,0.1529227850764605,0.1628203761099894,0.1534127319793879,0.0233333333333333,1.0,300,main_N100_T50_rho0.95_xsd0,100,50,0.95,0.0,,,
HPJ,7,0.1741334264919526,0.1845356701313087,0.174529022852595,0.0133333333333333,1.0,300,main_N100_T50_rho0.95_xsd0,100,50,0.95,0.0,,,
HPJ,8,0.194582665455264,0.2052048874551363,0.1949546742320844,0.0066666666666666,1.0,300,main_N100_T50_rho0.95_xsd0,100,50,0.95,0.0,,,
HPJ,9,0.2122068302122147,0.2229522495424625,0.2125139865585847,0.0066666666666666,0.9833333333333332,300,main_N100_T50_rho0.95_xsd0,100,50,0.95,0.0,,,
HPJ,10,0.2277172854306703,0.2385117447883122,0.2278727930367031,0.01,0.9133333333333332,300,main_N100_T50_rho0.95_xsd0,100,50,0.95,0.0,,,
SPJ,0,-0.0001724604800611,0.0071410339355128,0.005855592277262,0.98,1.0,300,main_N100_T50_rho0.95_xsd0,100,50,0.95,0.0,,,
SPJ,1,-0.0049440438636571,0.0104901976536445,0.0082947922251302,0.9566666666666668,1.0,300,main_N100_T50_rho0.95_xsd0,100,50,0.95,0.0,,,
SPJ,2,-0.0066264998667714,0.0155410124964199,0.0122603306927555,0.9066666666666666,1.0,300,main_N100_T50_rho0.95_xsd0,100,50,0.95,0.0,,,
SPJ,3,-0.0058145522384652,0.0202660862025447,0.0161887388931257,0.8866666666666667,1.0,300,main_N100_T50_rho0.95_xsd0,100,50,0.95,0.0,,,
SPJ,4,-0.0020252751522111,0.0245652508462305,0.019982157748574,0.84,1.0,300,main_N100_T50_rho0.95_xsd0,100,50,0.95,0.0,,,
SPJ,5,0.0042819373967438,0.0294558559853299,0.0241205841398245,0.7866666666666666,1.0,300,main_N100_T50_rho0.95_xsd0,100,50,0.95,0.0,,,
SPJ,6,0.0141326732564653,0.036341045891743,0.0295100258836598,0.7433333333333333,1.0,300,main_N100_T50_rho0.95_xsd0,100,50,0.95,0.0,,,
SPJ,7,0.0270588369828967,0.0460193738970428,0.0377284912924587,0.65,1.0,300,main_N100_T50_rho0.95_xsd0,100,50,0.95,0.0,,,
SPJ,8,0.0431217464498326,0.0592834538494279,0.0496415517666666,0.55,1.0,300,main_N100_T50_rho0.95_xsd0,100,50,0.95,0.0,,,
SPJ,9,0.0620002925391859,0.0755285801082206,0.0653329313373608,0.44,1.0,300,main_N100_T50_rho0.95_xsd0,100,50,0.95,0.0,,,
SPJ,10,0.0839452285382218,0.0954348520249614,0.0854338826035293,0.2533333333333333,1.0,300,main_N100_T50_rho0.95_xsd0,100,50,0.95,0.0,,,
CDOLS,0,-0.0004776161705106,0.0298777224860424,0.0239113787852089,0.94,1.0,300,main_N100_T50_rho0.95_xsd1,100,50,0.95,1.0,,,
CDOLS,1,-0.010619232313882,0.0445901545467948,0.0351296330865467,0.5533333333333333,1.0,300,main_N100_T50_rho0.95_xsd1,100,50,0.95,1.0,,,
CDOLS,2,-0.0169388562631592,0.0601008557547703,0.046786489212341,0.49,1.0,300,main_N100_T50_rho0.95_xsd1,100,50,0.95,1.0,,,
CDOLS,3,-0.0263919537235447,0.0728327738433447,0.0555260020798516,0.4766666666666667,1.0,300,main_N100_T50_rho0.95_xsd1,100,50,0.95,1.0,,,
CDOLS,4,-0.0334754155214171,0.0827536831367418,0.0613142914763062,0.46,1.0,300,main_N100_T50_rho0.95_xsd1,100,50,0.95,1.0,,,
CDOLS,5,-0.0373102476371892,0.0929684933057073,0.0690984470435633,0.45,1.0,300,main_N100_T50_rho0.95_xsd1,100,50,0.95,1.0,,,
CDOLS,6,-0.0453546773860012,0.1065894136208835,0.0796472800440052,0.39,1.0,300,main_N100_T50_rho0.95_xsd1,100,50,0.95,1.0,,,
CDOLS,7,-0.0556370074780797,0.1130799300377805,0.0854807626310357,0.3766666666666666,1.0,300,main_N100_T50_rho0.95_xsd1,100,50,0.95,1.0,,,
CDOLS,8,-0.0637415836515914,0.1216699091838335,0.0886557669696861,0.4133333333333333,1.0,300,main_N100_T50_rho0.95_xsd1,100,50,0.95,1.0,,,
CDOLS,9,-0.0690067783131846,0.1285485526930197,0.0965820974998388,0.3766666666666666,1.0,300,main_N100_T50_rho0.95_xsd1,100,50,0.95,1.0,,,
CDOLS,10,-0.0751169043684075,0.1355049432071729,0.1025739566767529,0.35,1.0,300,main_N100_T50_rho0.95_xsd1,100,50,0.95,1.0,,,
DB,0,0.0003615218022357,0.0065287928306856,0.0051568915823138,0.85,1.0,300,main_N100_T50_rho0.95_xsd1,100,50,0.95,1.0,,,
DB,1,0.0160629504376522,0.0234894254591625,0.0196182322302762,0.6933333333333334,1.0,300,main_N100_T50_rho0.95_xsd1,100,50,0.95,1.0,,,
DB,2,0.0319578776408014,0.0446126330466151,0.0375307185820595,0.4833333333333333,1.0,300,main_N100_T50_rho0.95_xsd1,100,50,0.95,1.0,,,
DB,3,0.0479818369845067,0.0644084307964768,0.0545168465778862,0.3733333333333333,1.0,300,main_N100_T50_rho0.95_xsd1,100,50,0.95,1.0,,,
DB,4,0.0641087977551073,0.0838075596995233,0.0714088875791675,0.2933333333333333,1.0,300,main_N100_T50_rho0.95_xsd1,100,50,0.95,1.0,,,
DB,5,0.0799127987046261,0.1021389443414641,0.0883638218850089,0.23,1.0,300,main_N100_T50_rho0.95_xsd1,100,50,0.95,1.0,,,
DB,6,0.0944525433556982,0.1177256630852455,0.1029995446839314,0.2,1.0,300,main_N100_T50_rho0.95_xsd1,100,50,0.95,1.0,,,
DB,7,0.1086373435425348,0.1322790766055271,0.1167856130556801,0.17,1.0,300,main_N100_T50_rho0.95_xsd1,100,50,0.95,1.0,,,
DB,8,0.1234473454162736,0.1468606500510615,0.1309234047241034,0.15,0.9966666666666668,300,main_N100_T50_rho0.95_xsd1,100,50,0.95,1.0,,,
DB,9,0.1382515590395808,0.1609978814468944,0.1448051783243572,0.1333333333333333,0.99,300,main_N100_T50_rho0.95_xsd1,100,50,0.95,1.0,,,
DB,10,0.1526394812913558,0.1748464742430867,0.1579936158975501,0.1266666666666666,0.9733333333333334,300,main_N100_T50_rho0.95_xsd1,100,50,0.95,1.0,,,
FE,0,0.0003615218022357,0.0065287928306856,0.0051568915823138,0.85,1.0,300,main_N100_T50_rho0.95_xsd1,100,50,0.95,1.0,,,
FE,1,0.0344775067404438,0.0386422727245102,0.034947477604799,0.3166666666666666,1.0,300,main_N100_T50_rho0.95_xsd1,100,50,0.95,1.0,,,
FE,2,0.066825986266864,0.0738867149904964,0.0674410192958132,0.1466666666666666,1.0,300,main_N100_T50_rho0.95_xsd1,100,50,0.95,1.0,,,
FE,3,0.0974925797382778,0.1066743921909437,0.0981474135156424,0.0933333333333333,1.0,300,main_N100_T50_rho0.95_xsd1,100,50,0.95,1.0,,,
FE,4,0.1265779190618898,0.1376541573137213,0.1270929973789609,0.0733333333333333,1.0,300,main_N100_T50_rho0.95_xsd1,100,50,0.95,1.0,,,
FE,5,0.1537610295532409,0.1663553027553378,0.1543635606465016,0.0633333333333333,1.0,300,main_N100_T50_rho0.95_xsd1,100,50,0.95,1.0,,,
FE,6,0.1781852945494297,0.191432572510687,0.1789793079248927,0.06,1.0,300,main_N100_T50_rho0.95_xsd1,100,50,0.95,1.0,,,
FE,7,0.2008254077749259,0.2144038254347063,0.2016511698058129,0.0533333333333333,0.9866666666666668,300,main_N100_T50_rho0.95_xsd1,100,50,0.95,1.0,,,
FE,8,0.2227082559581767,0.2363663783908242,0.2234009028214097,0.05,0.96,300,main_N100_T50_rho0.95_xsd1,100,50,0.95,1.0,,,
FE,9,0.2432312516415224,0.2568400001641118,0.2438213444848822,0.04,0.8466666666666667,300,main_N100_T50_rho0.95_xsd1,100,50,0.95,1.0,,,
FE,10,0.2619938944623657,0.2756873868382207,0.2625450094443063,0.03,0.6966666666666667,300,main_N100_T50_rho0.95_xsd1,100,50,0.95,1.0,,,
HPJ,0,0.0001333644778288,0.0182066532407521,0.0140956220801637,0.46,1.0,300,main_N100_T50_rho0.95_xsd1,100,50,0.95,1.0,,,
HPJ,1,0.0347978016392763,0.0424098009786998,0.0358408720355185,0.3766666666666666,1.0,300,main_N100_T50_rho0.95_xsd1,100,50,0.95,1.0,,,
HPJ,2,0.0672409050242718,0.0772575015168211,0.0679470976361038,0.2133333333333333,1.0,300,main_N100_T50_rho0.95_xsd1,100,50,0.95,1.0,,,
HPJ,3,0.0979361100204966,0.1105057018588133,0.0988887579943717,0.1266666666666666,1.0,300,main_N100_T50_rho0.95_xsd1,100,50,0.95,1.0,,,
HPJ,4,0.1269111490323365,0.1421811638335939,0.1281963704920674,0.0866666666666666,1.0,300,main_N100_T50_rho0.95_xsd1,100,50,0.95,1.0,,,
HPJ,5,0.1543779883966373,0.1717059406877969,0.1561223714698293,0.0733333333333333,1.0,300,main_N100_T50_rho0.95_xsd1,100,50,0.95,1.0,,,
HPJ,6,0.1781951799954819,0.1964406526191547,0.1799737840012369,0.06,0.9966666666666668,300,main_N100_T50_rho0.95_xsd1,100,50,0.95,1.0,,,
HPJ,7,0.2005281924033576,0.2191057472864519,0.2019566622418455,0.0466666666666666,0.9733333333333334,300,main_N100_T50_rho0.95_xsd1,100,50,0.95,1.0,,,
HPJ,8,0.2227750531909516,0.2410704763412539,0.2239528114741984,0.0466666666666666,0.9266666666666666,300,main_N100_T50_rho0.95_xsd1,100,50,0.95,1.0,,,
HPJ,9,0.2421079120594702,0.26046611832821,0.2430152843840523,0.0433333333333333,0.8366666666666667,300,main_N100_T50_rho0.95_xsd1,100,50,0.95,1.0,,,
HPJ,10,0.261285081623637,0.2796973997259091,0.2620013989222692,0.04,0.69,300,main_N100_T50_rho0.95_xsd1,100,50,0.95,1.0,,,
SPJ,0,0.0003592007235865,0.0070774501425835,0.0055257473672521,0.9533333333333334,1.0,300,main_N100_T50_rho0.95_xsd1,100,50,0.95,1.0,,,
SPJ,1,-0.0018816255190164,0.0259454944576002,0.0197857436919736,0.8566666666666667,1.0,300,main_N100_T50_rho0.95_xsd1,100,50,0.95,1.0,,,
SPJ,2,-0.000278972285886,0.0481379437329837,0.0373950132619864,0.6733333333333333,1.0,300,main_N100_T50_rho0.95_xsd1,100,50,0.95,1.0,,,
SPJ,3,0.0053209154603879,0.0676897591075845,0.0530347413903869,0.5766666666666667,1.0,300,main_N100_T50_rho0.95_xsd1,100,50,0.95,1.0,,,
SPJ,4,0.0146615484324916,0.0865246526421766,0.0689313149796116,0.52,1.0,300,main_N100_T50_rho0.95_xsd1,100,50,0.95,1.0,,,
SPJ,5,0.0268499022979407,0.104916678950455,0.0852360989456733,0.4633333333333333,1.0,300,main_N100_T50_rho0.95_xsd1,100,50,0.95,1.0,,,
SPJ,6,0.0425193968786163,0.1246313667057524,0.1015718501934405,0.42,1.0,300,main_N100_T50_rho0.95_xsd1,100,50,0.95,1.0,,,
SPJ,7,0.0603644298053682,0.1429381554748935,0.1171661398405801,0.38,1.0,300,main_N100_T50_rho0.95_xsd1,100,50,0.95,1.0,,,
SPJ,8,0.0815410722304349,0.1635913732853696,0.1353382840380768,0.35,0.9733333333333334,300,main_N100_T50_rho0.95_xsd1,100,50,0.95,1.0,,,
SPJ,9,0.1059625324318424,0.184486937778288,0.1553508917330116,0.29,0.94,300,main_N100_T50_rho0.95_xsd1,100,50,0.95,1.0,,,
SPJ,10,0.1332909806726135,0.2090126193643645,0.1771199206540093,0.2433333333333333,0.84,300,main_N100_T50_rho0.95_xsd1,100,50,0.95,1.0,,,
CDOLS,0,-0.0002437990970147,0.0097003861437916,0.0076985729137839,0.95,1.0,300,main_N200_T100_rho0.2_xsd0,200,100,0.2,0.0,,,
CDOLS,1,-0.0225820266158202,0.0251721118610866,0.0228224908242945,0.4233333333333333,1.0,300,main_N200_T100_rho0.2_xsd0,200,100,0.2,0.0,,,
CDOLS,2,-0.025680971797029,0.027886614243527,0.0257386790078177,0.32,0.9966666666666668,300,main_N200_T100_rho0.2_xsd0,200,100,0.2,0.0,,,
CDOLS,3,-0.0263750346466129,0.0284505547044636,0.0263859800494547,0.31,0.8166666666666667,300,main_N200_T100_rho0.2_xsd0,200,100,0.2,0.0,,,
CDOLS,4,-0.0271260347254103,0.0294255304793599,0.0271630015165643,0.3133333333333333,0.72,300,main_N200_T100_rho0.2_xsd0,200,100,0.2,0.0,,,
CDOLS,5,-0.0277485876947081,0.0298300906308434,0.0277746850748886,0.3133333333333333,0.6966666666666667,300,main_N200_T100_rho0.2_xsd0,200,100,0.2,0.0,,,
CDOLS,6,-0.0271123277347073,0.0294168808121075,0.0272516227770447,0.2933333333333333,0.7066666666666667,300,main_N200_T100_rho0.2_xsd0,200,100,0.2,0.0,,,
CDOLS,7,-0.0265697257741409,0.0290316231799167,0.0266448313190298,0.33,0.67,300,main_N200_T100_rho0.2_xsd0,200,100,0.2,0.0,,,
CDOLS,8,-0.0272461312338093,0.0294706278255488,0.0273386856670066,0.3033333333333333,0.6966666666666667,300,main_N200_T100_rho0.2_xsd0,200,100,0.2,0.0,,,
CDOLS,9,-0.0267535597745736,0.0292687661910202,0.0268313986947353,0.3333333333333333,0.6666666666666666,300,main_N200_T100_rho0.2_xsd0,200,100,0.2,0.0,,,
CDOLS,10,-0.0269537855704825,0.0295998082626967,0.0271359988147946,0.33,0.67,300,main_N200_T100_rho0.2_xsd0,200,100,0.2,0.0,,,
DB,0,-0.0005591385004756,0.0067361473991824,0.0052481509105174,0.9466666666666668,1.0,300,main_N200_T100_rho0.2_xsd0,200,100,0.2,0.0,,,
DB,1,-0.0004045272860054,0.0074596422184141,0.0060288357477349,0.97,1.0,300,main_N200_T100_rho0.2_xsd0,200,100,0.2,0.0,,,
DB,2,0.0010378391730652,0.0077225489366504,0.0062753471100096,0.9733333333333334,0.8,300,main_N200_T100_rho0.2_xsd0,200,100,0.2,0.0,,,
DB,3,0.0010548665867884,0.0081502388416276,0.0063854767497125,0.9366666666666666,0.0533333333333333,300,main_N200_T100_rho0.2_xsd0,200,100,0.2,0.0,,,
DB,4,0.0003424516500477,0.0079951351221956,0.0063207310261426,0.9566666666666668,0.04,300,main_N200_T100_rho0.2_xsd0,200,100,0.2,0.0,,,
DB,5,-7.197204555331462e-08,0.0080718464578486,0.0065285520465145,0.9533333333333334,0.05,300,main_N200_T100_rho0.2_xsd0,200,100,0.2,0.0,,,
DB,6,0.0008364460327634,0.0085781887222886,0.0068292914446842,0.93,0.07,300,main_N200_T100_rho0.2_xsd0,200,100,0.2,0.0,,,
DB,7,0.0011757318370581,0.0089954432953717,0.0071058509373906,0.9266666666666666,0.0733333333333333,300,main_N200_T100_rho0.2_xsd0,200,100,0.2,0.0,,,
DB,8,0.0005552908448271,0.0085323665654029,0.0066700738757254,0.9433333333333334,0.0566666666666666,300,main_N200_T100_rho0.2_xsd0,200,100,0.2,0.0,,,
DB,9,0.0009459060528729,0.0091056526053471,0.0073754770211971,0.9333333333333332,0.0666666666666666,300,main_N200_T100_rho0.2_xsd0,200,100,0.2,0.0,,,
DB,10,0.0005171652350701,0.0084466532539899,0.006581755222336,0.9633333333333334,0.0366666666666666,300,main_N200_T100_rho0.2_xsd0,200,100,0.2,0.0,,,
FE,0,-0.0005591385004756,0.0067361473991824,0.0052481509105174,0.9466666666666668,1.0,300,main_N200_T100_rho0.2_xsd0,200,100,0.2,0.0,,,
FE,1,0.0067108942341587,0.0100031967548883,0.0082800766460957,0.9,1.0,300,main_N200_T100_rho0.2_xsd0,200,100,0.2,0.0,,,
FE,2,0.009500989337829,0.0121933423179912,0.010467653221498,0.7966666666666666,0.4,300,main_N200_T100_rho0.2_xsd0,200,100,0.2,0.0,,,
FE,3,0.0097699452979835,0.0126815297775465,0.0106167843582824,0.8033333333333333,0.1,300,main_N200_T100_rho0.2_xsd0,200,100,0.2,0.0,,,
FE,4,0.0090995383652906,0.0121115900847571,0.0101913359038432,0.82,0.15,300,main_N200_T100_rho0.2_xsd0,200,100,0.2,0.0,,,
FE,5,0.0087572457204334,0.0119200034698519,0.0100614063029722,0.8266666666666667,0.17,300,main_N200_T100_rho0.2_xsd0,200,100,0.2,0.0,,,
FE,6,0.0095840861966636,0.0128413550540568,0.0107240352679102,0.78,0.2166666666666666,300,main_N200_T100_rho0.2_xsd0,200,100,0.2,0.0,,,
FE,7,0.0099097355002669,0.0133355839182563,0.0115612744278367,0.76,0.24,300,main_N200_T100_rho0.2_xsd0,200,100,0.2,0.0,,,
FE,8,0.0092727050574473,0.0125861672055603,0.0105477147204302,0.8233333333333334,0.1766666666666666,300,main_N200_T100_rho0.2_xsd0,200,100,0.2,0.0,,,
FE,9,0.009643832686822,0.0132318043520599,0.0107253746528437,0.7633333333333333,0.2366666666666666,300,main_N200_T100_rho0.2_xsd0,200,100,0.2,0.0,,,
FE,10,0.0091925702691043,0.0124798394283013,0.0106432050436873,0.81,0.19,300,main_N200_T100_rho0.2_xsd0,200,100,0.2,0.0,,,
HPJ,0,-0.0009002934954365,0.0187274911316707,0.0147302685427296,0.5633333333333334,1.0,300,main_N200_T100_rho0.2_xsd0,200,100,0.2,0.0,,,
HPJ,1,0.0062738062438953,0.0227516027485329,0.0185304189160899,0.5166666666666667,1.0,300,main_N200_T100_rho0.2_xsd0,200,100,0.2,0.0,,,
HPJ,2,0.0116545266342491,0.025197578081896,0.0197395363222227,0.48,0.5366666666666666,300,main_N200_T100_rho0.2_xsd0,200,100,0.2,0.0,,,
HPJ,3,0.0106695476956574,0.0246610628219639,0.0204192106275973,0.43,0.5266666666666666,300,main_N200_T100_rho0.2_xsd0,200,100,0.2,0.0,,,
HPJ,4,0.0073070018526922,0.0240110297261939,0.0194747157232744,0.48,0.53,300,main_N200_T100_rho0.2_xsd0,200,100,0.2,0.0,,,
HPJ,5,0.0077120341527981,0.0250301247162833,0.0199820584801451,0.4633333333333333,0.5333333333333333,300,main_N200_T100_rho0.2_xsd0,200,100,0.2,0.0,,,
HPJ,6,0.0081933994032042,0.024175501507438,0.0200594018454439,0.4533333333333333,0.55,300,main_N200_T100_rho0.2_xsd0,200,100,0.2,0.0,,,
HPJ,7,0.0092603506923253,0.026533757916588,0.0209686246257862,0.4833333333333333,0.5166666666666667,300,main_N200_T100_rho0.2_xsd0,200,100,0.2,0.0,,,
HPJ,8,0.0063450824234315,0.026344537113157,0.0206532509487022,0.4666666666666667,0.5333333333333333,300,main_N200_T100_rho0.2_xsd0,200,100,0.2,0.0,,,
HPJ,9,0.0087642435285119,0.0258718393216242,0.0202850217087844,0.5033333333333333,0.4966666666666666,300,main_N200_T100_rho0.2_xsd0,200,100,0.2,0.0,,,
HPJ,10,0.0084803560345334,0.0240249540729255,0.0190322966116754,0.5133333333333333,0.4866666666666667,300,main_N200_T100_rho0.2_xsd0,200,100,0.2,0.0,,,
SPJ,0,-0.0005369272117507,0.0068294793213389,0.0053586656273266,0.95,1.0,300,main_N200_T100_rho0.2_xsd0,200,100,0.2,0.0,,,
SPJ,1,-0.0005802888648589,0.007533828048933,0.0060457541533445,0.97,1.0,300,main_N200_T100_rho0.2_xsd0,200,100,0.2,0.0,,,
SPJ,2,0.0008848259738498,0.0077920600752146,0.0062828323652483,0.9733333333333334,0.8,300,main_N200_T100_rho0.2_xsd0,200,100,0.2,0.0,,,
SPJ,3,0.0010491742880204,0.0082421392803961,0.0064531904224101,0.9466666666666668,0.0533333333333333,300,main_N200_T100_rho0.2_xsd0,200,100,0.2,0.0,,,
SPJ,4,0.0005512269768745,0.0081323910372997,0.0065204251158085,0.96,0.0433333333333333,300,main_N200_T100_rho0.2_xsd0,200,100,0.2,0.0,,,
SPJ,5,0.0004326744125264,0.0083042709014344,0.0067193145453229,0.9566666666666668,0.0433333333333333,300,main_N200_T100_rho0.2_xsd0,200,100,0.2,0.0,,,
SPJ,6,0.0014725236243649,0.0089613107846419,0.0072249779893869,0.9333333333333332,0.0666666666666666,300,main_N200_T100_rho0.2_xsd0,200,100,0.2,0.0,,,
SPJ,7,0.0020259430245723,0.0094364195712689,0.0075549650126671,0.92,0.08,300,main_N200_T100_rho0.2_xsd0,200,100,0.2,0.0,,,
SPJ,8,0.0016747385698144,0.0088967285104557,0.0068892589860316,0.9333333333333332,0.0666666666666666,300,main_N200_T100_rho0.2_xsd0,200,100,0.2,0.0,,,
SPJ,9,0.0023151455032892,0.009538428458446,0.0077012680630107,0.92,0.08,300,main_N200_T100_rho0.2_xsd0,200,100,0.2,0.0,,,
SPJ,10,0.0021808217600361,0.0088017325187198,0.0069417570879499,0.96,0.04,300,main_N200_T100_rho0.2_xsd0,200,100,0.2,0.0,,,
CDOLS,0,0.0001479377293253,0.0176811279387242,0.0137447129061658,0.9633333333333334,1.0,300,main_N200_T100_rho0.2_xsd1,200,100,0.2,1.0,,,
CDOLS,1,-0.0078916999418138,0.0304137785809442,0.0246761878295987,0.3833333333333333,1.0,300,main_N200_T100_rho0.2_xsd1,200,100,0.2,1.0,,,
CDOLS,2,-0.0115967728703948,0.0295031086782027,0.0236899459746484,0.4466666666666666,0.78,300,main_N200_T100_rho0.2_xsd1,200,100,0.2,1.0,,,
CDOLS,3,-0.0136183224822114,0.0341927351703556,0.0273743403152519,0.3766666666666666,0.6366666666666667,300,main_N200_T100_rho0.2_xsd1,200,100,0.2,1.0,,,
CDOLS,4,-0.0129386297742361,0.034840822905501,0.026798961136557,0.43,0.5833333333333334,300,main_N200_T100_rho0.2_xsd1,200,100,0.2,1.0,,,
CDOLS,5,-0.0130871715490281,0.0335567218363712,0.026444050606072,0.4066666666666667,0.5933333333333334,300,main_N200_T100_rho0.2_xsd1,200,100,0.2,1.0,,,
CDOLS,6,-0.0128533532664468,0.0343334907510061,0.0265622754591694,0.44,0.56,300,main_N200_T100_rho0.2_xsd1,200,100,0.2,1.0,,,
CDOLS,7,-0.0156760187859941,0.0363134859736714,0.0289832366778107,0.3733333333333333,0.6266666666666667,300,main_N200_T100_rho0.2_xsd1,200,100,0.2,1.0,,,
CDOLS,8,-0.0122700189622161,0.0338925053176117,0.0277651853817031,0.36,0.64,300,main_N200_T100_rho0.2_xsd1,200,100,0.2,1.0,,,
CDOLS,9,-0.0159282379033138,0.0381629492471312,0.0306322209700434,0.3433333333333333,0.6566666666666666,300,main_N200_T100_rho0.2_xsd1,200,100,0.2,1.0,,,
CDOLS,10,-0.0139168110686402,0.0349860638060561,0.0281780594564386,0.4,0.6,300,main_N200_T100_rho0.2_xsd1,200,100,0.2,1.0,,,
DB,0,-0.0004560189003843,0.016447669853431,0.0130551660998417,0.51,1.0,300,main_N200_T100_rho0.2_xsd1,200,100,0.2,1.0,,,
DB,1,0.0038887602460287,0.0306465789893424,0.0247321899731826,0.79,0.9966666666666668,300,main_N200_T100_rho0.2_xsd1,200,100,0.2,1.0,,,
DB,2,0.0024438547245081,0.0283517424998542,0.0225597712465255,0.8666666666666667,0.2466666666666666,300,main_N200_T100_rho0.2_xsd1,200,100,0.2,1.0,,,
DB,3,0.0009621612854633,0.031319800552651,0.0249758210101215,0.8166666666666667,0.1766666666666666,300,main_N200_T100_rho0.2_xsd1,200,100,0.2,1.0,,,
DB,4,0.0015470360154268,0.0337558138871356,0.0266865764497173,0.79,0.2066666666666666,300,main_N200_T100_rho0.2_xsd1,200,100,0.2,1.0,,,
DB,5,0.0013367344541755,0.0317621272663082,0.0249508454852612,0.81,0.19,300,main_N200_T100_rho0.2_xsd1,200,100,0.2,1.0,,,
DB,6,0.0015848758176772,0.0316712482501245,0.0249981411426795,0.82,0.18,300,main_N200_T100_rho0.2_xsd1,200,100,0.2,1.0,,,
DB,7,-0.0006152589408535,0.0320639620753715,0.0253261098136211,0.8033333333333333,0.1966666666666666,300,main_N200_T100_rho0.2_xsd1,200,100,0.2,1.0,,,
DB,8,0.0021287466164241,0.0321451830334758,0.026136561964981,0.8166666666666667,0.1833333333333333,300,main_N200_T100_rho0.2_xsd1,200,100,0.2,1.0,,,
DB,9,-0.001204082412068,0.034888663057867,0.0273695354598208,0.7733333333333333,0.2266666666666666,300,main_N200_T100_rho0.2_xsd1,200,100,0.2,1.0,,,
DB,10,0.0002050301995951,0.0325896892935232,0.026015534799016,0.8166666666666667,0.1833333333333333,300,main_N200_T100_rho0.2_xsd1,200,100,0.2,1.0,,,
FE,0,-0.0004560189003843,0.016447669853431,0.0130551660998417,0.51,1.0,300,main_N200_T100_rho0.2_xsd1,200,100,0.2,1.0,,,
FE,1,0.0109654879868274,0.0320557465706278,0.0261052242001604,0.7866666666666666,0.9933333333333332,300,main_N200_T100_rho0.2_xsd1,200,100,0.2,1.0,,,
FE,2,0.0108313561954912,0.0299894040144827,0.0240176682926712,0.83,0.1833333333333333,300,main_N200_T100_rho0.2_xsd1,200,100,0.2,1.0,,,
FE,3,0.0096063789444277,0.0327010827119829,0.025902257445982,0.7733333333333333,0.2,300,main_N200_T100_rho0.2_xsd1,200,100,0.2,1.0,,,
FE,4,0.010239634978432,0.0352480729832215,0.0282798414223632,0.7966666666666666,0.2,300,main_N200_T100_rho0.2_xsd1,200,100,0.2,1.0,,,
FE,5,0.0100325613885977,0.0333035089826633,0.0261484902172245,0.7966666666666666,0.2033333333333333,300,main_N200_T100_rho0.2_xsd1,200,100,0.2,1.0,,,
FE,6,0.0102721654214381,0.0331551501529076,0.0266701510427337,0.78,0.22,300,main_N200_T100_rho0.2_xsd1,200,100,0.2,1.0,,,
FE,7,0.0080588340641921,0.0329688652099394,0.0264350798475916,0.8,0.2,300,main_N200_T100_rho0.2_xsd1,200,100,0.2,1.0,,,
FE,8,0.0107864696120334,0.033820564871263,0.0272729625936925,0.79,0.2133333333333333,300,main_N200_T100_rho0.2_xsd1,200,100,0.2,1.0,,,
FE,9,0.0074343177931667,0.0356477292434634,0.0286314239579189,0.79,0.21,300,main_N200_T100_rho0.2_xsd1,200,100,0.2,1.0,,,
FE,10,0.0088210721072573,0.0337752747597985,0.0268512914609737,0.7866666666666666,0.2133333333333333,300,main_N200_T100_rho0.2_xsd1,200,100,0.2,1.0,,,
HPJ,0,-0.0093235992240233,0.0486688332317793,0.0388546452892286,0.2066666666666666,1.0,300,main_N200_T100_rho0.2_xsd1,200,100,0.2,1.0,,,
HPJ,1,0.011897877359456,0.0381578885282167,0.0303101530030582,0.7366666666666667,0.9566666666666668,300,main_N200_T100_rho0.2_xsd1,200,100,0.2,1.0,,,
HPJ,2,0.0120649161552954,0.0355393590953678,0.0285407059211207,0.7633333333333333,0.2333333333333333,300,main_N200_T100_rho0.2_xsd1,200,100,0.2,1.0,,,
HPJ,3,0.0086995808553508,0.0379641755995535,0.0297625306296239,0.7333333333333333,0.2633333333333333,300,main_N200_T100_rho0.2_xsd1,200,100,0.2,1.0,,,
HPJ,4,0.0098317600937265,0.041091969616273,0.0325631533051222,0.69,0.3,300,main_N200_T100_rho0.2_xsd1,200,100,0.2,1.0,,,
HPJ,5,0.0086641479086725,0.0383669352743333,0.0309517868836027,0.7166666666666667,0.28,300,main_N200_T100_rho0.2_xsd1,200,100,0.2,1.0,,,
HPJ,6,0.0106681443416547,0.0385759609376081,0.029917662461102,0.7366666666666667,0.2633333333333333,300,main_N200_T100_rho0.2_xsd1,200,100,0.2,1.0,,,
HPJ,7,0.005640923564438,0.0385287967871233,0.0309623611720196,0.7666666666666667,0.2333333333333333,300,main_N200_T100_rho0.2_xsd1,200,100,0.2,1.0,,,
HPJ,8,0.0099087737045622,0.0388344355642216,0.0310302975864658,0.7366666666666667,0.2633333333333333,300,main_N200_T100_rho0.2_xsd1,200,100,0.2,1.0,,,
HPJ,9,0.0099320712550964,0.0426278122448251,0.0337701165781469,0.6966666666666667,0.3033333333333333,300,main_N200_T100_rho0.2_xsd1,200,100,0.2,1.0,,,
HPJ,10,0.0105317793310964,0.0387237833955937,0.0310245090329323,0.7233333333333334,0.2766666666666666,300,main_N200_T100_rho0.2_xsd1,200,100,0.2,1.0,,,
SPJ,0,-0.0004513786604807,0.0165113649887775,0.0130778487553682,0.53,1.0,300,main_N200_T100_rho0.2_xsd1,200,100,0.2,1.0,,,
SPJ,1,0.0032896241606095,0.0312855214458964,0.0255401351587212,0.8,0.9966666666666668,300,main_N200_T100_rho0.2_xsd1,200,100,0.2,1.0,,,
SPJ,2,0.0024497126826967,0.0299245258191675,0.0235839479889179,0.84,0.2433333333333333,300,main_N200_T100_rho0.2_xsd1,200,100,0.2,1.0,,,
SPJ,3,0.0012695091752814,0.0330043674068826,0.0260314791517326,0.7933333333333333,0.21,300,main_N200_T100_rho0.2_xsd1,200,100,0.2,1.0,,,
SPJ,4,0.002105291294624,0.0357004482127582,0.0281014738964308,0.79,0.21,300,main_N200_T100_rho0.2_xsd1,200,100,0.2,1.0,,,
SPJ,5,0.0020475080778117,0.0340827580396192,0.0266055923994174,0.8066666666666666,0.1933333333333333,300,main_N200_T100_rho0.2_xsd1,200,100,0.2,1.0,,,
SPJ,6,0.002434163912542,0.032913233617621,0.0261979641961195,0.8133333333333334,0.1866666666666666,300,main_N200_T100_rho0.2_xsd1,200,100,0.2,1.0,,,
SPJ,7,0.0004800815678943,0.0334349995717888,0.026782437451875,0.79,0.21,300,main_N200_T100_rho0.2_xsd1,200,100,0.2,1.0,,,
SPJ,8,0.003469340882624,0.0340841139764562,0.0277522364747499,0.8,0.2,300,main_N200_T100_rho0.2_xsd1,200,100,0.2,1.0,,,
SPJ,9,0.0004144187776401,0.0362972607308167,0.0286330852831705,0.7833333333333333,0.2166666666666666,300,main_N200_T100_rho0.2_xsd1,200,100,0.2,1.0,,,
SPJ,10,0.0016774541608128,0.0340247557919649,0.027100010466709,0.8066666666666666,0.1933333333333333,300,main_N200_T100_rho0.2_xsd1,200,100,0.2,1.0,,,
CDOLS,0,-0.0002567483044796,0.0097558247315268,0.0077407347497375,0.95,1.0,300,main_N200_T100_rho0.5_xsd0,200,100,0.5,0.0,,,
CDOLS,1,-0.0215043792890987,0.0242401228952225,0.0218124925836911,0.46,1.0,300,main_N200_T100_rho0.5_xsd0,200,100,0.5,0.0,,,
CDOLS,2,-0.0306528691977021,0.0326048449758253,0.0306797938909599,0.2166666666666666,1.0,300,main_N200_T100_rho0.5_xsd0,200,100,0.5,0.0,,,
CDOLS,3,-0.0355846548785829,0.0372182861176481,0.0355846548785829,0.0966666666666666,1.0,300,main_N200_T100_rho0.5_xsd0,200,100,0.5,0.0,,,
CDOLS,4,-0.0386939209129325,0.0404294815465135,0.0386939209129325,0.0766666666666666,1.0,300,main_N200_T100_rho0.5_xsd0,200,100,0.5,0.0,,,
CDOLS,5,-0.0406423540506514,0.0422355024134678,0.0406423540506514,0.07,1.0,300,main_N200_T100_rho0.5_xsd0,200,100,0.5,0.0,,,
CDOLS,6,-0.0407536827499438,0.0424171230862734,0.0407536827499438,0.0566666666666666,0.9933333333333332,300,main_N200_T100_rho0.5_xsd0,200,100,0.5,0.0,,,
CDOLS,7,-0.0404960588136638,0.0422491655687225,0.0404983614635587,0.0466666666666666,0.9766666666666668,300,main_N200_T100_rho0.5_xsd0,200,100,0.5,0.0,,,
CDOLS,8,-0.0413038728732333,0.0428853521259337,0.0413038728732333,0.0466666666666666,0.9633333333333334,300,main_N200_T100_rho0.5_xsd0,200,100,0.5,0.0,,,
CDOLS,9,-0.0408307574191648,0.0426159171171419,0.0408307574191648,0.0733333333333333,0.9333333333333332,300,main_N200_T100_rho0.5_xsd0,200,100,0.5,0.0,,,
CDOLS,10,-0.041070049560911,0.0429793220522705,0.0411321887796523,0.0833333333333333,0.9233333333333332,300,main_N200_T100_rho0.5_xsd0,200,100,0.5,0.0,,,
DB,0,-0.0005025961487288,0.0058733733485869,0.0046953846708019,0.96,1.0,300,main_N200_T100_rho0.5_xsd0,200,100,0.5,0.0,,,
DB,1,0.0001642402479298,0.006441789363666,0.0052203126331361,0.97,1.0,300,main_N200_T100_rho0.5_xsd0,200,100,0.5,0.0,,,
DB,2,0.0014930917388948,0.0074074127463687,0.0060057554434417,0.9533333333333334,1.0,300,main_N200_T100_rho0.5_xsd0,200,100,0.5,0.0,,,
DB,3,0.0016540907134747,0.0082204573543322,0.0064751906565967,0.9166666666666666,1.0,300,main_N200_T100_rho0.5_xsd0,200,100,0.5,0.0,,,
DB,4,0.001267474431681,0.0082767503615063,0.0066671779746098,0.9233333333333332,0.9966666666666668,300,main_N200_T100_rho0.5_xsd0,200,100,0.5,0.0,,,
DB,5,0.0011885278124327,0.0082299767273299,0.0067690591991707,0.9433333333333334,0.57,300,main_N200_T100_rho0.5_xsd0,200,100,0.5,0.0,,,
DB,6,0.0018378087659344,0.0088345803556604,0.0071888721378789,0.9233333333333332,0.1933333333333333,300,main_N200_T100_rho0.5_xsd0,200,100,0.5,0.0,,,
DB,7,0.0020362046267912,0.009088552770984,0.0072482871148387,0.89,0.1066666666666666,300,main_N200_T100_rho0.5_xsd0,200,100,0.5,0.0,,,
DB,8,0.00159382703071,0.0085333711860827,0.0066557089656972,0.9266666666666666,0.0766666666666666,300,main_N200_T100_rho0.5_xsd0,200,100,0.5,0.0,,,
DB,9,0.0018051073850061,0.0091324662272828,0.0074328047974953,0.8966666666666666,0.08,300,main_N200_T100_rho0.5_xsd0,200,100,0.5,0.0,,,
DB,10,0.0013624505096851,0.0087132426642907,0.0069543695443912,0.9333333333333332,0.0633333333333333,300,main_N200_T100_rho0.5_xsd0,200,100,0.5,0.0,,,
FE,0,-0.0005025961487288,0.0058733733485869,0.0046953846708019,0.96,1.0,300,main_N200_T100_rho0.5_xsd0,200,100,0.5,0.0,,,
FE,1,0.0089934822486163,0.0110338422411146,0.0094542845771108,0.78,1.0,300,main_N200_T100_rho0.5_xsd0,200,100,0.5,0.0,,,
FE,2,0.0146379729150404,0.0163125446766139,0.0148212562904296,0.49,1.0,300,main_N200_T100_rho0.5_xsd0,200,100,0.5,0.0,,,
FE,3,0.0169045185123584,0.0187053422181418,0.0169623214985058,0.4033333333333333,1.0,300,main_N200_T100_rho0.5_xsd0,200,100,0.5,0.0,,,
FE,4,0.0175397902257487,0.0193412118438391,0.0175912806351524,0.3733333333333333,0.73,300,main_N200_T100_rho0.5_xsd0,200,100,0.5,0.0,,,
FE,5,0.01794997419836,0.0197079937342243,0.0179778210935359,0.3533333333333333,0.06,300,main_N200_T100_rho0.5_xsd0,200,100,0.5,0.0,,,
FE,6,0.0188250457178927,0.0207105182129504,0.0189690979530157,0.3366666666666666,0.2833333333333333,300,main_N200_T100_rho0.5_xsd0,200,100,0.5,0.0,,,
FE,7,0.0191175997394785,0.02107078315489,0.0193745632314455,0.2933333333333333,0.5,300,main_N200_T100_rho0.5_xsd0,200,100,0.5,0.0,,,
FE,8,0.0187020610920626,0.0204969357828227,0.0188310260574921,0.3233333333333333,0.5733333333333334,300,main_N200_T100_rho0.5_xsd0,200,100,0.5,0.0,,,
FE,9,0.0189041773461146,0.0209220838047664,0.0189467023492982,0.3566666666666667,0.6066666666666667,300,main_N200_T100_rho0.5_xsd0,200,100,0.5,0.0,,,
FE,10,0.0184315031391309,0.020350352653894,0.0185677683193674,0.35,0.62,300,main_N200_T100_rho0.5_xsd0,200,100,0.5,0.0,,,
HPJ,0,-0.0007412529710023,0.016489720179246,0.0129563030816299,0.5566666666666666,1.0,300,main_N200_T100_rho0.5_xsd0,200,100,0.5,0.0,,,
HPJ,1,0.0091076673717726,0.0210164910261526,0.0171022623946069,0.4766666666666667,1.0,300,main_N200_T100_rho0.5_xsd0,200,100,0.5,0.0,,,
HPJ,2,0.0164162204116305,0.0271042712792929,0.0214137889546522,0.41,1.0,300,main_N200_T100_rho0.5_xsd0,200,100,0.5,0.0,,,
HPJ,3,0.0171037850491263,0.0279255190760651,0.0227273031107352,0.3933333333333333,0.9733333333333334,300,main_N200_T100_rho0.5_xsd0,200,100,0.5,0.0,,,
HPJ,4,0.0154146403892491,0.0274797549877065,0.022298929440039,0.38,0.6533333333333333,300,main_N200_T100_rho0.5_xsd0,200,100,0.5,0.0,,,
HPJ,5,0.0161040542518724,0.0286086850417387,0.0233568329032611,0.3866666666666666,0.5633333333333334,300,main_N200_T100_rho0.5_xsd0,200,100,0.5,0.0,,,
HPJ,6,0.016769015432814,0.028795295067808,0.0238547595575917,0.3466666666666667,0.5666666666666667,300,main_N200_T100_rho0.5_xsd0,200,100,0.5,0.0,,,
HPJ,7,0.0171995395105472,0.0308145637905712,0.0251917799543296,0.3333333333333333,0.62,300,main_N200_T100_rho0.5_xsd0,200,100,0.5,0.0,,,
HPJ,8,0.0153890789627202,0.029970043123083,0.0242553057766444,0.3566666666666667,0.61,300,main_N200_T100_rho0.5_xsd0,200,100,0.5,0.0,,,
HPJ,9,0.0173988308653995,0.0296043809186997,0.0238680837050771,0.39,0.61,300,main_N200_T100_rho0.5_xsd0,200,100,0.5,0.0,,,
HPJ,10,0.0173715784936409,0.0283037237187331,0.023526440735071,0.3566666666666667,0.64,300,main_N200_T100_rho0.5_xsd0,200,100,0.5,0.0,,,
SPJ,0,-0.0004789021702223,0.0059712828471166,0.0048111100711163,0.9666666666666668,1.0,300,main_N200_T100_rho0.5_xsd0,200,100,0.5,0.0,,,
SPJ,1,-0.0003457901175428,0.0065582565502386,0.0052141878272553,0.9766666666666668,1.0,300,main_N200_T100_rho0.5_xsd0,200,100,0.5,0.0,,,
SPJ,2,0.0007649037542104,0.0075415400355123,0.0060186924478716,0.96,1.0,300,main_N200_T100_rho0.5_xsd0,200,100,0.5,0.0,,,
SPJ,3,0.0009696178680143,0.0084007800828628,0.0067116757890764,0.9333333333333332,1.0,300,main_N200_T100_rho0.5_xsd0,200,100,0.5,0.0,,,
SPJ,4,0.0008293175329557,0.0086585881546721,0.0069802455824221,0.93,0.99,300,main_N200_T100_rho0.5_xsd0,200,100,0.5,0.0,,,
SPJ,5,0.0010830487789718,0.0088350564453485,0.0071897440374521,0.9366666666666666,0.55,300,main_N200_T100_rho0.5_xsd0,200,100,0.5,0.0,,,
SPJ,6,0.0021142572713783,0.009604668959965,0.0079717991084566,0.91,0.2033333333333333,300,main_N200_T100_rho0.5_xsd0,200,100,0.5,0.0,,,
SPJ,7,0.0027321704539041,0.0099624122908622,0.0080757428170642,0.8833333333333333,0.0966666666666666,300,main_N200_T100_rho0.5_xsd0,200,100,0.5,0.0,,,
SPJ,8,0.0028030919554485,0.0094731386195619,0.0073962604267365,0.9133333333333332,0.0833333333333333,300,main_N200_T100_rho0.5_xsd0,200,100,0.5,0.0,,,
SPJ,9,0.0035208033269534,0.0101615283200057,0.008258481764529,0.88,0.0966666666666666,300,main_N200_T100_rho0.5_xsd0,200,100,0.5,0.0,,,
SPJ,10,0.0036526924009468,0.0097986344147031,0.0079119665256258,0.9066666666666666,0.0833333333333333,300,main_N200_T100_rho0.5_xsd0,200,100,0.5,0.0,,,
CDOLS,0,0.0001307406997662,0.0177858495887085,0.0138186226174039,0.9633333333333334,1.0,300,main_N200_T100_rho0.5_xsd1,200,100,0.5,1.0,,,
CDOLS,1,-0.0073363058581706,0.0301911920599569,0.0244979040096688,0.4,1.0,300,main_N200_T100_rho0.5_xsd1,200,100,0.5,1.0,,,
CDOLS,2,-0.0132908194079846,0.0322227523552157,0.02517157438427,0.4666666666666667,1.0,300,main_N200_T100_rho0.5_xsd1,200,100,0.5,1.0,,,
CDOLS,3,-0.0177727952147976,0.0374441145549518,0.0300474381311647,0.3433333333333333,0.99,300,main_N200_T100_rho0.5_xsd1,200,100,0.5,1.0,,,
CDOLS,4,-0.0189284196161434,0.0390113098392335,0.0310463442043684,0.37,0.89,300,main_N200_T100_rho0.5_xsd1,200,100,0.5,1.0,,,
CDOLS,5,-0.0198738513818864,0.0398705179811904,0.0323074161961539,0.3366666666666666,0.78,300,main_N200_T100_rho0.5_xsd1,200,100,0.5,1.0,,,
CDOLS,6,-0.0202539320287081,0.0416353296533719,0.0322899290208243,0.4066666666666667,0.72,300,main_N200_T100_rho0.5_xsd1,200,100,0.5,1.0,,,
CDOLS,7,-0.0231352844255069,0.043010025928399,0.0342262923542791,0.33,0.68,300,main_N200_T100_rho0.5_xsd1,200,100,0.5,1.0,,,
CDOLS,8,-0.0207271207168129,0.0400909997113059,0.0332291983177409,0.29,0.7,300,main_N200_T100_rho0.5_xsd1,200,100,0.5,1.0,,,
CDOLS,9,-0.0236227804956346,0.0440345773318649,0.0354632079152496,0.3366666666666666,0.68,300,main_N200_T100_rho0.5_xsd1,200,100,0.5,1.0,,,
CDOLS,10,-0.0225252928037066,0.0429074153608659,0.0346033982484838,0.32,0.6766666666666666,300,main_N200_T100_rho0.5_xsd1,200,100,0.5,1.0,,,
DB,0,-0.0003407841408463,0.0130934103921322,0.0103444252499889,0.55,1.0,300,main_N200_T100_rho0.5_xsd1,200,100,0.5,1.0,,,
DB,1,0.0047518678729536,0.0271637248929078,0.0218080848368793,0.8133333333333334,1.0,300,main_N200_T100_rho0.5_xsd1,200,100,0.5,1.0,,,
DB,2,0.0047616838028013,0.0327157479625167,0.0261302170220871,0.7833333333333333,1.0,300,main_N200_T100_rho0.5_xsd1,200,100,0.5,1.0,,,
DB,3,0.0037452034257603,0.0373284879586095,0.0293884385689317,0.7266666666666667,0.8033333333333333,300,main_N200_T100_rho0.5_xsd1,200,100,0.5,1.0,,,
DB,4,0.0037539454482456,0.0403935422999015,0.0321435825418184,0.7,0.43,300,main_N200_T100_rho0.5_xsd1,200,100,0.5,1.0,,,
DB,5,0.0033095539831784,0.0396493981194877,0.0315521273855504,0.71,0.3066666666666666,300,main_N200_T100_rho0.5_xsd1,200,100,0.5,1.0,,,
DB,6,0.0029726788391718,0.0384532494150704,0.0302474440803286,0.7066666666666667,0.2933333333333333,300,main_N200_T100_rho0.5_xsd1,200,100,0.5,1.0,,,
DB,7,0.0013456148453781,0.036519887821665,0.0294371116031,0.73,0.26,300,main_N200_T100_rho0.5_xsd1,200,100,0.5,1.0,,,
DB,8,0.002234178732109,0.0368187441647199,0.0296215310458251,0.74,0.2666666666666666,300,main_N200_T100_rho0.5_xsd1,200,100,0.5,1.0,,,
DB,9,-5.811867466323235e-05,0.0396935960906485,0.0309528396713544,0.7166666666666667,0.28,300,main_N200_T100_rho0.5_xsd1,200,100,0.5,1.0,,,
DB,10,-7.384372870625473e-05,0.0386055757233216,0.0306463124344166,0.75,0.25,300,main_N200_T100_rho0.5_xsd1,200,100,0.5,1.0,,,
FE,0,-0.0003407841408463,0.0130934103921322,0.0103444252499889,0.55,1.0,300,main_N200_T100_rho0.5_xsd1,200,100,0.5,1.0,,,
FE,1,0.0135474335865006,0.0297643897869607,0.0242949420306203,0.7533333333333333,1.0,300,main_N200_T100_rho0.5_xsd1,200,100,0.5,1.0,,,
FE,2,0.0178055008422339,0.0364418897989802,0.0295693244574757,0.7133333333333334,1.0,300,main_N200_T100_rho0.5_xsd1,200,100,0.5,1.0,,,
FE,3,0.0188534586024293,0.0411579421943528,0.0332360009273356,0.6966666666666667,0.67,300,main_N200_T100_rho0.5_xsd1,200,100,0.5,1.0,,,
FE,4,0.0198680048875886,0.0444761903444416,0.0363538889051778,0.6266666666666667,0.33,300,main_N200_T100_rho0.5_xsd1,200,100,0.5,1.0,,,
FE,5,0.0199107810127021,0.0439340661257178,0.035098859410142,0.6433333333333333,0.2666666666666666,300,main_N200_T100_rho0.5_xsd1,200,100,0.5,1.0,,,
FE,6,0.0198036242610753,0.0427716646641474,0.0348604953622323,0.69,0.29,300,main_N200_T100_rho0.5_xsd1,200,100,0.5,1.0,,,
FE,7,0.0182760926508623,0.0404886632803197,0.0328411210105757,0.6866666666666666,0.2966666666666667,300,main_N200_T100_rho0.5_xsd1,200,100,0.5,1.0,,,
FE,8,0.0191964138786241,0.0412834579914345,0.0334261462317267,0.6666666666666666,0.3133333333333333,300,main_N200_T100_rho0.5_xsd1,200,100,0.5,1.0,,,
FE,9,0.0168988504306786,0.0430589630459094,0.0346931811455948,0.64,0.3433333333333333,300,main_N200_T100_rho0.5_xsd1,200,100,0.5,1.0,,,
FE,10,0.0168560053673928,0.042108734616087,0.0339131539238677,0.6766666666666666,0.32,300,main_N200_T100_rho0.5_xsd1,200,100,0.5,1.0,,,
HPJ,0,-0.0073366568986149,0.0390747308233336,0.0313019274177235,0.2133333333333333,1.0,300,main_N200_T100_rho0.5_xsd1,200,100,0.5,1.0,,,
HPJ,1,0.0144119826910031,0.0350590126434775,0.0276749124499413,0.72,1.0,300,main_N200_T100_rho0.5_xsd1,200,100,0.5,1.0,,,
HPJ,2,0.0186618137458821,0.0415086042252227,0.0328868794316135,0.6566666666666666,0.9866666666666668,300,main_N200_T100_rho0.5_xsd1,200,100,0.5,1.0,,,
HPJ,3,0.0179900743329869,0.0453658025778887,0.0355479619750737,0.62,0.6466666666666666,300,main_N200_T100_rho0.5_xsd1,200,100,0.5,1.0,,,
HPJ,4,0.0191570350178395,0.0491233092153982,0.0395700634467896,0.6,0.3766666666666666,300,main_N200_T100_rho0.5_xsd1,200,100,0.5,1.0,,,
HPJ,5,0.0187175893512426,0.0481035299082472,0.0391407942949473,0.61,0.35,300,main_N200_T100_rho0.5_xsd1,200,100,0.5,1.0,,,
HPJ,6,0.0196745112798788,0.0471301692942706,0.0377477472366022,0.6233333333333333,0.3333333333333333,300,main_N200_T100_rho0.5_xsd1,200,100,0.5,1.0,,,
HPJ,7,0.0166539302479011,0.0449402371119647,0.0356720128567635,0.66,0.3166666666666666,300,main_N200_T100_rho0.5_xsd1,200,100,0.5,1.0,,,
HPJ,8,0.0193638409001605,0.0465672864887622,0.0374173543464881,0.6066666666666667,0.39,300,main_N200_T100_rho0.5_xsd1,200,100,0.5,1.0,,,
HPJ,9,0.0194209718159655,0.0492289541131941,0.0391093781607191,0.6133333333333333,0.3866666666666666,300,main_N200_T100_rho0.5_xsd1,200,100,0.5,1.0,,,
HPJ,10,0.0185457557863535,0.0464362235481768,0.0374914471008756,0.63,0.3633333333333333,300,main_N200_T100_rho0.5_xsd1,200,100,0.5,1.0,,,
SPJ,0,-0.000322996001818,0.0130622980868569,0.0103002140326188,0.5666666666666667,1.0,300,main_N200_T100_rho0.5_xsd1,200,100,0.5,1.0,,,
SPJ,1,0.0029436765962368,0.0279038701005062,0.0224891627624531,0.83,1.0,300,main_N200_T100_rho0.5_xsd1,200,100,0.5,1.0,,,
SPJ,2,0.0030846494505011,0.035113457789652,0.027604371053139,0.7666666666666667,1.0,300,main_N200_T100_rho0.5_xsd1,200,100,0.5,1.0,,,
SPJ,3,0.0026310003998571,0.0407913715800659,0.0318192556157821,0.71,0.78,300,main_N200_T100_rho0.5_xsd1,200,100,0.5,1.0,,,
SPJ,4,0.0032999904920675,0.044656791223919,0.0351127224430551,0.6933333333333334,0.44,300,main_N200_T100_rho0.5_xsd1,200,100,0.5,1.0,,,
SPJ,5,0.0034135310650185,0.0445808619808455,0.0351337143297922,0.6733333333333333,0.3266666666666666,300,main_N200_T100_rho0.5_xsd1,200,100,0.5,1.0,,,
SPJ,6,0.0035954364319487,0.0426196216828174,0.033973940833963,0.7,0.2866666666666667,300,main_N200_T100_rho0.5_xsd1,200,100,0.5,1.0,,,
SPJ,7,0.0025337645797451,0.0411545593592389,0.0327353835300613,0.7133333333333334,0.2766666666666666,300,main_N200_T100_rho0.5_xsd1,200,100,0.5,1.0,,,
SPJ,8,0.0039502787101081,0.041866931188388,0.0332566134913734,0.6966666666666667,0.2933333333333333,300,main_N200_T100_rho0.5_xsd1,200,100,0.5,1.0,,,
SPJ,9,0.0020287612638867,0.0439355310243003,0.0342865114712868,0.71,0.2866666666666667,300,main_N200_T100_rho0.5_xsd1,200,100,0.5,1.0,,,
SPJ,10,0.0022652565109062,0.0428516913212521,0.033858793355577,0.6966666666666667,0.3033333333333333,300,main_N200_T100_rho0.5_xsd1,200,100,0.5,1.0,,,
CDOLS,0,-0.0002686652199249,0.009808930857509,0.0077780871077937,0.95,1.0,300,main_N200_T100_rho0.8_xsd0,200,100,0.8,0.0,,,
CDOLS,1,-0.0182481938164524,0.0214366198130557,0.0188289080716424,0.5433333333333333,1.0,300,main_N200_T100_rho0.8_xsd0,200,100,0.8,0.0,,,
CDOLS,2,-0.0310571269659549,0.0330986265893375,0.0310841518394755,0.2166666666666666,1.0,300,main_N200_T100_rho0.8_xsd0,200,100,0.8,0.0,,,
CDOLS,3,-0.0419687353792288,0.043475089270999,0.0419687353792288,0.0566666666666666,1.0,300,main_N200_T100_rho0.8_xsd0,200,100,0.8,0.0,,,
CDOLS,4,-0.0513816992368142,0.0528184745239229,0.0513816992368142,0.0066666666666666,1.0,300,main_N200_T100_rho0.8_xsd0,200,100,0.8,0.0,,,
CDOLS,5,-0.0592073516388055,0.0604893761601124,0.0592073516388055,0.0033333333333333,1.0,300,main_N200_T100_rho0.8_xsd0,200,100,0.8,0.0,,,
CDOLS,6,-0.0644810520193225,0.0657062532186645,0.0644810520193225,0.0,1.0,300,main_N200_T100_rho0.8_xsd0,200,100,0.8,0.0,,,
CDOLS,7,-0.0684939973516454,0.0696823726361683,0.0684939973516454,0.0,1.0,300,main_N200_T100_rho0.8_xsd0,200,100,0.8,0.0,,,
CDOLS,8,-0.0728210672469764,0.0738786433169291,0.0728210672469764,0.0,1.0,300,main_N200_T100_rho0.8_xsd0,200,100,0.8,0.0,,,
CDOLS,9,-0.0751808604011734,0.0763049480092989,0.0751808604011734,0.0,1.0,300,main_N200_T100_rho0.8_xsd0,200,100,0.8,0.0,,,
CDOLS,10,-0.0777098482975362,0.0788976119542303,0.0777098482975362,0.0033333333333333,1.0,300,main_N200_T100_rho0.8_xsd0,200,100,0.8,0.0,,,
DB,0,-0.0001849620368967,0.0040134895582295,0.0031934492159148,0.9733333333333334,1.0,300,main_N200_T100_rho0.8_xsd0,200,100,0.8,0.0,,,
DB,1,0.0012555521299334,0.0048211567751082,0.003849350031135,0.9666666666666668,1.0,300,main_N200_T100_rho0.8_xsd0,200,100,0.8,0.0,,,
DB,2,0.0029208536756431,0.0067757631649321,0.0053599345586973,0.8766666666666667,1.0,300,main_N200_T100_rho0.8_xsd0,200,100,0.8,0.0,,,
DB,3,0.0040060178043894,0.0085850693411312,0.0068758240144398,0.8233333333333334,1.0,300,main_N200_T100_rho0.8_xsd0,200,100,0.8,0.0,,,
DB,4,0.0048175762833045,0.0098417452482316,0.0079044993252259,0.7866666666666666,1.0,300,main_N200_T100_rho0.8_xsd0,200,100,0.8,0.0,,,
DB,5,0.0057145241775402,0.0108600068238989,0.0088481802117067,0.69,1.0,300,main_N200_T100_rho0.8_xsd0,200,100,0.8,0.0,,,
DB,6,0.0067900372248525,0.0120829202709848,0.0098585014431952,0.6766666666666666,1.0,300,main_N200_T100_rho0.8_xsd0,200,100,0.8,0.0,,,
DB,7,0.0075406249720275,0.0127839134181265,0.0105385732419358,0.6566666666666666,1.0,300,main_N200_T100_rho0.8_xsd0,200,100,0.8,0.0,,,
DB,8,0.0079610932403436,0.0131061326266954,0.0107254065885219,0.63,1.0,300,main_N200_T100_rho0.8_xsd0,200,100,0.8,0.0,,,
DB,9,0.0086194146597563,0.0139045653153046,0.0110551763372614,0.6266666666666667,1.0,300,main_N200_T100_rho0.8_xsd0,200,100,0.8,0.0,,,
DB,10,0.0089189757816258,0.0140798530636862,0.0112463716486725,0.6466666666666666,1.0,300,main_N200_T100_rho0.8_xsd0,200,100,0.8,0.0,,,
FE,0,-0.0001849620368967,0.0040134895582295,0.0031934492159148,0.9733333333333334,1.0,300,main_N200_T100_rho0.8_xsd0,200,100,0.8,0.0,,,
FE,1,0.0115895796304597,0.012469592905688,0.0116353834646333,0.3666666666666666,1.0,300,main_N200_T100_rho0.8_xsd0,200,100,0.8,0.0,,,
FE,2,0.0213885283906535,0.0222187032636415,0.0213885283906535,0.04,1.0,300,main_N200_T100_rho0.8_xsd0,200,100,0.8,0.0,,,
FE,3,0.0288710190703193,0.0298159771779858,0.0288710190703193,0.0033333333333333,1.0,300,main_N200_T100_rho0.8_xsd0,200,100,0.8,0.0,,,
FE,4,0.0347088313558981,0.0357077327315976,0.0347088313558981,0.0,1.0,300,main_N200_T100_rho0.8_xsd0,200,100,0.8,0.0,,,
FE,5,0.0395484204126527,0.0405586227518694,0.0395484204126527,0.0,1.0,300,main_N200_T100_rho0.8_xsd0,200,100,0.8,0.0,,,
FE,6,0.0437091749931504,0.0447782447090925,0.0437091749931504,0.0,1.0,300,main_N200_T100_rho0.8_xsd0,200,100,0.8,0.0,,,
FE,7,0.0468655852618832,0.0479318021975189,0.0468655852618832,0.0,1.0,300,main_N200_T100_rho0.8_xsd0,200,100,0.8,0.0,,,
FE,8,0.0491524463769549,0.0501895733458079,0.0491524463769549,0.0,1.0,300,main_N200_T100_rho0.8_xsd0,200,100,0.8,0.0,,,
FE,9,0.0512477882168718,0.0523468900510387,0.0512477882168718,0.0,0.94,300,main_N200_T100_rho0.8_xsd0,200,100,0.8,0.0,,,
FE,10,0.0526414650011657,0.0537125424436497,0.0526414650011657,0.0,0.4966666666666666,300,main_N200_T100_rho0.8_xsd0,200,100,0.8,0.0,,,
HPJ,0,-0.0001806851279314,0.0116433651754656,0.0093925067485742,0.5333333333333333,1.0,300,main_N200_T100_rho0.8_xsd0,200,100,0.8,0.0,,,
HPJ,1,0.0113406854444979,0.0175783079633524,0.0144109120402425,0.38,1.0,300,main_N200_T100_rho0.8_xsd0,200,100,0.8,0.0,,,
HPJ,2,0.0213187917380689,0.0277129359145595,0.023031452101285,0.2466666666666666,1.0,300,main_N200_T100_rho0.8_xsd0,200,100,0.8,0.0,,,
HPJ,3,0.0274529832583948,0.0342302878440808,0.0289112614793708,0.2233333333333333,1.0,300,main_N200_T100_rho0.8_xsd0,200,100,0.8,0.0,,,
HPJ,4,0.031810544711636,0.0391464727455447,0.0332136942987841,0.1933333333333333,1.0,300,main_N200_T100_rho0.8_xsd0,200,100,0.8,0.0,,,
HPJ,5,0.0364675590055076,0.0445117677544955,0.0379413025024924,0.1666666666666666,1.0,300,main_N200_T100_rho0.8_xsd0,200,100,0.8,0.0,,,
HPJ,6,0.0404243970431913,0.0485476562862507,0.0422258501954589,0.1266666666666666,1.0,300,main_N200_T100_rho0.8_xsd0,200,100,0.8,0.0,,,
HPJ,7,0.0435363744717359,0.0518963374818397,0.0452674113142577,0.1366666666666666,0.9966666666666668,300,main_N200_T100_rho0.8_xsd0,200,100,0.8,0.0,,,
HPJ,8,0.0453844276743186,0.053504712796861,0.0468357221864277,0.1,0.9533333333333334,300,main_N200_T100_rho0.8_xsd0,200,100,0.8,0.0,,,
HPJ,9,0.0485331570683929,0.0557259495568294,0.0493640477137883,0.1,0.83,300,main_N200_T100_rho0.8_xsd0,200,100,0.8,0.0,,,
HPJ,10,0.0503791120169177,0.057047521545737,0.0509577614419396,0.08,0.6466666666666666,300,main_N200_T100_rho0.8_xsd0,200,100,0.8,0.0,,,
SPJ,0,-0.000184070853481,0.004216733265655,0.0034188409161281,0.9833333333333332,1.0,300,main_N200_T100_rho0.8_xsd0,200,100,0.8,0.0,,,
SPJ,1,-0.000639471244319,0.0050930597662047,0.0040817037641227,0.9733333333333334,1.0,300,main_N200_T100_rho0.8_xsd0,200,100,0.8,0.0,,,
SPJ,2,-0.0004772775847518,0.006829144692685,0.0054787677540941,0.9333333333333332,1.0,300,main_N200_T100_rho0.8_xsd0,200,100,0.8,0.0,,,
SPJ,3,-0.000440690041813,0.0085226097423585,0.006757676003071,0.8566666666666667,1.0,300,main_N200_T100_rho0.8_xsd0,200,100,0.8,0.0,,,
SPJ,4,-0.0002481030671941,0.0098244352972461,0.0078838247670821,0.8133333333333334,1.0,300,main_N200_T100_rho0.8_xsd0,200,100,0.8,0.0,,,
SPJ,5,0.0003610289766532,0.0108276454895006,0.0088082575449301,0.8166666666666667,1.0,300,main_N200_T100_rho0.8_xsd0,200,100,0.8,0.0,,,
SPJ,6,0.0014444472536955,0.0118949148348901,0.0097760715049234,0.7733333333333333,1.0,300,main_N200_T100_rho0.8_xsd0,200,100,0.8,0.0,,,
SPJ,7,0.0024775673546971,0.0126403796317132,0.010352457083034,0.76,1.0,300,main_N200_T100_rho0.8_xsd0,200,100,0.8,0.0,,,
SPJ,8,0.0035012364828758,0.0131039324518772,0.0106338056509269,0.76,1.0,300,main_N200_T100_rho0.8_xsd0,200,100,0.8,0.0,,,
SPJ,9,0.0049786192660883,0.0141514043034923,0.0114641050296736,0.71,1.0,300,main_N200_T100_rho0.8_xsd0,200,100,0.8,0.0,,,
SPJ,10,0.0063612564342226,0.0147406130564989,0.0116575540497125,0.7133333333333334,0.9966666666666668,300,main_N200_T100_rho0.8_xsd0,200,100,0.8,0.0,,,
CDOLS,0,0.0001189401773593,0.0178424950011519,0.013874353068094,0.9633333333333334,1.0,300,main_N200_T100_rho0.8_xsd1,200,100,0.8,1.0,,,
CDOLS,1,-0.006099952512507,0.0299481369486867,0.0242675851647762,0.4133333333333333,1.0,300,main_N200_T100_rho0.8_xsd1,200,100,0.8,1.0,,,
CDOLS,2,-0.0132627540212822,0.0361077370342425,0.0278109184565252,0.44,1.0,300,main_N200_T100_rho0.8_xsd1,200,100,0.8,1.0,,,
CDOLS,3,-0.0205821099330478,0.0430285859624249,0.0340860364828618,0.3433333333333333,1.0,300,main_N200_T100_rho0.8_xsd1,200,100,0.8,1.0,,,
CDOLS,4,-0.0254328768205907,0.0470411722336994,0.0379239699707079,0.3,1.0,300,main_N200_T100_rho0.8_xsd1,200,100,0.8,1.0,,,
CDOLS,5,-0.0298745647063822,0.0512615734321139,0.0414200562761837,0.3066666666666666,1.0,300,main_N200_T100_rho0.8_xsd1,200,100,0.8,1.0,,,
CDOLS,6,-0.0335070675850983,0.0574552254097849,0.0453207249546976,0.2933333333333333,1.0,300,main_N200_T100_rho0.8_xsd1,200,100,0.8,1.0,,,
CDOLS,7,-0.0388088430955379,0.0616087651797925,0.048615837371901,0.28,1.0,300,main_N200_T100_rho0.8_xsd1,200,100,0.8,1.0,,,
CDOLS,8,-0.0393314503038755,0.060162358000626,0.0493474065278621,0.2433333333333333,0.9966666666666668,300,main_N200_T100_rho0.8_xsd1,200,100,0.8,1.0,,,
CDOLS,9,-0.0437317978364374,0.0634598082886352,0.0521950628257873,0.23,0.9766666666666668,300,main_N200_T100_rho0.8_xsd1,200,100,0.8,1.0,,,
CDOLS,10,-0.0450950022780348,0.0641763869511124,0.0525153569006593,0.2366666666666666,0.97,300,main_N200_T100_rho0.8_xsd1,200,100,0.8,1.0,,,
DB,0,-0.0001383815405631,0.0068862533445009,0.0053758177079407,0.7066666666666667,1.0,300,main_N200_T100_rho0.8_xsd1,200,100,0.8,1.0,,,
DB,1,0.0054956964775696,0.0201740093224583,0.0165803056876485,0.8,1.0,300,main_N200_T100_rho0.8_xsd1,200,100,0.8,1.0,,,
DB,2,0.0083796872345817,0.0328780494919241,0.0264440949117052,0.65,1.0,300,main_N200_T100_rho0.8_xsd1,200,100,0.8,1.0,,,
DB,3,0.0100956743474046,0.0432939872579625,0.0348119790513702,0.6,1.0,300,main_N200_T100_rho0.8_xsd1,200,100,0.8,1.0,,,
DB,4,0.011437476681785,0.0504435841486966,0.0406983745664459,0.5333333333333333,1.0,300,main_N200_T100_rho0.8_xsd1,200,100,0.8,1.0,,,
DB,5,0.0119936026361166,0.0541570877099749,0.0441957479863334,0.5033333333333333,1.0,300,main_N200_T100_rho0.8_xsd1,200,100,0.8,1.0,,,
DB,6,0.0121422269669004,0.0555382112476272,0.0449838674671331,0.4933333333333333,0.9833333333333332,300,main_N200_T100_rho0.8_xsd1,200,100,0.8,1.0,,,
DB,7,0.0114931658934445,0.0551956598941316,0.0447452685400927,0.49,0.9466666666666668,300,main_N200_T100_rho0.8_xsd1,200,100,0.8,1.0,,,
DB,8,0.0115536636798257,0.0559088078019204,0.0455929433030441,0.5,0.7966666666666666,300,main_N200_T100_rho0.8_xsd1,200,100,0.8,1.0,,,
DB,9,0.0103769756464884,0.0572098935616738,0.0462135026616533,0.5166666666666667,0.6833333333333333,300,main_N200_T100_rho0.8_xsd1,200,100,0.8,1.0,,,
DB,10,0.0099641424198133,0.0570038117734851,0.045985487941361,0.4733333333333333,0.62,300,main_N200_T100_rho0.8_xsd1,200,100,0.8,1.0,,,
FE,0,-0.0001383815405631,0.0068862533445009,0.0053758177079407,0.7066666666666667,1.0,300,main_N200_T100_rho0.8_xsd1,200,100,0.8,1.0,,,
FE,1,0.0158471594086322,0.024942838822403,0.0206056653644043,0.66,1.0,300,main_N200_T100_rho0.8_xsd1,200,100,0.8,1.0,,,
FE,2,0.0268112994162802,0.0411658501133557,0.0342310104371477,0.5266666666666666,1.0,300,main_N200_T100_rho0.8_xsd1,200,100,0.8,1.0,,,
FE,3,0.0348402728379446,0.0538754985840824,0.0445489876365072,0.4566666666666666,1.0,300,main_N200_T100_rho0.8_xsd1,200,100,0.8,1.0,,,
FE,4,0.0411169786276639,0.062964762408898,0.052094133292869,0.4066666666666667,1.0,300,main_N200_T100_rho0.8_xsd1,200,100,0.8,1.0,,,
FE,5,0.0455306407240442,0.0683431562485494,0.0565372628517663,0.3833333333333333,0.99,300,main_N200_T100_rho0.8_xsd1,200,100,0.8,1.0,,,
FE,6,0.0486921817240727,0.0712200039762487,0.0595167248876122,0.36,0.9233333333333332,300,main_N200_T100_rho0.8_xsd1,200,100,0.8,1.0,,,
FE,7,0.0503917995346633,0.0721076682193801,0.0614880100947609,0.3633333333333333,0.74,300,main_N200_T100_rho0.8_xsd1,200,100,0.8,1.0,,,
FE,8,0.0522767055382915,0.0739980488248039,0.0628901151019628,0.3233333333333333,0.5666666666666667,300,main_N200_T100_rho0.8_xsd1,200,100,0.8,1.0,,,
FE,9,0.0525088769020987,0.0754499330452135,0.0635812703400071,0.3466666666666667,0.4833333333333333,300,main_N200_T100_rho0.8_xsd1,200,100,0.8,1.0,,,
FE,10,0.053173876086997,0.0759982131673133,0.0639229136840824,0.3466666666666667,0.4566666666666666,300,main_N200_T100_rho0.8_xsd1,200,100,0.8,1.0,,,
HPJ,0,-0.0038333223229995,0.0207303495020846,0.0166500102305241,0.2433333333333333,1.0,300,main_N200_T100_rho0.8_xsd1,200,100,0.8,1.0,,,
HPJ,1,0.0162800555195271,0.0286210933335776,0.0228039250271007,0.63,1.0,300,main_N200_T100_rho0.8_xsd1,200,100,0.8,1.0,,,
HPJ,2,0.0272357523043981,0.0448894898768081,0.0363158167212577,0.5133333333333333,1.0,300,main_N200_T100_rho0.8_xsd1,200,100,0.8,1.0,,,
HPJ,3,0.0345033817370564,0.0571112782281493,0.046578729256199,0.4533333333333333,1.0,300,main_N200_T100_rho0.8_xsd1,200,100,0.8,1.0,,,
HPJ,4,0.0408886236861257,0.0663421831589962,0.0545025862940335,0.38,1.0,300,main_N200_T100_rho0.8_xsd1,200,100,0.8,1.0,,,
HPJ,5,0.0452483842339772,0.0714909969690121,0.059368572883355,0.36,0.98,300,main_N200_T100_rho0.8_xsd1,200,100,0.8,1.0,,,
HPJ,6,0.0490343167660796,0.0745760865468779,0.0629514939374762,0.3333333333333333,0.9066666666666666,300,main_N200_T100_rho0.8_xsd1,200,100,0.8,1.0,,,
HPJ,7,0.0504414519216115,0.0753940523480609,0.0632503578204793,0.3533333333333333,0.74,300,main_N200_T100_rho0.8_xsd1,200,100,0.8,1.0,,,
HPJ,8,0.0533559863219012,0.077887999338542,0.0656035717325025,0.32,0.5833333333333334,300,main_N200_T100_rho0.8_xsd1,200,100,0.8,1.0,,,
HPJ,9,0.0544586264664851,0.0795380847354325,0.0664494125067485,0.3266666666666666,0.4933333333333333,300,main_N200_T100_rho0.8_xsd1,200,100,0.8,1.0,,,
HPJ,10,0.0544936801299916,0.0794950971018337,0.0668735096110793,0.3166666666666666,0.4733333333333333,300,main_N200_T100_rho0.8_xsd1,200,100,0.8,1.0,,,
SPJ,0,-7.955734731871426e-05,0.0067413190262044,0.005242555250554,0.73,1.0,300,main_N200_T100_rho0.8_xsd1,200,100,0.8,1.0,,,
SPJ,1,0.0014704198905862,0.0217667387713286,0.0178419854148208,0.8233333333333334,1.0,300,main_N200_T100_rho0.8_xsd1,200,100,0.8,1.0,,,
SPJ,2,0.0020561491692687,0.0369269400388427,0.0296690866466748,0.6633333333333333,1.0,300,main_N200_T100_rho0.8_xsd1,200,100,0.8,1.0,,,
SPJ,3,0.0025642932638969,0.0493060915973206,0.0393793048321142,0.58,1.0,300,main_N200_T100_rho0.8_xsd1,200,100,0.8,1.0,,,
SPJ,4,0.0035217006467333,0.0584100381626772,0.0467746912448135,0.5233333333333333,1.0,300,main_N200_T100_rho0.8_xsd1,200,100,0.8,1.0,,,
SPJ,5,0.0042184629110988,0.0639228577447894,0.0514348346074512,0.4566666666666666,1.0,300,main_N200_T100_rho0.8_xsd1,200,100,0.8,1.0,,,
SPJ,6,0.0049737260371741,0.0666071745425058,0.0538578353162173,0.4566666666666666,0.97,300,main_N200_T100_rho0.8_xsd1,200,100,0.8,1.0,,,
SPJ,7,0.0051944901011588,0.0682115810659047,0.0547252672598417,0.47,0.9133333333333332,300,main_N200_T100_rho0.8_xsd1,200,100,0.8,1.0,,,
SPJ,8,0.0063693205418707,0.0700943896870183,0.0566946702501063,0.47,0.7633333333333333,300,main_N200_T100_rho0.8_xsd1,200,100,0.8,1.0,,,
SPJ,9,0.0060826610350048,0.072151263603146,0.0579720672294868,0.44,0.6466666666666666,300,main_N200_T100_rho0.8_xsd1,200,100,0.8,1.0,,,
SPJ,10,0.0069631298790854,0.0727898192070795,0.0588872949193811,0.43,0.5933333333333334,300,main_N200_T100_rho0.8_xsd1,200,100,0.8,1.0,,,
CDOLS,0,-0.0002665758557005,0.0098197192848324,0.0077849480263147,0.95,1.0,300,main_N200_T100_rho0.95_xsd0,200,100,0.95,0.0,,,
CDOLS,1,-0.012435763877439,0.0167478361833318,0.0141915840388416,0.82,1.0,300,main_N200_T100_rho0.95_xsd0,200,100,0.95,0.0,,,
CDOLS,2,-0.022423511966099,0.0252362310717959,0.0226235059499635,0.5133333333333333,1.0,300,main_N200_T100_rho0.95_xsd0,200,100,0.95,0.0,,,
CDOLS,3,-0.0327953939635017,0.0348366636493673,0.0327953939635017,0.2366666666666666,1.0,300,main_N200_T100_rho0.95_xsd0,200,100,0.95,0.0,,,
CDOLS,4,-0.0433882670011995,0.0452213584860984,0.0433882670011995,0.0933333333333333,1.0,300,main_N200_T100_rho0.95_xsd0,200,100,0.95,0.0,,,
CDOLS,5,-0.053714725348279,0.0553048210035078,0.053714725348279,0.01,1.0,300,main_N200_T100_rho0.95_xsd0,200,100,0.95,0.0,,,
CDOLS,6,-0.0625210561762865,0.0640292470391736,0.0625210561762865,0.0033333333333333,1.0,300,main_N200_T100_rho0.95_xsd0,200,100,0.95,0.0,,,
CDOLS,7,-0.0707961016365636,0.0721718086427147,0.0707961016365636,0.0,1.0,300,main_N200_T100_rho0.95_xsd0,200,100,0.95,0.0,,,
CDOLS,8,-0.0799128063349114,0.0811199322089553,0.0799128063349114,0.0,1.0,300,main_N200_T100_rho0.95_xsd0,200,100,0.95,0.0,,,
CDOLS,9,-0.0873871782138641,0.0885696964781954,0.0873871782138641,0.0,1.0,300,main_N200_T100_rho0.95_xsd0,200,100,0.95,0.0,,,
CDOLS,10,-0.0952270149292795,0.0964099029735862,0.0952270149292795,0.0,1.0,300,main_N200_T100_rho0.95_xsd0,200,100,0.95,0.0,,,
DB,0,-3.122551999139097e-05,0.0024222731369597,0.0019454539036136,0.9566666666666668,1.0,300,main_N200_T100_rho0.95_xsd0,200,100,0.95,0.0,,,
DB,1,0.0037280774785946,0.0048383980118773,0.004134992998239,0.75,1.0,300,main_N200_T100_rho0.95_xsd0,200,100,0.95,0.0,,,
DB,2,0.0076750251726599,0.0087889921642417,0.0078299794193618,0.4266666666666667,1.0,300,main_N200_T100_rho0.95_xsd0,200,100,0.95,0.0,,,
DB,3,0.011523069360872,0.0128253393026568,0.0115830451646974,0.24,1.0,300,main_N200_T100_rho0.95_xsd0,200,100,0.95,0.0,,,
DB,4,0.0153606236633153,0.0168937335475924,0.0154048086573161,0.1466666666666666,1.0,300,main_N200_T100_rho0.95_xsd0,200,100,0.95,0.0,,,
DB,5,0.0193032652860893,0.020995549254776,0.0193505449848989,0.1133333333333333,1.0,300,main_N200_T100_rho0.95_xsd0,200,100,0.95,0.0,,,
DB,6,0.0233162742114513,0.0251402356279619,0.0233564564015154,0.0866666666666666,1.0,300,main_N200_T100_rho0.95_xsd0,200,100,0.95,0.0,,,
DB,7,0.0272766527103394,0.0291998303454629,0.0272926364607584,0.06,1.0,300,main_N200_T100_rho0.95_xsd0,200,100,0.95,0.0,,,
DB,8,0.0311719077346989,0.033176489692005,0.0311719077346989,0.0466666666666666,1.0,300,main_N200_T100_rho0.95_xsd0,200,100,0.95,0.0,,,
DB,9,0.0351660755727581,0.0372631086134134,0.0351660755727581,0.03,1.0,300,main_N200_T100_rho0.95_xsd0,200,100,0.95,0.0,,,
DB,10,0.0390338284882663,0.0411687602603517,0.0390338284882663,0.02,1.0,300,main_N200_T100_rho0.95_xsd0,200,100,0.95,0.0,,,
FE,0,-3.122551999139097e-05,0.0024222731369597,0.0019454539036136,0.9566666666666668,1.0,300,main_N200_T100_rho0.95_xsd0,200,100,0.95,0.0,,,
FE,1,0.0133660477442252,0.0137092725640458,0.0133660477442252,0.0166666666666666,1.0,300,main_N200_T100_rho0.95_xsd0,200,100,0.95,0.0,,,
FE,2,0.0262968450563691,0.0266340457419086,0.0262968450563691,0.0,1.0,300,main_N200_T100_rho0.95_xsd0,200,100,0.95,0.0,,,
FE,3,0.0385132644529379,0.0389093727395931,0.0385132644529379,0.0,1.0,300,main_N200_T100_rho0.95_xsd0,200,100,0.95,0.0,,,
FE,4,0.0501395438836935,0.0506108429887343,0.0501395438836935,0.0,1.0,300,main_N200_T100_rho0.95_xsd0,200,100,0.95,0.0,,,
FE,5,0.0613244345233615,0.0618512950556157,0.0613244345233615,0.0,1.0,300,main_N200_T100_rho0.95_xsd0,200,100,0.95,0.0,,,
FE,6,0.0720638986014891,0.0726393497191778,0.0720638986014891,0.0,1.0,300,main_N200_T100_rho0.95_xsd0,200,100,0.95,0.0,,,
FE,7,0.0822632754120704,0.0828775225524594,0.0822632754120704,0.0,1.0,300,main_N200_T100_rho0.95_xsd0,200,100,0.95,0.0,,,
FE,8,0.0919361987616578,0.0925843980058197,0.0919361987616578,0.0,1.0,300,main_N200_T100_rho0.95_xsd0,200,100,0.95,0.0,,,
FE,9,0.1012707458800821,0.1019598565928962,0.1012707458800821,0.0,1.0,300,main_N200_T100_rho0.95_xsd0,200,100,0.95,0.0,,,
FE,10,0.1100636580982553,0.1107736603191111,0.1100636580982553,0.0,1.0,300,main_N200_T100_rho0.95_xsd0,200,100,0.95,0.0,,,
HPJ,0,6.713127952439761e-05,0.0066660356464002,0.0053161478784702,0.5433333333333333,1.0,300,main_N200_T100_rho0.95_xsd0,200,100,0.95,0.0,,,
HPJ,1,0.0129958591074433,0.0153244478891097,0.0134280880713103,0.1633333333333333,1.0,300,main_N200_T100_rho0.95_xsd0,200,100,0.95,0.0,,,
HPJ,2,0.0256538805836332,0.0281166480195207,0.0257744998069044,0.05,1.0,300,main_N200_T100_rho0.95_xsd0,200,100,0.95,0.0,,,
HPJ,3,0.0371252744371491,0.0399490560888969,0.0372215707919855,0.0266666666666666,1.0,300,main_N200_T100_rho0.95_xsd0,200,100,0.95,0.0,,,
HPJ,4,0.0480249334512777,0.0512816513752895,0.0481310568675016,0.01,1.0,300,main_N200_T100_rho0.95_xsd0,200,100,0.95,0.0,,,
HPJ,5,0.0589204146492163,0.0626620749691138,0.0590031384238936,0.01,1.0,300,main_N200_T100_rho0.95_xsd0,200,100,0.95,0.0,,,
HPJ,6,0.0695146293836459,0.0734716141054965,0.0695146293836459,0.01,1.0,300,main_N200_T100_rho0.95_xsd0,200,100,0.95,0.0,,,
HPJ,7,0.0795988044781794,0.0838420378088031,0.0795988044781794,0.0066666666666666,1.0,300,main_N200_T100_rho0.95_xsd0,200,100,0.95,0.0,,,
HPJ,8,0.0891097598012797,0.0934775014648709,0.0891097598012797,0.0033333333333333,1.0,300,main_N200_T100_rho0.95_xsd0,200,100,0.95,0.0,,,
HPJ,9,0.0987634940630699,0.1032019954167804,0.0987634940630699,0.0033333333333333,1.0,300,main_N200_T100_rho0.95_xsd0,200,100,0.95,0.0,,,
HPJ,10,0.1077330842002644,0.1122916157861573,0.1077330842002644,0.0,1.0,300,main_N200_T100_rho0.95_xsd0,200,100,0.95,0.0,,,
SPJ,0,-0.0001041843593845,0.0029448932104131,0.0023620289188859,0.98,1.0,300,main_N200_T100_rho0.95_xsd0,200,100,0.95,0.0,,,
SPJ,1,-0.0022994706568961,0.0044593037541038,0.0034790015999672,0.9266666666666666,1.0,300,main_N200_T100_rho0.95_xsd0,200,100,0.95,0.0,,,
SPJ,2,-0.0038168670203078,0.0067591778980636,0.0053950768846183,0.84,1.0,300,main_N200_T100_rho0.95_xsd0,200,100,0.95,0.0,,,
SPJ,3,-0.0049094568744157,0.0090043211729272,0.0072180218329853,0.7866666666666666,1.0,300,main_N200_T100_rho0.95_xsd0,200,100,0.95,0.0,,,
SPJ,4,-0.0053125238897318,0.0109321711828141,0.0086860152247629,0.7466666666666667,1.0,300,main_N200_T100_rho0.95_xsd0,200,100,0.95,0.0,,,
SPJ,5,-0.0052102154910551,0.0125671016486156,0.0099353154004832,0.75,1.0,300,main_N200_T100_rho0.95_xsd0,200,100,0.95,0.0,,,
SPJ,6,-0.0042925322888017,0.0138262122645607,0.0108757436505209,0.73,1.0,300,main_N200_T100_rho0.95_xsd0,200,100,0.95,0.0,,,
SPJ,7,-0.0030749849542702,0.0151092410439447,0.0119242567094121,0.7266666666666667,1.0,300,main_N200_T100_rho0.95_xsd0,200,100,0.95,0.0,,,
SPJ,8,-0.0009930247995689,0.0162992042396092,0.0128727690113983,0.7033333333333334,1.0,300,main_N200_T100_rho0.95_xsd0,200,100,0.95,0.0,,,
SPJ,9,0.0015242265963925,0.0178309743766643,0.014112860403738,0.6866666666666666,1.0,300,main_N200_T100_rho0.95_xsd0,200,100,0.95,0.0,,,
SPJ,10,0.0048899778033004,0.0196233783205195,0.0155214926375146,0.67,1.0,300,main_N200_T100_rho0.95_xsd0,200,100,0.95,0.0,,,
CDOLS,0,0.0001081676676215,0.0177774058263325,0.0138346335537002,0.9633333333333334,1.0,300,main_N200_T100_rho0.95_xsd1,200,100,0.95,1.0,,,
CDOLS,1,-0.003934866306391,0.0301447198715439,0.0244483794065629,0.39,1.0,300,main_N200_T100_rho0.95_xsd1,200,100,0.95,1.0,,,
CDOLS,2,-0.0099831617185024,0.0391155149063484,0.0305265902003871,0.3733333333333333,1.0,300,main_N200_T100_rho0.95_xsd1,200,100,0.95,1.0,,,
CDOLS,3,-0.0172674210779608,0.0478127015049463,0.0371386864452067,0.3566666666666667,1.0,300,main_N200_T100_rho0.95_xsd1,200,100,0.95,1.0,,,
CDOLS,4,-0.0231339690094555,0.0548807893185068,0.0434018037836634,0.2966666666666667,1.0,300,main_N200_T100_rho0.95_xsd1,200,100,0.95,1.0,,,
CDOLS,5,-0.0292370580168596,0.0613851791619394,0.047897244549476,0.3,1.0,300,main_N200_T100_rho0.95_xsd1,200,100,0.95,1.0,,,
CDOLS,6,-0.0351631625561704,0.0719760960644795,0.0551899183698996,0.29,1.0,300,main_N200_T100_rho0.95_xsd1,200,100,0.95,1.0,,,
CDOLS,7,-0.0428541153655017,0.0799087113687437,0.0604941633171788,0.2766666666666666,1.0,300,main_N200_T100_rho0.95_xsd1,200,100,0.95,1.0,,,
CDOLS,8,-0.0465842983560928,0.0821283985783411,0.0628121868978625,0.29,1.0,300,main_N200_T100_rho0.95_xsd1,200,100,0.95,1.0,,,
CDOLS,9,-0.0539703305359208,0.086846558900043,0.0671253665872319,0.2266666666666666,1.0,300,main_N200_T100_rho0.95_xsd1,200,100,0.95,1.0,,,
CDOLS,10,-0.0591608624685913,0.0895432349150852,0.0692405401103539,0.2366666666666666,1.0,300,main_N200_T100_rho0.95_xsd1,200,100,0.95,1.0,,,
DB,0,-5.97528926503299e-05,0.0027822968253268,0.0022180802985017,0.8666666666666667,1.0,300,main_N200_T100_rho0.95_xsd1,200,100,0.95,1.0,,,
DB,1,0.0074114923014812,0.0133241454965309,0.0108764981248166,0.6866666666666666,1.0,300,main_N200_T100_rho0.95_xsd1,200,100,0.95,1.0,,,
DB,2,0.0139368234786785,0.0245804472512108,0.0202833776838808,0.55,1.0,300,main_N200_T100_rho0.95_xsd1,200,100,0.95,1.0,,,
DB,3,0.0199997202715411,0.0349718923761027,0.0290384750222515,0.4333333333333333,1.0,300,main_N200_T100_rho0.95_xsd1,200,100,0.95,1.0,,,
DB,4,0.0258063389176946,0.044360292032357,0.0370244254436756,0.3833333333333333,1.0,300,main_N200_T100_rho0.95_xsd1,200,100,0.95,1.0,,,
DB,5,0.0312944929258579,0.0529096734716122,0.0446530786056571,0.34,1.0,300,main_N200_T100_rho0.95_xsd1,200,100,0.95,1.0,,,
DB,6,0.0365314368989853,0.0606445158522773,0.0517644349883637,0.3033333333333333,1.0,300,main_N200_T100_rho0.95_xsd1,200,100,0.95,1.0,,,
DB,7,0.0413869575307427,0.0676764234729599,0.0583812103240671,0.2566666666666666,1.0,300,main_N200_T100_rho0.95_xsd1,200,100,0.95,1.0,,,
DB,8,0.04642165729935,0.0746773306153219,0.064285929308511,0.24,1.0,300,main_N200_T100_rho0.95_xsd1,200,100,0.95,1.0,,,
DB,9,0.0508555476905073,0.0809298025388696,0.0693619088252058,0.24,1.0,300,main_N200_T100_rho0.95_xsd1,200,100,0.95,1.0,,,
DB,10,0.0552376329569757,0.086400811322256,0.074085786600121,0.2233333333333333,1.0,300,main_N200_T100_rho0.95_xsd1,200,100,0.95,1.0,,,
FE,0,-5.97528926503299e-05,0.0027822968253268,0.0022180802985017,0.8666666666666667,1.0,300,main_N200_T100_rho0.95_xsd1,200,100,0.95,1.0,,,
FE,1,0.0174870028389081,0.0207116564210887,0.0179360087636784,0.44,1.0,300,main_N200_T100_rho0.95_xsd1,200,100,0.95,1.0,,,
FE,2,0.0333341511797544,0.0389517864523656,0.034103273717287,0.26,1.0,300,main_N200_T100_rho0.95_xsd1,200,100,0.95,1.0,,,
FE,3,0.0480182849307534,0.055764247429657,0.0491334902220172,0.22,1.0,300,main_N200_T100_rho0.95_xsd1,200,100,0.95,1.0,,,
FE,4,0.061794075721335,0.0712261541488686,0.0631571348132521,0.1766666666666666,1.0,300,main_N200_T100_rho0.95_xsd1,200,100,0.95,1.0,,,
FE,5,0.0746436233694926,0.0854632297793163,0.0762118312786884,0.1333333333333333,1.0,300,main_N200_T100_rho0.95_xsd1,200,100,0.95,1.0,,,
FE,6,0.0866745745438613,0.0985598115931959,0.0882508418643051,0.1233333333333333,1.0,300,main_N200_T100_rho0.95_xsd1,200,100,0.95,1.0,,,
FE,7,0.0977935176693353,0.1105816906222998,0.0993277211439136,0.12,1.0,300,main_N200_T100_rho0.95_xsd1,200,100,0.95,1.0,,,
FE,8,0.1085945422413223,0.1222723904506689,0.110077765865817,0.1033333333333333,1.0,300,main_N200_T100_rho0.95_xsd1,200,100,0.95,1.0,,,
FE,9,0.1183280817628107,0.1328322964834559,0.1198053155897712,0.1033333333333333,1.0,300,main_N200_T100_rho0.95_xsd1,200,100,0.95,1.0,,,
FE,10,0.1275707234585607,0.1425115691122036,0.1289522311117848,0.0966666666666666,1.0,300,main_N200_T100_rho0.95_xsd1,200,100,0.95,1.0,,,
HPJ,0,-0.0014829076054387,0.0082442185486296,0.0066312364326312,0.3833333333333333,1.0,300,main_N200_T100_rho0.95_xsd1,200,100,0.95,1.0,,,
HPJ,1,0.0175925516220259,0.0222373646639009,0.0184559298651556,0.4333333333333333,1.0,300,main_N200_T100_rho0.95_xsd1,200,100,0.95,1.0,,,
HPJ,2,0.033435785438704,0.0404027238408626,0.0345434702309858,0.2766666666666666,1.0,300,main_N200_T100_rho0.95_xsd1,200,100,0.95,1.0,,,
HPJ,3,0.047847196769737,0.0570023545582744,0.0493974820035328,0.2133333333333333,1.0,300,main_N200_T100_rho0.95_xsd1,200,100,0.95,1.0,,,
HPJ,4,0.0616723797629631,0.0725890838068071,0.0635849611290843,0.18,1.0,300,main_N200_T100_rho0.95_xsd1,200,100,0.95,1.0,,,
HPJ,5,0.0745029120993913,0.0870098001891851,0.0765821895781446,0.1633333333333333,1.0,300,main_N200_T100_rho0.95_xsd1,200,100,0.95,1.0,,,
HPJ,6,0.0867856959052758,0.100479620702223,0.0887884754905003,0.14,1.0,300,main_N200_T100_rho0.95_xsd1,200,100,0.95,1.0,,,
HPJ,7,0.0978416710880951,0.1126336123406179,0.0998572764664614,0.1233333333333333,1.0,300,main_N200_T100_rho0.95_xsd1,200,100,0.95,1.0,,,
HPJ,8,0.1088575127651118,0.1246547212271191,0.1106607984180962,0.1133333333333333,1.0,300,main_N200_T100_rho0.95_xsd1,200,100,0.95,1.0,,,
HPJ,9,0.1186648534322635,0.1354193363729703,0.1202759247780395,0.12,1.0,300,main_N200_T100_rho0.95_xsd1,200,100,0.95,1.0,,,
HPJ,10,0.1274684933886396,0.1448734480522593,0.1290790228147209,0.11,0.9966666666666668,300,main_N200_T100_rho0.95_xsd1,200,100,0.95,1.0,,,
SPJ,0,5.240530421086372e-05,0.0027756257311826,0.0021775116425166,0.9566666666666668,1.0,300,main_N200_T100_rho0.95_xsd1,200,100,0.95,1.0,,,
SPJ,1,-0.0004221380415929,0.0141025573653368,0.0115098835978456,0.86,1.0,300,main_N200_T100_rho0.95_xsd1,200,100,0.95,1.0,,,
SPJ,2,-0.0006163014151662,0.026848196479304,0.021840436140896,0.6266666666666667,1.0,300,main_N200_T100_rho0.95_xsd1,200,100,0.95,1.0,,,
SPJ,3,-0.0002524529315141,0.03863656557191,0.0312796510358349,0.51,1.0,300,main_N200_T100_rho0.95_xsd1,200,100,0.95,1.0,,,
SPJ,4,0.0008099419642009,0.0498039539590397,0.0406193253051341,0.4533333333333333,1.0,300,main_N200_T100_rho0.95_xsd1,200,100,0.95,1.0,,,
SPJ,5,0.0023975216181069,0.0597606701616531,0.0488030101723141,0.39,1.0,300,main_N200_T100_rho0.95_xsd1,200,100,0.95,1.0,,,
SPJ,6,0.0045866383372365,0.0687656326420809,0.0563964119730106,0.35,1.0,300,main_N200_T100_rho0.95_xsd1,200,100,0.95,1.0,,,
SPJ,7,0.0069400270256644,0.0771383812865926,0.0635284357677349,0.3266666666666666,1.0,300,main_N200_T100_rho0.95_xsd1,200,100,0.95,1.0,,,
SPJ,8,0.0103300998136084,0.0848014075439642,0.0700491492853168,0.2933333333333333,1.0,300,main_N200_T100_rho0.95_xsd1,200,100,0.95,1.0,,,
SPJ,9,0.0135214819339807,0.0921645566998874,0.075920874623276,0.2833333333333333,1.0,300,main_N200_T100_rho0.95_xsd1,200,100,0.95,1.0,,,
SPJ,10,0.0178245063148984,0.0987683940287524,0.0817110379256162,0.2633333333333333,1.0,300,main_N200_T100_rho0.95_xsd1,200,100,0.95,1.0,,,
CDOLS,0,0.0008765393934179,0.0243475250997093,0.0189544972213616,0.9233333333333332,1.0,300,main_N200_T20_rho0.2_xsd0,200,20,0.2,0.0,,,
CDOLS,1,-0.0199387405828215,0.0310617165871905,0.0247648291858369,0.8833333333333333,1.0,300,main_N200_T20_rho0.2_xsd0,200,20,0.2,0.0,,,
CDOLS,2,-0.025356645448395,0.0366783840635265,0.0302486725394928,0.85,0.47,300,main_N200_T20_rho0.2_xsd0,200,20,0.2,0.0,,,
CDOLS,3,-0.0245505592042831,0.0365137375876552,0.0301466243857268,0.8433333333333334,0.1966666666666666,300,main_N200_T20_rho0.2_xsd0,200,20,0.2,0.0,,,
CDOLS,4,-0.0284834111415356,0.0398358693401358,0.0323734382625218,0.81,0.1933333333333333,300,main_N200_T20_rho0.2_xsd0,200,20,0.2,0.0,,,
CDOLS,5,-0.0259611834076636,0.0387352561371656,0.0314065112110887,0.8533333333333334,0.15,300,main_N200_T20_rho0.2_xsd0,200,20,0.2,0.0,,,
CDOLS,6,-0.0231599458678471,0.037716788870728,0.0305900532862833,0.8766666666666667,0.1233333333333333,300,main_N200_T20_rho0.2_xsd0,200,20,0.2,0.0,,,
DB,0,-8.428722575647196e-05,0.0163873347653567,0.0132166366597,0.9433333333333334,1.0,300,main_N200_T20_rho0.2_xsd0,200,20,0.2,0.0,,,
DB,1,0.0056213349771617,0.0194660440473872,0.0155705290091023,0.9366666666666666,1.0,300,main_N200_T20_rho0.2_xsd0,200,20,0.2,0.0,,,
DB,2,0.0077822496990015,0.0208914815087747,0.0174320572313727,0.93,0.1566666666666666,300,main_N200_T20_rho0.2_xsd0,200,20,0.2,0.0,,,
DB,3,0.0096366681831138,0.0228459336431056,0.018035727632113,0.9166666666666666,0.0633333333333333,300,main_N200_T20_rho0.2_xsd0,200,20,0.2,0.0,,,
DB,4,0.0059474071337882,0.0225812375535372,0.018352166965491,0.9366666666666666,0.0666666666666666,300,main_N200_T20_rho0.2_xsd0,200,20,0.2,0.0,,,
DB,5,0.008716761461745,0.0228089986931371,0.0182268945393207,0.9233333333333332,0.0733333333333333,300,main_N200_T20_rho0.2_xsd0,200,20,0.2,0.0,,,
DB,6,0.0105167162091603,0.0258165149799915,0.020892659371632,0.9,0.1,300,main_N200_T20_rho0.2_xsd0,200,20,0.2,0.0,,,
FE,0,-8.428722575647196e-05,0.0163873347653567,0.0132166366597,0.9433333333333334,1.0,300,main_N200_T20_rho0.2_xsd0,200,20,0.2,0.0,,,
FE,1,0.0392723450795839,0.0433443245576741,0.0395486182715609,0.4366666666666666,0.9833333333333332,300,main_N200_T20_rho0.2_xsd0,200,20,0.2,0.0,,,
FE,2,0.0458871220381674,0.0497291313434604,0.0460236576494441,0.33,0.2233333333333333,300,main_N200_T20_rho0.2_xsd0,200,20,0.2,0.0,,,
FE,3,0.0477040097443386,0.0520128043473432,0.0478228464559394,0.3433333333333333,0.5633333333333334,300,main_N200_T20_rho0.2_xsd0,200,20,0.2,0.0,,,
FE,4,0.0428828357877105,0.0481468188319061,0.0436264878703666,0.4366666666666666,0.54,300,main_N200_T20_rho0.2_xsd0,200,20,0.2,0.0,,,
FE,5,0.0437517413443075,0.0485705653249319,0.0440321102866106,0.4866666666666667,0.5133333333333333,300,main_N200_T20_rho0.2_xsd0,200,20,0.2,0.0,,,
FE,6,0.0426938668208967,0.0488256220425174,0.0434000245055561,0.4933333333333333,0.5066666666666667,300,main_N200_T20_rho0.2_xsd0,200,20,0.2,0.0,,,
HPJ,0,-0.001875895789444,0.0425793120447896,0.0346204560337751,0.5033333333333333,1.0,300,main_N200_T20_rho0.2_xsd0,200,20,0.2,0.0,,,
HPJ,1,0.041160822306802,0.067690940220815,0.0566021616677813,0.3566666666666667,0.77,300,main_N200_T20_rho0.2_xsd0,200,20,0.2,0.0,,,
HPJ,2,0.0452614272543663,0.0697890231329007,0.0570810708631581,0.4233333333333333,0.5366666666666666,300,main_N200_T20_rho0.2_xsd0,200,20,0.2,0.0,,,
HPJ,3,0.0537570189764909,0.0757984247315939,0.0618039371110456,0.3666666666666666,0.5966666666666667,300,main_N200_T20_rho0.2_xsd0,200,20,0.2,0.0,,,
HPJ,4,0.0444748534183195,0.0722750901501159,0.0577608110787324,0.4233333333333333,0.5766666666666667,300,main_N200_T20_rho0.2_xsd0,200,20,0.2,0.0,,,
HPJ,5,0.0427018373182081,0.0749812384078985,0.0611987650476492,0.38,0.62,300,main_N200_T20_rho0.2_xsd0,200,20,0.2,0.0,,,
HPJ,6,0.0418273892742508,0.0768780006753154,0.0610572785529356,0.41,0.59,300,main_N200_T20_rho0.2_xsd0,200,20,0.2,0.0,,,
SPJ,0,5.2933385145313614e-05,0.0171820141965351,0.0136258865149855,0.9666666666666668,1.0,300,main_N200_T20_rho0.2_xsd0,200,20,0.2,0.0,,,
SPJ,1,-0.0001800036179876,0.0197976139678999,0.0155424365245458,0.9333333333333332,1.0,300,main_N200_T20_rho0.2_xsd0,200,20,0.2,0.0,,,
SPJ,2,0.0042814839319733,0.0213075333529919,0.0173895025078272,0.9733333333333334,0.15,300,main_N200_T20_rho0.2_xsd0,200,20,0.2,0.0,,,
SPJ,3,0.0139083286211644,0.0263159979069323,0.0213419612319202,0.9066666666666666,0.0566666666666666,300,main_N200_T20_rho0.2_xsd0,200,20,0.2,0.0,,,
SPJ,4,0.0207573812506655,0.0312442898718904,0.0260197965543144,0.8533333333333334,0.1333333333333333,300,main_N200_T20_rho0.2_xsd0,200,20,0.2,0.0,,,
SPJ,5,0.0390116328610069,0.0449496161770091,0.039531481118386,0.6666666666666666,0.3333333333333333,300,main_N200_T20_rho0.2_xsd0,200,20,0.2,0.0,,,
SPJ,6,0.0591400590908286,0.0644644476323466,0.0592489767012768,0.36,0.64,300,main_N200_T20_rho0.2_xsd0,200,20,0.2,0.0,,,
CDOLS,0,0.000592531335332,0.0265482772681686,0.0212553236749725,0.9233333333333332,1.0,300,main_N200_T20_rho0.2_xsd1,200,20,0.2,1.0,,,
CDOLS,1,-0.0125151228330577,0.0668757343824793,0.0537929460799897,0.4233333333333333,0.9266666666666666,300,main_N200_T20_rho0.2_xsd1,200,20,0.2,1.0,,,
CDOLS,2,-0.0114686868836229,0.0671932646943682,0.0535106325936333,0.4666666666666667,0.6066666666666667,300,main_N200_T20_rho0.2_xsd1,200,20,0.2,1.0,,,
CDOLS,3,-0.010671652636535,0.0731293551424103,0.0585450416890539,0.4433333333333333,0.5766666666666667,300,main_N200_T20_rho0.2_xsd1,200,20,0.2,1.0,,,
CDOLS,4,-0.0106210058686976,0.0703586483443118,0.0554510899572896,0.4933333333333333,0.51,300,main_N200_T20_rho0.2_xsd1,200,20,0.2,1.0,,,
CDOLS,5,-0.0092319112413688,0.0752612571598919,0.060538134972868,0.42,0.5766666666666667,300,main_N200_T20_rho0.2_xsd1,200,20,0.2,1.0,,,
CDOLS,6,-0.0231152448766167,0.078683482647949,0.0632607316472152,0.46,0.54,300,main_N200_T20_rho0.2_xsd1,200,20,0.2,1.0,,,
DB,0,0.0002724437634753,0.021628672071428,0.0174687843976678,0.7566666666666667,1.0,300,main_N200_T20_rho0.2_xsd1,200,20,0.2,1.0,,,
DB,1,0.0077067821278867,0.0664863402000281,0.0543211377378817,0.4966666666666666,0.8366666666666667,300,main_N200_T20_rho0.2_xsd1,200,20,0.2,1.0,,,
DB,2,0.0141902012921535,0.065960088184025,0.0526203841711097,0.5266666666666666,0.45,300,main_N200_T20_rho0.2_xsd1,200,20,0.2,1.0,,,
DB,3,0.0135305792296791,0.0703069973712343,0.0553555013458993,0.5566666666666666,0.4466666666666666,300,main_N200_T20_rho0.2_xsd1,200,20,0.2,1.0,,,
DB,4,0.0140042632220623,0.0678496175872335,0.0537301209258886,0.55,0.4433333333333333,300,main_N200_T20_rho0.2_xsd1,200,20,0.2,1.0,,,
DB,5,0.0125806525327845,0.0728634757135913,0.0586977316489286,0.5133333333333333,0.4866666666666667,300,main_N200_T20_rho0.2_xsd1,200,20,0.2,1.0,,,
DB,6,-0.0019937376623449,0.0750876800184785,0.05925621493052,0.55,0.45,300,main_N200_T20_rho0.2_xsd1,200,20,0.2,1.0,,,
FE,0,0.0002724437634753,0.021628672071428,0.0174687843976678,0.7566666666666667,1.0,300,main_N200_T20_rho0.2_xsd1,200,20,0.2,1.0,,,
FE,1,0.04117605934956,0.0754653293722722,0.0615740034208808,0.4366666666666666,0.6966666666666667,300,main_N200_T20_rho0.2_xsd1,200,20,0.2,1.0,,,
FE,2,0.0522356531863966,0.0818222035480687,0.0676528185493893,0.4266666666666667,0.4933333333333333,300,main_N200_T20_rho0.2_xsd1,200,20,0.2,1.0,,,
FE,3,0.0519654793510589,0.0870844187330924,0.0683329421004485,0.4366666666666666,0.5433333333333333,300,main_N200_T20_rho0.2_xsd1,200,20,0.2,1.0,,,
FE,4,0.0514786148575451,0.0851148378370459,0.0690990833984768,0.4433333333333333,0.5533333333333333,300,main_N200_T20_rho0.2_xsd1,200,20,0.2,1.0,,,
FE,5,0.0481926646773262,0.0863282216954826,0.0714522243538364,0.4233333333333333,0.5733333333333334,300,main_N200_T20_rho0.2_xsd1,200,20,0.2,1.0,,,
FE,6,0.0307356670055213,0.0816272594912515,0.0648119279491598,0.4633333333333333,0.5366666666666666,300,main_N200_T20_rho0.2_xsd1,200,20,0.2,1.0,,,
HPJ,0,0.0029808512302552,0.0575861316887488,0.0459929995566669,0.3166666666666666,1.0,300,main_N200_T20_rho0.2_xsd1,200,20,0.2,1.0,,,
HPJ,1,0.0414783984272781,0.0877307719572012,0.0704439142358073,0.39,0.7133333333333334,300,main_N200_T20_rho0.2_xsd1,200,20,0.2,1.0,,,
HPJ,2,0.0509301934742482,0.087952318013095,0.0725343114379713,0.3666666666666666,0.57,300,main_N200_T20_rho0.2_xsd1,200,20,0.2,1.0,,,
HPJ,3,0.0528731538002882,0.0985096155303349,0.0785226232449366,0.3666666666666666,0.6066666666666667,300,main_N200_T20_rho0.2_xsd1,200,20,0.2,1.0,,,
HPJ,4,0.0527767411915239,0.0972669864885825,0.0764416429765736,0.4233333333333333,0.5733333333333334,300,main_N200_T20_rho0.2_xsd1,200,20,0.2,1.0,,,
HPJ,5,0.0504994944849112,0.0952571196126218,0.0771231267290711,0.4,0.6,300,main_N200_T20_rho0.2_xsd1,200,20,0.2,1.0,,,
HPJ,6,0.0287375365202446,0.0892907168288404,0.0697091441472384,0.46,0.54,300,main_N200_T20_rho0.2_xsd1,200,20,0.2,1.0,,,
SPJ,0,0.0005159202098066,0.0219885384988099,0.017625621593574,0.77,1.0,300,main_N200_T20_rho0.2_xsd1,200,20,0.2,1.0,,,
SPJ,1,0.0006157028806776,0.0737428194750809,0.0596471567770851,0.4966666666666666,0.8433333333333334,300,main_N200_T20_rho0.2_xsd1,200,20,0.2,1.0,,,
SPJ,2,0.0124082345687599,0.0769475847462251,0.060901540068817,0.52,0.4433333333333333,300,main_N200_T20_rho0.2_xsd1,200,20,0.2,1.0,,,
SPJ,3,0.0204855909510161,0.0821320627053995,0.0646120825536808,0.5233333333333333,0.4466666666666666,300,main_N200_T20_rho0.2_xsd1,200,20,0.2,1.0,,,
SPJ,4,0.0316087673700891,0.0840967584546568,0.0677091204469876,0.5066666666666667,0.49,300,main_N200_T20_rho0.2_xsd1,200,20,0.2,1.0,,,
SPJ,5,0.0445681908001379,0.0901897399153339,0.0732887332542288,0.4666666666666667,0.5333333333333333,300,main_N200_T20_rho0.2_xsd1,200,20,0.2,1.0,,,
SPJ,6,0.0486349637332444,0.0996700659207065,0.0764390208790638,0.49,0.51,300,main_N200_T20_rho0.2_xsd1,200,20,0.2,1.0,,,
CDOLS,0,0.0008734681834448,0.0244474687106014,0.0190504940877006,0.9233333333333332,1.0,300,main_N200_T20_rho0.5_xsd0,200,20,0.5,0.0,,,
CDOLS,1,-0.0189717908354955,0.0305416877634017,0.0242617567603001,0.89,1.0,300,main_N200_T20_rho0.5_xsd0,200,20,0.5,0.0,,,
CDOLS,2,-0.0302896981051835,0.0407294445581625,0.034179839411176,0.7833333333333333,1.0,300,main_N200_T20_rho0.5_xsd0,200,20,0.5,0.0,,,
CDOLS,3,-0.0340964457603974,0.0438781319822854,0.037168349568319,0.75,0.97,300,main_N200_T20_rho0.5_xsd0,200,20,0.5,0.0,,,
CDOLS,4,-0.0402855726502294,0.0492950548323439,0.0416247017571299,0.7066666666666667,0.7766666666666666,300,main_N200_T20_rho0.5_xsd0,200,20,0.5,0.0,,,
CDOLS,5,-0.0390070648280569,0.0489347418242659,0.0410164589611117,0.73,0.5,300,main_N200_T20_rho0.5_xsd0,200,20,0.5,0.0,,,
CDOLS,6,-0.0365354587878894,0.0477914441663359,0.040091228510867,0.7866666666666666,0.3433333333333333,300,main_N200_T20_rho0.5_xsd0,200,20,0.5,0.0,,,
DB,0,0.0001490057539154,0.0147120482607577,0.0118393152813621,0.9433333333333334,1.0,300,main_N200_T20_rho0.5_xsd0,200,20,0.5,0.0,,,
DB,1,0.0099528126784064,0.020335319735495,0.016257279639324,0.9133333333333332,1.0,300,main_N200_T20_rho0.5_xsd0,200,20,0.5,0.0,,,
DB,2,0.017547060918435,0.0263135907809101,0.0217959302432335,0.8266666666666667,1.0,300,main_N200_T20_rho0.5_xsd0,200,20,0.5,0.0,,,
DB,3,0.0238344456802686,0.0316280487689973,0.0260291833553635,0.7133333333333334,0.75,300,main_N200_T20_rho0.5_xsd0,200,20,0.5,0.0,,,
DB,4,0.0254358999672709,0.0328334014058456,0.0279305346922916,0.7066666666666667,0.1033333333333333,300,main_N200_T20_rho0.5_xsd0,200,20,0.5,0.0,,,
DB,5,0.0300122006033739,0.0364024174319277,0.0311677276370734,0.66,0.0866666666666666,300,main_N200_T20_rho0.5_xsd0,200,20,0.5,0.0,,,
DB,6,0.0317858420651352,0.0397823473046746,0.0340230058516362,0.6666666666666666,0.2333333333333333,300,main_N200_T20_rho0.5_xsd0,200,20,0.5,0.0,,,
FE,0,0.0001490057539154,0.0147120482607577,0.0118393152813621,0.9433333333333334,1.0,300,main_N200_T20_rho0.5_xsd0,200,20,0.5,0.0,,,
FE,1,0.0505125460039134,0.0533704890525854,0.0505125460039134,0.1566666666666666,1.0,300,main_N200_T20_rho0.5_xsd0,200,20,0.5,0.0,,,
FE,2,0.0752204017178761,0.0775442434456598,0.0752204017178761,0.0166666666666666,0.9866666666666668,300,main_N200_T20_rho0.5_xsd0,200,20,0.5,0.0,,,
FE,3,0.0879543207900597,0.0902604350769999,0.0879543207900597,0.0066666666666666,0.1333333333333333,300,main_N200_T20_rho0.5_xsd0,200,20,0.5,0.0,,,
FE,4,0.0907198413909837,0.0930401835063399,0.0907198413909837,0.0133333333333333,0.7533333333333333,300,main_N200_T20_rho0.5_xsd0,200,20,0.5,0.0,,,
FE,5,0.0932899951323177,0.0955405217760233,0.0932899951323177,0.0033333333333333,0.96,300,main_N200_T20_rho0.5_xsd0,200,20,0.5,0.0,,,
FE,6,0.0904741161693239,0.0936391918871322,0.0904741161693239,0.02,0.9466666666666668,300,main_N200_T20_rho0.5_xsd0,200,20,0.5,0.0,,,
HPJ,0,-0.0005967908197243,0.0393310463723979,0.0313910704557141,0.5366666666666666,1.0,300,main_N200_T20_rho0.5_xsd0,200,20,0.5,0.0,,,
HPJ,1,0.0526639335984375,0.0721617783836101,0.0609890497906109,0.3066666666666666,1.0,300,main_N200_T20_rho0.5_xsd0,200,20,0.5,0.0,,,
HPJ,2,0.0759855152919016,0.0915691634970983,0.078650679726254,0.2033333333333333,0.78,300,main_N200_T20_rho0.5_xsd0,200,20,0.5,0.0,,,
HPJ,3,0.0936453784736555,0.1088841009942464,0.0954073338263498,0.1333333333333333,0.4866666666666667,300,main_N200_T20_rho0.5_xsd0,200,20,0.5,0.0,,,
HPJ,4,0.0928547761050461,0.1082252283563479,0.0953860675230527,0.1433333333333333,0.68,300,main_N200_T20_rho0.5_xsd0,200,20,0.5,0.0,,,
HPJ,5,0.0919448549976092,0.1107211727276762,0.0958083279668074,0.2,0.7633333333333333,300,main_N200_T20_rho0.5_xsd0,200,20,0.5,0.0,,,
HPJ,6,0.0887627519872667,0.1095019220721407,0.0933135649504123,0.2233333333333333,0.7466666666666667,300,main_N200_T20_rho0.5_xsd0,200,20,0.5,0.0,,,
SPJ,0,0.0002034389575399,0.0159924149852461,0.012497281620561,0.97,1.0,300,main_N200_T20_rho0.5_xsd0,200,20,0.5,0.0,,,
SPJ,1,-0.0032813942902396,0.0201162138804878,0.0161734987217036,0.9566666666666668,1.0,300,main_N200_T20_rho0.5_xsd0,200,20,0.5,0.0,,,
SPJ,2,0.002530981565451,0.0227380375235707,0.0184065052445228,0.9633333333333334,1.0,300,main_N200_T20_rho0.5_xsd0,200,20,0.5,0.0,,,
SPJ,3,0.0182168158800172,0.0305222230861267,0.0247142498616157,0.87,0.63,300,main_N200_T20_rho0.5_xsd0,200,20,0.5,0.0,,,
SPJ,4,0.0386069571975409,0.0458330296720654,0.0399872861308803,0.6433333333333333,0.05,300,main_N200_T20_rho0.5_xsd0,200,20,0.5,0.0,,,
SPJ,5,0.0729559213013839,0.0772021014758709,0.0729559213013839,0.22,0.5366666666666666,300,main_N200_T20_rho0.5_xsd0,200,20,0.5,0.0,,,
SPJ,6,0.108987620048299,0.1126435709711894,0.108987620048299,0.02,0.95,300,main_N200_T20_rho0.5_xsd0,200,20,0.5,0.0,,,
CDOLS,0,0.000617778641056,0.026578595612191,0.0212670695398141,0.9233333333333332,1.0,300,main_N200_T20_rho0.5_xsd1,200,20,0.5,1.0,,,
CDOLS,1,-0.0105163926587476,0.0665542751390776,0.0532814856283746,0.43,1.0,300,main_N200_T20_rho0.5_xsd1,200,20,0.5,1.0,,,
CDOLS,2,-0.0129750026469382,0.0711364254568779,0.0570735453456637,0.41,0.95,300,main_N200_T20_rho0.5_xsd1,200,20,0.5,1.0,,,
CDOLS,3,-0.0145588466171231,0.079030867390515,0.0633468804730508,0.4166666666666667,0.77,300,main_N200_T20_rho0.5_xsd1,200,20,0.5,1.0,,,
CDOLS,4,-0.0142563814448454,0.0799051979153335,0.062737490170725,0.45,0.6633333333333333,300,main_N200_T20_rho0.5_xsd1,200,20,0.5,1.0,,,
CDOLS,5,-0.0147981563871339,0.081924202055278,0.0652671851239755,0.4366666666666666,0.5933333333333334,300,main_N200_T20_rho0.5_xsd1,200,20,0.5,1.0,,,
CDOLS,6,-0.0286401130763422,0.0876722802794873,0.0695219620685037,0.47,0.5733333333333334,300,main_N200_T20_rho0.5_xsd1,200,20,0.5,1.0,,,
DB,0,0.0003541903499034,0.0186969196272559,0.0149678599204698,0.7833333333333333,1.0,300,main_N200_T20_rho0.5_xsd1,200,20,0.5,1.0,,,
DB,1,0.017909362373775,0.061332109498764,0.0512229198302723,0.46,1.0,300,main_N200_T20_rho0.5_xsd1,200,20,0.5,1.0,,,
DB,2,0.0304604090862954,0.0773194410267728,0.0627740816262108,0.4433333333333333,0.86,300,main_N200_T20_rho0.5_xsd1,200,20,0.5,1.0,,,
DB,3,0.035282401451965,0.0842533308249187,0.06713088097809,0.44,0.5666666666666667,300,main_N200_T20_rho0.5_xsd1,200,20,0.5,1.0,,,
DB,4,0.0372255647477966,0.0820102762315394,0.0666113342098788,0.44,0.4933333333333333,300,main_N200_T20_rho0.5_xsd1,200,20,0.5,1.0,,,
DB,5,0.0324215028018191,0.0827508291097021,0.0675077625623538,0.4333333333333333,0.52,300,main_N200_T20_rho0.5_xsd1,200,20,0.5,1.0,,,
DB,6,0.0188309246440357,0.085299956044541,0.0672308641341602,0.4466666666666666,0.5233333333333333,300,main_N200_T20_rho0.5_xsd1,200,20,0.5,1.0,,,
FE,0,0.0003541903499034,0.0186969196272559,0.0149678599204698,0.7833333333333333,1.0,300,main_N200_T20_rho0.5_xsd1,200,20,0.5,1.0,,,
FE,1,0.0582376322502401,0.0811093006801158,0.068247203720527,0.35,1.0,300,main_N200_T20_rho0.5_xsd1,200,20,0.5,1.0,,,
FE,2,0.0874408406528396,0.1101403021332047,0.0953546108634858,0.2533333333333333,0.61,300,main_N200_T20_rho0.5_xsd1,200,20,0.5,1.0,,,
FE,3,0.0987164850630241,0.1234432835697709,0.1042025218748683,0.2366666666666666,0.5133333333333333,300,main_N200_T20_rho0.5_xsd1,200,20,0.5,1.0,,,
FE,4,0.1020685364521795,0.1254124000844347,0.1069681727277304,0.2266666666666666,0.6533333333333333,300,main_N200_T20_rho0.5_xsd1,200,20,0.5,1.0,,,
FE,5,0.0955327704366285,0.1223668566568406,0.1032989768790742,0.2633333333333333,0.6666666666666666,300,main_N200_T20_rho0.5_xsd1,200,20,0.5,1.0,,,
FE,6,0.077561479677236,0.1148858589174629,0.093536768298445,0.3166666666666666,0.6466666666666666,300,main_N200_T20_rho0.5_xsd1,200,20,0.5,1.0,,,
HPJ,0,0.0028109644776479,0.0492275098776537,0.0394703634758874,0.3333333333333333,1.0,300,main_N200_T20_rho0.5_xsd1,200,20,0.5,1.0,,,
HPJ,1,0.0585833941101951,0.0903660719436547,0.0738929154680412,0.34,0.9966666666666668,300,main_N200_T20_rho0.5_xsd1,200,20,0.5,1.0,,,
HPJ,2,0.0865008705252006,0.1143142224459178,0.0963745851369741,0.2433333333333333,0.64,300,main_N200_T20_rho0.5_xsd1,200,20,0.5,1.0,,,
HPJ,3,0.0998513831276623,0.1316579758520047,0.1084869339751802,0.2733333333333333,0.5866666666666667,300,main_N200_T20_rho0.5_xsd1,200,20,0.5,1.0,,,
HPJ,4,0.1035419397077606,0.1343822173030999,0.1129387419508258,0.2266666666666666,0.62,300,main_N200_T20_rho0.5_xsd1,200,20,0.5,1.0,,,
HPJ,5,0.0978882059889087,0.1296571060308144,0.1094408185892385,0.23,0.6866666666666666,300,main_N200_T20_rho0.5_xsd1,200,20,0.5,1.0,,,
HPJ,6,0.0770923541967259,0.1214638088796286,0.0983705037462043,0.3366666666666666,0.6333333333333333,300,main_N200_T20_rho0.5_xsd1,200,20,0.5,1.0,,,
SPJ,0,0.000606820639556,0.0187722005710757,0.0149435574682952,0.8533333333333334,1.0,300,main_N200_T20_rho0.5_xsd1,200,20,0.5,1.0,,,
SPJ,1,0.0014781129024357,0.0696990719717057,0.056065347804418,0.5333333333333333,1.0,300,main_N200_T20_rho0.5_xsd1,200,20,0.5,1.0,,,
SPJ,2,0.0155559915148638,0.092060049952197,0.0726737628070631,0.4633333333333333,0.8366666666666667,300,main_N200_T20_rho0.5_xsd1,200,20,0.5,1.0,,,
SPJ,3,0.0325741020353951,0.1061460642082516,0.0851942831257039,0.4033333333333333,0.53,300,main_N200_T20_rho0.5_xsd1,200,20,0.5,1.0,,,
SPJ,4,0.0550460861271914,0.1149025825684544,0.0944007337646446,0.35,0.5366666666666666,300,main_N200_T20_rho0.5_xsd1,200,20,0.5,1.0,,,
SPJ,5,0.0781249975103268,0.1262088698562358,0.1030644114837281,0.3433333333333333,0.6033333333333334,300,main_N200_T20_rho0.5_xsd1,200,20,0.5,1.0,,,
SPJ,6,0.0991739192947769,0.1478400019520647,0.1153010158671961,0.3366666666666666,0.6366666666666667,300,main_N200_T20_rho0.5_xsd1,200,20,0.5,1.0,,,
CDOLS,0,0.0008804802363535,0.0244515714387066,0.0190799323402085,0.92,1.0,300,main_N200_T20_rho0.8_xsd0,200,20,0.8,0.0,,,
CDOLS,1,-0.0169517783603157,0.0294175202633112,0.0232403770001129,0.8966666666666666,1.0,300,main_N200_T20_rho0.8_xsd0,200,20,0.8,0.0,,,
CDOLS,2,-0.0328828056494152,0.0433333113578817,0.0365916588879396,0.7566666666666667,1.0,300,main_N200_T20_rho0.8_xsd0,200,20,0.8,0.0,,,
CDOLS,3,-0.0439605269219112,0.0526659326161295,0.0456944888181709,0.6566666666666666,1.0,300,main_N200_T20_rho0.8_xsd0,200,20,0.8,0.0,,,
CDOLS,4,-0.0573751734106383,0.0647485007209462,0.0578368860578214,0.5366666666666666,1.0,300,main_N200_T20_rho0.8_xsd0,200,20,0.8,0.0,,,
CDOLS,5,-0.0627818905677554,0.0705330459309133,0.0631843802599511,0.5133333333333333,1.0,300,main_N200_T20_rho0.8_xsd0,200,20,0.8,0.0,,,
CDOLS,6,-0.0659318148610356,0.0741327899785222,0.0663926804710547,0.51,1.0,300,main_N200_T20_rho0.8_xsd0,200,20,0.8,0.0,,,
DB,0,-0.0001044462113403,0.0119578752894111,0.0096186664773361,0.9533333333333334,1.0,300,main_N200_T20_rho0.8_xsd0,200,20,0.8,0.0,,,
DB,1,0.0239490660143765,0.0282790797998376,0.0245981784362943,0.6133333333333333,1.0,300,main_N200_T20_rho0.8_xsd0,200,20,0.8,0.0,,,
DB,2,0.0490919210699324,0.0524141376478594,0.0490998697662999,0.19,1.0,300,main_N200_T20_rho0.8_xsd0,200,20,0.8,0.0,,,
DB,3,0.074596629526552,0.077426028837242,0.074596629526552,0.0333333333333333,1.0,300,main_N200_T20_rho0.8_xsd0,200,20,0.8,0.0,,,
DB,4,0.0970966552275018,0.0995315781363114,0.0970966552275018,0.0,1.0,300,main_N200_T20_rho0.8_xsd0,200,20,0.8,0.0,,,
DB,5,0.1186119534649661,0.1209986681767463,0.1186119534649661,0.0,0.95,300,main_N200_T20_rho0.8_xsd0,200,20,0.8,0.0,,,
DB,6,0.1340873724048308,0.1364928854613261,0.1340873724048308,0.0,0.2633333333333333,300,main_N200_T20_rho0.8_xsd0,200,20,0.8,0.0,,,
FE,0,-0.0001044462113403,0.0119578752894111,0.0096186664773361,0.9533333333333334,1.0,300,main_N200_T20_rho0.8_xsd0,200,20,0.8,0.0,,,
FE,1,0.0681309703972018,0.0696529598145633,0.0681309703972018,0.0033333333333333,1.0,300,main_N200_T20_rho0.8_xsd0,200,20,0.8,0.0,,,
FE,2,0.1236427385103757,0.1248430635166023,0.1236427385103757,0.0,1.0,300,main_N200_T20_rho0.8_xsd0,200,20,0.8,0.0,,,
FE,3,0.1689968534802816,0.170105145733192,0.1689968534802816,0.0,1.0,300,main_N200_T20_rho0.8_xsd0,200,20,0.8,0.0,,,
FE,4,0.2028968239034083,0.2039420445924786,0.2028968239034083,0.0,0.6,300,main_N200_T20_rho0.8_xsd0,200,20,0.8,0.0,,,
FE,5,0.2284587432107575,0.2296044557315966,0.2284587432107575,0.0,0.3833333333333333,300,main_N200_T20_rho0.8_xsd0,200,20,0.8,0.0,,,
FE,6,0.2408675658125027,0.2421572506601531,0.2408675658125027,0.0,0.9566666666666668,300,main_N200_T20_rho0.8_xsd0,200,20,0.8,0.0,,,
HPJ,0,6.351723643031659e-05,0.0325985545992031,0.0255183010747317,0.53,1.0,300,main_N200_T20_rho0.8_xsd0,200,20,0.8,0.0,,,
HPJ,1,0.0698919611536592,0.0807814152975208,0.0709821854961001,0.1466666666666666,1.0,300,main_N200_T20_rho0.8_xsd0,200,20,0.8,0.0,,,
HPJ,2,0.1248064327022391,0.1344668291368186,0.1251236567496582,0.04,1.0,300,main_N200_T20_rho0.8_xsd0,200,20,0.8,0.0,,,
HPJ,3,0.1730008820263969,0.182684241958929,0.1731091291596255,0.0133333333333333,0.96,300,main_N200_T20_rho0.8_xsd0,200,20,0.8,0.0,,,
HPJ,4,0.2039592393347114,0.2123938657017852,0.2039592393347114,0.0033333333333333,0.6066666666666667,300,main_N200_T20_rho0.8_xsd0,200,20,0.8,0.0,,,
HPJ,5,0.2258917521021915,0.2349612309939433,0.2258917521021915,0.0,0.6133333333333333,300,main_N200_T20_rho0.8_xsd0,200,20,0.8,0.0,,,
HPJ,6,0.2372153173372783,0.2461845657651587,0.2372153173372783,0.0,0.7366666666666667,300,main_N200_T20_rho0.8_xsd0,200,20,0.8,0.0,,,
SPJ,0,-0.0001482941660428,0.0142266142368169,0.0115155561432509,0.9766666666666668,1.0,300,main_N200_T20_rho0.8_xsd0,200,20,0.8,0.0,,,
SPJ,1,-0.0053177225375931,0.0199307717908532,0.0162305665003853,0.96,1.0,300,main_N200_T20_rho0.8_xsd0,200,20,0.8,0.0,,,
SPJ,2,0.0065581377898919,0.0259310789219863,0.0210687133621589,0.9133333333333332,1.0,300,main_N200_T20_rho0.8_xsd0,200,20,0.8,0.0,,,
SPJ,3,0.0376087769499304,0.0480486839451729,0.0406089653367943,0.68,1.0,300,main_N200_T20_rho0.8_xsd0,200,20,0.8,0.0,,,
SPJ,4,0.0853892660929363,0.0915240802152277,0.0855579839215554,0.1966666666666666,1.0,300,main_N200_T20_rho0.8_xsd0,200,20,0.8,0.0,,,
SPJ,5,0.1518147809975625,0.1559181245695226,0.1518147809975625,0.0066666666666666,0.3466666666666667,300,main_N200_T20_rho0.8_xsd0,200,20,0.8,0.0,,,
SPJ,6,0.2224242909853139,0.225331389488358,0.2224242909853139,0.0,0.5966666666666667,300,main_N200_T20_rho0.8_xsd0,200,20,0.8,0.0,,,
CDOLS,0,0.0005924513180412,0.0267547548736236,0.0213581812047354,0.9233333333333332,1.0,300,main_N200_T20_rho0.8_xsd1,200,20,0.8,1.0,,,
CDOLS,1,-0.0084644759476107,0.0662311060841659,0.0530124534903493,0.4366666666666666,1.0,300,main_N200_T20_rho0.8_xsd1,200,20,0.8,1.0,,,
CDOLS,2,-0.0127070313201623,0.0782691363177517,0.062937373655625,0.37,1.0,300,main_N200_T20_rho0.8_xsd1,200,20,0.8,1.0,,,
CDOLS,3,-0.0168911726752504,0.0909278452565538,0.0721447425422822,0.39,0.9966666666666668,300,main_N200_T20_rho0.8_xsd1,200,20,0.8,1.0,,,
CDOLS,4,-0.0170317871229804,0.097933295870536,0.0782521751103303,0.3866666666666666,0.98,300,main_N200_T20_rho0.8_xsd1,200,20,0.8,1.0,,,
CDOLS,5,-0.0214047162450762,0.10104306312404,0.080265527139886,0.4,0.9566666666666668,300,main_N200_T20_rho0.8_xsd1,200,20,0.8,1.0,,,
CDOLS,6,-0.0372695290402831,0.1134461869894967,0.0888568701137178,0.4,0.91,300,main_N200_T20_rho0.8_xsd1,200,20,0.8,1.0,,,
DB,0,0.0004211863464047,0.0129130957861764,0.0102895779745257,0.86,1.0,300,main_N200_T20_rho0.8_xsd1,200,20,0.8,1.0,,,
DB,1,0.0362554274272245,0.0593901963994434,0.0494875834123244,0.38,1.0,300,main_N200_T20_rho0.8_xsd1,200,20,0.8,1.0,,,
DB,2,0.0694929094982444,0.1005635711786871,0.0846797353234735,0.27,1.0,300,main_N200_T20_rho0.8_xsd1,200,20,0.8,1.0,,,
DB,3,0.0970315344705881,0.1304003766469715,0.1114515495730648,0.21,0.9766666666666668,300,main_N200_T20_rho0.8_xsd1,200,20,0.8,1.0,,,
DB,4,0.1188674457578047,0.1501834229981062,0.130944452796838,0.18,0.85,300,main_N200_T20_rho0.8_xsd1,200,20,0.8,1.0,,,
DB,5,0.1299742207708078,0.1624472863400361,0.1418742775092442,0.1533333333333333,0.63,300,main_N200_T20_rho0.8_xsd1,200,20,0.8,1.0,,,
DB,6,0.1317317654368884,0.1682247898392189,0.146140188494872,0.14,0.5766666666666667,300,main_N200_T20_rho0.8_xsd1,200,20,0.8,1.0,,,
FE,0,0.0004211863464047,0.0129130957861764,0.0102895779745257,0.86,1.0,300,main_N200_T20_rho0.8_xsd1,200,20,0.8,1.0,,,
FE,1,0.0806626589975232,0.0927710633778671,0.0821234405036182,0.17,1.0,300,main_N200_T20_rho0.8_xsd1,200,20,0.8,1.0,,,
FE,2,0.1435357872705217,0.1592073355686673,0.1449819268173029,0.06,0.9933333333333332,300,main_N200_T20_rho0.8_xsd1,200,20,0.8,1.0,,,
FE,3,0.1899851288296734,0.2070274317783795,0.1905699268332184,0.06,0.83,300,main_N200_T20_rho0.8_xsd1,200,20,0.8,1.0,,,
FE,4,0.2223812697909482,0.2389057101590035,0.2226276314888882,0.0366666666666666,0.5466666666666666,300,main_N200_T20_rho0.8_xsd1,200,20,0.8,1.0,,,
FE,5,0.2368715338372841,0.2548608126097862,0.2369761681263904,0.0366666666666666,0.6666666666666666,300,main_N200_T20_rho0.8_xsd1,200,20,0.8,1.0,,,
FE,6,0.2350434534006282,0.2566576233065821,0.2359545221223492,0.0533333333333333,0.7366666666666667,300,main_N200_T20_rho0.8_xsd1,200,20,0.8,1.0,,,
HPJ,0,0.002434176179765,0.0336795364837151,0.0266785051219749,0.4233333333333333,1.0,300,main_N200_T20_rho0.8_xsd1,200,20,0.8,1.0,,,
HPJ,1,0.0812601499974025,0.0981757253983437,0.0846752254635465,0.2066666666666666,1.0,300,main_N200_T20_rho0.8_xsd1,200,20,0.8,1.0,,,
HPJ,2,0.1430708894260341,0.1620570038288572,0.1450677891728778,0.09,0.9933333333333332,300,main_N200_T20_rho0.8_xsd1,200,20,0.8,1.0,,,
HPJ,3,0.1907892804931142,0.2120212138505131,0.1924802333574484,0.0633333333333333,0.81,300,main_N200_T20_rho0.8_xsd1,200,20,0.8,1.0,,,
HPJ,4,0.2232331271569592,0.2444594004257582,0.224346000197006,0.0566666666666666,0.6166666666666667,300,main_N200_T20_rho0.8_xsd1,200,20,0.8,1.0,,,
HPJ,5,0.2382115697845199,0.2597465195138307,0.2401274967345397,0.0433333333333333,0.7266666666666667,300,main_N200_T20_rho0.8_xsd1,200,20,0.8,1.0,,,
HPJ,6,0.2352059772416869,0.2609093298493269,0.2388115239779009,0.04,0.7333333333333333,300,main_N200_T20_rho0.8_xsd1,200,20,0.8,1.0,,,
SPJ,0,0.0005441056516992,0.0133694702371681,0.0106116078157072,0.9333333333333332,1.0,300,main_N200_T20_rho0.8_xsd1,200,20,0.8,1.0,,,
SPJ,1,0.0023213319607989,0.0638262670685784,0.0517601510413611,0.5366666666666666,1.0,300,main_N200_T20_rho0.8_xsd1,200,20,0.8,1.0,,,
SPJ,2,0.0248785670565519,0.1079570962426516,0.0896175249000642,0.3466666666666667,1.0,300,main_N200_T20_rho0.8_xsd1,200,20,0.8,1.0,,,
SPJ,3,0.0618729518002001,0.1478025710884637,0.1256363275109558,0.2466666666666666,0.9633333333333334,300,main_N200_T20_rho0.8_xsd1,200,20,0.8,1.0,,,
SPJ,4,0.1117538281552151,0.1831367061876197,0.1572500234714781,0.2133333333333333,0.72,300,main_N200_T20_rho0.8_xsd1,200,20,0.8,1.0,,,
SPJ,5,0.168168521326363,0.2262151632650374,0.1928894863428399,0.1766666666666666,0.64,300,main_N200_T20_rho0.8_xsd1,200,20,0.8,1.0,,,
SPJ,6,0.2256873260893026,0.2756730148754618,0.2376793928464666,0.1266666666666666,0.66,300,main_N200_T20_rho0.8_xsd1,200,20,0.8,1.0,,,
CDOLS,0,0.0008726779989477,0.0243067601181457,0.0189760331217785,0.92,1.0,300,main_N200_T20_rho0.95_xsd0,200,20,0.95,0.0,,,
CDOLS,1,-0.0158207757617603,0.0288019359107364,0.0227024786415615,0.9033333333333332,1.0,300,main_N200_T20_rho0.95_xsd0,200,20,0.95,0.0,,,
CDOLS,2,-0.0336300990784242,0.0443894397005784,0.0374767732979118,0.7466666666666667,1.0,300,main_N200_T20_rho0.95_xsd0,200,20,0.95,0.0,,,
CDOLS,3,-0.0491469843344553,0.0578780193845462,0.050375088831373,0.6366666666666667,1.0,300,main_N200_T20_rho0.95_xsd0,200,20,0.95,0.0,,,
CDOLS,4,-0.0687217151795082,0.0759101925886435,0.0689895230681091,0.4566666666666666,1.0,300,main_N200_T20_rho0.95_xsd0,200,20,0.95,0.0,,,
CDOLS,5,-0.0816768137077825,0.089221333092843,0.0820238747173496,0.39,1.0,300,main_N200_T20_rho0.95_xsd0,200,20,0.95,0.0,,,
CDOLS,6,-0.09335180055967,0.1010818712316323,0.0935158255916921,0.31,1.0,300,main_N200_T20_rho0.95_xsd0,200,20,0.95,0.0,,,
DB,0,-0.0002456796826825,0.0095507431292006,0.0077547847941225,0.9266666666666666,1.0,300,main_N200_T20_rho0.95_xsd0,200,20,0.95,0.0,,,
DB,1,0.0386102780782717,0.0405103044105382,0.0386199445650764,0.09,1.0,300,main_N200_T20_rho0.95_xsd0,200,20,0.95,0.0,,,
DB,2,0.0813986066346993,0.0830118998075308,0.0813986066346993,0.0,1.0,300,main_N200_T20_rho0.95_xsd0,200,20,0.95,0.0,,,
DB,3,0.127693212551841,0.1292409655346172,0.127693212551841,0.0,1.0,300,main_N200_T20_rho0.95_xsd0,200,20,0.95,0.0,,,
DB,4,0.1753341293357706,0.1768882070404623,0.1753341293357706,0.0,1.0,300,main_N200_T20_rho0.95_xsd0,200,20,0.95,0.0,,,
DB,5,0.2246761415312673,0.2261986403241808,0.2246761415312673,0.0,1.0,300,main_N200_T20_rho0.95_xsd0,200,20,0.95,0.0,,,
DB,6,0.2724941249233755,0.2738172758360407,0.2724941249233755,0.0,1.0,300,main_N200_T20_rho0.95_xsd0,200,20,0.95,0.0,,,
FE,0,-0.0002456796826825,0.0095507431292006,0.0077547847941225,0.9266666666666666,1.0,300,main_N200_T20_rho0.95_xsd0,200,20,0.95,0.0,,,
FE,1,0.0770770749072361,0.0780173574811488,0.0770770749072361,0.0,1.0,300,main_N200_T20_rho0.95_xsd0,200,20,0.95,0.0,,,
FE,2,0.1503389585870221,0.1511907619800676,0.1503389585870221,0.0,1.0,300,main_N200_T20_rho0.95_xsd0,200,20,0.95,0.0,,,
FE,3,0.219381232747707,0.2202604195147208,0.219381232747707,0.0,1.0,300,main_N200_T20_rho0.95_xsd0,200,20,0.95,0.0,,,
FE,4,0.2818918238099541,0.2828576166156148,0.2818918238099541,0.0,1.0,300,main_N200_T20_rho0.95_xsd0,200,20,0.95,0.0,,,
FE,5,0.3375594117299819,0.3386008725600131,0.3375594117299819,0.0,1.0,300,main_N200_T20_rho0.95_xsd0,200,20,0.95,0.0,,,
FE,6,0.3818133680168191,0.3828176672332561,0.3818133680168191,0.0,0.7766666666666666,300,main_N200_T20_rho0.95_xsd0,200,20,0.95,0.0,,,
HPJ,0,1.925279791280506e-05,0.0253226665476524,0.0200453315178999,0.5333333333333333,1.0,300,main_N200_T20_rho0.95_xsd0,200,20,0.95,0.0,,,
HPJ,1,0.0791090046646754,0.0851005338321727,0.0793314509078193,0.0366666666666666,1.0,300,main_N200_T20_rho0.95_xsd0,200,20,0.95,0.0,,,
HPJ,2,0.1531977347619398,0.1595814848663644,0.1532729599362007,0.0133333333333333,1.0,300,main_N200_T20_rho0.95_xsd0,200,20,0.95,0.0,,,
HPJ,3,0.2247613270737997,0.2315104237725767,0.2247613270737997,0.0,1.0,300,main_N200_T20_rho0.95_xsd0,200,20,0.95,0.0,,,
HPJ,4,0.2854354268562206,0.2922743693918206,0.2854354268562206,0.0,0.9966666666666668,300,main_N200_T20_rho0.95_xsd0,200,20,0.95,0.0,,,
HPJ,5,0.3384064264597187,0.3455447757823032,0.3384064264597187,0.0,0.9166666666666666,300,main_N200_T20_rho0.95_xsd0,200,20,0.95,0.0,,,
HPJ,6,0.3821131651107284,0.3890589951559499,0.3821131651107284,0.0,0.6433333333333333,300,main_N200_T20_rho0.95_xsd0,200,20,0.95,0.0,,,
SPJ,0,-0.0001278776968234,0.0129897703209792,0.0107788556563018,0.9766666666666668,1.0,300,main_N200_T20_rho0.95_xsd0,200,20,0.95,0.0,,,
SPJ,1,-0.0040766666712846,0.0182073366930517,0.0147438565417336,0.9466666666666668,1.0,300,main_N200_T20_rho0.95_xsd0,200,20,0.95,0.0,,,
SPJ,2,0.0129543230610677,0.0281935469492722,0.0232432087846362,0.85,1.0,300,main_N200_T20_rho0.95_xsd0,200,20,0.95,0.0,,,
SPJ,3,0.0517767126983241,0.0609392884695983,0.0531071683790005,0.5,1.0,300,main_N200_T20_rho0.95_xsd0,200,20,0.95,0.0,,,
SPJ,4,0.1137766582203701,0.1199136482551887,0.1137766582203701,0.09,1.0,300,main_N200_T20_rho0.95_xsd0,200,20,0.95,0.0,,,
SPJ,5,0.1961636127829142,0.2005968884414178,0.1961636127829142,0.0,1.0,300,main_N200_T20_rho0.95_xsd0,200,20,0.95,0.0,,,
SPJ,6,0.2901537131562172,0.2934132538270015,0.2901537131562172,0.0,0.99,300,main_N200_T20_rho0.95_xsd0,200,20,0.95,0.0,,,
CDOLS,0,0.0005423690018077,0.0268431726899127,0.0213913358225158,0.9233333333333332,1.0,300,main_N200_T20_rho0.95_xsd1,200,20,0.95,1.0,,,
CDOLS,1,-0.0078716693712795,0.0664338898685758,0.0536538900694463,0.41,1.0,300,main_N200_T20_rho0.95_xsd1,200,20,0.95,1.0,,,
CDOLS,2,-0.0126431092278324,0.0836535064058334,0.0669675627519461,0.37,1.0,300,main_N200_T20_rho0.95_xsd1,200,20,0.95,1.0,,,
CDOLS,3,-0.0178119917321276,0.1013803817662299,0.0793564043037912,0.3966666666666666,1.0,300,main_N200_T20_rho0.95_xsd1,200,20,0.95,1.0,,,
CDOLS,4,-0.0179762994756367,0.115175745543745,0.0911923032501628,0.33,1.0,300,main_N200_T20_rho0.95_xsd1,200,20,0.95,1.0,,,
CDOLS,5,-0.0249459076908206,0.123649759619639,0.0958861638767265,0.3833333333333333,1.0,300,main_N200_T20_rho0.95_xsd1,200,20,0.95,1.0,,,
CDOLS,6,-0.0425231966057805,0.1443743634613206,0.1102629017405227,0.3733333333333333,1.0,300,main_N200_T20_rho0.95_xsd1,200,20,0.95,1.0,,,
DB,0,0.0002469883072773,0.0088973196299664,0.0069161079461054,0.9133333333333332,1.0,300,main_N200_T20_rho0.95_xsd1,200,20,0.95,1.0,,,
DB,1,0.0547945383890362,0.0725638620334454,0.0567964127278528,0.2466666666666666,1.0,300,main_N200_T20_rho0.95_xsd1,200,20,0.95,1.0,,,
DB,2,0.1118041019499057,0.1471421217229697,0.1131424954122093,0.15,1.0,300,main_N200_T20_rho0.95_xsd1,200,20,0.95,1.0,,,
DB,3,0.1692528583037006,0.2290525649784378,0.1702927635145794,0.0866666666666666,1.0,300,main_N200_T20_rho0.95_xsd1,200,20,0.95,1.0,,,
DB,4,0.2266584722825437,0.3228908461181178,0.2272626295315855,0.0366666666666666,0.9966666666666668,300,main_N200_T20_rho0.95_xsd1,200,20,0.95,1.0,,,
DB,5,0.2799328049115007,0.4333074333981857,0.2805707532724293,0.0266666666666666,0.95,300,main_N200_T20_rho0.95_xsd1,200,20,0.95,1.0,,,
DB,6,0.3312672896456318,0.5689005094982805,0.3315970677771278,0.02,0.8733333333333333,300,main_N200_T20_rho0.95_xsd1,200,20,0.95,1.0,,,
FE,0,0.0002469883072773,0.0088973196299664,0.0069161079461054,0.9133333333333332,1.0,300,main_N200_T20_rho0.95_xsd1,200,20,0.95,1.0,,,
FE,1,0.0917414322695594,0.0991516685873208,0.0921617782471253,0.04,1.0,300,main_N200_T20_rho0.95_xsd1,200,20,0.95,1.0,,,
FE,2,0.175541567568693,0.1869018513178787,0.1762755839763825,0.01,1.0,300,main_N200_T20_rho0.95_xsd1,200,20,0.95,1.0,,,
FE,3,0.2501132658891484,0.2637284093244803,0.2503794698500186,0.0166666666666666,0.99,300,main_N200_T20_rho0.95_xsd1,200,20,0.95,1.0,,,
FE,4,0.314791467041346,0.3294968715887845,0.314822904487731,0.0166666666666666,0.9333333333333332,300,main_N200_T20_rho0.95_xsd1,200,20,0.95,1.0,,,
FE,5,0.3645430025320404,0.3807734515344154,0.3646273782993288,0.0133333333333333,0.7466666666666667,300,main_N200_T20_rho0.95_xsd1,200,20,0.95,1.0,,,
FE,6,0.3996549291005906,0.4173131456742713,0.4000013591869448,0.0133333333333333,0.6466666666666666,300,main_N200_T20_rho0.95_xsd1,200,20,0.95,1.0,,,
HPJ,0,0.0018507056658911,0.0234580394614334,0.0183182272381118,0.4766666666666667,1.0,300,main_N200_T20_rho0.95_xsd1,200,20,0.95,1.0,,,
HPJ,1,0.092776331441243,0.1035962472554524,0.0934798212869457,0.0666666666666666,1.0,300,main_N200_T20_rho0.95_xsd1,200,20,0.95,1.0,,,
HPJ,2,0.1757894282030935,0.1900873509027833,0.1763590156181352,0.03,1.0,300,main_N200_T20_rho0.95_xsd1,200,20,0.95,1.0,,,
HPJ,3,0.2506292421991424,0.2675182014914957,0.2507685931914271,0.0233333333333333,0.9866666666666668,300,main_N200_T20_rho0.95_xsd1,200,20,0.95,1.0,,,
HPJ,4,0.3149524872620913,0.3332148308803333,0.3149524872620913,0.0166666666666666,0.9066666666666666,300,main_N200_T20_rho0.95_xsd1,200,20,0.95,1.0,,,
HPJ,5,0.3650364108533812,0.3838384577483517,0.3655700804803808,0.01,0.7666666666666667,300,main_N200_T20_rho0.95_xsd1,200,20,0.95,1.0,,,
HPJ,6,0.4006080409538279,0.4204920617585999,0.4013540976602452,0.0066666666666666,0.7033333333333334,300,main_N200_T20_rho0.95_xsd1,200,20,0.95,1.0,,,
SPJ,0,-4.71891642944285e-05,0.0107421823120499,0.0086582682040813,0.9733333333333334,1.0,300,main_N200_T20_rho0.95_xsd1,200,20,0.95,1.0,,,
SPJ,1,0.005801943444062,0.0546760586695496,0.044687719550797,0.5433333333333333,1.0,300,main_N200_T20_rho0.95_xsd1,200,20,0.95,1.0,,,
SPJ,2,0.036302748357244,0.1041245060338559,0.0873066552403321,0.35,1.0,300,main_N200_T20_rho0.95_xsd1,200,20,0.95,1.0,,,
SPJ,3,0.0857059527960831,0.1570822442623717,0.132446744584031,0.2566666666666666,1.0,300,main_N200_T20_rho0.95_xsd1,200,20,0.95,1.0,,,
SPJ,4,0.1549834870835092,0.221152497095389,0.1895292173473394,0.2,0.97,300,main_N200_T20_rho0.95_xsd1,200,20,0.95,1.0,,,
SPJ,5,0.2381301280215147,0.294219077922468,0.256926291812928,0.14,0.8766666666666667,300,main_N200_T20_rho0.95_xsd1,200,20,0.95,1.0,,,
SPJ,6,0.3282513292122935,0.3788796647440426,0.3386488271067442,0.0733333333333333,0.77,300,main_N200_T20_rho0.95_xsd1,200,20,0.95,1.0,,,
CDOLS,0,0.0004205502093876,0.01482413722357,0.0119394179080028,0.9233333333333332,1.0,300,main_N200_T50_rho0.2_xsd0,200,50,0.2,0.0,,,
CDOLS,1,-0.0223918826516877,0.0269794792637147,0.0232000899483835,0.7066666666666667,1.0,300,main_N200_T50_rho0.2_xsd0,200,50,0.2,0.0,,,
CDOLS,2,-0.0261587379927812,0.0299353802161048,0.0264338741386783,0.6533333333333333,0.9033333333333332,300,main_N200_T50_rho0.2_xsd0,200,50,0.2,0.0,,,
CDOLS,3,-0.0268128306128486,0.0306154410612603,0.0270702441015615,0.6066666666666667,0.5233333333333333,300,main_N200_T50_rho0.2_xsd0,200,50,0.2,0.0,,,
CDOLS,4,-0.02736276072936,0.031705686951165,0.0277297864889042,0.6033333333333334,0.4166666666666667,300,main_N200_T50_rho0.2_xsd0,200,50,0.2,0.0,,,
CDOLS,5,-0.0266538079220443,0.0313059428606613,0.0271603437243426,0.5933333333333334,0.4066666666666667,300,main_N200_T50_rho0.2_xsd0,200,50,0.2,0.0,,,
CDOLS,6,-0.0274242282733602,0.0318929411954584,0.0278511602393197,0.62,0.38,300,main_N200_T50_rho0.2_xsd0,200,50,0.2,0.0,,,
CDOLS,7,-0.0281566409123642,0.0320661657893925,0.0287462112225045,0.5966666666666667,0.4033333333333333,300,main_N200_T50_rho0.2_xsd0,200,50,0.2,0.0,,,
CDOLS,8,-0.0260443771098753,0.0305283522893465,0.0266139415134335,0.6666666666666666,0.3333333333333333,300,main_N200_T50_rho0.2_xsd0,200,50,0.2,0.0,,,
CDOLS,9,-0.026585882623559,0.0316012663603838,0.027165913934379,0.6033333333333334,0.3966666666666666,300,main_N200_T50_rho0.2_xsd0,200,50,0.2,0.0,,,
CDOLS,10,-0.0277698564627377,0.0321566649453131,0.0280740409978824,0.6566666666666666,0.3433333333333333,300,main_N200_T50_rho0.2_xsd0,200,50,0.2,0.0,,,
DB,0,0.0002637584977597,0.0104583497837797,0.0085077403175293,0.9466666666666668,1.0,300,main_N200_T50_rho0.2_xsd0,200,50,0.2,0.0,,,
DB,1,0.0003599980204473,0.0118732187737256,0.0091715177873916,0.93,1.0,300,main_N200_T50_rho0.2_xsd0,200,50,0.2,0.0,,,
DB,2,0.0017400997665865,0.0114878548900954,0.0089692406250821,0.9533333333333334,0.4866666666666667,300,main_N200_T50_rho0.2_xsd0,200,50,0.2,0.0,,,
DB,3,0.0018621998065943,0.0122354353956505,0.0099588344412533,0.9533333333333334,0.0833333333333333,300,main_N200_T50_rho0.2_xsd0,200,50,0.2,0.0,,,
DB,4,0.0016735163137676,0.0127047774000294,0.0099374134431107,0.9233333333333332,0.0733333333333333,300,main_N200_T50_rho0.2_xsd0,200,50,0.2,0.0,,,
DB,5,0.0021393483471259,0.0128745299880836,0.0103515155076341,0.9333333333333332,0.0666666666666666,300,main_N200_T50_rho0.2_xsd0,200,50,0.2,0.0,,,
DB,6,0.0010946399354104,0.0115537397658099,0.0093313386869019,0.96,0.04,300,main_N200_T50_rho0.2_xsd0,200,50,0.2,0.0,,,
DB,7,0.0011263640038008,0.0122636422764398,0.0097473888415099,0.9533333333333334,0.0466666666666666,300,main_N200_T50_rho0.2_xsd0,200,50,0.2,0.0,,,
DB,8,0.0029334051891701,0.0135555715108865,0.0109114439447728,0.9333333333333332,0.0666666666666666,300,main_N200_T50_rho0.2_xsd0,200,50,0.2,0.0,,,
DB,9,0.0021402083783504,0.0136602541494113,0.0109712366218765,0.9233333333333332,0.0766666666666666,300,main_N200_T50_rho0.2_xsd0,200,50,0.2,0.0,,,
DB,10,0.0011880126542675,0.0130180254816435,0.0103792999161148,0.9366666666666666,0.0633333333333333,300,main_N200_T50_rho0.2_xsd0,200,50,0.2,0.0,,,
FE,0,0.0002637584977597,0.0104583497837797,0.0085077403175293,0.9466666666666668,1.0,300,main_N200_T50_rho0.2_xsd0,200,50,0.2,0.0,,,
FE,1,0.0143898391237794,0.0185976863664208,0.0159466015115826,0.77,1.0,300,main_N200_T50_rho0.2_xsd0,200,50,0.2,0.0,,,
FE,2,0.0182667716166819,0.0214888397426734,0.0187509053981269,0.6766666666666666,0.07,300,main_N200_T50_rho0.2_xsd0,200,50,0.2,0.0,,,
FE,3,0.0188026444849714,0.0223695339033399,0.0193875204667761,0.6233333333333333,0.24,300,main_N200_T50_rho0.2_xsd0,200,50,0.2,0.0,,,
FE,4,0.0186363088359015,0.0225122701064807,0.0194905112891501,0.66,0.32,300,main_N200_T50_rho0.2_xsd0,200,50,0.2,0.0,,,
FE,5,0.0190351549204001,0.022894088570561,0.0198571017190885,0.65,0.3466666666666667,300,main_N200_T50_rho0.2_xsd0,200,50,0.2,0.0,,,
FE,6,0.0178862244560975,0.0212843718762641,0.018343539741067,0.7233333333333334,0.2766666666666666,300,main_N200_T50_rho0.2_xsd0,200,50,0.2,0.0,,,
FE,7,0.0177831722230349,0.0215753284735721,0.018429255617925,0.7233333333333334,0.2766666666666666,300,main_N200_T50_rho0.2_xsd0,200,50,0.2,0.0,,,
FE,8,0.0194229583716905,0.0235098896075183,0.0202769862405105,0.64,0.36,300,main_N200_T50_rho0.2_xsd0,200,50,0.2,0.0,,,
FE,9,0.0184260892459385,0.0228245744000079,0.0193381393567983,0.6733333333333333,0.3266666666666666,300,main_N200_T50_rho0.2_xsd0,200,50,0.2,0.0,,,
FE,10,0.0172289721558303,0.0215498590066499,0.0186238290430402,0.73,0.27,300,main_N200_T50_rho0.2_xsd0,200,50,0.2,0.0,,,
HPJ,0,0.0013105020761795,0.0254958291066164,0.0205623124266348,0.56,1.0,300,main_N200_T50_rho0.2_xsd0,200,50,0.2,0.0,,,
HPJ,1,0.0153512616748581,0.0352115056124226,0.0284438619478874,0.4433333333333333,0.9933333333333332,300,main_N200_T50_rho0.2_xsd0,200,50,0.2,0.0,,,
HPJ,2,0.0194371812339934,0.0360095082160443,0.0298295888496827,0.4133333333333333,0.4666666666666667,300,main_N200_T50_rho0.2_xsd0,200,50,0.2,0.0,,,
HPJ,3,0.0181547454287976,0.0375415660472344,0.0297921314135305,0.4566666666666666,0.4966666666666666,300,main_N200_T50_rho0.2_xsd0,200,50,0.2,0.0,,,
HPJ,4,0.0184683774248358,0.0393455811542098,0.0320060776361287,0.4433333333333333,0.55,300,main_N200_T50_rho0.2_xsd0,200,50,0.2,0.0,,,
HPJ,5,0.0173662245721766,0.038577824999058,0.0310101538249606,0.45,0.55,300,main_N200_T50_rho0.2_xsd0,200,50,0.2,0.0,,,
HPJ,6,0.0188203283259469,0.0381564076286675,0.0305160122026074,0.4633333333333333,0.5366666666666666,300,main_N200_T50_rho0.2_xsd0,200,50,0.2,0.0,,,
HPJ,7,0.0181039058634745,0.0398454315134743,0.0320632399128145,0.44,0.56,300,main_N200_T50_rho0.2_xsd0,200,50,0.2,0.0,,,
HPJ,8,0.0199970857716289,0.0410727777804324,0.0332453323092846,0.4166666666666667,0.5833333333333334,300,main_N200_T50_rho0.2_xsd0,200,50,0.2,0.0,,,
HPJ,9,0.0188198150133039,0.0408268920399153,0.0326868102290053,0.45,0.55,300,main_N200_T50_rho0.2_xsd0,200,50,0.2,0.0,,,
HPJ,10,0.0189339294963355,0.0411777025650965,0.0327721892748484,0.47,0.53,300,main_N200_T50_rho0.2_xsd0,200,50,0.2,0.0,,,
SPJ,0,0.0001790825886205,0.0104948636404965,0.00857124374612,0.9533333333333334,1.0,300,main_N200_T50_rho0.2_xsd0,200,50,0.2,0.0,,,
SPJ,1,-0.0005046047719018,0.0120870164002634,0.0093188646525582,0.9366666666666666,1.0,300,main_N200_T50_rho0.2_xsd0,200,50,0.2,0.0,,,
SPJ,2,0.001073500454499,0.0120591965971148,0.0095192422794,0.96,0.4733333333333333,300,main_N200_T50_rho0.2_xsd0,200,50,0.2,0.0,,,
SPJ,3,0.001961453098513,0.0128140187837414,0.0103639803106346,0.9233333333333332,0.0666666666666666,300,main_N200_T50_rho0.2_xsd0,200,50,0.2,0.0,,,
SPJ,4,0.0027545987897176,0.0133902002855916,0.0105229245597884,0.9366666666666666,0.0733333333333333,300,main_N200_T50_rho0.2_xsd0,200,50,0.2,0.0,,,
SPJ,5,0.0042425064321906,0.0137216421888234,0.0110720971531938,0.9266666666666666,0.0733333333333333,300,main_N200_T50_rho0.2_xsd0,200,50,0.2,0.0,,,
SPJ,6,0.0044130092125662,0.0128414421429232,0.0103531672266458,0.94,0.06,300,main_N200_T50_rho0.2_xsd0,200,50,0.2,0.0,,,
SPJ,7,0.0057785475761036,0.0137310970684104,0.0106708155650038,0.9266666666666666,0.0733333333333333,300,main_N200_T50_rho0.2_xsd0,200,50,0.2,0.0,,,
SPJ,8,0.0089238741150503,0.0160773849245825,0.0130815699120792,0.9133333333333332,0.0866666666666666,300,main_N200_T50_rho0.2_xsd0,200,50,0.2,0.0,,,
SPJ,9,0.0096828614917244,0.0168517067274624,0.0136156235125755,0.88,0.12,300,main_N200_T50_rho0.2_xsd0,200,50,0.2,0.0,,,
SPJ,10,0.0104314412291908,0.0167998908634827,0.0140077326652477,0.8966666666666666,0.1033333333333333,300,main_N200_T50_rho0.2_xsd0,200,50,0.2,0.0,,,
CDOLS,0,-0.0006613716855068,0.0219999730612115,0.0178453850608556,0.9433333333333334,1.0,300,main_N200_T50_rho0.2_xsd1,200,50,0.2,1.0,,,
CDOLS,1,-0.0123179455776486,0.041175781063231,0.0331268208343308,0.4366666666666666,1.0,300,main_N200_T50_rho0.2_xsd1,200,50,0.2,1.0,,,
CDOLS,2,-0.0100658681654359,0.0473609222392498,0.0375860857259598,0.41,0.63,300,main_N200_T50_rho0.2_xsd1,200,50,0.2,1.0,,,
CDOLS,3,-0.0125528397952746,0.0468705592680469,0.0373836726958401,0.4,0.61,300,main_N200_T50_rho0.2_xsd1,200,50,0.2,1.0,,,
CDOLS,4,-0.016846686235744,0.0464748494089823,0.0370435161900197,0.4166666666666667,0.5933333333333334,300,main_N200_T50_rho0.2_xsd1,200,50,0.2,1.0,,,
CDOLS,5,-0.0118076658252054,0.0442301474170735,0.0362164576553197,0.41,0.58,300,main_N200_T50_rho0.2_xsd1,200,50,0.2,1.0,,,
CDOLS,6,-0.0198719010447532,0.0489517373065612,0.0392483779011172,0.3866666666666666,0.6133333333333333,300,main_N200_T50_rho0.2_xsd1,200,50,0.2,1.0,,,
CDOLS,7,-0.0165534792128215,0.0470192440055147,0.0369265043907987,0.4466666666666666,0.5533333333333333,300,main_N200_T50_rho0.2_xsd1,200,50,0.2,1.0,,,
CDOLS,8,-0.0147074056253668,0.0512924043377918,0.0409772689886548,0.38,0.62,300,main_N200_T50_rho0.2_xsd1,200,50,0.2,1.0,,,
CDOLS,9,-0.0152263197458913,0.0454274069659037,0.0360287776996169,0.45,0.55,300,main_N200_T50_rho0.2_xsd1,200,50,0.2,1.0,,,
CDOLS,10,-0.0165143812573639,0.0524813634131488,0.0425523309554793,0.3833333333333333,0.6166666666666667,300,main_N200_T50_rho0.2_xsd1,200,50,0.2,1.0,,,
DB,0,-0.0008888381156672,0.0192281749718467,0.0155179404660567,0.5666666666666667,1.0,300,main_N200_T50_rho0.2_xsd1,200,50,0.2,1.0,,,
DB,1,0.001662545395866,0.0396823850222646,0.0320964737469446,0.7033333333333334,0.96,300,main_N200_T50_rho0.2_xsd1,200,50,0.2,1.0,,,
DB,2,0.0059694849338823,0.0481243800225522,0.0386358437098476,0.6266666666666667,0.4066666666666667,300,main_N200_T50_rho0.2_xsd1,200,50,0.2,1.0,,,
DB,3,0.0038415988241293,0.0451092615897849,0.0349877807262109,0.6866666666666666,0.3166666666666666,300,main_N200_T50_rho0.2_xsd1,200,50,0.2,1.0,,,
DB,4,0.0007994953448254,0.0436847515351172,0.0353281829751009,0.65,0.3533333333333333,300,main_N200_T50_rho0.2_xsd1,200,50,0.2,1.0,,,
DB,5,0.0039515711563034,0.0433853618963783,0.0359141877842574,0.66,0.3433333333333333,300,main_N200_T50_rho0.2_xsd1,200,50,0.2,1.0,,,
DB,6,-0.0028580420835667,0.0456640159225459,0.036770696298582,0.6966666666666667,0.3033333333333333,300,main_N200_T50_rho0.2_xsd1,200,50,0.2,1.0,,,
DB,7,0.0008272423676162,0.0453887192930591,0.0357280824327195,0.6833333333333333,0.3166666666666666,300,main_N200_T50_rho0.2_xsd1,200,50,0.2,1.0,,,
DB,8,0.0022514969864622,0.048582144811382,0.0375090974206313,0.68,0.32,300,main_N200_T50_rho0.2_xsd1,200,50,0.2,1.0,,,
DB,9,0.002116693680617,0.0439242843007963,0.0350913924971095,0.7033333333333334,0.2966666666666667,300,main_N200_T50_rho0.2_xsd1,200,50,0.2,1.0,,,
DB,10,0.0010901362910643,0.048910296843574,0.0390376830862735,0.6733333333333333,0.3266666666666666,300,main_N200_T50_rho0.2_xsd1,200,50,0.2,1.0,,,
FE,0,-0.0008888381156672,0.0192281749718467,0.0155179404660567,0.5666666666666667,1.0,300,main_N200_T50_rho0.2_xsd1,200,50,0.2,1.0,,,
FE,1,0.0156960503460496,0.0420018359273618,0.0340030219827654,0.6633333333333333,0.9366666666666666,300,main_N200_T50_rho0.2_xsd1,200,50,0.2,1.0,,,
FE,2,0.0225149306590229,0.0522436731037103,0.0415397133738866,0.6033333333333334,0.3766666666666666,300,main_N200_T50_rho0.2_xsd1,200,50,0.2,1.0,,,
FE,3,0.0208650625550977,0.0491986057836062,0.0381018026765835,0.6666666666666666,0.32,300,main_N200_T50_rho0.2_xsd1,200,50,0.2,1.0,,,
FE,4,0.0178788341995886,0.0471522969870776,0.0376719109573808,0.6566666666666666,0.3433333333333333,300,main_N200_T50_rho0.2_xsd1,200,50,0.2,1.0,,,
FE,5,0.0209762116174445,0.047955817824092,0.0390770904601009,0.6233333333333333,0.3766666666666666,300,main_N200_T50_rho0.2_xsd1,200,50,0.2,1.0,,,
FE,6,0.0140658566501021,0.0477631198476155,0.0382040233837922,0.67,0.33,300,main_N200_T50_rho0.2_xsd1,200,50,0.2,1.0,,,
FE,7,0.0176166521465561,0.0487446441596654,0.0391535299738338,0.66,0.34,300,main_N200_T50_rho0.2_xsd1,200,50,0.2,1.0,,,
FE,8,0.0188727341863059,0.0522289955398077,0.0412427459579964,0.65,0.35,300,main_N200_T50_rho0.2_xsd1,200,50,0.2,1.0,,,
FE,9,0.0185327575889769,0.0478035372768578,0.0389407957101022,0.6633333333333333,0.3366666666666666,300,main_N200_T50_rho0.2_xsd1,200,50,0.2,1.0,,,
FE,10,0.0172593590161495,0.0521634227327541,0.0416027198228981,0.6366666666666667,0.3633333333333333,300,main_N200_T50_rho0.2_xsd1,200,50,0.2,1.0,,,
HPJ,0,0.0035335583393706,0.0534732445761033,0.0418926151552762,0.2566666666666666,1.0,300,main_N200_T50_rho0.2_xsd1,200,50,0.2,1.0,,,
HPJ,1,0.0161233642705917,0.0478542782115962,0.037384212196284,0.6333333333333333,0.9033333333333332,300,main_N200_T50_rho0.2_xsd1,200,50,0.2,1.0,,,
HPJ,2,0.020946823404772,0.0569865196791879,0.0456144029080418,0.55,0.4433333333333333,300,main_N200_T50_rho0.2_xsd1,200,50,0.2,1.0,,,
HPJ,3,0.0229144154244691,0.057960928526185,0.0451371106802785,0.5766666666666667,0.4,300,main_N200_T50_rho0.2_xsd1,200,50,0.2,1.0,,,
HPJ,4,0.0183139461911895,0.0538168213839428,0.043518977865676,0.5733333333333334,0.4333333333333333,300,main_N200_T50_rho0.2_xsd1,200,50,0.2,1.0,,,
HPJ,5,0.0175650139524942,0.0537025142738727,0.0438805682849475,0.57,0.4333333333333333,300,main_N200_T50_rho0.2_xsd1,200,50,0.2,1.0,,,
HPJ,6,0.0148521577000231,0.055998013762647,0.0462090415245704,0.5533333333333333,0.4466666666666666,300,main_N200_T50_rho0.2_xsd1,200,50,0.2,1.0,,,
HPJ,7,0.0163739813771755,0.0545539761651307,0.0424573788847843,0.6266666666666667,0.3733333333333333,300,main_N200_T50_rho0.2_xsd1,200,50,0.2,1.0,,,
HPJ,8,0.0200149164761334,0.0605116675703605,0.0477668551138962,0.5733333333333334,0.4266666666666667,300,main_N200_T50_rho0.2_xsd1,200,50,0.2,1.0,,,
HPJ,9,0.0187401454019067,0.0542009492076867,0.0432167202198582,0.6133333333333333,0.3866666666666666,300,main_N200_T50_rho0.2_xsd1,200,50,0.2,1.0,,,
HPJ,10,0.0183482142326687,0.0583184651225986,0.0469482220407175,0.5633333333333334,0.4366666666666666,300,main_N200_T50_rho0.2_xsd1,200,50,0.2,1.0,,,
SPJ,0,-0.0010942856275121,0.0192143429574954,0.0153971773388466,0.6033333333333334,1.0,300,main_N200_T50_rho0.2_xsd1,200,50,0.2,1.0,,,
SPJ,1,-0.0001744964161229,0.0417538083417676,0.0335237797109035,0.7,0.9666666666666668,300,main_N200_T50_rho0.2_xsd1,200,50,0.2,1.0,,,
SPJ,2,0.0058230860875558,0.0522714825132319,0.0414856519865903,0.6066666666666667,0.4166666666666667,300,main_N200_T50_rho0.2_xsd1,200,50,0.2,1.0,,,
SPJ,3,0.0048002055359326,0.0502877787348172,0.0390087077192134,0.68,0.3166666666666666,300,main_N200_T50_rho0.2_xsd1,200,50,0.2,1.0,,,
SPJ,4,0.0027116774923347,0.0486402218666045,0.0390776970662728,0.6733333333333333,0.33,300,main_N200_T50_rho0.2_xsd1,200,50,0.2,1.0,,,
SPJ,5,0.007017442984161,0.0471113795204102,0.0387992892181082,0.66,0.34,300,main_N200_T50_rho0.2_xsd1,200,50,0.2,1.0,,,
SPJ,6,0.0007661551067104,0.0493390409760507,0.0390214467057636,0.6666666666666666,0.3333333333333333,300,main_N200_T50_rho0.2_xsd1,200,50,0.2,1.0,,,
SPJ,7,0.0057126737499101,0.0509650428602938,0.0398939652285659,0.6633333333333333,0.3366666666666666,300,main_N200_T50_rho0.2_xsd1,200,50,0.2,1.0,,,
SPJ,8,0.008917940908977,0.0528559721603958,0.0410169331486572,0.6666666666666666,0.3333333333333333,300,main_N200_T50_rho0.2_xsd1,200,50,0.2,1.0,,,
SPJ,9,0.010068900451106,0.0486110949381912,0.0391274876488921,0.6533333333333333,0.3466666666666667,300,main_N200_T50_rho0.2_xsd1,200,50,0.2,1.0,,,
SPJ,10,0.0112407829321817,0.0532319895469988,0.0420219110610689,0.6433333333333333,0.3566666666666667,300,main_N200_T50_rho0.2_xsd1,200,50,0.2,1.0,,,
CDOLS,0,0.0004174575627349,0.0149109274040457,0.0120114458153945,0.9266666666666666,1.0,300,main_N200_T50_rho0.5_xsd0,200,50,0.5,0.0,,,
CDOLS,1,-0.0213273538874669,0.0261786218138049,0.0222992374172235,0.7333333333333333,1.0,300,main_N200_T50_rho0.5_xsd0,200,50,0.5,0.0,,,
CDOLS,2,-0.0312582574069661,0.0346038595154096,0.031356903113371,0.5,1.0,300,main_N200_T50_rho0.5_xsd0,200,50,0.5,0.0,,,
CDOLS,3,-0.0361931872091216,0.0391814746701804,0.0362289300102883,0.38,1.0,300,main_N200_T50_rho0.5_xsd0,200,50,0.5,0.0,,,
CDOLS,4,-0.0389408811264653,0.0422656003298527,0.0389578510782986,0.3266666666666666,1.0,300,main_N200_T50_rho0.5_xsd0,200,50,0.5,0.0,,,
CDOLS,5,-0.0395862389958447,0.0430800644295125,0.0397072045334588,0.3533333333333333,0.9466666666666668,300,main_N200_T50_rho0.5_xsd0,200,50,0.5,0.0,,,
CDOLS,6,-0.0410733931300683,0.0444810114741109,0.0411432633809968,0.3366666666666666,0.85,300,main_N200_T50_rho0.5_xsd0,200,50,0.5,0.0,,,
CDOLS,7,-0.0419439268955293,0.044848705846909,0.0420293421037495,0.2633333333333333,0.8033333333333333,300,main_N200_T50_rho0.5_xsd0,200,50,0.5,0.0,,,
CDOLS,8,-0.0401463107067028,0.043401454955407,0.0401862523835242,0.3666666666666666,0.69,300,main_N200_T50_rho0.5_xsd0,200,50,0.5,0.0,,,
CDOLS,9,-0.0407154574995886,0.0442688990999515,0.0407683533782048,0.3833333333333333,0.66,300,main_N200_T50_rho0.5_xsd0,200,50,0.5,0.0,,,
CDOLS,10,-0.0419099214253568,0.0450984612296456,0.0419560273645338,0.3533333333333333,0.6666666666666666,300,main_N200_T50_rho0.5_xsd0,200,50,0.5,0.0,,,
DB,0,0.0002171622817554,0.009137712302277,0.0074568256686506,0.94,1.0,300,main_N200_T50_rho0.5_xsd0,200,50,0.5,0.0,,,
DB,1,0.0013718742482811,0.0107379702201097,0.0082855652810036,0.9333333333333332,1.0,300,main_N200_T50_rho0.5_xsd0,200,50,0.5,0.0,,,
DB,2,0.0033585677874752,0.0117777748438757,0.0093325724947987,0.92,1.0,300,main_N200_T50_rho0.5_xsd0,200,50,0.5,0.0,,,
DB,3,0.0043571059354938,0.012959249946536,0.0103237357963522,0.8933333333333333,1.0,300,main_N200_T50_rho0.5_xsd0,200,50,0.5,0.0,,,
DB,4,0.0049255627572512,0.0134295912935187,0.0103381609503906,0.8966666666666666,0.8066666666666666,300,main_N200_T50_rho0.5_xsd0,200,50,0.5,0.0,,,
DB,5,0.0054647525615038,0.0133203143082577,0.010793520851731,0.89,0.2266666666666666,300,main_N200_T50_rho0.5_xsd0,200,50,0.5,0.0,,,
DB,6,0.0049633869199062,0.012341734914109,0.0097488821428296,0.92,0.0533333333333333,300,main_N200_T50_rho0.5_xsd0,200,50,0.5,0.0,,,
DB,7,0.0055316848710644,0.0132584145307103,0.0103586266551437,0.92,0.0633333333333333,300,main_N200_T50_rho0.5_xsd0,200,50,0.5,0.0,,,
DB,8,0.0066399092191221,0.0144155686234479,0.0117020942195318,0.8966666666666666,0.0866666666666666,300,main_N200_T50_rho0.5_xsd0,200,50,0.5,0.0,,,
DB,9,0.005834882309304,0.0144067393647351,0.0115370226198905,0.8966666666666666,0.1033333333333333,300,main_N200_T50_rho0.5_xsd0,200,50,0.5,0.0,,,
DB,10,0.0050741846027691,0.0139590533983464,0.0110751876990305,0.89,0.1033333333333333,300,main_N200_T50_rho0.5_xsd0,200,50,0.5,0.0,,,
FE,0,0.0002171622817554,0.009137712302277,0.0074568256686506,0.94,1.0,300,main_N200_T50_rho0.5_xsd0,200,50,0.5,0.0,,,
FE,1,0.018654202169618,0.0214087011578186,0.0191208606052585,0.57,1.0,300,main_N200_T50_rho0.5_xsd0,200,50,0.5,0.0,,,
FE,2,0.0288668478518619,0.0309309920330152,0.0288711998436559,0.2533333333333333,1.0,300,main_N200_T50_rho0.5_xsd0,200,50,0.5,0.0,,,
FE,3,0.0337447612919469,0.035840710232223,0.0337447612919469,0.15,0.9433333333333334,300,main_N200_T50_rho0.5_xsd0,200,50,0.5,0.0,,,
FE,4,0.0360923314011022,0.0381714683149286,0.0360923314011022,0.1133333333333333,0.1033333333333333,300,main_N200_T50_rho0.5_xsd0,200,50,0.5,0.0,,,
FE,5,0.0373808680416422,0.0392994823830839,0.0373808680416422,0.1233333333333333,0.3866666666666666,300,main_N200_T50_rho0.5_xsd0,200,50,0.5,0.0,,,
FE,6,0.037107734849956,0.0387913556107644,0.037107734849956,0.0766666666666666,0.6733333333333333,300,main_N200_T50_rho0.5_xsd0,200,50,0.5,0.0,,,
FE,7,0.0376228783200071,0.0395065056209755,0.0376228783200071,0.0933333333333333,0.79,300,main_N200_T50_rho0.5_xsd0,200,50,0.5,0.0,,,
FE,8,0.0385071667961664,0.0405842414671795,0.0385071667961664,0.1266666666666666,0.8233333333333334,300,main_N200_T50_rho0.5_xsd0,200,50,0.5,0.0,,,
FE,9,0.0373556268817502,0.0395973579124313,0.0373556268817502,0.16,0.8333333333333334,300,main_N200_T50_rho0.5_xsd0,200,50,0.5,0.0,,,
FE,10,0.0361434460731061,0.0384072982551726,0.0361434460731061,0.16,0.8333333333333334,300,main_N200_T50_rho0.5_xsd0,200,50,0.5,0.0,,,
HPJ,0,0.0007962242659628,0.0230157261802827,0.0183807794263332,0.5466666666666666,1.0,300,main_N200_T50_rho0.5_xsd0,200,50,0.5,0.0,,,
HPJ,1,0.0194981575290877,0.0348979926203224,0.028375559116494,0.41,1.0,300,main_N200_T50_rho0.5_xsd0,200,50,0.5,0.0,,,
HPJ,2,0.0304135925760031,0.0431705619892653,0.036941474762976,0.28,1.0,300,main_N200_T50_rho0.5_xsd0,200,50,0.5,0.0,,,
HPJ,3,0.0339156530851719,0.0475731637286163,0.0392060928364756,0.3,0.78,300,main_N200_T50_rho0.5_xsd0,200,50,0.5,0.0,,,
HPJ,4,0.0363770360320998,0.0502333944068041,0.0416110771052635,0.2833333333333333,0.5466666666666666,300,main_N200_T50_rho0.5_xsd0,200,50,0.5,0.0,,,
HPJ,5,0.0368837843520213,0.0502198209401083,0.0422388754792028,0.27,0.61,300,main_N200_T50_rho0.5_xsd0,200,50,0.5,0.0,,,
HPJ,6,0.0384480668781967,0.050980583680433,0.0425573591203384,0.29,0.6366666666666667,300,main_N200_T50_rho0.5_xsd0,200,50,0.5,0.0,,,
HPJ,7,0.0382087585043731,0.0519873200624174,0.0433794908192002,0.28,0.6866666666666666,300,main_N200_T50_rho0.5_xsd0,200,50,0.5,0.0,,,
HPJ,8,0.0389606388870177,0.0521109479208844,0.0432000984278059,0.3033333333333333,0.69,300,main_N200_T50_rho0.5_xsd0,200,50,0.5,0.0,,,
HPJ,9,0.0376790022716313,0.0517730513394021,0.0429202648776254,0.2933333333333333,0.6933333333333334,300,main_N200_T50_rho0.5_xsd0,200,50,0.5,0.0,,,
HPJ,10,0.0368816225178572,0.0513036131436467,0.0426020280848236,0.3033333333333333,0.6933333333333334,300,main_N200_T50_rho0.5_xsd0,200,50,0.5,0.0,,,
SPJ,0,0.0001212872232856,0.0093025624286888,0.0075981484053487,0.9666666666666668,1.0,300,main_N200_T50_rho0.5_xsd0,200,50,0.5,0.0,,,
SPJ,1,-0.0007857271133046,0.0111151860557059,0.008581244891488,0.95,1.0,300,main_N200_T50_rho0.5_xsd0,200,50,0.5,0.0,,,
SPJ,2,0.0005151433569965,0.0123079223337222,0.0096579382192757,0.95,1.0,300,main_N200_T50_rho0.5_xsd0,200,50,0.5,0.0,,,
SPJ,3,0.0019429958212744,0.0133697352003551,0.0105348852570337,0.91,1.0,300,main_N200_T50_rho0.5_xsd0,200,50,0.5,0.0,,,
SPJ,4,0.0037500078459373,0.0141560110533592,0.010947346664629,0.9033333333333332,0.7933333333333333,300,main_N200_T50_rho0.5_xsd0,200,50,0.5,0.0,,,
SPJ,5,0.0060090483201122,0.0146102591935779,0.0117745368195632,0.8933333333333333,0.1933333333333333,300,main_N200_T50_rho0.5_xsd0,200,50,0.5,0.0,,,
SPJ,6,0.0077493041727032,0.0148771361964323,0.0116306550822231,0.89,0.0533333333333333,300,main_N200_T50_rho0.5_xsd0,200,50,0.5,0.0,,,
SPJ,7,0.010906877306717,0.0169490917247807,0.0134256251409406,0.8733333333333333,0.0833333333333333,300,main_N200_T50_rho0.5_xsd0,200,50,0.5,0.0,,,
SPJ,8,0.0147987132825022,0.0200986567541955,0.0166023666746664,0.79,0.17,300,main_N200_T50_rho0.5_xsd0,200,50,0.5,0.0,,,
SPJ,9,0.0173430189550361,0.0223054165149948,0.0189208310569435,0.7566666666666667,0.2266666666666666,300,main_N200_T50_rho0.5_xsd0,200,50,0.5,0.0,,,
SPJ,10,0.0202312339050272,0.0244938655152409,0.0213518820924331,0.68,0.3,300,main_N200_T50_rho0.5_xsd0,200,50,0.5,0.0,,,
CDOLS,0,-0.0006970872950252,0.0221128985852079,0.0179079685723114,0.9366666666666666,1.0,300,main_N200_T50_rho0.5_xsd1,200,50,0.5,1.0,,,
CDOLS,1,-0.0112699575031399,0.0406848199461212,0.0327524776995739,0.4433333333333333,1.0,300,main_N200_T50_rho0.5_xsd1,200,50,0.5,1.0,,,
CDOLS,2,-0.0126177487742439,0.0500651918254998,0.0398160368551959,0.41,0.99,300,main_N200_T50_rho0.5_xsd1,200,50,0.5,1.0,,,
CDOLS,3,-0.016319635078775,0.0522802267863273,0.0415972533208114,0.37,0.9333333333333332,300,main_N200_T50_rho0.5_xsd1,200,50,0.5,1.0,,,
CDOLS,4,-0.0224047202830402,0.0537039993901109,0.0427539115612568,0.3666666666666666,0.81,300,main_N200_T50_rho0.5_xsd1,200,50,0.5,1.0,,,
CDOLS,5,-0.0195337515061121,0.0514000612996623,0.0414576572414072,0.3766666666666666,0.6666666666666666,300,main_N200_T50_rho0.5_xsd1,200,50,0.5,1.0,,,
CDOLS,6,-0.0274278355204325,0.0558555004955807,0.0453936388176218,0.35,0.6733333333333333,300,main_N200_T50_rho0.5_xsd1,200,50,0.5,1.0,,,
CDOLS,7,-0.0259602210833148,0.0553588656633646,0.04391254679998,0.3866666666666666,0.63,300,main_N200_T50_rho0.5_xsd1,200,50,0.5,1.0,,,
CDOLS,8,-0.0239627691910526,0.0588045682474785,0.0465565182073591,0.3466666666666667,0.66,300,main_N200_T50_rho0.5_xsd1,200,50,0.5,1.0,,,
CDOLS,9,-0.0238858517840537,0.0535041896656708,0.0421737995962982,0.42,0.59,300,main_N200_T50_rho0.5_xsd1,200,50,0.5,1.0,,,
CDOLS,10,-0.0251638610618236,0.0604390682718088,0.050012392232814,0.3,0.71,300,main_N200_T50_rho0.5_xsd1,200,50,0.5,1.0,,,
DB,0,-0.0007352028099509,0.0154076130431057,0.0125073687846555,0.6266666666666667,1.0,300,main_N200_T50_rho0.5_xsd1,200,50,0.5,1.0,,,
DB,1,0.0053187133818824,0.0373482571205341,0.0300539385833615,0.71,1.0,300,main_N200_T50_rho0.5_xsd1,200,50,0.5,1.0,,,
DB,2,0.0102783542146072,0.053794152611267,0.0428352773843773,0.5266666666666666,0.9666666666666668,300,main_N200_T50_rho0.5_xsd1,200,50,0.5,1.0,,,
DB,3,0.0094634965831981,0.054498029857651,0.0425878774914836,0.5833333333333334,0.7066666666666667,300,main_N200_T50_rho0.5_xsd1,200,50,0.5,1.0,,,
DB,4,0.006794078103853,0.0531064540276808,0.043319081670099,0.5633333333333334,0.48,300,main_N200_T50_rho0.5_xsd1,200,50,0.5,1.0,,,
DB,5,0.0069591495142922,0.0516089049431056,0.0431841485253902,0.5466666666666666,0.4466666666666666,300,main_N200_T50_rho0.5_xsd1,200,50,0.5,1.0,,,
DB,6,0.0021804646885058,0.0529761730603821,0.0424498201748747,0.5766666666666667,0.4066666666666667,300,main_N200_T50_rho0.5_xsd1,200,50,0.5,1.0,,,
DB,7,0.0045055605930082,0.0528987752512807,0.0412394935844526,0.6,0.3866666666666666,300,main_N200_T50_rho0.5_xsd1,200,50,0.5,1.0,,,
DB,8,0.0059947400136952,0.0546400324810707,0.0424319521945964,0.6,0.3933333333333333,300,main_N200_T50_rho0.5_xsd1,200,50,0.5,1.0,,,
DB,9,0.005995045871507,0.051931151538508,0.0409383600585104,0.5833333333333334,0.4166666666666667,300,main_N200_T50_rho0.5_xsd1,200,50,0.5,1.0,,,
DB,10,0.0051816384488384,0.054787719745888,0.043787923153978,0.6033333333333334,0.3966666666666666,300,main_N200_T50_rho0.5_xsd1,200,50,0.5,1.0,,,
FE,0,-0.0007352028099509,0.0154076130431057,0.0125073687846555,0.6266666666666667,1.0,300,main_N200_T50_rho0.5_xsd1,200,50,0.5,1.0,,,
FE,1,0.0225998105867755,0.0427954208927766,0.0347141007411665,0.5933333333333334,1.0,300,main_N200_T50_rho0.5_xsd1,200,50,0.5,1.0,,,
FE,2,0.0357059502181096,0.062521123170081,0.0503194699436971,0.49,0.9166666666666666,300,main_N200_T50_rho0.5_xsd1,200,50,0.5,1.0,,,
FE,3,0.0387580330669304,0.0647827726963612,0.052497723540384,0.4733333333333333,0.5266666666666666,300,main_N200_T50_rho0.5_xsd1,200,50,0.5,1.0,,,
FE,4,0.0379038043496379,0.0638593094074086,0.0521785455585278,0.4833333333333333,0.4233333333333333,300,main_N200_T50_rho0.5_xsd1,200,50,0.5,1.0,,,
FE,5,0.0388701610983576,0.0637114765819316,0.0523666158696943,0.4566666666666666,0.4933333333333333,300,main_N200_T50_rho0.5_xsd1,200,50,0.5,1.0,,,
FE,6,0.0343684507769149,0.0629524009912539,0.0508438620270574,0.4866666666666667,0.4533333333333333,300,main_N200_T50_rho0.5_xsd1,200,50,0.5,1.0,,,
FE,7,0.0366787784090277,0.0642942151670392,0.0518377425801636,0.5133333333333333,0.4733333333333333,300,main_N200_T50_rho0.5_xsd1,200,50,0.5,1.0,,,
FE,8,0.0379712720951624,0.0666098905134882,0.0538262676523121,0.4566666666666666,0.5266666666666666,300,main_N200_T50_rho0.5_xsd1,200,50,0.5,1.0,,,
FE,9,0.0376429134488773,0.0643848805366282,0.0517275869954325,0.5066666666666667,0.49,300,main_N200_T50_rho0.5_xsd1,200,50,0.5,1.0,,,
FE,10,0.0363887357327385,0.0661883921874292,0.0531803702994963,0.4833333333333333,0.5066666666666667,300,main_N200_T50_rho0.5_xsd1,200,50,0.5,1.0,,,
HPJ,0,0.0026091082928496,0.0435392688776292,0.0340081285525014,0.28,1.0,300,main_N200_T50_rho0.5_xsd1,200,50,0.5,1.0,,,
HPJ,1,0.0227375504384917,0.0482062123050336,0.037869005479317,0.5933333333333334,1.0,300,main_N200_T50_rho0.5_xsd1,200,50,0.5,1.0,,,
HPJ,2,0.0351249738133479,0.0682295438302008,0.0540093926841686,0.47,0.8866666666666667,300,main_N200_T50_rho0.5_xsd1,200,50,0.5,1.0,,,
HPJ,3,0.040606027710449,0.0726721738533505,0.0587069059912861,0.4233333333333333,0.56,300,main_N200_T50_rho0.5_xsd1,200,50,0.5,1.0,,,
HPJ,4,0.0379515432515977,0.0700917971298421,0.0564961695154785,0.4433333333333333,0.4933333333333333,300,main_N200_T50_rho0.5_xsd1,200,50,0.5,1.0,,,
HPJ,5,0.0359735872025618,0.0690974660859765,0.0564390281351807,0.46,0.5233333333333333,300,main_N200_T50_rho0.5_xsd1,200,50,0.5,1.0,,,
HPJ,6,0.0346723250190553,0.0694256923851223,0.0569219045009564,0.4566666666666666,0.51,300,main_N200_T50_rho0.5_xsd1,200,50,0.5,1.0,,,
HPJ,7,0.035792551600023,0.0687149238553191,0.0543612659288641,0.4933333333333333,0.4933333333333333,300,main_N200_T50_rho0.5_xsd1,200,50,0.5,1.0,,,
HPJ,8,0.0388340796741077,0.0735580747982129,0.0595745527068663,0.44,0.55,300,main_N200_T50_rho0.5_xsd1,200,50,0.5,1.0,,,
HPJ,9,0.0377373812872673,0.0698590831200416,0.0557309852027883,0.4633333333333333,0.53,300,main_N200_T50_rho0.5_xsd1,200,50,0.5,1.0,,,
HPJ,10,0.0362466335825681,0.0720537430958385,0.0577356156697186,0.46,0.53,300,main_N200_T50_rho0.5_xsd1,200,50,0.5,1.0,,,
SPJ,0,-0.0010056497818106,0.0151578057233606,0.0122330475843807,0.6766666666666666,1.0,300,main_N200_T50_rho0.5_xsd1,200,50,0.5,1.0,,,
SPJ,1,0.0008967764037951,0.0410583253803767,0.0321327468812351,0.6866666666666666,1.0,300,main_N200_T50_rho0.5_xsd1,200,50,0.5,1.0,,,
SPJ,2,0.006542207454483,0.0602253811147161,0.0474423866779526,0.54,0.9633333333333334,300,main_N200_T50_rho0.5_xsd1,200,50,0.5,1.0,,,
SPJ,3,0.007468631979656,0.0639042629082407,0.0497114355874761,0.5366666666666666,0.6733333333333333,300,main_N200_T50_rho0.5_xsd1,200,50,0.5,1.0,,,
SPJ,4,0.0070041940298504,0.0641385670436506,0.0508043981191722,0.5233333333333333,0.4833333333333333,300,main_N200_T50_rho0.5_xsd1,200,50,0.5,1.0,,,
SPJ,5,0.0092771182973177,0.0631332967436231,0.0507855059327889,0.5166666666666667,0.4333333333333333,300,main_N200_T50_rho0.5_xsd1,200,50,0.5,1.0,,,
SPJ,6,0.006728996846116,0.0641861611473169,0.0490411538638515,0.5533333333333333,0.41,300,main_N200_T50_rho0.5_xsd1,200,50,0.5,1.0,,,
SPJ,7,0.0113949507318703,0.0658036079873133,0.0511135558141652,0.5666666666666667,0.43,300,main_N200_T50_rho0.5_xsd1,200,50,0.5,1.0,,,
SPJ,8,0.0164057220699569,0.0665112072307185,0.0521979165506888,0.5533333333333333,0.4366666666666666,300,main_N200_T50_rho0.5_xsd1,200,50,0.5,1.0,,,
SPJ,9,0.0195397347741317,0.0645808801784518,0.0510100064307107,0.5666666666666667,0.43,300,main_N200_T50_rho0.5_xsd1,200,50,0.5,1.0,,,
SPJ,10,0.0228239436188667,0.0679069036731398,0.0541673444722389,0.5466666666666666,0.4566666666666666,300,main_N200_T50_rho0.5_xsd1,200,50,0.5,1.0,,,
CDOLS,0,0.0004187569035954,0.0149549693075374,0.0120471139735629,0.9266666666666666,1.0,300,main_N200_T50_rho0.8_xsd0,200,50,0.8,0.0,,,
CDOLS,1,-0.0183717128518655,0.0239292882715401,0.0198995317360753,0.79,1.0,300,main_N200_T50_rho0.8_xsd0,200,50,0.8,0.0,,,
CDOLS,2,-0.0323261856170179,0.0357751262013652,0.0324704643665037,0.5133333333333333,1.0,300,main_N200_T50_rho0.8_xsd0,200,50,0.8,0.0,,,
CDOLS,3,-0.0435357853437396,0.0462359574924341,0.0435357853437396,0.26,1.0,300,main_N200_T50_rho0.8_xsd0,200,50,0.8,0.0,,,
CDOLS,4,-0.0526719824834549,0.0554710310274095,0.0526719824834549,0.1533333333333333,1.0,300,main_N200_T50_rho0.8_xsd0,200,50,0.8,0.0,,,
CDOLS,5,-0.059362678354851,0.0620722121765461,0.059362678354851,0.0766666666666666,1.0,300,main_N200_T50_rho0.8_xsd0,200,50,0.8,0.0,,,
CDOLS,6,-0.0661183773827983,0.0687079760573683,0.0661183773827983,0.04,1.0,300,main_N200_T50_rho0.8_xsd0,200,50,0.8,0.0,,,
CDOLS,7,-0.0711887565060014,0.0733332610308425,0.0711887565060014,0.0333333333333333,1.0,300,main_N200_T50_rho0.8_xsd0,200,50,0.8,0.0,,,
CDOLS,8,-0.0731372156052036,0.0753738764671064,0.0731372156052036,0.0233333333333333,1.0,300,main_N200_T50_rho0.8_xsd0,200,50,0.8,0.0,,,
CDOLS,9,-0.0766166072928648,0.0789044060740669,0.0766166072928648,0.01,1.0,300,main_N200_T50_rho0.8_xsd0,200,50,0.8,0.0,,,
CDOLS,10,-0.0802256043817407,0.08231510785531,0.0802256043817407,0.0066666666666666,1.0,300,main_N200_T50_rho0.8_xsd0,200,50,0.8,0.0,,,
DB,0,0.000148544518894,0.0065872534401829,0.0052486664170678,0.9433333333333334,1.0,300,main_N200_T50_rho0.8_xsd0,200,50,0.8,0.0,,,
DB,1,0.0044319424631192,0.0090900584748449,0.0071702743070757,0.9066666666666666,1.0,300,main_N200_T50_rho0.8_xsd0,200,50,0.8,0.0,,,
DB,2,0.0092982887454338,0.0136197534107161,0.0110239238950385,0.7933333333333333,1.0,300,main_N200_T50_rho0.8_xsd0,200,50,0.8,0.0,,,
DB,3,0.0137370284240345,0.0179933014814358,0.0151028824103558,0.6133333333333333,1.0,300,main_N200_T50_rho0.8_xsd0,200,50,0.8,0.0,,,
DB,4,0.0179267447737123,0.0219620067218205,0.0187081634157432,0.5233333333333333,1.0,300,main_N200_T50_rho0.8_xsd0,200,50,0.8,0.0,,,
DB,5,0.0218267001231915,0.0254948477656993,0.0223179551797746,0.4466666666666666,1.0,300,main_N200_T50_rho0.8_xsd0,200,50,0.8,0.0,,,
DB,6,0.0249129996367346,0.0283279150399466,0.0252159578563222,0.36,1.0,300,main_N200_T50_rho0.8_xsd0,200,50,0.8,0.0,,,
DB,7,0.0281960863474728,0.0313052632547655,0.0283758222776794,0.31,1.0,300,main_N200_T50_rho0.8_xsd0,200,50,0.8,0.0,,,
DB,8,0.0310331906456564,0.0340539880164573,0.0311259901509036,0.2466666666666666,1.0,300,main_N200_T50_rho0.8_xsd0,200,50,0.8,0.0,,,
DB,9,0.0325219635338361,0.0356058405709891,0.0326539375162021,0.2233333333333333,0.9733333333333334,300,main_N200_T50_rho0.8_xsd0,200,50,0.8,0.0,,,
DB,10,0.0337553453942729,0.0367376697620051,0.0338829906190315,0.2066666666666666,0.73,300,main_N200_T50_rho0.8_xsd0,200,50,0.8,0.0,,,
FE,0,0.000148544518894,0.0065872534401829,0.0052486664170678,0.9433333333333334,1.0,300,main_N200_T50_rho0.8_xsd0,200,50,0.8,0.0,,,
FE,1,0.0242302771596342,0.0254446611663772,0.0242302771596342,0.1066666666666666,1.0,300,main_N200_T50_rho0.8_xsd0,200,50,0.8,0.0,,,
FE,2,0.0443265271432167,0.0453660583560083,0.0443265271432167,0.0,1.0,300,main_N200_T50_rho0.8_xsd0,200,50,0.8,0.0,,,
FE,3,0.0604375230790576,0.0614684856418272,0.0604375230790576,0.0,1.0,300,main_N200_T50_rho0.8_xsd0,200,50,0.8,0.0,,,
FE,4,0.0735180596642215,0.0745193956473503,0.0735180596642215,0.0,1.0,300,main_N200_T50_rho0.8_xsd0,200,50,0.8,0.0,,,
FE,5,0.0841223302896907,0.08505894666768,0.0841223302896907,0.0,1.0,300,main_N200_T50_rho0.8_xsd0,200,50,0.8,0.0,,,
FE,6,0.0921810364540377,0.0930710749228868,0.0921810364540377,0.0,1.0,300,main_N200_T50_rho0.8_xsd0,200,50,0.8,0.0,,,
FE,7,0.0990503183609521,0.0998994471428986,0.0990503183609521,0.0,0.7033333333333334,300,main_N200_T50_rho0.8_xsd0,200,50,0.8,0.0,,,
FE,8,0.1043483060474363,0.1052168376142986,0.1043483060474363,0.0,0.15,300,main_N200_T50_rho0.8_xsd0,200,50,0.8,0.0,,,
FE,9,0.1073671890897655,0.1082818038118291,0.1073671890897655,0.0,0.6433333333333333,300,main_N200_T50_rho0.8_xsd0,200,50,0.8,0.0,,,
FE,10,0.109342134763844,0.1102640104011758,0.109342134763844,0.0,0.9533333333333334,300,main_N200_T50_rho0.8_xsd0,200,50,0.8,0.0,,,
HPJ,0,9.621042582807788e-05,0.0177816518152482,0.0140981247690143,0.52,1.0,300,main_N200_T50_rho0.8_xsd0,200,50,0.8,0.0,,,
HPJ,1,0.024745225603178,0.0333546515124216,0.0279633566383643,0.2666666666666666,1.0,300,main_N200_T50_rho0.8_xsd0,200,50,0.8,0.0,,,
HPJ,2,0.0458394315426914,0.0537154933434828,0.0475701179818448,0.1233333333333333,1.0,300,main_N200_T50_rho0.8_xsd0,200,50,0.8,0.0,,,
HPJ,3,0.0615514403424059,0.0699598431194771,0.0627669340278732,0.06,1.0,300,main_N200_T50_rho0.8_xsd0,200,50,0.8,0.0,,,
HPJ,4,0.0749858454035699,0.0830014826710516,0.075469045574037,0.0533333333333333,1.0,300,main_N200_T50_rho0.8_xsd0,200,50,0.8,0.0,,,
HPJ,5,0.085500427006135,0.0934444102376012,0.0860417467150808,0.04,0.9966666666666668,300,main_N200_T50_rho0.8_xsd0,200,50,0.8,0.0,,,
HPJ,6,0.0945591468863317,0.1019611559793545,0.0949658574069918,0.0166666666666666,0.8833333333333333,300,main_N200_T50_rho0.8_xsd0,200,50,0.8,0.0,,,
HPJ,7,0.1009459666870718,0.1082712950579951,0.1012329017921163,0.0266666666666666,0.65,300,main_N200_T50_rho0.8_xsd0,200,50,0.8,0.0,,,
HPJ,8,0.1059295680957459,0.1126360923568945,0.1060955473628555,0.02,0.57,300,main_N200_T50_rho0.8_xsd0,200,50,0.8,0.0,,,
HPJ,9,0.1087964261419054,0.1156525513116189,0.1088124624629741,0.01,0.71,300,main_N200_T50_rho0.8_xsd0,200,50,0.8,0.0,,,
HPJ,10,0.1110122382706723,0.1177577266340207,0.1110122382706723,0.0166666666666666,0.7733333333333333,300,main_N200_T50_rho0.8_xsd0,200,50,0.8,0.0,,,
SPJ,0,4.970469302360448e-05,0.007168079274035,0.005709686091624,0.97,1.0,300,main_N200_T50_rho0.8_xsd0,200,50,0.8,0.0,,,
SPJ,1,-0.0025714108975038,0.0091976727738693,0.0071795409294269,0.9366666666666666,1.0,300,main_N200_T50_rho0.8_xsd0,200,50,0.8,0.0,,,
SPJ,2,-0.0028477063415088,0.0118502481514283,0.0093923394255666,0.9133333333333332,1.0,300,main_N200_T50_rho0.8_xsd0,200,50,0.8,0.0,,,
SPJ,3,-0.0015388752809197,0.0138217058286939,0.0110991966871791,0.8833333333333333,1.0,300,main_N200_T50_rho0.8_xsd0,200,50,0.8,0.0,,,
SPJ,4,0.0013542798755473,0.0156986866007444,0.0124967192836236,0.8733333333333333,1.0,300,main_N200_T50_rho0.8_xsd0,200,50,0.8,0.0,,,
SPJ,5,0.0058950677129098,0.0178007578742449,0.0141291157390485,0.8266666666666667,1.0,300,main_N200_T50_rho0.8_xsd0,200,50,0.8,0.0,,,
SPJ,6,0.0113874179586328,0.0211239703541681,0.0170427683612763,0.7433333333333333,1.0,300,main_N200_T50_rho0.8_xsd0,200,50,0.8,0.0,,,
SPJ,7,0.0190769316674202,0.0263345042894538,0.0218719163701108,0.6566666666666666,1.0,300,main_N200_T50_rho0.8_xsd0,200,50,0.8,0.0,,,
SPJ,8,0.0278609164930956,0.0336768271811531,0.0290408756573043,0.51,0.99,300,main_N200_T50_rho0.8_xsd0,200,50,0.8,0.0,,,
SPJ,9,0.0376972405435977,0.0423870243206702,0.0381493917507303,0.3466666666666667,0.73,300,main_N200_T50_rho0.8_xsd0,200,50,0.8,0.0,,,
SPJ,10,0.0487537110031592,0.0525472061218097,0.048802957106427,0.16,0.23,300,main_N200_T50_rho0.8_xsd0,200,50,0.8,0.0,,,
CDOLS,0,-0.0007192295820227,0.0221798577317093,0.0179556362232832,0.9366666666666666,1.0,300,main_N200_T50_rho0.8_xsd1,200,50,0.8,1.0,,,
CDOLS,1,-0.010204509398129,0.0404306623711913,0.0324552405447316,0.45,1.0,300,main_N200_T50_rho0.8_xsd1,200,50,0.8,1.0,,,
CDOLS,2,-0.0138883191912153,0.0547079496960713,0.0429063956962778,0.3933333333333333,1.0,300,main_N200_T50_rho0.8_xsd1,200,50,0.8,1.0,,,
CDOLS,3,-0.0196455535953324,0.0628261099101289,0.0492452779381647,0.3533333333333333,1.0,300,main_N200_T50_rho0.8_xsd1,200,50,0.8,1.0,,,
CDOLS,4,-0.0287195956640342,0.0689578328855774,0.0530692428871389,0.3666666666666666,1.0,300,main_N200_T50_rho0.8_xsd1,200,50,0.8,1.0,,,
CDOLS,5,-0.030274974063984,0.0683852118398799,0.053188083447861,0.3733333333333333,1.0,300,main_N200_T50_rho0.8_xsd1,200,50,0.8,1.0,,,
CDOLS,6,-0.0410468003461729,0.0743288494537536,0.0597679709796176,0.3233333333333333,0.9966666666666668,300,main_N200_T50_rho0.8_xsd1,200,50,0.8,1.0,,,
CDOLS,7,-0.0439279987251713,0.077661839717355,0.0612044148556593,0.3133333333333333,0.9866666666666668,300,main_N200_T50_rho0.8_xsd1,200,50,0.8,1.0,,,
CDOLS,8,-0.0443284290603039,0.08121101766577,0.063141393662437,0.34,0.9566666666666668,300,main_N200_T50_rho0.8_xsd1,200,50,0.8,1.0,,,
CDOLS,9,-0.0457454425724592,0.0786946092661276,0.0624177395537594,0.2966666666666667,0.93,300,main_N200_T50_rho0.8_xsd1,200,50,0.8,1.0,,,
CDOLS,10,-0.0490109445361947,0.086319086605814,0.0709822339668486,0.25,0.9066666666666666,300,main_N200_T50_rho0.8_xsd1,200,50,0.8,1.0,,,
DB,0,-0.0002930153935374,0.0086116361995134,0.0070121031314147,0.77,1.0,300,main_N200_T50_rho0.8_xsd1,200,50,0.8,1.0,,,
DB,1,0.0101717749982764,0.0305465874713183,0.0239994316263602,0.6533333333333333,1.0,300,main_N200_T50_rho0.8_xsd1,200,50,0.8,1.0,,,
DB,2,0.0196474254144172,0.0522777993913416,0.0417587976853187,0.47,1.0,300,main_N200_T50_rho0.8_xsd1,200,50,0.8,1.0,,,
DB,3,0.0251525045850431,0.0650065182287351,0.0533168213039199,0.41,1.0,300,main_N200_T50_rho0.8_xsd1,200,50,0.8,1.0,,,
DB,4,0.0284374450433701,0.0730077738007414,0.0612483962846348,0.3333333333333333,0.9966666666666668,300,main_N200_T50_rho0.8_xsd1,200,50,0.8,1.0,,,
DB,5,0.031423683651344,0.0774564874553159,0.0651470532362225,0.3,0.9733333333333334,300,main_N200_T50_rho0.8_xsd1,200,50,0.8,1.0,,,
DB,6,0.0320729862301258,0.0804430842207496,0.0664251307968873,0.3166666666666666,0.9,300,main_N200_T50_rho0.8_xsd1,200,50,0.8,1.0,,,
DB,7,0.0355538558670771,0.0829198420477112,0.0683398892008099,0.33,0.7733333333333333,300,main_N200_T50_rho0.8_xsd1,200,50,0.8,1.0,,,
DB,8,0.0382697588684142,0.0846542128612373,0.0698409648113515,0.3333333333333333,0.6466666666666666,300,main_N200_T50_rho0.8_xsd1,200,50,0.8,1.0,,,
DB,9,0.0395215631216811,0.0835927638860084,0.0680122954299051,0.3733333333333333,0.5766666666666667,300,main_N200_T50_rho0.8_xsd1,200,50,0.8,1.0,,,
DB,10,0.0397101336052534,0.0834749065765366,0.0681533931475019,0.37,0.51,300,main_N200_T50_rho0.8_xsd1,200,50,0.8,1.0,,,
FE,0,-0.0002930153935374,0.0086116361995134,0.0070121031314147,0.77,1.0,300,main_N200_T50_rho0.8_xsd1,200,50,0.8,1.0,,,
FE,1,0.0301420994262014,0.0414025774517122,0.0341412540099482,0.4466666666666666,1.0,300,main_N200_T50_rho0.8_xsd1,200,50,0.8,1.0,,,
FE,2,0.0548003519455071,0.0721851611417073,0.0612027015120897,0.2833333333333333,1.0,300,main_N200_T50_rho0.8_xsd1,200,50,0.8,1.0,,,
FE,3,0.0718452841356062,0.0918976134280596,0.0790295556493467,0.23,0.9966666666666668,300,main_N200_T50_rho0.8_xsd1,200,50,0.8,1.0,,,
FE,4,0.0838767312734363,0.1053749789949882,0.0916329375760649,0.2133333333333333,0.9733333333333334,300,main_N200_T50_rho0.8_xsd1,200,50,0.8,1.0,,,
FE,5,0.0934471867464138,0.1149577342159199,0.1001332318745089,0.19,0.83,300,main_N200_T50_rho0.8_xsd1,200,50,0.8,1.0,,,
FE,6,0.0989873229284118,0.1211428351379063,0.1061685173308359,0.16,0.6533333333333333,300,main_N200_T50_rho0.8_xsd1,200,50,0.8,1.0,,,
FE,7,0.1060134105934543,0.1276879152418144,0.1128151169013772,0.14,0.56,300,main_N200_T50_rho0.8_xsd1,200,50,0.8,1.0,,,
FE,8,0.111185540345358,0.1325921400132407,0.1172905276203575,0.1433333333333333,0.5333333333333333,300,main_N200_T50_rho0.8_xsd1,200,50,0.8,1.0,,,
FE,9,0.1139920257173753,0.1342262918804011,0.119377675081874,0.1233333333333333,0.5766666666666667,300,main_N200_T50_rho0.8_xsd1,200,50,0.8,1.0,,,
FE,10,0.1149680753146156,0.1351886680057444,0.1198607334899851,0.1233333333333333,0.68,300,main_N200_T50_rho0.8_xsd1,200,50,0.8,1.0,,,
HPJ,0,0.0012670790932184,0.0254110137276794,0.0202014368278902,0.33,1.0,300,main_N200_T50_rho0.8_xsd1,200,50,0.8,1.0,,,
HPJ,1,0.0302616862977027,0.045704346660602,0.0371192470462229,0.4133333333333333,1.0,300,main_N200_T50_rho0.8_xsd1,200,50,0.8,1.0,,,
HPJ,2,0.0550228062538036,0.0772466251800315,0.0642898185235695,0.2866666666666667,1.0,300,main_N200_T50_rho0.8_xsd1,200,50,0.8,1.0,,,
HPJ,3,0.0731695104771792,0.0978552323861701,0.0836472610855283,0.2166666666666666,0.9966666666666668,300,main_N200_T50_rho0.8_xsd1,200,50,0.8,1.0,,,
HPJ,4,0.0840653684576616,0.1107590653132328,0.0945213077288883,0.2133333333333333,0.9766666666666668,300,main_N200_T50_rho0.8_xsd1,200,50,0.8,1.0,,,
HPJ,5,0.0920499343467446,0.1190388856818413,0.1018059553200344,0.2166666666666666,0.82,300,main_N200_T50_rho0.8_xsd1,200,50,0.8,1.0,,,
HPJ,6,0.0991525811383644,0.1256419041394808,0.1090311926676205,0.1633333333333333,0.6733333333333333,300,main_N200_T50_rho0.8_xsd1,200,50,0.8,1.0,,,
HPJ,7,0.1054119566865174,0.1311879153449291,0.1138876641133293,0.1633333333333333,0.59,300,main_N200_T50_rho0.8_xsd1,200,50,0.8,1.0,,,
HPJ,8,0.1111417739974482,0.1370777362205475,0.1195056102966744,0.15,0.62,300,main_N200_T50_rho0.8_xsd1,200,50,0.8,1.0,,,
HPJ,9,0.1130401372860447,0.1377999123390831,0.1210274860918128,0.1333333333333333,0.61,300,main_N200_T50_rho0.8_xsd1,200,50,0.8,1.0,,,
HPJ,10,0.113180935590772,0.1387062391271277,0.1210829940798113,0.13,0.6433333333333333,300,main_N200_T50_rho0.8_xsd1,200,50,0.8,1.0,,,
SPJ,0,-0.0005375975690782,0.0081328803203633,0.0066222209296443,0.89,1.0,300,main_N200_T50_rho0.8_xsd1,200,50,0.8,1.0,,,
SPJ,1,0.000460091593725,0.0351605864686968,0.0265510396150817,0.6933333333333334,1.0,300,main_N200_T50_rho0.8_xsd1,200,50,0.8,1.0,,,
SPJ,2,0.0050901022137542,0.0599993869880426,0.0462150503485011,0.55,1.0,300,main_N200_T50_rho0.8_xsd1,200,50,0.8,1.0,,,
SPJ,3,0.009099431217711,0.0772842208647159,0.0594753235207541,0.4366666666666666,1.0,300,main_N200_T50_rho0.8_xsd1,200,50,0.8,1.0,,,
SPJ,4,0.0135049387623374,0.0895434973460262,0.0693209457598224,0.3833333333333333,0.9966666666666668,300,main_N200_T50_rho0.8_xsd1,200,50,0.8,1.0,,,
SPJ,5,0.0190598197279669,0.0980906527336604,0.0763862049020162,0.3533333333333333,0.9733333333333334,300,main_N200_T50_rho0.8_xsd1,200,50,0.8,1.0,,,
SPJ,6,0.0245806379329192,0.1034586637677464,0.0810687574318529,0.3533333333333333,0.87,300,main_N200_T50_rho0.8_xsd1,200,50,0.8,1.0,,,
SPJ,7,0.0335448494669818,0.1095586820365468,0.0874434544418914,0.3133333333333333,0.6866666666666666,300,main_N200_T50_rho0.8_xsd1,200,50,0.8,1.0,,,
SPJ,8,0.0444777836083035,0.1140563740125237,0.0934170448437244,0.2633333333333333,0.5166666666666667,300,main_N200_T50_rho0.8_xsd1,200,50,0.8,1.0,,,
SPJ,9,0.0539100785659745,0.1182617244958803,0.0987386906585895,0.25,0.48,300,main_N200_T50_rho0.8_xsd1,200,50,0.8,1.0,,,
SPJ,10,0.0642813261095035,0.1241260049117453,0.1044594703511723,0.25,0.57,300,main_N200_T50_rho0.8_xsd1,200,50,0.8,1.0,,,
CDOLS,0,0.0004086910427206,0.0148821267373601,0.0119813506798076,0.9266666666666666,1.0,300,main_N200_T50_rho0.95_xsd0,200,50,0.95,0.0,,,
CDOLS,1,-0.0144097828869861,0.0210468647866777,0.0170763642628006,0.8633333333333333,1.0,300,main_N200_T50_rho0.95_xsd0,200,50,0.95,0.0,,,
CDOLS,2,-0.0274498041657159,0.0316115054662626,0.027958102231848,0.6366666666666667,1.0,300,main_N200_T50_rho0.95_xsd0,200,50,0.95,0.0,,,
CDOLS,3,-0.0400329537256578,0.0432618152172031,0.0400728830784305,0.3666666666666666,1.0,300,main_N200_T50_rho0.95_xsd0,200,50,0.95,0.0,,,
CDOLS,4,-0.0522247348590623,0.0554954849919442,0.0522247348590623,0.1933333333333333,1.0,300,main_N200_T50_rho0.95_xsd0,200,50,0.95,0.0,,,
CDOLS,5,-0.0633551821043311,0.0663551776261131,0.0633551821043311,0.1033333333333333,1.0,300,main_N200_T50_rho0.95_xsd0,200,50,0.95,0.0,,,
CDOLS,6,-0.0755639392306922,0.0783828449881975,0.0755639392306922,0.0333333333333333,1.0,300,main_N200_T50_rho0.95_xsd0,200,50,0.95,0.0,,,
CDOLS,7,-0.0867242019072525,0.0891153376650132,0.0867242019072525,0.01,1.0,300,main_N200_T50_rho0.95_xsd0,200,50,0.95,0.0,,,
CDOLS,8,-0.0955234289168578,0.0978560488322761,0.0955234289168578,0.0066666666666666,1.0,300,main_N200_T50_rho0.95_xsd0,200,50,0.95,0.0,,,
CDOLS,9,-0.1060514962347236,0.1084022627554006,0.1060514962347236,0.0,1.0,300,main_N200_T50_rho0.95_xsd0,200,50,0.95,0.0,,,
CDOLS,10,-0.1170814959306286,0.1192185800596946,0.1170814959306286,0.0,1.0,300,main_N200_T50_rho0.95_xsd0,200,50,0.95,0.0,,,
DB,0,0.0001412004976624,0.0041627595642928,0.0033161462823725,0.95,1.0,300,main_N200_T50_rho0.95_xsd0,200,50,0.95,0.0,,,
DB,1,0.0106469291125272,0.0118632855543105,0.010689101688182,0.46,1.0,300,main_N200_T50_rho0.95_xsd0,200,50,0.95,0.0,,,
DB,2,0.0219414396944129,0.0231663587185273,0.0219414396944129,0.0866666666666666,1.0,300,main_N200_T50_rho0.95_xsd0,200,50,0.95,0.0,,,
DB,3,0.0335058965670031,0.0348327683792045,0.0335058965670031,0.0133333333333333,1.0,300,main_N200_T50_rho0.95_xsd0,200,50,0.95,0.0,,,
DB,4,0.0454772250606548,0.0469408224532322,0.0454772250606548,0.0,1.0,300,main_N200_T50_rho0.95_xsd0,200,50,0.95,0.0,,,
DB,5,0.0577548979092098,0.0593367985076189,0.0577548979092098,0.0,1.0,300,main_N200_T50_rho0.95_xsd0,200,50,0.95,0.0,,,
DB,6,0.0699137611391055,0.0715711896129474,0.0699137611391055,0.0,1.0,300,main_N200_T50_rho0.95_xsd0,200,50,0.95,0.0,,,
DB,7,0.0823234702995274,0.083976830449601,0.0823234702995274,0.0,1.0,300,main_N200_T50_rho0.95_xsd0,200,50,0.95,0.0,,,
DB,8,0.0945671370343875,0.0962673693171696,0.0945671370343875,0.0,1.0,300,main_N200_T50_rho0.95_xsd0,200,50,0.95,0.0,,,
DB,9,0.1061676020414833,0.1078887323999296,0.1061676020414833,0.0,1.0,300,main_N200_T50_rho0.95_xsd0,200,50,0.95,0.0,,,
DB,10,0.1176027065424887,0.1193263937533209,0.1176027065424887,0.0,1.0,300,main_N200_T50_rho0.95_xsd0,200,50,0.95,0.0,,,
FE,0,0.0001412004976624,0.0041627595642928,0.0033161462823725,0.95,1.0,300,main_N200_T50_rho0.95_xsd0,200,50,0.95,0.0,,,
FE,1,0.0281210124487533,0.0285883038780968,0.0281210124487533,0.0,1.0,300,main_N200_T50_rho0.95_xsd0,200,50,0.95,0.0,,,
FE,2,0.0552236426012941,0.0557035374914923,0.0552236426012941,0.0,1.0,300,main_N200_T50_rho0.95_xsd0,200,50,0.95,0.0,,,
FE,3,0.0810294903053936,0.0815636412746915,0.0810294903053936,0.0,1.0,300,main_N200_T50_rho0.95_xsd0,200,50,0.95,0.0,,,
FE,4,0.1057603832841994,0.1063662835451597,0.1057603832841994,0.0,1.0,300,main_N200_T50_rho0.95_xsd0,200,50,0.95,0.0,,,
FE,5,0.1293868257658141,0.1300594788986491,0.1293868257658141,0.0,1.0,300,main_N200_T50_rho0.95_xsd0,200,50,0.95,0.0,,,
FE,6,0.1515411113597835,0.1522603716976272,0.1515411113597835,0.0,1.0,300,main_N200_T50_rho0.95_xsd0,200,50,0.95,0.0,,,
FE,7,0.1726368621780869,0.1733738845117378,0.1726368621780869,0.0,1.0,300,main_N200_T50_rho0.95_xsd0,200,50,0.95,0.0,,,
FE,8,0.1922875802428598,0.1930669231321263,0.1922875802428598,0.0,1.0,300,main_N200_T50_rho0.95_xsd0,200,50,0.95,0.0,,,
FE,9,0.210032607740196,0.2108459977780699,0.210032607740196,0.0,1.0,300,main_N200_T50_rho0.95_xsd0,200,50,0.95,0.0,,,
FE,10,0.2263518420259233,0.2271920981259383,0.2263518420259233,0.0,1.0,300,main_N200_T50_rho0.95_xsd0,200,50,0.95,0.0,,,
HPJ,0,3.7594086828944087e-06,0.0117418696929198,0.0092497644099778,0.5166666666666667,1.0,300,main_N200_T50_rho0.95_xsd0,200,50,0.95,0.0,,,
HPJ,1,0.0282480550656244,0.0321041848229307,0.0286571940302211,0.1,1.0,300,main_N200_T50_rho0.95_xsd0,200,50,0.95,0.0,,,
HPJ,2,0.0558328608744663,0.0597312981660376,0.0559243949842929,0.02,1.0,300,main_N200_T50_rho0.95_xsd0,200,50,0.95,0.0,,,
HPJ,3,0.0813226391875241,0.0858059822884188,0.0814045458869987,0.0033333333333333,1.0,300,main_N200_T50_rho0.95_xsd0,200,50,0.95,0.0,,,
HPJ,4,0.1060999228652488,0.1107962250739939,0.1062386150091519,0.0,1.0,300,main_N200_T50_rho0.95_xsd0,200,50,0.95,0.0,,,
HPJ,5,0.1297029129913219,0.1349336410777138,0.1297901680651937,0.0033333333333333,1.0,300,main_N200_T50_rho0.95_xsd0,200,50,0.95,0.0,,,
HPJ,6,0.1522020433624997,0.1575926879384122,0.1522148241749657,0.0033333333333333,1.0,300,main_N200_T50_rho0.95_xsd0,200,50,0.95,0.0,,,
HPJ,7,0.1730006073629303,0.1786675560570574,0.1730006073629303,0.0033333333333333,1.0,300,main_N200_T50_rho0.95_xsd0,200,50,0.95,0.0,,,
HPJ,8,0.1922789337904504,0.1979607897259239,0.1922789337904504,0.0033333333333333,1.0,300,main_N200_T50_rho0.95_xsd0,200,50,0.95,0.0,,,
HPJ,9,0.2098125654411548,0.2157144434831418,0.2098125654411548,0.0,1.0,300,main_N200_T50_rho0.95_xsd0,200,50,0.95,0.0,,,
HPJ,10,0.2261585848058084,0.2320235845804807,0.2261585848058084,0.0,0.9766666666666668,300,main_N200_T50_rho0.95_xsd0,200,50,0.95,0.0,,,
SPJ,0,0.0001355498055935,0.0052580236501949,0.0042034901862398,0.98,1.0,300,main_N200_T50_rho0.95_xsd0,200,50,0.95,0.0,,,
SPJ,1,-0.0050691592689337,0.0086465327728944,0.0070767210789163,0.8966666666666666,1.0,300,main_N200_T50_rho0.95_xsd0,200,50,0.95,0.0,,,
SPJ,2,-0.0072533734725168,0.0129888116597502,0.0105128023769273,0.8266666666666667,1.0,300,main_N200_T50_rho0.95_xsd0,200,50,0.95,0.0,,,
SPJ,3,-0.0068671034054936,0.016196423287,0.0131482840911927,0.8,1.0,300,main_N200_T50_rho0.95_xsd0,200,50,0.95,0.0,,,
SPJ,4,-0.0032107416220653,0.0188750537289412,0.0153691460407788,0.8066666666666666,1.0,300,main_N200_T50_rho0.95_xsd0,200,50,0.95,0.0,,,
SPJ,5,0.0032077476315023,0.0221396611260827,0.0180858353946684,0.7833333333333333,1.0,300,main_N200_T50_rho0.95_xsd0,200,50,0.95,0.0,,,
SPJ,6,0.0129109793164102,0.0283808521059499,0.0232419754998446,0.6866666666666666,1.0,300,main_N200_T50_rho0.95_xsd0,200,50,0.95,0.0,,,
SPJ,7,0.0256489370552028,0.0378630808237755,0.0313459164403077,0.57,1.0,300,main_N200_T50_rho0.95_xsd0,200,50,0.95,0.0,,,
SPJ,8,0.0417037781363398,0.0516743899326638,0.0442174575736694,0.3933333333333333,1.0,300,main_N200_T50_rho0.95_xsd0,200,50,0.95,0.0,,,
SPJ,9,0.0604394663348658,0.0685033753877533,0.0614378548298678,0.2633333333333333,1.0,300,main_N200_T50_rho0.95_xsd0,200,50,0.95,0.0,,,
SPJ,10,0.0824646288059981,0.0891456736429608,0.0828460277798678,0.1,1.0,300,main_N200_T50_rho0.95_xsd0,200,50,0.95,0.0,,,
CDOLS,0,-0.0007293249461655,0.022094527794329,0.0178850923337637,0.94,1.0,300,main_N200_T50_rho0.95_xsd1,200,50,0.95,1.0,,,
CDOLS,1,-0.0090782055808225,0.0405627220921561,0.0325918165570919,0.4466666666666666,1.0,300,main_N200_T50_rho0.95_xsd1,200,50,0.95,1.0,,,
CDOLS,2,-0.0129422727441744,0.0589383707499881,0.0462926832995076,0.37,1.0,300,main_N200_T50_rho0.95_xsd1,200,50,0.95,1.0,,,
CDOLS,3,-0.0191464555285132,0.0724511314496014,0.0562953962890732,0.3333333333333333,1.0,300,main_N200_T50_rho0.95_xsd1,200,50,0.95,1.0,,,
CDOLS,4,-0.0293922040244512,0.0842741846648716,0.0637617541175064,0.3466666666666667,1.0,300,main_N200_T50_rho0.95_xsd1,200,50,0.95,1.0,,,
CDOLS,5,-0.0336787204455121,0.0882537514386611,0.0666542317892413,0.35,1.0,300,main_N200_T50_rho0.95_xsd1,200,50,0.95,1.0,,,
CDOLS,6,-0.0470637809278048,0.0982945783022806,0.0749223035045923,0.32,1.0,300,main_N200_T50_rho0.95_xsd1,200,50,0.95,1.0,,,
CDOLS,7,-0.054061262543386,0.106529877581368,0.0782973737939505,0.3366666666666666,1.0,300,main_N200_T50_rho0.95_xsd1,200,50,0.95,1.0,,,
CDOLS,8,-0.0580468275906221,0.1135647323885018,0.0827885909686365,0.3566666666666667,1.0,300,main_N200_T50_rho0.95_xsd1,200,50,0.95,1.0,,,
CDOLS,9,-0.063288572435009,0.1159861100953752,0.0843209198900599,0.3233333333333333,1.0,300,main_N200_T50_rho0.95_xsd1,200,50,0.95,1.0,,,
CDOLS,10,-0.0709854223246668,0.1263600726436402,0.0944673640481802,0.2566666666666666,1.0,300,main_N200_T50_rho0.95_xsd1,200,50,0.95,1.0,,,
DB,0,1.0369886248222287e-05,0.0041659386604539,0.0033569376376223,0.9033333333333332,1.0,300,main_N200_T50_rho0.95_xsd1,200,50,0.95,1.0,,,
DB,1,0.0170202938752467,0.0238838173187528,0.0199502622472374,0.4966666666666666,1.0,300,main_N200_T50_rho0.95_xsd1,200,50,0.95,1.0,,,
DB,2,0.0343248630722636,0.0458571189491414,0.0393285385289709,0.28,1.0,300,main_N200_T50_rho0.95_xsd1,200,50,0.95,1.0,,,
DB,3,0.0502917274462106,0.0654593776874441,0.056369578696274,0.22,1.0,300,main_N200_T50_rho0.95_xsd1,200,50,0.95,1.0,,,
DB,4,0.0657166666237807,0.0833935814982202,0.0728281028225682,0.1966666666666666,1.0,300,main_N200_T50_rho0.95_xsd1,200,50,0.95,1.0,,,
DB,5,0.0810232531609421,0.1004734007310478,0.0882589303956659,0.16,1.0,300,main_N200_T50_rho0.95_xsd1,200,50,0.95,1.0,,,
DB,6,0.0954032723576139,0.1162042451286458,0.1032060947915708,0.12,1.0,300,main_N200_T50_rho0.95_xsd1,200,50,0.95,1.0,,,
DB,7,0.1110274237982491,0.1325941858588058,0.1186308851389588,0.09,1.0,300,main_N200_T50_rho0.95_xsd1,200,50,0.95,1.0,,,
DB,8,0.1259981465669646,0.1478578564890771,0.1332012793601707,0.0833333333333333,1.0,300,main_N200_T50_rho0.95_xsd1,200,50,0.95,1.0,,,
DB,9,0.1398224232248418,0.1611405331009831,0.1461171478433389,0.07,0.9966666666666668,300,main_N200_T50_rho0.95_xsd1,200,50,0.95,1.0,,,
DB,10,0.1524416205076362,0.1732945806746218,0.1579567147571073,0.06,0.9866666666666668,300,main_N200_T50_rho0.95_xsd1,200,50,0.95,1.0,,,
FE,0,1.0369886248222287e-05,0.0041659386604539,0.0033569376376223,0.9033333333333332,1.0,300,main_N200_T50_rho0.95_xsd1,200,50,0.95,1.0,,,
FE,1,0.0354651019966521,0.0393155004909822,0.0358324550458805,0.1466666666666666,1.0,300,main_N200_T50_rho0.95_xsd1,200,50,0.95,1.0,,,
FE,2,0.0692207575752971,0.0756901318221011,0.0697731375629333,0.0833333333333333,1.0,300,main_N200_T50_rho0.95_xsd1,200,50,0.95,1.0,,,
FE,3,0.0998025315854162,0.108235213640666,0.1004857153769814,0.0466666666666666,1.0,300,main_N200_T50_rho0.95_xsd1,200,50,0.95,1.0,,,
FE,4,0.1281394693865699,0.1379774673579534,0.1288889615554381,0.05,1.0,300,main_N200_T50_rho0.95_xsd1,200,50,0.95,1.0,,,
FE,5,0.1547660218092078,0.1656561023582484,0.1556737211036618,0.0433333333333333,1.0,300,main_N200_T50_rho0.95_xsd1,200,50,0.95,1.0,,,
FE,6,0.1789639637923287,0.1907258521464635,0.1800091826389396,0.0333333333333333,1.0,300,main_N200_T50_rho0.95_xsd1,200,50,0.95,1.0,,,
FE,7,0.2029742220773692,0.2154219331242355,0.2040245088822779,0.0266666666666666,1.0,300,main_N200_T50_rho0.95_xsd1,200,50,0.95,1.0,,,
FE,8,0.2249504649173962,0.237868524931348,0.2259357731138751,0.0233333333333333,0.9566666666666668,300,main_N200_T50_rho0.95_xsd1,200,50,0.95,1.0,,,
FE,9,0.2444323102778277,0.2573109540046883,0.2452500419784961,0.0166666666666666,0.9066666666666666,300,main_N200_T50_rho0.95_xsd1,200,50,0.95,1.0,,,
FE,10,0.2613752015301191,0.274245220031252,0.2620480767687541,0.01,0.8,300,main_N200_T50_rho0.95_xsd1,200,50,0.95,1.0,,,
HPJ,0,0.0006054181125133,0.0126252628540173,0.0100178334240137,0.4533333333333333,1.0,300,main_N200_T50_rho0.95_xsd1,200,50,0.95,1.0,,,
HPJ,1,0.0352699371945239,0.0415819078945896,0.0363169742087199,0.2133333333333333,1.0,300,main_N200_T50_rho0.95_xsd1,200,50,0.95,1.0,,,
HPJ,2,0.0688286451673184,0.0780586633421103,0.0700945107084663,0.1,1.0,300,main_N200_T50_rho0.95_xsd1,200,50,0.95,1.0,,,
HPJ,3,0.0994859675673561,0.1109794988553783,0.1007913856855337,0.07,1.0,300,main_N200_T50_rho0.95_xsd1,200,50,0.95,1.0,,,
HPJ,4,0.126953746584404,0.140266839425898,0.1282777504170515,0.0633333333333333,1.0,300,main_N200_T50_rho0.95_xsd1,200,50,0.95,1.0,,,
HPJ,5,0.1527725037196517,0.1673489900205273,0.1543784080589631,0.0466666666666666,1.0,300,main_N200_T50_rho0.95_xsd1,200,50,0.95,1.0,,,
HPJ,6,0.1774669001057517,0.1930373515853157,0.1792944205495251,0.0333333333333333,1.0,300,main_N200_T50_rho0.95_xsd1,200,50,0.95,1.0,,,
HPJ,7,0.2008818121917813,0.2174684534335582,0.202521902793148,0.0333333333333333,0.9966666666666668,300,main_N200_T50_rho0.95_xsd1,200,50,0.95,1.0,,,
HPJ,8,0.2228492266775547,0.2401267517073031,0.2242400372577662,0.0266666666666666,0.9533333333333334,300,main_N200_T50_rho0.95_xsd1,200,50,0.95,1.0,,,
HPJ,9,0.2415538807105742,0.258847236252308,0.2427472711836141,0.0233333333333333,0.8733333333333333,300,main_N200_T50_rho0.95_xsd1,200,50,0.95,1.0,,,
HPJ,10,0.2580741143214203,0.275539606529536,0.2590751898162892,0.03,0.7866666666666666,300,main_N200_T50_rho0.95_xsd1,200,50,0.95,1.0,,,
SPJ,0,2.3003828961426497e-05,0.0043246561143106,0.0034674685875082,0.9733333333333334,1.0,300,main_N200_T50_rho0.95_xsd1,200,50,0.95,1.0,,,
SPJ,1,-8.538873146196835e-05,0.0228435984765382,0.0171919504058157,0.7766666666666666,1.0,300,main_N200_T50_rho0.95_xsd1,200,50,0.95,1.0,,,
SPJ,2,0.0042048568192464,0.0427290231446493,0.0333150746779395,0.56,1.0,300,main_N200_T50_rho0.95_xsd1,200,50,0.95,1.0,,,
SPJ,3,0.0114850393239895,0.0617422997175492,0.0490451682624532,0.4566666666666666,1.0,300,main_N200_T50_rho0.95_xsd1,200,50,0.95,1.0,,,
SPJ,4,0.0218454115124793,0.0798841487048596,0.0650823632990615,0.36,1.0,300,main_N200_T50_rho0.95_xsd1,200,50,0.95,1.0,,,
SPJ,5,0.0349030085019862,0.097599447119578,0.0804090834763772,0.3433333333333333,1.0,300,main_N200_T50_rho0.95_xsd1,200,50,0.95,1.0,,,
SPJ,6,0.0503708396032142,0.1152519206718174,0.0962871210034431,0.2933333333333333,1.0,300,main_N200_T50_rho0.95_xsd1,200,50,0.95,1.0,,,
SPJ,7,0.0692242177317706,0.1345373094360667,0.1137425899236039,0.24,1.0,300,main_N200_T50_rho0.95_xsd1,200,50,0.95,1.0,,,
SPJ,8,0.090863554127627,0.1548093232123848,0.132033078620331,0.2333333333333333,0.99,300,main_N200_T50_rho0.95_xsd1,200,50,0.95,1.0,,,
SPJ,9,0.1138361588993191,0.1758128137769115,0.1501350123447064,0.2033333333333333,0.9633333333333334,300,main_N200_T50_rho0.95_xsd1,200,50,0.95,1.0,,,
SPJ,10,0.1384901943321953,0.1979618202519723,0.1706046467829376,0.1633333333333333,0.9266666666666666,300,main_N200_T50_rho0.95_xsd1,200,50,0.95,1.0,,,
CDOLS,0,-0.0017443229559113,0.0312579637751943,0.0253374053401438,0.9333333333333332,1.0,300,main_N20_T100_rho0.2_xsd0,20,100,0.2,0.0,,,
CDOLS,1,-0.0218951136431068,0.0395067159044093,0.0316645650338997,0.88,0.9933333333333332,300,main_N20_T100_rho0.2_xsd0,20,100,0.2,0.0,,,
CDOLS,2,-0.0249146528556081,0.0416551693203098,0.033307449270275,0.87,0.3166666666666666,300,main_N20_T100_rho0.2_xsd0,20,100,0.2,0.0,,,
CDOLS,3,-0.0269982199481951,0.0436664999536616,0.0356301389419986,0.84,0.19,300,main_N20_T100_rho0.2_xsd0,20,100,0.2,0.0,,,
CDOLS,4,-0.0276161289472414,0.0439187397293384,0.0363342257477986,0.82,0.1866666666666666,300,main_N20_T100_rho0.2_xsd0,20,100,0.2,0.0,,,
CDOLS,5,-0.0283941663820934,0.0457892337422557,0.0377156518327331,0.8533333333333334,0.15,300,main_N20_T100_rho0.2_xsd0,20,100,0.2,0.0,,,
CDOLS,6,-0.0266041583828895,0.0452708562328384,0.0372179687050484,0.8366666666666667,0.1633333333333333,300,main_N20_T100_rho0.2_xsd0,20,100,0.2,0.0,,,
CDOLS,7,-0.0277598485525236,0.045191294628195,0.037186041915073,0.85,0.15,300,main_N20_T100_rho0.2_xsd0,20,100,0.2,0.0,,,
CDOLS,8,-0.0267227289327247,0.0458613093626064,0.0377591551097759,0.8333333333333334,0.1666666666666666,300,main_N20_T100_rho0.2_xsd0,20,100,0.2,0.0,,,
CDOLS,9,-0.0260796002310882,0.0453701632251634,0.0368308753320479,0.8466666666666667,0.1533333333333333,300,main_N20_T100_rho0.2_xsd0,20,100,0.2,0.0,,,
CDOLS,10,-0.0276378152900244,0.0466634968903681,0.0377461154048218,0.8266666666666667,0.1733333333333333,300,main_N20_T100_rho0.2_xsd0,20,100,0.2,0.0,,,
DB,0,-0.0017557270374135,0.0208700477748006,0.0165533332253441,0.9466666666666668,1.0,300,main_N20_T100_rho0.2_xsd0,20,100,0.2,0.0,,,
DB,1,0.0002604446072754,0.0254039248723155,0.0199159560354945,0.9333333333333332,0.99,300,main_N20_T100_rho0.2_xsd0,20,100,0.2,0.0,,,
DB,2,0.001599449951622,0.0247515614747182,0.0201596820867236,0.9333333333333332,0.15,300,main_N20_T100_rho0.2_xsd0,20,100,0.2,0.0,,,
DB,3,0.0003878225676581,0.024917482781944,0.0197709136930934,0.93,0.08,300,main_N20_T100_rho0.2_xsd0,20,100,0.2,0.0,,,
DB,4,-0.0001704459124944,0.0254210110025072,0.0207852387128559,0.93,0.07,300,main_N20_T100_rho0.2_xsd0,20,100,0.2,0.0,,,
DB,5,-0.0004960345157998,0.0269426227472357,0.0219411679756933,0.9266666666666666,0.0733333333333333,300,main_N20_T100_rho0.2_xsd0,20,100,0.2,0.0,,,
DB,6,0.0014043411442186,0.0282478213722531,0.0223520582112673,0.9133333333333332,0.0866666666666666,300,main_N20_T100_rho0.2_xsd0,20,100,0.2,0.0,,,
DB,7,0.0001859176264176,0.027669992714722,0.0214654379784156,0.9166666666666666,0.0833333333333333,300,main_N20_T100_rho0.2_xsd0,20,100,0.2,0.0,,,
DB,8,0.0007807235269917,0.027999850876594,0.0223890584736887,0.92,0.08,300,main_N20_T100_rho0.2_xsd0,20,100,0.2,0.0,,,
DB,9,0.0009697068622066,0.0273722760898702,0.0211924031770092,0.9266666666666666,0.0733333333333333,300,main_N20_T100_rho0.2_xsd0,20,100,0.2,0.0,,,
DB,10,-0.0003628690920808,0.027970797676878,0.0227587485849581,0.9033333333333332,0.0966666666666666,300,main_N20_T100_rho0.2_xsd0,20,100,0.2,0.0,,,
FE,0,-0.0017557270374135,0.0208700477748006,0.0165533332253441,0.9466666666666668,1.0,300,main_N20_T100_rho0.2_xsd0,20,100,0.2,0.0,,,
FE,1,0.0073880164730385,0.0263329421955129,0.0204687434526118,0.9,0.9866666666666668,300,main_N20_T100_rho0.2_xsd0,20,100,0.2,0.0,,,
FE,2,0.0100778805269428,0.0265825508083304,0.0219528077557433,0.9266666666666666,0.0933333333333333,300,main_N20_T100_rho0.2_xsd0,20,100,0.2,0.0,,,
FE,3,0.0091219582089077,0.0265028794738479,0.021242789071325,0.9266666666666666,0.0766666666666666,300,main_N20_T100_rho0.2_xsd0,20,100,0.2,0.0,,,
FE,4,0.0086075644472473,0.0268176896980096,0.021607658237653,0.9166666666666666,0.07,300,main_N20_T100_rho0.2_xsd0,20,100,0.2,0.0,,,
FE,5,0.0082828706910447,0.0282126491337112,0.022907655625957,0.9233333333333332,0.0766666666666666,300,main_N20_T100_rho0.2_xsd0,20,100,0.2,0.0,,,
FE,6,0.0101737546859212,0.030022946508588,0.0238573810549779,0.89,0.11,300,main_N20_T100_rho0.2_xsd0,20,100,0.2,0.0,,,
FE,7,0.0089417209573857,0.0290646251498806,0.0226031950148242,0.9233333333333332,0.0766666666666666,300,main_N20_T100_rho0.2_xsd0,20,100,0.2,0.0,,,
FE,8,0.0095199122721901,0.0296107492819882,0.0232088909050414,0.9166666666666666,0.0833333333333333,300,main_N20_T100_rho0.2_xsd0,20,100,0.2,0.0,,,
FE,9,0.0096893635685591,0.0290604777881863,0.0225071196955308,0.9133333333333332,0.0866666666666666,300,main_N20_T100_rho0.2_xsd0,20,100,0.2,0.0,,,
FE,10,0.0083342108092288,0.0291770056066486,0.0230409905999378,0.8866666666666667,0.1133333333333333,300,main_N20_T100_rho0.2_xsd0,20,100,0.2,0.0,,,
HPJ,0,-0.0046565689532038,0.0639977472455324,0.0495468500468831,0.4933333333333333,1.0,300,main_N20_T100_rho0.2_xsd0,20,100,0.2,0.0,,,
HPJ,1,0.006155434607456,0.0711832987679304,0.0567319551230774,0.4666666666666667,0.83,300,main_N20_T100_rho0.2_xsd0,20,100,0.2,0.0,,,
HPJ,2,0.0101643896001745,0.0752236242334177,0.0599047291925161,0.48,0.5033333333333333,300,main_N20_T100_rho0.2_xsd0,20,100,0.2,0.0,,,
HPJ,3,0.0097541561487611,0.0789849522344907,0.061840365585881,0.4866666666666667,0.4966666666666666,300,main_N20_T100_rho0.2_xsd0,20,100,0.2,0.0,,,
HPJ,4,0.0054392828784969,0.0750143209174754,0.060842968323225,0.4733333333333333,0.5233333333333333,300,main_N20_T100_rho0.2_xsd0,20,100,0.2,0.0,,,
HPJ,5,0.0087099662319422,0.0753782085863984,0.0601765143281748,0.5166666666666667,0.4833333333333333,300,main_N20_T100_rho0.2_xsd0,20,100,0.2,0.0,,,
HPJ,6,0.0103440702518814,0.0798217370742221,0.0628828733201311,0.4833333333333333,0.5166666666666667,300,main_N20_T100_rho0.2_xsd0,20,100,0.2,0.0,,,
HPJ,7,0.0047692284088984,0.0796610497140926,0.0627168665375877,0.48,0.52,300,main_N20_T100_rho0.2_xsd0,20,100,0.2,0.0,,,
HPJ,8,0.0051957485377631,0.0788763318225316,0.0620667214622584,0.4833333333333333,0.5166666666666667,300,main_N20_T100_rho0.2_xsd0,20,100,0.2,0.0,,,
HPJ,9,0.0128577965783954,0.0779626324025065,0.0622329223511257,0.4866666666666667,0.5133333333333333,300,main_N20_T100_rho0.2_xsd0,20,100,0.2,0.0,,,
HPJ,10,0.0091465604592266,0.0806098012084266,0.0649277973474974,0.4866666666666667,0.5133333333333333,300,main_N20_T100_rho0.2_xsd0,20,100,0.2,0.0,,,
SPJ,0,-0.0019873852962531,0.021113191252775,0.01688906599086,0.95,1.0,300,main_N20_T100_rho0.2_xsd0,20,100,0.2,0.0,,,
SPJ,1,-0.0002152123441651,0.0254858534602216,0.0200887398801887,0.9366666666666666,0.9933333333333332,300,main_N20_T100_rho0.2_xsd0,20,100,0.2,0.0,,,
SPJ,2,0.0012792642178906,0.0251502470813891,0.0204451268515755,0.94,0.14,300,main_N20_T100_rho0.2_xsd0,20,100,0.2,0.0,,,
SPJ,3,0.0002734491776516,0.0251136863431573,0.0200968458354468,0.9333333333333332,0.0733333333333333,300,main_N20_T100_rho0.2_xsd0,20,100,0.2,0.0,,,
SPJ,4,-3.651387394464355e-05,0.0259531518996434,0.0210965192973965,0.94,0.07,300,main_N20_T100_rho0.2_xsd0,20,100,0.2,0.0,,,
SPJ,5,-0.0001136801608053,0.0271344258470517,0.0222281835820034,0.9433333333333334,0.06,300,main_N20_T100_rho0.2_xsd0,20,100,0.2,0.0,,,
SPJ,6,0.0020229019945077,0.0286647340061921,0.0226730782573878,0.9166666666666666,0.0833333333333333,300,main_N20_T100_rho0.2_xsd0,20,100,0.2,0.0,,,
SPJ,7,0.0009040947868351,0.0281206162541438,0.0219876566754839,0.9233333333333332,0.0766666666666666,300,main_N20_T100_rho0.2_xsd0,20,100,0.2,0.0,,,
SPJ,8,0.0016919969961366,0.028260668708529,0.0225093382570722,0.93,0.07,300,main_N20_T100_rho0.2_xsd0,20,100,0.2,0.0,,,
SPJ,9,0.0021816900032365,0.0280297522419601,0.0218917700787548,0.9266666666666666,0.0733333333333333,300,main_N20_T100_rho0.2_xsd0,20,100,0.2,0.0,,,
SPJ,10,0.0010764066830376,0.0284034922738951,0.0230093658112446,0.9,0.1,300,main_N20_T100_rho0.2_xsd0,20,100,0.2,0.0,,,
CDOLS,0,0.0026380039401125,0.0610375911527179,0.0495756437505414,0.9133333333333332,1.0,300,main_N20_T100_rho0.2_xsd1,20,100,0.2,1.0,,,
CDOLS,1,-0.011606671778386,0.040972921414414,0.0318095759074375,0.7466666666666667,0.9766666666666668,300,main_N20_T100_rho0.2_xsd1,20,100,0.2,1.0,,,
CDOLS,2,-0.0128874876845811,0.0400941995556895,0.0321870752949468,0.8066666666666666,0.3833333333333333,300,main_N20_T100_rho0.2_xsd1,20,100,0.2,1.0,,,
CDOLS,3,-0.0139381451472083,0.0449990048760175,0.0359500150486706,0.7566666666666667,0.2766666666666666,300,main_N20_T100_rho0.2_xsd1,20,100,0.2,1.0,,,
CDOLS,4,-0.0093142793038557,0.0413934236988507,0.0326080685149036,0.79,0.2166666666666666,300,main_N20_T100_rho0.2_xsd1,20,100,0.2,1.0,,,
CDOLS,5,-0.0106358653985325,0.0412228465182692,0.0333174482556347,0.78,0.22,300,main_N20_T100_rho0.2_xsd1,20,100,0.2,1.0,,,
CDOLS,6,-0.0178497227573985,0.044375513008039,0.0362050721478668,0.7433333333333333,0.2566666666666666,300,main_N20_T100_rho0.2_xsd1,20,100,0.2,1.0,,,
CDOLS,7,-0.0143483721460775,0.0422521863700978,0.0338136126015992,0.7566666666666667,0.2433333333333333,300,main_N20_T100_rho0.2_xsd1,20,100,0.2,1.0,,,
CDOLS,8,-0.0125188900168248,0.0475178105302261,0.0373481036268541,0.7433333333333333,0.2566666666666666,300,main_N20_T100_rho0.2_xsd1,20,100,0.2,1.0,,,
CDOLS,9,-0.0144029905103241,0.0446591768857362,0.0350462473646853,0.79,0.21,300,main_N20_T100_rho0.2_xsd1,20,100,0.2,1.0,,,
CDOLS,10,-0.0117848974098041,0.0462330368941616,0.0364279244451195,0.75,0.25,300,main_N20_T100_rho0.2_xsd1,20,100,0.2,1.0,,,
DB,0,0.0017709999035568,0.0549867082504824,0.0441216636780572,0.4066666666666667,1.0,300,main_N20_T100_rho0.2_xsd1,20,100,0.2,1.0,,,
DB,1,-0.0001236448804361,0.0348483373302905,0.026939728600485,0.9166666666666666,0.92,300,main_N20_T100_rho0.2_xsd1,20,100,0.2,1.0,,,
DB,2,0.0011459420477584,0.035894622832618,0.0289679453503819,0.9333333333333332,0.1266666666666666,300,main_N20_T100_rho0.2_xsd1,20,100,0.2,1.0,,,
DB,3,0.0012435979224081,0.0375447985993328,0.0296628747278171,0.93,0.0733333333333333,300,main_N20_T100_rho0.2_xsd1,20,100,0.2,1.0,,,
DB,4,0.0049246465490586,0.0369293979322576,0.0295526774057211,0.94,0.0666666666666666,300,main_N20_T100_rho0.2_xsd1,20,100,0.2,1.0,,,
DB,5,0.0022854732992774,0.0368243888062874,0.0297129023730361,0.94,0.0666666666666666,300,main_N20_T100_rho0.2_xsd1,20,100,0.2,1.0,,,
DB,6,-0.0035327963371749,0.0354504745816704,0.0289160445305738,0.94,0.06,300,main_N20_T100_rho0.2_xsd1,20,100,0.2,1.0,,,
DB,7,-7.028592536519477e-05,0.0378872842027642,0.0307382612679974,0.93,0.07,300,main_N20_T100_rho0.2_xsd1,20,100,0.2,1.0,,,
DB,8,0.0017137262566236,0.0416759132819408,0.0326444128797174,0.8866666666666667,0.1133333333333333,300,main_N20_T100_rho0.2_xsd1,20,100,0.2,1.0,,,
DB,9,-0.0002858663040025,0.0374947945312532,0.0290578105813517,0.92,0.08,300,main_N20_T100_rho0.2_xsd1,20,100,0.2,1.0,,,
DB,10,0.002676615933206,0.0414240989818164,0.0323705294274772,0.9233333333333332,0.0766666666666666,300,main_N20_T100_rho0.2_xsd1,20,100,0.2,1.0,,,
FE,0,0.0017709999035568,0.0549867082504824,0.0441216636780572,0.4066666666666667,1.0,300,main_N20_T100_rho0.2_xsd1,20,100,0.2,1.0,,,
FE,1,0.0069781628128598,0.0353179882756605,0.0280104209306651,0.9266666666666666,0.9033333333333332,300,main_N20_T100_rho0.2_xsd1,20,100,0.2,1.0,,,
FE,2,0.0096160954444964,0.0370011991360326,0.0295357163769615,0.9233333333333332,0.0866666666666666,300,main_N20_T100_rho0.2_xsd1,20,100,0.2,1.0,,,
FE,3,0.0099906922983246,0.0387349225732279,0.0307051204297258,0.9133333333333332,0.08,300,main_N20_T100_rho0.2_xsd1,20,100,0.2,1.0,,,
FE,4,0.0137259456624438,0.0391645155006794,0.0316947050220527,0.9233333333333332,0.0766666666666666,300,main_N20_T100_rho0.2_xsd1,20,100,0.2,1.0,,,
FE,5,0.0110915320991265,0.0384451303253033,0.0310887842098715,0.94,0.06,300,main_N20_T100_rho0.2_xsd1,20,100,0.2,1.0,,,
FE,6,0.0052650378570093,0.0355117420040427,0.028738166513177,0.9533333333333334,0.0466666666666666,300,main_N20_T100_rho0.2_xsd1,20,100,0.2,1.0,,,
FE,7,0.0087143037125582,0.0389904743355058,0.0317468929130995,0.9066666666666666,0.0933333333333333,300,main_N20_T100_rho0.2_xsd1,20,100,0.2,1.0,,,
FE,8,0.0104817721160053,0.043060675560062,0.0340647131215792,0.9,0.1,300,main_N20_T100_rho0.2_xsd1,20,100,0.2,1.0,,,
FE,9,0.0084626208048054,0.0385105101022434,0.0301698971492153,0.9166666666666666,0.0833333333333333,300,main_N20_T100_rho0.2_xsd1,20,100,0.2,1.0,,,
FE,10,0.0114024628995268,0.0429602439662267,0.0334081787171261,0.8866666666666667,0.1133333333333333,300,main_N20_T100_rho0.2_xsd1,20,100,0.2,1.0,,,
HPJ,0,-0.0069915097888573,0.161131423435502,0.1253178874054079,0.1966666666666666,1.0,300,main_N20_T100_rho0.2_xsd1,20,100,0.2,1.0,,,
HPJ,1,0.0002341724803872,0.0638055189668176,0.0503118653886418,0.6833333333333333,0.8166666666666667,300,main_N20_T100_rho0.2_xsd1,20,100,0.2,1.0,,,
HPJ,2,0.0065874600467287,0.0687757126047263,0.0532187376646918,0.6533333333333333,0.3366666666666666,300,main_N20_T100_rho0.2_xsd1,20,100,0.2,1.0,,,
HPJ,3,0.0049086760020463,0.0757919099408746,0.0585138625188444,0.6566666666666666,0.3433333333333333,300,main_N20_T100_rho0.2_xsd1,20,100,0.2,1.0,,,
HPJ,4,0.0123464264468387,0.0747838580605715,0.0585857694244635,0.6433333333333333,0.3566666666666667,300,main_N20_T100_rho0.2_xsd1,20,100,0.2,1.0,,,
HPJ,5,0.0086458245354418,0.0705582950676033,0.0541733084073945,0.6766666666666666,0.3233333333333333,300,main_N20_T100_rho0.2_xsd1,20,100,0.2,1.0,,,
HPJ,6,0.0088900896629409,0.0730524869707166,0.0565870866638692,0.68,0.32,300,main_N20_T100_rho0.2_xsd1,20,100,0.2,1.0,,,
HPJ,7,0.0083490085524735,0.0737156874588127,0.0575570577857015,0.6466666666666666,0.3533333333333333,300,main_N20_T100_rho0.2_xsd1,20,100,0.2,1.0,,,
HPJ,8,0.0066158556892463,0.0747710887793782,0.0562993739393786,0.68,0.32,300,main_N20_T100_rho0.2_xsd1,20,100,0.2,1.0,,,
HPJ,9,0.0140358516248436,0.071738798398744,0.054951517678697,0.6566666666666666,0.3433333333333333,300,main_N20_T100_rho0.2_xsd1,20,100,0.2,1.0,,,
HPJ,10,0.0097510355324343,0.0794944736854529,0.062040201826788,0.63,0.37,300,main_N20_T100_rho0.2_xsd1,20,100,0.2,1.0,,,
SPJ,0,0.0017469791791411,0.0551718657970233,0.044227809597158,0.42,1.0,300,main_N20_T100_rho0.2_xsd1,20,100,0.2,1.0,,,
SPJ,1,-0.000570381150923,0.0355940337721185,0.0276324554678868,0.9266666666666666,0.92,300,main_N20_T100_rho0.2_xsd1,20,100,0.2,1.0,,,
SPJ,2,0.0010933471648322,0.0373772632267391,0.029940606180457,0.9333333333333332,0.1066666666666666,300,main_N20_T100_rho0.2_xsd1,20,100,0.2,1.0,,,
SPJ,3,0.0015776084675867,0.039064248756694,0.0309556829411947,0.9366666666666666,0.0666666666666666,300,main_N20_T100_rho0.2_xsd1,20,100,0.2,1.0,,,
SPJ,4,0.0053626946326593,0.0395016540352137,0.031331782198032,0.9266666666666666,0.07,300,main_N20_T100_rho0.2_xsd1,20,100,0.2,1.0,,,
SPJ,5,0.0032453395270018,0.0392209033237187,0.0316639275385203,0.9266666666666666,0.0733333333333333,300,main_N20_T100_rho0.2_xsd1,20,100,0.2,1.0,,,
SPJ,6,-0.0020680254307963,0.0373063322375192,0.030239519236576,0.9433333333333334,0.0566666666666666,300,main_N20_T100_rho0.2_xsd1,20,100,0.2,1.0,,,
SPJ,7,0.0010385199970909,0.0393301939664123,0.032147432145253,0.91,0.09,300,main_N20_T100_rho0.2_xsd1,20,100,0.2,1.0,,,
SPJ,8,0.0029808479973439,0.0433822897488233,0.033909802198088,0.91,0.09,300,main_N20_T100_rho0.2_xsd1,20,100,0.2,1.0,,,
SPJ,9,0.0012702778337489,0.0390043315883076,0.0301826275436205,0.9166666666666666,0.0833333333333333,300,main_N20_T100_rho0.2_xsd1,20,100,0.2,1.0,,,
SPJ,10,0.0049907515295669,0.0426536053287562,0.0335896069588511,0.91,0.09,300,main_N20_T100_rho0.2_xsd1,20,100,0.2,1.0,,,
CDOLS,0,-0.001769399815692,0.0314030763844604,0.0254500638620118,0.9333333333333332,1.0,300,main_N20_T100_rho0.5_xsd0,20,100,0.5,0.0,,,
CDOLS,1,-0.0207960349621286,0.0390617424964253,0.0312520244046601,0.88,1.0,300,main_N20_T100_rho0.5_xsd0,20,100,0.5,0.0,,,
CDOLS,2,-0.0298571402740258,0.0455159615135029,0.0366016039322401,0.8633333333333333,1.0,300,main_N20_T100_rho0.5_xsd0,20,100,0.5,0.0,,,
CDOLS,3,-0.0359530724187658,0.0501664764808962,0.0416980125538409,0.7933333333333333,0.8966666666666666,300,main_N20_T100_rho0.5_xsd0,20,100,0.5,0.0,,,
CDOLS,4,-0.0387798109362503,0.0523010605885581,0.0440807529988761,0.7466666666666667,0.5833333333333334,300,main_N20_T100_rho0.5_xsd0,20,100,0.5,0.0,,,
CDOLS,5,-0.0408123715331456,0.0549799056752271,0.0462885960877126,0.7666666666666667,0.4433333333333333,300,main_N20_T100_rho0.5_xsd0,20,100,0.5,0.0,,,
CDOLS,6,-0.039765451347035,0.0547926509303965,0.046246009905928,0.7433333333333333,0.3433333333333333,300,main_N20_T100_rho0.5_xsd0,20,100,0.5,0.0,,,
CDOLS,7,-0.0413381531514316,0.0550579477864354,0.046505903458376,0.74,0.2866666666666667,300,main_N20_T100_rho0.5_xsd0,20,100,0.5,0.0,,,
CDOLS,8,-0.0406280184547927,0.0559912320020831,0.0463612360992778,0.73,0.29,300,main_N20_T100_rho0.5_xsd0,20,100,0.5,0.0,,,
CDOLS,9,-0.0405206644758585,0.0559564980390821,0.0469183057108683,0.7533333333333333,0.2633333333333333,300,main_N20_T100_rho0.5_xsd0,20,100,0.5,0.0,,,
CDOLS,10,-0.041769299271717,0.0573679559972045,0.0476230983125364,0.74,0.26,300,main_N20_T100_rho0.5_xsd0,20,100,0.5,0.0,,,
DB,0,-0.0015303751258944,0.0192763817107128,0.0153800881810479,0.9233333333333332,1.0,300,main_N20_T100_rho0.5_xsd0,20,100,0.5,0.0,,,
DB,1,0.0008690737096148,0.0226654249596084,0.0181433517744482,0.9233333333333332,1.0,300,main_N20_T100_rho0.5_xsd0,20,100,0.5,0.0,,,
DB,2,0.0020867541894535,0.0236034912886707,0.018850171516441,0.9133333333333332,1.0,300,main_N20_T100_rho0.5_xsd0,20,100,0.5,0.0,,,
DB,3,0.001527458723212,0.0242696544942322,0.0196520728171148,0.9266666666666666,0.8566666666666667,300,main_N20_T100_rho0.5_xsd0,20,100,0.5,0.0,,,
DB,4,0.0013422663515755,0.0254173400380994,0.0204065899400414,0.9133333333333332,0.3333333333333333,300,main_N20_T100_rho0.5_xsd0,20,100,0.5,0.0,,,
DB,5,0.0014223404424631,0.0264979931562372,0.0215380680481941,0.94,0.1566666666666666,300,main_N20_T100_rho0.5_xsd0,20,100,0.5,0.0,,,
DB,6,0.00274170861222,0.0275944240110986,0.021971513199117,0.9166666666666666,0.0933333333333333,300,main_N20_T100_rho0.5_xsd0,20,100,0.5,0.0,,,
DB,7,0.0016422558764451,0.0266685373877248,0.0208576233478169,0.93,0.07,300,main_N20_T100_rho0.5_xsd0,20,100,0.5,0.0,,,
DB,8,0.0018593089427254,0.0274845909306111,0.0218208524746478,0.9066666666666666,0.0933333333333333,300,main_N20_T100_rho0.5_xsd0,20,100,0.5,0.0,,,
DB,9,0.0017826732336554,0.0275369520814823,0.0221886573540053,0.9266666666666666,0.0733333333333333,300,main_N20_T100_rho0.5_xsd0,20,100,0.5,0.0,,,
DB,10,0.0015374107696363,0.028097202032112,0.022399477451899,0.9033333333333332,0.0966666666666666,300,main_N20_T100_rho0.5_xsd0,20,100,0.5,0.0,,,
FE,0,-0.0015303751258944,0.0192763817107128,0.0153800881810479,0.9233333333333332,1.0,300,main_N20_T100_rho0.5_xsd0,20,100,0.5,0.0,,,
FE,1,0.0097069667878891,0.0244629736810051,0.0196159189294088,0.8966666666666666,1.0,300,main_N20_T100_rho0.5_xsd0,20,100,0.5,0.0,,,
FE,2,0.0152369747421552,0.0277981721684733,0.022678888653763,0.9133333333333332,1.0,300,main_N20_T100_rho0.5_xsd0,20,100,0.5,0.0,,,
FE,3,0.0167808759631048,0.0292932986385606,0.0238852467286677,0.88,0.6766666666666666,300,main_N20_T100_rho0.5_xsd0,20,100,0.5,0.0,,,
FE,4,0.0176174815838938,0.0307774856164297,0.0248830618191253,0.8566666666666667,0.1433333333333333,300,main_N20_T100_rho0.5_xsd0,20,100,0.5,0.0,,,
FE,5,0.0181878415830876,0.0320962119086125,0.0259224711371465,0.8433333333333334,0.0666666666666666,300,main_N20_T100_rho0.5_xsd0,20,100,0.5,0.0,,,
FE,6,0.01973448012001,0.0338381459282872,0.0275201171468672,0.85,0.12,300,main_N20_T100_rho0.5_xsd0,20,100,0.5,0.0,,,
FE,7,0.0187305139243995,0.0325772261787344,0.0256078848540745,0.8533333333333334,0.1133333333333333,300,main_N20_T100_rho0.5_xsd0,20,100,0.5,0.0,,,
FE,8,0.0189754250122226,0.0334442212959545,0.0265938980768124,0.86,0.1333333333333333,300,main_N20_T100_rho0.5_xsd0,20,100,0.5,0.0,,,
FE,9,0.0188903365434713,0.0334151662063446,0.0267239891931405,0.8633333333333333,0.1233333333333333,300,main_N20_T100_rho0.5_xsd0,20,100,0.5,0.0,,,
FE,10,0.0186155201391699,0.0337027527042364,0.0265185685885572,0.8433333333333334,0.1566666666666666,300,main_N20_T100_rho0.5_xsd0,20,100,0.5,0.0,,,
HPJ,0,-0.0049763203539493,0.0562304244751917,0.0434613806276812,0.51,1.0,300,main_N20_T100_rho0.5_xsd0,20,100,0.5,0.0,,,
HPJ,1,0.0082186295775812,0.0638998156502727,0.051096178403319,0.4666666666666667,1.0,300,main_N20_T100_rho0.5_xsd0,20,100,0.5,0.0,,,
HPJ,2,0.0152330210342285,0.0733111225281977,0.0581606183083593,0.49,0.8966666666666666,300,main_N20_T100_rho0.5_xsd0,20,100,0.5,0.0,,,
HPJ,3,0.017459572435722,0.0791595536249303,0.0622306839978771,0.4733333333333333,0.66,300,main_N20_T100_rho0.5_xsd0,20,100,0.5,0.0,,,
HPJ,4,0.0161964356665972,0.0777014248023588,0.0639868935100396,0.4266666666666667,0.53,300,main_N20_T100_rho0.5_xsd0,20,100,0.5,0.0,,,
HPJ,5,0.0192594818202161,0.0792070702315882,0.0626494007097882,0.44,0.5366666666666666,300,main_N20_T100_rho0.5_xsd0,20,100,0.5,0.0,,,
HPJ,6,0.0190339648423014,0.0831290767430645,0.0673544768155568,0.4133333333333333,0.58,300,main_N20_T100_rho0.5_xsd0,20,100,0.5,0.0,,,
HPJ,7,0.0151191234127776,0.079707849137635,0.0630716945973677,0.48,0.51,300,main_N20_T100_rho0.5_xsd0,20,100,0.5,0.0,,,
HPJ,8,0.0164795216011524,0.0802954872029637,0.0624539475919378,0.4966666666666666,0.4933333333333333,300,main_N20_T100_rho0.5_xsd0,20,100,0.5,0.0,,,
HPJ,9,0.0224710910590477,0.0802912580426261,0.0620559371579459,0.52,0.4733333333333333,300,main_N20_T100_rho0.5_xsd0,20,100,0.5,0.0,,,
HPJ,10,0.0203263707842324,0.0803355543004463,0.0638962101535568,0.46,0.5433333333333333,300,main_N20_T100_rho0.5_xsd0,20,100,0.5,0.0,,,
SPJ,0,-0.0018000662256789,0.0196461504083258,0.0157732829235133,0.93,1.0,300,main_N20_T100_rho0.5_xsd0,20,100,0.5,0.0,,,
SPJ,1,-0.0002206287046306,0.0227467797989851,0.018404991304509,0.9233333333333332,1.0,300,main_N20_T100_rho0.5_xsd0,20,100,0.5,0.0,,,
SPJ,2,0.000896614857712,0.0241869546399183,0.0193003763411211,0.9266666666666666,1.0,300,main_N20_T100_rho0.5_xsd0,20,100,0.5,0.0,,,
SPJ,3,0.0005602553328151,0.0249486269486435,0.0202025637149868,0.94,0.8333333333333334,300,main_N20_T100_rho0.5_xsd0,20,100,0.5,0.0,,,
SPJ,4,0.0007407828975817,0.0267133238451037,0.0213998582471535,0.92,0.3166666666666666,300,main_N20_T100_rho0.5_xsd0,20,100,0.5,0.0,,,
SPJ,5,0.0012176718444547,0.027505560520591,0.0224798188559245,0.9433333333333334,0.15,300,main_N20_T100_rho0.5_xsd0,20,100,0.5,0.0,,,
SPJ,6,0.0030068436773546,0.0289130859882409,0.0233368774312904,0.91,0.0966666666666666,300,main_N20_T100_rho0.5_xsd0,20,100,0.5,0.0,,,
SPJ,7,0.0022125886608328,0.028098491726424,0.0220778230111063,0.93,0.0833333333333333,300,main_N20_T100_rho0.5_xsd0,20,100,0.5,0.0,,,
SPJ,8,0.0028911935462098,0.0290635149574133,0.0230845106050081,0.91,0.0866666666666666,300,main_N20_T100_rho0.5_xsd0,20,100,0.5,0.0,,,
SPJ,9,0.0033859883366444,0.029528568842741,0.0241195461733075,0.92,0.0833333333333333,300,main_N20_T100_rho0.5_xsd0,20,100,0.5,0.0,,,
SPJ,10,0.0036542465587922,0.0298441859904305,0.0236120394224067,0.9066666666666666,0.1,300,main_N20_T100_rho0.5_xsd0,20,100,0.5,0.0,,,
CDOLS,0,0.00264298334576,0.0614346433558571,0.0498095820972324,0.9133333333333332,1.0,300,main_N20_T100_rho0.5_xsd1,20,100,0.5,1.0,,,
CDOLS,1,-0.0109002731149812,0.0407478470509043,0.0317759519140397,0.75,1.0,300,main_N20_T100_rho0.5_xsd1,20,100,0.5,1.0,,,
CDOLS,2,-0.015964388869617,0.0427977299506403,0.0345390579757093,0.7833333333333333,1.0,300,main_N20_T100_rho0.5_xsd1,20,100,0.5,1.0,,,
CDOLS,3,-0.019313807520101,0.0483604520324595,0.0388662199004882,0.75,0.82,300,main_N20_T100_rho0.5_xsd1,20,100,0.5,1.0,,,
CDOLS,4,-0.0155759069328983,0.0461598989357333,0.0371265477456851,0.7266666666666667,0.4933333333333333,300,main_N20_T100_rho0.5_xsd1,20,100,0.5,1.0,,,
CDOLS,5,-0.0165287646628718,0.0460765747380222,0.0367076101279577,0.7333333333333333,0.3466666666666667,300,main_N20_T100_rho0.5_xsd1,20,100,0.5,1.0,,,
CDOLS,6,-0.0242776291491832,0.0496292094352692,0.0404934842392795,0.6966666666666667,0.3533333333333333,300,main_N20_T100_rho0.5_xsd1,20,100,0.5,1.0,,,
CDOLS,7,-0.022474276642461,0.0477811825232797,0.0386943971688379,0.7366666666666667,0.3066666666666666,300,main_N20_T100_rho0.5_xsd1,20,100,0.5,1.0,,,
CDOLS,8,-0.0206760255774897,0.0536356934848828,0.0420118236934402,0.71,0.2833333333333333,300,main_N20_T100_rho0.5_xsd1,20,100,0.5,1.0,,,
CDOLS,9,-0.0228189749199239,0.0516507339690502,0.0405427589942166,0.72,0.2866666666666667,300,main_N20_T100_rho0.5_xsd1,20,100,0.5,1.0,,,
CDOLS,10,-0.0205174460476005,0.0515178415258612,0.0408889622834348,0.7333333333333333,0.2633333333333333,300,main_N20_T100_rho0.5_xsd1,20,100,0.5,1.0,,,
DB,0,0.0014028124647693,0.0441327615406296,0.0355938699871923,0.4333333333333333,1.0,300,main_N20_T100_rho0.5_xsd1,20,100,0.5,1.0,,,
DB,1,0.001705356094465,0.0304190971004181,0.0241862926620337,0.9066666666666666,1.0,300,main_N20_T100_rho0.5_xsd1,20,100,0.5,1.0,,,
DB,2,0.0032311698524396,0.0383194884930677,0.0306224271742641,0.8966666666666666,0.9533333333333334,300,main_N20_T100_rho0.5_xsd1,20,100,0.5,1.0,,,
DB,3,0.0040977722746633,0.0420891465609977,0.0337288276285228,0.9133333333333332,0.4766666666666667,300,main_N20_T100_rho0.5_xsd1,20,100,0.5,1.0,,,
DB,4,0.0064658962615533,0.0427098793938881,0.0340595085958759,0.91,0.1766666666666666,300,main_N20_T100_rho0.5_xsd1,20,100,0.5,1.0,,,
DB,5,0.0039590307575163,0.0423096574763929,0.0333022522245582,0.9266666666666666,0.1,300,main_N20_T100_rho0.5_xsd1,20,100,0.5,1.0,,,
DB,6,-0.000446432628886,0.0407973039845138,0.0330751080528518,0.9066666666666666,0.1033333333333333,300,main_N20_T100_rho0.5_xsd1,20,100,0.5,1.0,,,
DB,7,0.0014287985898973,0.0433999969581738,0.0355282643995701,0.9,0.1033333333333333,300,main_N20_T100_rho0.5_xsd1,20,100,0.5,1.0,,,
DB,8,0.0029367122154315,0.0464076080669048,0.0371285732211153,0.88,0.12,300,main_N20_T100_rho0.5_xsd1,20,100,0.5,1.0,,,
DB,9,0.0020156300335049,0.0423281118680092,0.0332615111107642,0.9133333333333332,0.08,300,main_N20_T100_rho0.5_xsd1,20,100,0.5,1.0,,,
DB,10,0.0046232004242688,0.0447675466328621,0.034784178815762,0.92,0.08,300,main_N20_T100_rho0.5_xsd1,20,100,0.5,1.0,,,
FE,0,0.0014028124647693,0.0441327615406296,0.0355938699871923,0.4333333333333333,1.0,300,main_N20_T100_rho0.5_xsd1,20,100,0.5,1.0,,,
FE,1,0.0105134012609583,0.0319397229068024,0.0260230492827563,0.91,1.0,300,main_N20_T100_rho0.5_xsd1,20,100,0.5,1.0,,,
FE,2,0.0163415633242431,0.0411192097510027,0.0326557583252046,0.8766666666666667,0.93,300,main_N20_T100_rho0.5_xsd1,20,100,0.5,1.0,,,
FE,3,0.0193218685981777,0.0456468620879487,0.0370264575826861,0.87,0.3366666666666666,300,main_N20_T100_rho0.5_xsd1,20,100,0.5,1.0,,,
FE,4,0.0227310106065037,0.0476359132598811,0.0384906423546724,0.8733333333333333,0.0966666666666666,300,main_N20_T100_rho0.5_xsd1,20,100,0.5,1.0,,,
FE,5,0.0207340646866401,0.0467022138990168,0.0379592911157511,0.8666666666666667,0.0766666666666666,300,main_N20_T100_rho0.5_xsd1,20,100,0.5,1.0,,,
FE,6,0.0165722163943694,0.0437739923812089,0.0352134489766662,0.9,0.08,300,main_N20_T100_rho0.5_xsd1,20,100,0.5,1.0,,,
FE,7,0.0185551350745082,0.0472502590359507,0.0387192732101448,0.8566666666666667,0.1133333333333333,300,main_N20_T100_rho0.5_xsd1,20,100,0.5,1.0,,,
FE,8,0.0200994044038346,0.0505996638143927,0.0402745822374092,0.8733333333333333,0.12,300,main_N20_T100_rho0.5_xsd1,20,100,0.5,1.0,,,
FE,9,0.0191754996802749,0.046603368302941,0.0370595750137174,0.8766666666666667,0.1166666666666666,300,main_N20_T100_rho0.5_xsd1,20,100,0.5,1.0,,,
FE,10,0.0217570958252128,0.0497568023337814,0.0388890202021858,0.8766666666666667,0.1233333333333333,300,main_N20_T100_rho0.5_xsd1,20,100,0.5,1.0,,,
HPJ,0,-0.0077031435376836,0.1294713621801962,0.0999778737222475,0.2333333333333333,1.0,300,main_N20_T100_rho0.5_xsd1,20,100,0.5,1.0,,,
HPJ,1,0.0034492131412303,0.0566430719068152,0.0449108671985784,0.6766666666666666,1.0,300,main_N20_T100_rho0.5_xsd1,20,100,0.5,1.0,,,
HPJ,2,0.0119631083078241,0.0704417191129188,0.0544927432712781,0.68,0.8566666666666667,300,main_N20_T100_rho0.5_xsd1,20,100,0.5,1.0,,,
HPJ,3,0.0140218130494928,0.0786992121252174,0.0610422433840541,0.6533333333333333,0.4566666666666666,300,main_N20_T100_rho0.5_xsd1,20,100,0.5,1.0,,,
HPJ,4,0.020117292105655,0.0799685577786537,0.0609626763408813,0.6766666666666666,0.3133333333333333,300,main_N20_T100_rho0.5_xsd1,20,100,0.5,1.0,,,
HPJ,5,0.0181170640155711,0.076123646309791,0.0585105916070004,0.6766666666666666,0.2966666666666667,300,main_N20_T100_rho0.5_xsd1,20,100,0.5,1.0,,,
HPJ,6,0.0172363082780417,0.0781028704143343,0.059121579625473,0.6933333333333334,0.29,300,main_N20_T100_rho0.5_xsd1,20,100,0.5,1.0,,,
HPJ,7,0.0164370509282495,0.0796405471637522,0.0616722731643354,0.6566666666666666,0.3266666666666666,300,main_N20_T100_rho0.5_xsd1,20,100,0.5,1.0,,,
HPJ,8,0.0171601445590746,0.0794386092557956,0.0610952299332373,0.6766666666666666,0.3133333333333333,300,main_N20_T100_rho0.5_xsd1,20,100,0.5,1.0,,,
HPJ,9,0.0232031550067733,0.0776010548249413,0.0612403243123377,0.67,0.33,300,main_N20_T100_rho0.5_xsd1,20,100,0.5,1.0,,,
HPJ,10,0.0204496861124831,0.0819683013916392,0.065198230215256,0.6633333333333333,0.34,300,main_N20_T100_rho0.5_xsd1,20,100,0.5,1.0,,,
SPJ,0,0.0013684248429583,0.0439624889654951,0.0353570522114341,0.46,1.0,300,main_N20_T100_rho0.5_xsd1,20,100,0.5,1.0,,,
SPJ,1,0.000216900719215,0.0315864546930045,0.0248894968995136,0.9166666666666666,1.0,300,main_N20_T100_rho0.5_xsd1,20,100,0.5,1.0,,,
SPJ,2,0.001839141554886,0.040740475677148,0.0325945240690053,0.9066666666666666,0.96,300,main_N20_T100_rho0.5_xsd1,20,100,0.5,1.0,,,
SPJ,3,0.0034587876306655,0.0453902827421267,0.0364280717775706,0.91,0.4566666666666666,300,main_N20_T100_rho0.5_xsd1,20,100,0.5,1.0,,,
SPJ,4,0.0061950758004873,0.0476167395804844,0.0373082561904263,0.9,0.1633333333333333,300,main_N20_T100_rho0.5_xsd1,20,100,0.5,1.0,,,
SPJ,5,0.0045667578389955,0.0476661812559814,0.0378791044147186,0.9,0.1033333333333333,300,main_N20_T100_rho0.5_xsd1,20,100,0.5,1.0,,,
SPJ,6,0.001013001840742,0.0455468389035301,0.0365023676898309,0.9066666666666666,0.11,300,main_N20_T100_rho0.5_xsd1,20,100,0.5,1.0,,,
SPJ,7,0.0029476128038271,0.0478398225083572,0.0389026036530859,0.89,0.12,300,main_N20_T100_rho0.5_xsd1,20,100,0.5,1.0,,,
SPJ,8,0.0049025891381154,0.0506911726196012,0.0401190041992546,0.89,0.1166666666666666,300,main_N20_T100_rho0.5_xsd1,20,100,0.5,1.0,,,
SPJ,9,0.0045841825314063,0.0466061552352407,0.036581959976298,0.91,0.09,300,main_N20_T100_rho0.5_xsd1,20,100,0.5,1.0,,,
SPJ,10,0.0080682407885521,0.0485794007228504,0.0379917064035372,0.9133333333333332,0.0866666666666666,300,main_N20_T100_rho0.5_xsd1,20,100,0.5,1.0,,,
CDOLS,0,-0.0017788321520679,0.031561980592446,0.0255776751340626,0.9333333333333332,1.0,300,main_N20_T100_rho0.8_xsd0,20,100,0.8,0.0,,,
CDOLS,1,-0.0175678404234097,0.0376383844854928,0.0299374884035227,0.8866666666666667,1.0,300,main_N20_T100_rho0.8_xsd0,20,100,0.8,0.0,,,
CDOLS,2,-0.030305419124549,0.0468952573904787,0.0374544374158754,0.85,1.0,300,main_N20_T100_rho0.8_xsd0,20,100,0.8,0.0,,,
CDOLS,3,-0.042130218114934,0.0557480033815108,0.0470900505002106,0.7733333333333333,1.0,300,main_N20_T100_rho0.8_xsd0,20,100,0.8,0.0,,,
CDOLS,4,-0.0509116642493279,0.0629416662478141,0.0543329850732879,0.6733333333333333,1.0,300,main_N20_T100_rho0.8_xsd0,20,100,0.8,0.0,,,
CDOLS,5,-0.0585240897412126,0.0701272308448222,0.0609457904688863,0.6166666666666667,1.0,300,main_N20_T100_rho0.8_xsd0,20,100,0.8,0.0,,,
CDOLS,6,-0.0623506688593693,0.0739729737725296,0.0647005616641586,0.5766666666666667,1.0,300,main_N20_T100_rho0.8_xsd0,20,100,0.8,0.0,,,
CDOLS,7,-0.0681617637567676,0.0782289009719925,0.0694966426508287,0.56,1.0,300,main_N20_T100_rho0.8_xsd0,20,100,0.8,0.0,,,
CDOLS,8,-0.0711817032748884,0.0821844186531635,0.0721694619575069,0.5133333333333333,0.9866666666666668,300,main_N20_T100_rho0.8_xsd0,20,100,0.8,0.0,,,
CDOLS,9,-0.0744042790463419,0.0852834832735903,0.0758834223569572,0.5,0.95,300,main_N20_T100_rho0.8_xsd0,20,100,0.8,0.0,,,
CDOLS,10,-0.0778875728206707,0.0890565762890826,0.0788166229586254,0.49,0.9233333333333332,300,main_N20_T100_rho0.8_xsd0,20,100,0.8,0.0,,,
DB,0,-0.0012102923494958,0.0140566337432711,0.0112609396248496,0.92,1.0,300,main_N20_T100_rho0.8_xsd0,20,100,0.8,0.0,,,
DB,1,0.0017728930927163,0.0158974600446948,0.012875393166829,0.9566666666666668,1.0,300,main_N20_T100_rho0.8_xsd0,20,100,0.8,0.0,,,
DB,2,0.0039641286775791,0.0193113619994928,0.0155562889699674,0.9533333333333334,1.0,300,main_N20_T100_rho0.8_xsd0,20,100,0.8,0.0,,,
DB,3,0.0053831979778464,0.0234941672439972,0.0191159439251492,0.9233333333333332,1.0,300,main_N20_T100_rho0.8_xsd0,20,100,0.8,0.0,,,
DB,4,0.0067984133281403,0.0272116859127934,0.021542388244058,0.8933333333333333,1.0,300,main_N20_T100_rho0.8_xsd0,20,100,0.8,0.0,,,
DB,5,0.0081548461180042,0.0291459047675745,0.0231450114067566,0.8633333333333333,1.0,300,main_N20_T100_rho0.8_xsd0,20,100,0.8,0.0,,,
DB,6,0.009768083474783,0.0317147773436923,0.0249292699626493,0.8366666666666667,1.0,300,main_N20_T100_rho0.8_xsd0,20,100,0.8,0.0,,,
DB,7,0.0098448258067246,0.0318554069140808,0.0248714899669678,0.8633333333333333,0.9766666666666668,300,main_N20_T100_rho0.8_xsd0,20,100,0.8,0.0,,,
DB,8,0.0106009729078705,0.033828741791759,0.0266138236537128,0.8533333333333334,0.87,300,main_N20_T100_rho0.8_xsd0,20,100,0.8,0.0,,,
DB,9,0.0112349215184341,0.035017839065795,0.0275594576565952,0.8566666666666667,0.7366666666666667,300,main_N20_T100_rho0.8_xsd0,20,100,0.8,0.0,,,
DB,10,0.0119557712941157,0.0357426257592485,0.0278974796621155,0.8366666666666667,0.5566666666666666,300,main_N20_T100_rho0.8_xsd0,20,100,0.8,0.0,,,
FE,0,-0.0012102923494958,0.0140566337432711,0.0112609396248496,0.92,1.0,300,main_N20_T100_rho0.8_xsd0,20,100,0.8,0.0,,,
FE,1,0.0121182815337635,0.0197592673051164,0.0161649263405795,0.8533333333333334,1.0,300,main_N20_T100_rho0.8_xsd0,20,100,0.8,0.0,,,
FE,2,0.0224337418976702,0.0291167180825222,0.0244854185882646,0.74,1.0,300,main_N20_T100_rho0.8_xsd0,20,100,0.8,0.0,,,
FE,3,0.0302300304624868,0.0376249235751716,0.0319156808441722,0.6633333333333333,1.0,300,main_N20_T100_rho0.8_xsd0,20,100,0.8,0.0,,,
FE,4,0.0366470620578589,0.0447920694144584,0.0380149100351541,0.63,1.0,300,main_N20_T100_rho0.8_xsd0,20,100,0.8,0.0,,,
FE,5,0.0419212038411386,0.0500443833913971,0.042996670874076,0.61,1.0,300,main_N20_T100_rho0.8_xsd0,20,100,0.8,0.0,,,
FE,6,0.0465964253826847,0.0551434050784362,0.0476663489328228,0.5466666666666666,0.9733333333333334,300,main_N20_T100_rho0.8_xsd0,20,100,0.8,0.0,,,
FE,7,0.0490584990309081,0.0572964039451846,0.0497313405041108,0.5433333333333333,0.8166666666666667,300,main_N20_T100_rho0.8_xsd0,20,100,0.8,0.0,,,
FE,8,0.0516637283870063,0.0604868973221719,0.052497566843667,0.4933333333333333,0.5033333333333333,300,main_N20_T100_rho0.8_xsd0,20,100,0.8,0.0,,,
FE,9,0.0537205751423405,0.0627653620799771,0.0545282129652761,0.4666666666666667,0.25,300,main_N20_T100_rho0.8_xsd0,20,100,0.8,0.0,,,
FE,10,0.0555243862703221,0.0645902915677778,0.056215017258204,0.4566666666666666,0.1566666666666666,300,main_N20_T100_rho0.8_xsd0,20,100,0.8,0.0,,,
HPJ,0,-0.0048401056049964,0.0403410602671227,0.031790944559306,0.4966666666666666,1.0,300,main_N20_T100_rho0.8_xsd0,20,100,0.8,0.0,,,
HPJ,1,0.0103070978572341,0.0475870417032043,0.0373854221598582,0.5033333333333333,1.0,300,main_N20_T100_rho0.8_xsd0,20,100,0.8,0.0,,,
HPJ,2,0.0221259114830165,0.0621969414194905,0.0501220909235118,0.43,1.0,300,main_N20_T100_rho0.8_xsd0,20,100,0.8,0.0,,,
HPJ,3,0.0310901586893688,0.0766174891769226,0.061764059747673,0.3833333333333333,1.0,300,main_N20_T100_rho0.8_xsd0,20,100,0.8,0.0,,,
HPJ,4,0.037293692816361,0.0858717728224615,0.071104985944187,0.34,0.9833333333333332,300,main_N20_T100_rho0.8_xsd0,20,100,0.8,0.0,,,
HPJ,5,0.0442809956357457,0.0930706856518335,0.0757721743559487,0.3466666666666667,0.9266666666666666,300,main_N20_T100_rho0.8_xsd0,20,100,0.8,0.0,,,
HPJ,6,0.0481468423054256,0.0991109218818431,0.0800139297479351,0.3466666666666667,0.7933333333333333,300,main_N20_T100_rho0.8_xsd0,20,100,0.8,0.0,,,
HPJ,7,0.0498504736645588,0.0981992737670699,0.0780884280109645,0.38,0.71,300,main_N20_T100_rho0.8_xsd0,20,100,0.8,0.0,,,
HPJ,8,0.0538693521740575,0.1019465451312292,0.0806292888264251,0.3866666666666666,0.66,300,main_N20_T100_rho0.8_xsd0,20,100,0.8,0.0,,,
HPJ,9,0.059201218780043,0.104838984422476,0.0830659352337153,0.3833333333333333,0.58,300,main_N20_T100_rho0.8_xsd0,20,100,0.8,0.0,,,
HPJ,10,0.0600341396110903,0.1055367577084528,0.0847883825452574,0.37,0.5466666666666666,300,main_N20_T100_rho0.8_xsd0,20,100,0.8,0.0,,,
SPJ,0,-0.0015560969316976,0.0146985400308157,0.0118148425951696,0.95,1.0,300,main_N20_T100_rho0.8_xsd0,20,100,0.8,0.0,,,
SPJ,1,-0.0010416861308193,0.0166101525652328,0.0137019122772828,0.9566666666666668,1.0,300,main_N20_T100_rho0.8_xsd0,20,100,0.8,0.0,,,
SPJ,2,-0.0005169057301528,0.0208508173450442,0.0169398343754607,0.95,1.0,300,main_N20_T100_rho0.8_xsd0,20,100,0.8,0.0,,,
SPJ,3,-0.0001088775650747,0.0254419281697152,0.0206284255323252,0.93,1.0,300,main_N20_T100_rho0.8_xsd0,20,100,0.8,0.0,,,
SPJ,4,0.0007228780189855,0.0300454364790043,0.0243584106978433,0.9033333333333332,1.0,300,main_N20_T100_rho0.8_xsd0,20,100,0.8,0.0,,,
SPJ,5,0.0018395645942926,0.0324956791093236,0.0264064702848174,0.88,1.0,300,main_N20_T100_rho0.8_xsd0,20,100,0.8,0.0,,,
SPJ,6,0.0035966225532269,0.0355051889759052,0.0282661186019501,0.85,1.0,300,main_N20_T100_rho0.8_xsd0,20,100,0.8,0.0,,,
SPJ,7,0.0040157266329039,0.036470508921409,0.0291061532428341,0.8666666666666667,0.9633333333333334,300,main_N20_T100_rho0.8_xsd0,20,100,0.8,0.0,,,
SPJ,8,0.0055120784015729,0.03923541298121,0.0314176503529822,0.8566666666666667,0.8166666666666667,300,main_N20_T100_rho0.8_xsd0,20,100,0.8,0.0,,,
SPJ,9,0.007221246274789,0.0410415053280592,0.0330945658760876,0.8466666666666667,0.64,300,main_N20_T100_rho0.8_xsd0,20,100,0.8,0.0,,,
SPJ,10,0.0090958588943034,0.0420863088132877,0.0336942677133018,0.82,0.4466666666666666,300,main_N20_T100_rho0.8_xsd0,20,100,0.8,0.0,,,
CDOLS,0,0.0025862097352027,0.0617858298993648,0.0499707415611468,0.9133333333333332,1.0,300,main_N20_T100_rho0.8_xsd1,20,100,0.8,1.0,,,
CDOLS,1,-0.0097330438893021,0.0405221531191567,0.0315583492691299,0.7633333333333333,1.0,300,main_N20_T100_rho0.8_xsd1,20,100,0.8,1.0,,,
CDOLS,2,-0.0174218968268558,0.0464867825882092,0.0372002000465529,0.76,1.0,300,main_N20_T100_rho0.8_xsd1,20,100,0.8,1.0,,,
CDOLS,3,-0.0243301469277527,0.0551588660654929,0.0445228785663621,0.7166666666666667,1.0,300,main_N20_T100_rho0.8_xsd1,20,100,0.8,1.0,,,
CDOLS,4,-0.023834659674343,0.0556833001030817,0.0457695011384403,0.6933333333333334,1.0,300,main_N20_T100_rho0.8_xsd1,20,100,0.8,1.0,,,
CDOLS,5,-0.026932377194407,0.0578529109959653,0.0460333221510573,0.6833333333333333,1.0,300,main_N20_T100_rho0.8_xsd1,20,100,0.8,1.0,,,
CDOLS,6,-0.0370177966628579,0.064834158267425,0.0528505190587793,0.6266666666666667,0.9933333333333332,300,main_N20_T100_rho0.8_xsd1,20,100,0.8,1.0,,,
CDOLS,7,-0.0386180362756177,0.0643182109197977,0.0530722124635563,0.6333333333333333,0.9733333333333334,300,main_N20_T100_rho0.8_xsd1,20,100,0.8,1.0,,,
CDOLS,8,-0.0392492836070415,0.0717585349288284,0.0563678363543382,0.66,0.8866666666666667,300,main_N20_T100_rho0.8_xsd1,20,100,0.8,1.0,,,
CDOLS,9,-0.043990744714121,0.0727652118458636,0.0573837355725826,0.6333333333333333,0.8366666666666667,300,main_N20_T100_rho0.8_xsd1,20,100,0.8,1.0,,,
CDOLS,10,-0.0435782779197207,0.071791455935429,0.0582790640691364,0.6066666666666667,0.77,300,main_N20_T100_rho0.8_xsd1,20,100,0.8,1.0,,,
DB,0,0.0006446711290719,0.0233880218092846,0.0189153760978297,0.5933333333333334,1.0,300,main_N20_T100_rho0.8_xsd1,20,100,0.8,1.0,,,
DB,1,0.0044075902113721,0.0223080502468673,0.0179155532358356,0.9033333333333332,1.0,300,main_N20_T100_rho0.8_xsd1,20,100,0.8,1.0,,,
DB,2,0.0082764669798976,0.0358363667657082,0.02806147961643,0.8833333333333333,1.0,300,main_N20_T100_rho0.8_xsd1,20,100,0.8,1.0,,,
DB,3,0.0112426060329047,0.0460030763931562,0.0361308696811403,0.87,1.0,300,main_N20_T100_rho0.8_xsd1,20,100,0.8,1.0,,,
DB,4,0.014133813073621,0.0535472027957306,0.0418764311244257,0.8733333333333333,0.9933333333333332,300,main_N20_T100_rho0.8_xsd1,20,100,0.8,1.0,,,
DB,5,0.0142649010035799,0.0579120740234134,0.0453246108733253,0.85,0.9466666666666668,300,main_N20_T100_rho0.8_xsd1,20,100,0.8,1.0,,,
DB,6,0.0132609313402264,0.0596509808359024,0.047633841053862,0.85,0.8366666666666667,300,main_N20_T100_rho0.8_xsd1,20,100,0.8,1.0,,,
DB,7,0.0147407646360495,0.0626024281149663,0.0503279562145425,0.81,0.6233333333333333,300,main_N20_T100_rho0.8_xsd1,20,100,0.8,1.0,,,
DB,8,0.0159259399027379,0.0652366635758036,0.0517513154398793,0.8166666666666667,0.46,300,main_N20_T100_rho0.8_xsd1,20,100,0.8,1.0,,,
DB,9,0.0155547234632185,0.0636971616192644,0.051398967069221,0.8333333333333334,0.3433333333333333,300,main_N20_T100_rho0.8_xsd1,20,100,0.8,1.0,,,
DB,10,0.01685843619461,0.0639297691536656,0.0516285264608923,0.85,0.2766666666666666,300,main_N20_T100_rho0.8_xsd1,20,100,0.8,1.0,,,
FE,0,0.0006446711290719,0.0233880218092846,0.0189153760978297,0.5933333333333334,1.0,300,main_N20_T100_rho0.8_xsd1,20,100,0.8,1.0,,,
FE,1,0.0147559517820868,0.0262597071986953,0.0213785151025543,0.86,1.0,300,main_N20_T100_rho0.8_xsd1,20,100,0.8,1.0,,,
FE,2,0.0267219520827424,0.0435356328283338,0.0349001305036553,0.77,1.0,300,main_N20_T100_rho0.8_xsd1,20,100,0.8,1.0,,,
FE,3,0.0360293571759875,0.0566096531711771,0.0460420893656207,0.7666666666666667,1.0,300,main_N20_T100_rho0.8_xsd1,20,100,0.8,1.0,,,
FE,4,0.0438891898409828,0.0667691448947523,0.0548898846985845,0.7233333333333334,0.99,300,main_N20_T100_rho0.8_xsd1,20,100,0.8,1.0,,,
FE,5,0.0479131644385604,0.0725499690225467,0.0600354405817798,0.72,0.8633333333333333,300,main_N20_T100_rho0.8_xsd1,20,100,0.8,1.0,,,
FE,6,0.0499567021484271,0.0752827586777219,0.0621973909784213,0.7233333333333334,0.61,300,main_N20_T100_rho0.8_xsd1,20,100,0.8,1.0,,,
FE,7,0.0538176345796749,0.0798950804756859,0.066388495271306,0.6833333333333333,0.3833333333333333,300,main_N20_T100_rho0.8_xsd1,20,100,0.8,1.0,,,
FE,8,0.05685671509805,0.0837632489722143,0.0693135990543292,0.66,0.2433333333333333,300,main_N20_T100_rho0.8_xsd1,20,100,0.8,1.0,,,
FE,9,0.0579206113460896,0.0835584011264995,0.0684451239505796,0.67,0.1666666666666666,300,main_N20_T100_rho0.8_xsd1,20,100,0.8,1.0,,,
FE,10,0.0603251203226209,0.0853163676621151,0.0699400303700133,0.65,0.13,300,main_N20_T100_rho0.8_xsd1,20,100,0.8,1.0,,,
HPJ,0,-0.0054052581909981,0.0685360557514772,0.0526828920991544,0.2866666666666667,1.0,300,main_N20_T100_rho0.8_xsd1,20,100,0.8,1.0,,,
HPJ,1,0.0094372209422738,0.0439759425502122,0.0335620054479869,0.65,1.0,300,main_N20_T100_rho0.8_xsd1,20,100,0.8,1.0,,,
HPJ,2,0.0219434819192571,0.0641704412415037,0.0486841772753498,0.6666666666666666,1.0,300,main_N20_T100_rho0.8_xsd1,20,100,0.8,1.0,,,
HPJ,3,0.0302400287893789,0.07985179226093,0.0609074666131425,0.6433333333333333,0.9933333333333332,300,main_N20_T100_rho0.8_xsd1,20,100,0.8,1.0,,,
HPJ,4,0.0385308536981845,0.0920410881553438,0.0710300525410528,0.6433333333333333,0.9433333333333334,300,main_N20_T100_rho0.8_xsd1,20,100,0.8,1.0,,,
HPJ,5,0.0419957756799287,0.0988900877488818,0.0771592151672338,0.6033333333333334,0.7933333333333333,300,main_N20_T100_rho0.8_xsd1,20,100,0.8,1.0,,,
HPJ,6,0.0449478302738585,0.1046037661713108,0.0810223487149524,0.63,0.6333333333333333,300,main_N20_T100_rho0.8_xsd1,20,100,0.8,1.0,,,
HPJ,7,0.0475691510460682,0.1093977894985338,0.0849533183098907,0.5766666666666667,0.47,300,main_N20_T100_rho0.8_xsd1,20,100,0.8,1.0,,,
HPJ,8,0.0511247587518564,0.1118479687713442,0.0882236166703765,0.58,0.41,300,main_N20_T100_rho0.8_xsd1,20,100,0.8,1.0,,,
HPJ,9,0.0560010802675397,0.1135338812901284,0.0890812575520646,0.5966666666666667,0.3433333333333333,300,main_N20_T100_rho0.8_xsd1,20,100,0.8,1.0,,,
HPJ,10,0.0563349802154522,0.1142229420008533,0.0897515964285237,0.5933333333333334,0.3433333333333333,300,main_N20_T100_rho0.8_xsd1,20,100,0.8,1.0,,,
SPJ,0,0.0006135518456927,0.0228008134842898,0.0183876773079867,0.6533333333333333,1.0,300,main_N20_T100_rho0.8_xsd1,20,100,0.8,1.0,,,
SPJ,1,0.0007940947801704,0.0243275651556091,0.0191869304622787,0.9066666666666666,1.0,300,main_N20_T100_rho0.8_xsd1,20,100,0.8,1.0,,,
SPJ,2,0.002398010497956,0.0399248080725993,0.031274654815423,0.88,1.0,300,main_N20_T100_rho0.8_xsd1,20,100,0.8,1.0,,,
SPJ,3,0.0044091003786038,0.0519937532848761,0.0408047493323266,0.88,1.0,300,main_N20_T100_rho0.8_xsd1,20,100,0.8,1.0,,,
SPJ,4,0.0065331352032262,0.0616379423367703,0.0479705777948028,0.86,0.9966666666666668,300,main_N20_T100_rho0.8_xsd1,20,100,0.8,1.0,,,
SPJ,5,0.0073576166296911,0.0678175755658728,0.0527381791632768,0.8433333333333334,0.92,300,main_N20_T100_rho0.8_xsd1,20,100,0.8,1.0,,,
SPJ,6,0.007344986342246,0.0704470328763575,0.0554637533505102,0.8266666666666667,0.76,300,main_N20_T100_rho0.8_xsd1,20,100,0.8,1.0,,,
SPJ,7,0.009805371862136,0.074357917271043,0.0582970605407248,0.8266666666666667,0.5533333333333333,300,main_N20_T100_rho0.8_xsd1,20,100,0.8,1.0,,,
SPJ,8,0.0120364855343813,0.0775505590546162,0.0606633878990616,0.7966666666666666,0.4333333333333333,300,main_N20_T100_rho0.8_xsd1,20,100,0.8,1.0,,,
SPJ,9,0.0133292877290113,0.0773770649212147,0.0605651328705255,0.8166666666666667,0.2966666666666667,300,main_N20_T100_rho0.8_xsd1,20,100,0.8,1.0,,,
SPJ,10,0.0164214493607708,0.0783317240790853,0.0605940151746762,0.82,0.2233333333333333,300,main_N20_T100_rho0.8_xsd1,20,100,0.8,1.0,,,
CDOLS,0,-0.001763145347267,0.0316100205924663,0.0256261393407916,0.9266666666666666,1.0,300,main_N20_T100_rho0.95_xsd0,20,100,0.95,0.0,,,
CDOLS,1,-0.0117348432023132,0.0352750728019834,0.0279580261079708,0.9233333333333332,1.0,300,main_N20_T100_rho0.95_xsd0,20,100,0.95,0.0,,,
CDOLS,2,-0.0216969423126886,0.0425061452238333,0.0333684252249321,0.8833333333333333,1.0,300,main_N20_T100_rho0.95_xsd0,20,100,0.95,0.0,,,
CDOLS,3,-0.0328188416478597,0.0503612734374921,0.0417144997728266,0.86,1.0,300,main_N20_T100_rho0.95_xsd0,20,100,0.95,0.0,,,
CDOLS,4,-0.0424384682694264,0.0579227497569628,0.049070044881757,0.79,1.0,300,main_N20_T100_rho0.95_xsd0,20,100,0.95,0.0,,,
CDOLS,5,-0.0522236518974851,0.0662905905970372,0.0563116698533433,0.7233333333333334,1.0,300,main_N20_T100_rho0.95_xsd0,20,100,0.95,0.0,,,
CDOLS,6,-0.059176029127425,0.0731254144293715,0.0629719456875425,0.6766666666666666,1.0,300,main_N20_T100_rho0.95_xsd0,20,100,0.95,0.0,,,
CDOLS,7,-0.0689042794842688,0.0807661556718921,0.070490358728446,0.6366666666666667,1.0,300,main_N20_T100_rho0.95_xsd0,20,100,0.95,0.0,,,
CDOLS,8,-0.0765835806001589,0.0887728340408976,0.0777565109896518,0.5666666666666667,1.0,300,main_N20_T100_rho0.95_xsd0,20,100,0.95,0.0,,,
CDOLS,9,-0.0847817827095021,0.0960719567305354,0.0861087060081368,0.49,1.0,300,main_N20_T100_rho0.95_xsd0,20,100,0.95,0.0,,,
CDOLS,10,-0.0933554828858,0.1048341368059811,0.0938704042220945,0.45,1.0,300,main_N20_T100_rho0.95_xsd0,20,100,0.95,0.0,,,
DB,0,-0.0004952495967054,0.0082814525387419,0.0066733898266738,0.9166666666666666,1.0,300,main_N20_T100_rho0.95_xsd0,20,100,0.95,0.0,,,
DB,1,0.0044289225819036,0.0110527734963701,0.0086203986260493,0.9133333333333332,1.0,300,main_N20_T100_rho0.95_xsd0,20,100,0.95,0.0,,,
DB,2,0.0090847789293689,0.0166256854645509,0.0128289527495082,0.8666666666666667,1.0,300,main_N20_T100_rho0.95_xsd0,20,100,0.95,0.0,,,
DB,3,0.0136824380581359,0.0230583579125714,0.0177402341880384,0.8133333333333334,1.0,300,main_N20_T100_rho0.95_xsd0,20,100,0.95,0.0,,,
DB,4,0.0183028992652245,0.0295172048382337,0.0227127393181053,0.7666666666666667,1.0,300,main_N20_T100_rho0.95_xsd0,20,100,0.95,0.0,,,
DB,5,0.0229676436843986,0.0352418407777341,0.0274520503739399,0.73,1.0,300,main_N20_T100_rho0.95_xsd0,20,100,0.95,0.0,,,
DB,6,0.02769813920399,0.0411605595660032,0.0326049082369373,0.6766666666666666,1.0,300,main_N20_T100_rho0.95_xsd0,20,100,0.95,0.0,,,
DB,7,0.0317553576220256,0.0461235479034055,0.0370160388792161,0.6333333333333333,1.0,300,main_N20_T100_rho0.95_xsd0,20,100,0.95,0.0,,,
DB,8,0.0361977353014024,0.0517359055025731,0.0419503006812487,0.6166666666666667,1.0,300,main_N20_T100_rho0.95_xsd0,20,100,0.95,0.0,,,
DB,9,0.0406161741233855,0.0570260580223241,0.0464838234119144,0.5933333333333334,1.0,300,main_N20_T100_rho0.95_xsd0,20,100,0.95,0.0,,,
DB,10,0.044905948836715,0.0617856432765175,0.0505608026586746,0.5533333333333333,1.0,300,main_N20_T100_rho0.95_xsd0,20,100,0.95,0.0,,,
FE,0,-0.0004952495967054,0.0082814525387419,0.0066733898266738,0.9166666666666666,1.0,300,main_N20_T100_rho0.95_xsd0,20,100,0.95,0.0,,,
FE,1,0.0141116640688451,0.0173028216364479,0.0145385565334472,0.6533333333333333,1.0,300,main_N20_T100_rho0.95_xsd0,20,100,0.95,0.0,,,
FE,2,0.0277774245359031,0.0309612945048854,0.0278059048639464,0.3966666666666666,1.0,300,main_N20_T100_rho0.95_xsd0,20,100,0.95,0.0,,,
FE,3,0.04075380815446,0.0446101102444044,0.040763045485345,0.25,1.0,300,main_N20_T100_rho0.95_xsd0,20,100,0.95,0.0,,,
FE,4,0.0531602798252714,0.0577395785439339,0.0531728799539056,0.1966666666666666,1.0,300,main_N20_T100_rho0.95_xsd0,20,100,0.95,0.0,,,
FE,5,0.0650538061434671,0.0700104306950635,0.0650538061434671,0.1666666666666666,1.0,300,main_N20_T100_rho0.95_xsd0,20,100,0.95,0.0,,,
FE,6,0.0764885552800115,0.0819225225341345,0.0764885552800115,0.13,1.0,300,main_N20_T100_rho0.95_xsd0,20,100,0.95,0.0,,,
FE,7,0.086755593241387,0.0924911094793973,0.086755593241387,0.1033333333333333,1.0,300,main_N20_T100_rho0.95_xsd0,20,100,0.95,0.0,,,
FE,8,0.0969410088369009,0.1031651069649089,0.0969410088369009,0.0866666666666666,1.0,300,main_N20_T100_rho0.95_xsd0,20,100,0.95,0.0,,,
FE,9,0.1066610651232888,0.113246444553109,0.1066610651232888,0.0866666666666666,1.0,300,main_N20_T100_rho0.95_xsd0,20,100,0.95,0.0,,,
FE,10,0.1158342443061299,0.1226149807477639,0.1158342443061299,0.0666666666666666,1.0,300,main_N20_T100_rho0.95_xsd0,20,100,0.95,0.0,,,
HPJ,0,-0.0021262427012178,0.0239533840472715,0.01918144144389,0.48,1.0,300,main_N20_T100_rho0.95_xsd0,20,100,0.95,0.0,,,
HPJ,1,0.0134192237151829,0.0325739703129032,0.0263869379467433,0.4,1.0,300,main_N20_T100_rho0.95_xsd0,20,100,0.95,0.0,,,
HPJ,2,0.0278481336244772,0.0489235044987476,0.0396900334460241,0.3566666666666667,1.0,300,main_N20_T100_rho0.95_xsd0,20,100,0.95,0.0,,,
HPJ,3,0.0413753486274598,0.0667904959880439,0.0549939010376652,0.3033333333333333,1.0,300,main_N20_T100_rho0.95_xsd0,20,100,0.95,0.0,,,
HPJ,4,0.0538626069399402,0.0834167276841495,0.0685946850549941,0.3,1.0,300,main_N20_T100_rho0.95_xsd0,20,100,0.95,0.0,,,
HPJ,5,0.0665480385110016,0.098637477049389,0.0823178342782446,0.2533333333333333,1.0,300,main_N20_T100_rho0.95_xsd0,20,100,0.95,0.0,,,
HPJ,6,0.0779373332547263,0.1131500910660105,0.0954347218892804,0.2233333333333333,1.0,300,main_N20_T100_rho0.95_xsd0,20,100,0.95,0.0,,,
HPJ,7,0.0881095860722443,0.1251872252006278,0.1067224353970424,0.2166666666666666,1.0,300,main_N20_T100_rho0.95_xsd0,20,100,0.95,0.0,,,
HPJ,8,0.0988286476362679,0.1374145715542757,0.1180841935985342,0.1833333333333333,1.0,300,main_N20_T100_rho0.95_xsd0,20,100,0.95,0.0,,,
HPJ,9,0.1095281987171802,0.1491045230463787,0.1291145266802917,0.1766666666666666,1.0,300,main_N20_T100_rho0.95_xsd0,20,100,0.95,0.0,,,
HPJ,10,0.1180174702168116,0.1593325717150488,0.1382176127760823,0.16,0.99,300,main_N20_T100_rho0.95_xsd0,20,100,0.95,0.0,,,
SPJ,0,-0.0008440022107157,0.0097569163290723,0.0078909338655958,0.9633333333333334,1.0,300,main_N20_T100_rho0.95_xsd0,20,100,0.95,0.0,,,
SPJ,1,-0.0026879894292538,0.0129424003976704,0.0104381023803522,0.9266666666666666,1.0,300,main_N20_T100_rho0.95_xsd0,20,100,0.95,0.0,,,
SPJ,2,-0.0039468805951726,0.0191638625684606,0.0153508060044873,0.9133333333333332,1.0,300,main_N20_T100_rho0.95_xsd0,20,100,0.95,0.0,,,
SPJ,3,-0.0045918045291181,0.0256762050328656,0.0204302015531782,0.8866666666666667,1.0,300,main_N20_T100_rho0.95_xsd0,20,100,0.95,0.0,,,
SPJ,4,-0.004479729332838,0.0324407890562189,0.0256376005633281,0.8666666666666667,1.0,300,main_N20_T100_rho0.95_xsd0,20,100,0.95,0.0,,,
SPJ,5,-0.0039661642138296,0.0384569781579906,0.0304593262851428,0.8466666666666667,1.0,300,main_N20_T100_rho0.95_xsd0,20,100,0.95,0.0,,,
SPJ,6,-0.0024806064252438,0.0441188556361992,0.0348338324419642,0.8266666666666667,1.0,300,main_N20_T100_rho0.95_xsd0,20,100,0.95,0.0,,,
SPJ,7,-0.001025426829508,0.0493079334864528,0.0390154561758712,0.8333333333333334,1.0,300,main_N20_T100_rho0.95_xsd0,20,100,0.95,0.0,,,
SPJ,8,0.0017605468150728,0.0547477384458485,0.0433545440671741,0.8066666666666666,1.0,300,main_N20_T100_rho0.95_xsd0,20,100,0.95,0.0,,,
SPJ,9,0.0050605012387355,0.0599845131976959,0.0476585672617197,0.79,1.0,300,main_N20_T100_rho0.95_xsd0,20,100,0.95,0.0,,,
SPJ,10,0.0090824895397018,0.0650422524930843,0.0516278155127879,0.7766666666666666,1.0,300,main_N20_T100_rho0.95_xsd0,20,100,0.95,0.0,,,
CDOLS,0,0.0025184373914516,0.0616624636346553,0.0498481845385422,0.9133333333333332,1.0,300,main_N20_T100_rho0.95_xsd1,20,100,0.95,1.0,,,
CDOLS,1,-0.0076171401071151,0.040264085698151,0.031213081505852,0.7733333333333333,1.0,300,main_N20_T100_rho0.95_xsd1,20,100,0.95,1.0,,,
CDOLS,2,-0.014796895514528,0.0482992371887019,0.0385763808569746,0.7466666666666667,1.0,300,main_N20_T100_rho0.95_xsd1,20,100,0.95,1.0,,,
CDOLS,3,-0.0223244282650414,0.059880633495697,0.0479911682108681,0.6966666666666667,1.0,300,main_N20_T100_rho0.95_xsd1,20,100,0.95,1.0,,,
CDOLS,4,-0.0229982497586699,0.0630455926428638,0.0509514132905486,0.68,1.0,300,main_N20_T100_rho0.95_xsd1,20,100,0.95,1.0,,,
CDOLS,5,-0.0274473225500075,0.0687054192982818,0.0540016757846389,0.6566666666666666,1.0,300,main_N20_T100_rho0.95_xsd1,20,100,0.95,1.0,,,
CDOLS,6,-0.0394143532498475,0.0787667055788319,0.0614712485822884,0.6433333333333333,1.0,300,main_N20_T100_rho0.95_xsd1,20,100,0.95,1.0,,,
CDOLS,7,-0.043720947632958,0.0815432429691286,0.0635162885992006,0.6066666666666667,1.0,300,main_N20_T100_rho0.95_xsd1,20,100,0.95,1.0,,,
CDOLS,8,-0.0471806037020037,0.0928364896402474,0.0703939946164524,0.64,1.0,300,main_N20_T100_rho0.95_xsd1,20,100,0.95,1.0,,,
CDOLS,9,-0.0556673024661351,0.0966372822936863,0.0738019268476421,0.5766666666666667,1.0,300,main_N20_T100_rho0.95_xsd1,20,100,0.95,1.0,,,
CDOLS,10,-0.0587650850287215,0.0985699742810996,0.0776493798705529,0.5466666666666666,1.0,300,main_N20_T100_rho0.95_xsd1,20,100,0.95,1.0,,,
DB,0,0.0002786159429689,0.0094385829887648,0.007537688097483,0.7933333333333333,1.0,300,main_N20_T100_rho0.95_xsd1,20,100,0.95,1.0,,,
DB,1,0.0073169521824235,0.015723456049986,0.0121888118220498,0.8766666666666667,1.0,300,main_N20_T100_rho0.95_xsd1,20,100,0.95,1.0,,,
DB,2,0.0145319572897997,0.0279472808089677,0.0219133310316564,0.8433333333333334,1.0,300,main_N20_T100_rho0.95_xsd1,20,100,0.95,1.0,,,
DB,3,0.0213290944845664,0.0397467895698382,0.0313053804587433,0.8033333333333333,1.0,300,main_N20_T100_rho0.95_xsd1,20,100,0.95,1.0,,,
DB,4,0.0281320398139718,0.0512171191516305,0.0406983093434799,0.7766666666666666,1.0,300,main_N20_T100_rho0.95_xsd1,20,100,0.95,1.0,,,
DB,5,0.0338037942108918,0.0607625714412277,0.0489020658317259,0.77,1.0,300,main_N20_T100_rho0.95_xsd1,20,100,0.95,1.0,,,
DB,6,0.0390263673072577,0.0687520751917591,0.0561626787873639,0.73,1.0,300,main_N20_T100_rho0.95_xsd1,20,100,0.95,1.0,,,
DB,7,0.0450541074724543,0.077311739889478,0.0633415219445479,0.68,1.0,300,main_N20_T100_rho0.95_xsd1,20,100,0.95,1.0,,,
DB,8,0.0507148420279155,0.0851796496462829,0.0696008215532095,0.6766666666666666,1.0,300,main_N20_T100_rho0.95_xsd1,20,100,0.95,1.0,,,
DB,9,0.0553051109692362,0.0909407875722715,0.0744062169363715,0.6633333333333333,0.9966666666666668,300,main_N20_T100_rho0.95_xsd1,20,100,0.95,1.0,,,
DB,10,0.0603612954118095,0.0969240541366674,0.0795101072213214,0.6266666666666667,0.9966666666666668,300,main_N20_T100_rho0.95_xsd1,20,100,0.95,1.0,,,
FE,0,0.0002786159429689,0.0094385829887648,0.007537688097483,0.7933333333333333,1.0,300,main_N20_T100_rho0.95_xsd1,20,100,0.95,1.0,,,
FE,1,0.0174311335059844,0.0222804723055441,0.0185076537541916,0.6766666666666666,1.0,300,main_N20_T100_rho0.95_xsd1,20,100,0.95,1.0,,,
FE,2,0.0340051173523914,0.0414417300030287,0.0352297544471862,0.56,1.0,300,main_N20_T100_rho0.95_xsd1,20,100,0.95,1.0,,,
FE,3,0.0494595289708116,0.0594812816382137,0.0510848819342687,0.5133333333333333,1.0,300,main_N20_T100_rho0.95_xsd1,20,100,0.95,1.0,,,
FE,4,0.0642668119319593,0.0767094086818818,0.0663943027975855,0.4733333333333333,1.0,300,main_N20_T100_rho0.95_xsd1,20,100,0.95,1.0,,,
FE,5,0.0773343977596736,0.0915959975397638,0.0798356692090122,0.4433333333333333,1.0,300,main_N20_T100_rho0.95_xsd1,20,100,0.95,1.0,,,
FE,6,0.0893847453920436,0.1047982209459589,0.0920313559770349,0.41,1.0,300,main_N20_T100_rho0.95_xsd1,20,100,0.95,1.0,,,
FE,7,0.1017089922926519,0.1183034132646911,0.1045025820891652,0.37,1.0,300,main_N20_T100_rho0.95_xsd1,20,100,0.95,1.0,,,
FE,8,0.1131683843702573,0.1307657997580419,0.1160256542477235,0.3333333333333333,0.9933333333333332,300,main_N20_T100_rho0.95_xsd1,20,100,0.95,1.0,,,
FE,9,0.1230897709016419,0.140988195672098,0.1258938852899291,0.3266666666666666,0.9866666666666668,300,main_N20_T100_rho0.95_xsd1,20,100,0.95,1.0,,,
FE,10,0.1330369682285031,0.1512211446947476,0.1358853421615499,0.3,0.9466666666666668,300,main_N20_T100_rho0.95_xsd1,20,100,0.95,1.0,,,
HPJ,0,-0.0022476854415986,0.0264706910264388,0.020485667294296,0.3966666666666666,1.0,300,main_N20_T100_rho0.95_xsd1,20,100,0.95,1.0,,,
HPJ,1,0.0136078697787689,0.0306525960291633,0.0241832838333472,0.5866666666666667,1.0,300,main_N20_T100_rho0.95_xsd1,20,100,0.95,1.0,,,
HPJ,2,0.028646263409877,0.0511541642379522,0.0404467314712536,0.55,1.0,300,main_N20_T100_rho0.95_xsd1,20,100,0.95,1.0,,,
HPJ,3,0.0422095806072144,0.0705114323555175,0.0560148866840964,0.5033333333333333,1.0,300,main_N20_T100_rho0.95_xsd1,20,100,0.95,1.0,,,
HPJ,4,0.0554923375066086,0.0894960857979407,0.0712259438086636,0.5066666666666667,1.0,300,main_N20_T100_rho0.95_xsd1,20,100,0.95,1.0,,,
HPJ,5,0.0669651963620625,0.1065469139980337,0.0853997052944785,0.5,0.9966666666666668,300,main_N20_T100_rho0.95_xsd1,20,100,0.95,1.0,,,
HPJ,6,0.077900242625138,0.1217866859489977,0.0982081753101241,0.4733333333333333,0.9966666666666668,300,main_N20_T100_rho0.95_xsd1,20,100,0.95,1.0,,,
HPJ,7,0.0887379559569622,0.1366918178462018,0.1111828417927158,0.4433333333333333,0.9833333333333332,300,main_N20_T100_rho0.95_xsd1,20,100,0.95,1.0,,,
HPJ,8,0.0996604304236738,0.1502640745052574,0.1234268613112333,0.41,0.9633333333333334,300,main_N20_T100_rho0.95_xsd1,20,100,0.95,1.0,,,
HPJ,9,0.1104478465261318,0.1618613200788935,0.1341312424706238,0.37,0.9433333333333334,300,main_N20_T100_rho0.95_xsd1,20,100,0.95,1.0,,,
HPJ,10,0.1194151497512674,0.1725593419403462,0.1438870744060392,0.3333333333333333,0.8933333333333333,300,main_N20_T100_rho0.95_xsd1,20,100,0.95,1.0,,,
SPJ,0,0.000284767338937,0.0095158556555885,0.0074881586240723,0.9233333333333332,1.0,300,main_N20_T100_rho0.95_xsd1,20,100,0.95,1.0,,,
SPJ,1,-0.000472271009718,0.0178953603722676,0.013533881763622,0.91,1.0,300,main_N20_T100_rho0.95_xsd1,20,100,0.95,1.0,,,
SPJ,2,-5.471475282602611e-05,0.031327452190729,0.0241094275148046,0.9066666666666666,1.0,300,main_N20_T100_rho0.95_xsd1,20,100,0.95,1.0,,,
SPJ,3,0.0012304167634123,0.0445551185929209,0.0342026858220197,0.8766666666666667,1.0,300,main_N20_T100_rho0.95_xsd1,20,100,0.95,1.0,,,
SPJ,4,0.0030083570047266,0.0568564873197501,0.0438408868381812,0.8433333333333334,1.0,300,main_N20_T100_rho0.95_xsd1,20,100,0.95,1.0,,,
SPJ,5,0.0054330770195605,0.0676857958585172,0.0522430148915716,0.8233333333333334,1.0,300,main_N20_T100_rho0.95_xsd1,20,100,0.95,1.0,,,
SPJ,6,0.0081523401844614,0.0763005318287824,0.0596033579607056,0.8233333333333334,1.0,300,main_N20_T100_rho0.95_xsd1,20,100,0.95,1.0,,,
SPJ,7,0.0124402843615779,0.0856061035462315,0.0671082673223675,0.7933333333333333,1.0,300,main_N20_T100_rho0.95_xsd1,20,100,0.95,1.0,,,
SPJ,8,0.0167306040723574,0.0941178284290673,0.0743574246466753,0.79,1.0,300,main_N20_T100_rho0.95_xsd1,20,100,0.95,1.0,,,
SPJ,9,0.0215034951300843,0.1018111795991975,0.0808409123363377,0.7733333333333333,0.99,300,main_N20_T100_rho0.95_xsd1,20,100,0.95,1.0,,,
SPJ,10,0.0268972186491432,0.1088151699255527,0.0869169291992181,0.77,0.9866666666666668,300,main_N20_T100_rho0.95_xsd1,20,100,0.95,1.0,,,
CDOLS,0,-0.0034226035158266,0.0734872778789923,0.058909178664332,0.91,1.0,300,main_N20_T20_rho0.2_xsd0,20,20,0.2,0.0,,,
CDOLS,1,-0.026049387093688,0.0818469492970425,0.0669867568870441,0.9166666666666666,0.49,300,main_N20_T20_rho0.2_xsd0,20,20,0.2,0.0,,,
CDOLS,2,-0.0343296169130358,0.0881406185220877,0.0705160302465885,0.91,0.1333333333333333,300,main_N20_T20_rho0.2_xsd0,20,20,0.2,0.0,,,
CDOLS,3,-0.027092371763611,0.0883357251499352,0.0712842671397068,0.92,0.0766666666666666,300,main_N20_T20_rho0.2_xsd0,20,20,0.2,0.0,,,
CDOLS,4,-0.0275643901435796,0.095105824092809,0.07557265010211,0.9033333333333332,0.0966666666666666,300,main_N20_T20_rho0.2_xsd0,20,20,0.2,0.0,,,
CDOLS,5,-0.0275177239516151,0.1012563342365787,0.0800987489479606,0.89,0.11,300,main_N20_T20_rho0.2_xsd0,20,20,0.2,0.0,,,
CDOLS,6,-0.0276898877465272,0.1018737041683391,0.0794975573178061,0.8933333333333333,0.1066666666666666,300,main_N20_T20_rho0.2_xsd0,20,20,0.2,0.0,,,
DB,0,-0.0017475541212489,0.051185107594705,0.0405075215160021,0.9033333333333332,1.0,300,main_N20_T20_rho0.2_xsd0,20,20,0.2,0.0,,,
DB,1,0.0020055887366625,0.058279087026621,0.0478270670833392,0.92,0.5366666666666666,300,main_N20_T20_rho0.2_xsd0,20,20,0.2,0.0,,,
DB,2,0.0030765916243246,0.0636259711048099,0.0489998216090894,0.92,0.0733333333333333,300,main_N20_T20_rho0.2_xsd0,20,20,0.2,0.0,,,
DB,3,0.0117025936314764,0.0658501265398223,0.0524692095687776,0.9133333333333332,0.08,300,main_N20_T20_rho0.2_xsd0,20,20,0.2,0.0,,,
DB,4,0.0091408319652203,0.0671955666532257,0.0538292351160479,0.9133333333333332,0.0866666666666666,300,main_N20_T20_rho0.2_xsd0,20,20,0.2,0.0,,,
DB,5,0.0089541000713041,0.0712835169119531,0.0575682021804168,0.9233333333333332,0.0733333333333333,300,main_N20_T20_rho0.2_xsd0,20,20,0.2,0.0,,,
DB,6,0.0064019238302249,0.0748601864761807,0.0587851212362687,0.8866666666666667,0.1133333333333333,300,main_N20_T20_rho0.2_xsd0,20,20,0.2,0.0,,,
FE,0,-0.0017475541212489,0.051185107594705,0.0405075215160021,0.9033333333333332,1.0,300,main_N20_T20_rho0.2_xsd0,20,20,0.2,0.0,,,
FE,1,0.0358010489315869,0.0674456841915207,0.055307357631954,0.8933333333333333,0.3333333333333333,300,main_N20_T20_rho0.2_xsd0,20,20,0.2,0.0,,,
FE,2,0.0414459102133851,0.0754482468543918,0.0588658454114972,0.8566666666666667,0.1,300,main_N20_T20_rho0.2_xsd0,20,20,0.2,0.0,,,
FE,3,0.0501433488749432,0.0819190336658541,0.0655597975137716,0.8366666666666667,0.15,300,main_N20_T20_rho0.2_xsd0,20,20,0.2,0.0,,,
FE,4,0.0464804420385013,0.081726378420174,0.0667046186578168,0.8366666666666667,0.16,300,main_N20_T20_rho0.2_xsd0,20,20,0.2,0.0,,,
FE,5,0.0443847886199659,0.0840318486043414,0.0678267649891977,0.83,0.17,300,main_N20_T20_rho0.2_xsd0,20,20,0.2,0.0,,,
FE,6,0.0389457213089684,0.0848195230161559,0.0662075011777293,0.82,0.18,300,main_N20_T20_rho0.2_xsd0,20,20,0.2,0.0,,,
HPJ,0,-0.0213779812937722,0.1400192566974134,0.1119280987277914,0.4833333333333333,1.0,300,main_N20_T20_rho0.2_xsd0,20,20,0.2,0.0,,,
HPJ,1,0.0278257664102869,0.1693981216151286,0.1341771735407859,0.4466666666666666,0.56,300,main_N20_T20_rho0.2_xsd0,20,20,0.2,0.0,,,
HPJ,2,0.0511886169974925,0.172744132658039,0.1410345211750723,0.47,0.5033333333333333,300,main_N20_T20_rho0.2_xsd0,20,20,0.2,0.0,,,
HPJ,3,0.0524665968847403,0.1900333571583313,0.1469615243253031,0.51,0.4833333333333333,300,main_N20_T20_rho0.2_xsd0,20,20,0.2,0.0,,,
HPJ,4,0.0503481603715582,0.2051214349928019,0.1650138129171651,0.45,0.5533333333333333,300,main_N20_T20_rho0.2_xsd0,20,20,0.2,0.0,,,
HPJ,5,0.0375424230480165,0.1894185195457116,0.1523229274178796,0.49,0.51,300,main_N20_T20_rho0.2_xsd0,20,20,0.2,0.0,,,
HPJ,6,0.0208869215503563,0.205393690247089,0.1624392551658103,0.47,0.53,300,main_N20_T20_rho0.2_xsd0,20,20,0.2,0.0,,,
SPJ,0,-0.0012275542060538,0.0536198537034848,0.0426769084253745,0.9266666666666666,1.0,300,main_N20_T20_rho0.2_xsd0,20,20,0.2,0.0,,,
SPJ,1,-0.0024782426083398,0.0623616933149056,0.0505478107372279,0.94,0.4966666666666666,300,main_N20_T20_rho0.2_xsd0,20,20,0.2,0.0,,,
SPJ,2,0.0018576470999541,0.0697922224966226,0.0529913075159734,0.9266666666666666,0.07,300,main_N20_T20_rho0.2_xsd0,20,20,0.2,0.0,,,
SPJ,3,0.017898899210867,0.0730746989822846,0.0581978684427911,0.9233333333333332,0.08,300,main_N20_T20_rho0.2_xsd0,20,20,0.2,0.0,,,
SPJ,4,0.0252575090680819,0.0768890170814647,0.0609294287491661,0.89,0.1066666666666666,300,main_N20_T20_rho0.2_xsd0,20,20,0.2,0.0,,,
SPJ,5,0.0400803264703496,0.0861680424931594,0.0700259876109484,0.88,0.1166666666666666,300,main_N20_T20_rho0.2_xsd0,20,20,0.2,0.0,,,
SPJ,6,0.0568475404228873,0.0997429890377505,0.0798079142601491,0.83,0.17,300,main_N20_T20_rho0.2_xsd0,20,20,0.2,0.0,,,
CDOLS,0,0.004645777282308,0.0790490807620253,0.0631946175033114,0.9133333333333332,1.0,300,main_N20_T20_rho0.2_xsd1,20,20,0.2,1.0,,,
CDOLS,1,-0.0082971407916037,0.0910499748585871,0.0715388615371044,0.7933333333333333,0.5566666666666666,300,main_N20_T20_rho0.2_xsd1,20,20,0.2,1.0,,,
CDOLS,2,-0.0188275749022917,0.1001589768031555,0.0823542624329905,0.7766666666666666,0.2766666666666666,300,main_N20_T20_rho0.2_xsd1,20,20,0.2,1.0,,,
CDOLS,3,-0.0130787726912161,0.0918137845520923,0.0734772876396104,0.8,0.2,300,main_N20_T20_rho0.2_xsd1,20,20,0.2,1.0,,,
CDOLS,4,-0.0231459966283676,0.097713789002552,0.0785888044362045,0.82,0.1766666666666666,300,main_N20_T20_rho0.2_xsd1,20,20,0.2,1.0,,,
CDOLS,5,-0.0026830341147601,0.0986403184913897,0.0787932400551228,0.8533333333333334,0.1466666666666666,300,main_N20_T20_rho0.2_xsd1,20,20,0.2,1.0,,,
CDOLS,6,-0.0092572086071972,0.1152450401155869,0.0890807670721467,0.7733333333333333,0.2266666666666666,300,main_N20_T20_rho0.2_xsd1,20,20,0.2,1.0,,,
DB,0,0.0045354088326079,0.0659140436030596,0.0519090942320835,0.7333333333333333,1.0,300,main_N20_T20_rho0.2_xsd1,20,20,0.2,1.0,,,
DB,1,0.0064243446142239,0.0855706962665835,0.0668907553785686,0.8833333333333333,0.3833333333333333,300,main_N20_T20_rho0.2_xsd1,20,20,0.2,1.0,,,
DB,2,-5.932714316774311e-05,0.0875587853673826,0.0692313568386166,0.89,0.15,300,main_N20_T20_rho0.2_xsd1,20,20,0.2,1.0,,,
DB,3,0.0063452666478852,0.0819392823053664,0.0636840648184201,0.9133333333333332,0.0766666666666666,300,main_N20_T20_rho0.2_xsd1,20,20,0.2,1.0,,,
DB,4,0.0029331341641487,0.0880381385154733,0.0703392865871441,0.8833333333333333,0.12,300,main_N20_T20_rho0.2_xsd1,20,20,0.2,1.0,,,
DB,5,0.0198471583748948,0.0935234160659996,0.0735372817318258,0.88,0.12,300,main_N20_T20_rho0.2_xsd1,20,20,0.2,1.0,,,
DB,6,0.0100476264854918,0.1034093819075173,0.0816465159772673,0.8733333333333333,0.1266666666666666,300,main_N20_T20_rho0.2_xsd1,20,20,0.2,1.0,,,
FE,0,0.0045354088326079,0.0659140436030596,0.0519090942320835,0.7333333333333333,1.0,300,main_N20_T20_rho0.2_xsd1,20,20,0.2,1.0,,,
FE,1,0.0397329441302935,0.091638252625987,0.0718142044545627,0.8566666666666667,0.25,300,main_N20_T20_rho0.2_xsd1,20,20,0.2,1.0,,,
FE,2,0.037997473248616,0.0940937710645523,0.0763238420496569,0.8633333333333333,0.12,300,main_N20_T20_rho0.2_xsd1,20,20,0.2,1.0,,,
FE,3,0.044940850834983,0.0925435090920484,0.0746996247044486,0.8766666666666667,0.1233333333333333,300,main_N20_T20_rho0.2_xsd1,20,20,0.2,1.0,,,
FE,4,0.0406169054656544,0.0960738035794932,0.0754808830597841,0.8433333333333334,0.1533333333333333,300,main_N20_T20_rho0.2_xsd1,20,20,0.2,1.0,,,
FE,5,0.0556825974104146,0.1071471917812264,0.0855301131480379,0.83,0.17,300,main_N20_T20_rho0.2_xsd1,20,20,0.2,1.0,,,
FE,6,0.0429924237047007,0.1124546477156611,0.0892205903711175,0.8066666666666666,0.1933333333333333,300,main_N20_T20_rho0.2_xsd1,20,20,0.2,1.0,,,
HPJ,0,0.0029155292159123,0.2017001858662791,0.1646864459740122,0.2566666666666666,1.0,300,main_N20_T20_rho0.2_xsd1,20,20,0.2,1.0,,,
HPJ,1,0.0437100623289394,0.1685909822123276,0.1321835879648824,0.6233333333333333,0.48,300,main_N20_T20_rho0.2_xsd1,20,20,0.2,1.0,,,
HPJ,2,0.0519257645411434,0.1777977132260958,0.1339199793218123,0.6466666666666666,0.37,300,main_N20_T20_rho0.2_xsd1,20,20,0.2,1.0,,,
HPJ,3,0.0541073951033154,0.1755562156125547,0.13633558047867,0.6133333333333333,0.38,300,main_N20_T20_rho0.2_xsd1,20,20,0.2,1.0,,,
HPJ,4,0.0364069087748273,0.1746630449021891,0.1379972069753307,0.65,0.35,300,main_N20_T20_rho0.2_xsd1,20,20,0.2,1.0,,,
HPJ,5,0.0549653078411769,0.1891623919713442,0.1472095404687074,0.59,0.41,300,main_N20_T20_rho0.2_xsd1,20,20,0.2,1.0,,,
HPJ,6,0.0273233462340211,0.1994652816902303,0.1559184165121392,0.58,0.42,300,main_N20_T20_rho0.2_xsd1,20,20,0.2,1.0,,,
SPJ,0,0.0048435083283526,0.0690357746033127,0.054189888000811,0.76,1.0,300,main_N20_T20_rho0.2_xsd1,20,20,0.2,1.0,,,
SPJ,1,-0.0012956109014629,0.0991438778045165,0.0762126765091033,0.88,0.38,300,main_N20_T20_rho0.2_xsd1,20,20,0.2,1.0,,,
SPJ,2,-0.0026705924639602,0.1035445539741074,0.0785601782901758,0.8866666666666667,0.0933333333333333,300,main_N20_T20_rho0.2_xsd1,20,20,0.2,1.0,,,
SPJ,3,0.0139708891781641,0.0978735958681216,0.0745596615319634,0.91,0.1,300,main_N20_T20_rho0.2_xsd1,20,20,0.2,1.0,,,
SPJ,4,0.0208100150124244,0.1047132390722643,0.0820799935139708,0.8966666666666666,0.1033333333333333,300,main_N20_T20_rho0.2_xsd1,20,20,0.2,1.0,,,
SPJ,5,0.0515823727627356,0.1130060623328378,0.0898523843241957,0.87,0.13,300,main_N20_T20_rho0.2_xsd1,20,20,0.2,1.0,,,
SPJ,6,0.0626594870180437,0.1276902013640941,0.1012216524120516,0.8433333333333334,0.1566666666666666,300,main_N20_T20_rho0.2_xsd1,20,20,0.2,1.0,,,
CDOLS,0,-0.0033851255087909,0.0737484278783661,0.0591622090447058,0.91,1.0,300,main_N20_T20_rho0.5_xsd0,20,20,0.5,0.0,,,
CDOLS,1,-0.0248869314131565,0.0819158736677723,0.0671070586794491,0.92,0.99,300,main_N20_T20_rho0.5_xsd0,20,20,0.5,0.0,,,
CDOLS,2,-0.0388845151914549,0.0908320575531646,0.0723529615408073,0.9133333333333332,0.64,300,main_N20_T20_rho0.5_xsd0,20,20,0.5,0.0,,,
CDOLS,3,-0.0356591780790193,0.0932480598485118,0.0758155844076407,0.9166666666666666,0.3033333333333333,300,main_N20_T20_rho0.5_xsd0,20,20,0.5,0.0,,,
CDOLS,4,-0.0384175879309102,0.1006294815522626,0.0805504146386885,0.9066666666666666,0.17,300,main_N20_T20_rho0.5_xsd0,20,20,0.5,0.0,,,
CDOLS,5,-0.0394608461665701,0.1079410026064671,0.08553586252519,0.8866666666666667,0.17,300,main_N20_T20_rho0.5_xsd0,20,20,0.5,0.0,,,
CDOLS,6,-0.040291138077772,0.1081067575017623,0.084865442820871,0.8833333333333333,0.13,300,main_N20_T20_rho0.5_xsd0,20,20,0.5,0.0,,,
DB,0,-0.0026154018040576,0.046788408769969,0.0371213852742782,0.9133333333333332,1.0,300,main_N20_T20_rho0.5_xsd0,20,20,0.5,0.0,,,
DB,1,0.006906225792042,0.0548937380489622,0.0438674436841016,0.9333333333333332,1.0,300,main_N20_T20_rho0.5_xsd0,20,20,0.5,0.0,,,
DB,2,0.0150025238621319,0.0671136582779962,0.0522167583713243,0.9,0.67,300,main_N20_T20_rho0.5_xsd0,20,20,0.5,0.0,,,
DB,3,0.0267042075669161,0.0703339955701868,0.0557976935302212,0.8866666666666667,0.18,300,main_N20_T20_rho0.5_xsd0,20,20,0.5,0.0,,,
DB,4,0.0275101702514775,0.0722583043966352,0.0582659717089309,0.8866666666666667,0.1,300,main_N20_T20_rho0.5_xsd0,20,20,0.5,0.0,,,
DB,5,0.0278891768072803,0.0757556028936499,0.061542776490644,0.8533333333333334,0.11,300,main_N20_T20_rho0.5_xsd0,20,20,0.5,0.0,,,
DB,6,0.0272825117781004,0.0783441059231883,0.0626259084666952,0.8466666666666667,0.14,300,main_N20_T20_rho0.5_xsd0,20,20,0.5,0.0,,,
FE,0,-0.0026154018040576,0.046788408769969,0.0371213852742782,0.9133333333333332,1.0,300,main_N20_T20_rho0.5_xsd0,20,20,0.5,0.0,,,
FE,1,0.0476695067361712,0.0711129485809213,0.05962542350267,0.84,0.9966666666666668,300,main_N20_T20_rho0.5_xsd0,20,20,0.5,0.0,,,
FE,2,0.0729836073796489,0.0968084627468172,0.079906520366609,0.7166666666666667,0.3066666666666666,300,main_N20_T20_rho0.5_xsd0,20,20,0.5,0.0,,,
FE,3,0.0912634778443642,0.1112282468828977,0.0945414463454805,0.6433333333333333,0.09,300,main_N20_T20_rho0.5_xsd0,20,20,0.5,0.0,,,
FE,4,0.0933524118089427,0.1149681108015204,0.0980862869392557,0.63,0.1966666666666666,300,main_N20_T20_rho0.5_xsd0,20,20,0.5,0.0,,,
FE,5,0.0917986932489484,0.116491867328797,0.0984999474494188,0.6366666666666667,0.2866666666666667,300,main_N20_T20_rho0.5_xsd0,20,20,0.5,0.0,,,
FE,6,0.0866181275170993,0.1145941473165092,0.0962365351837998,0.6566666666666666,0.2833333333333333,300,main_N20_T20_rho0.5_xsd0,20,20,0.5,0.0,,,
HPJ,0,-0.0206817392231526,0.1296055145459407,0.102713077405746,0.52,1.0,300,main_N20_T20_rho0.5_xsd0,20,20,0.5,0.0,,,
HPJ,1,0.0423216849694629,0.1572949091148319,0.1255169863198027,0.4733333333333333,0.8633333333333333,300,main_N20_T20_rho0.5_xsd0,20,20,0.5,0.0,,,
HPJ,2,0.081625357873483,0.1786138776253586,0.1464343315514302,0.42,0.5066666666666667,300,main_N20_T20_rho0.5_xsd0,20,20,0.5,0.0,,,
HPJ,3,0.0925232286948954,0.2062808352674162,0.1618286401174634,0.4366666666666666,0.5066666666666667,300,main_N20_T20_rho0.5_xsd0,20,20,0.5,0.0,,,
HPJ,4,0.0964460731342973,0.2162170880652585,0.1731841224836095,0.4266666666666667,0.5666666666666667,300,main_N20_T20_rho0.5_xsd0,20,20,0.5,0.0,,,
HPJ,5,0.0831987981507258,0.2019703806408274,0.1619537545918973,0.4066666666666667,0.5533333333333333,300,main_N20_T20_rho0.5_xsd0,20,20,0.5,0.0,,,
HPJ,6,0.0743424009242264,0.22027108507023,0.1741964521928407,0.4166666666666667,0.5866666666666667,300,main_N20_T20_rho0.5_xsd0,20,20,0.5,0.0,,,
SPJ,0,-0.001730305872079,0.0512823604621519,0.040430294940107,0.9333333333333332,1.0,300,main_N20_T20_rho0.5_xsd0,20,20,0.5,0.0,,,
SPJ,1,-0.0047759853693937,0.0617625849130004,0.0491186951547144,0.94,1.0,300,main_N20_T20_rho0.5_xsd0,20,20,0.5,0.0,,,
SPJ,2,0.0027242122364145,0.0754259867200859,0.0589020272557566,0.9233333333333332,0.5966666666666667,300,main_N20_T20_rho0.5_xsd0,20,20,0.5,0.0,,,
SPJ,3,0.0235292053241798,0.0822294031922806,0.065210355274956,0.9033333333333332,0.1366666666666666,300,main_N20_T20_rho0.5_xsd0,20,20,0.5,0.0,,,
SPJ,4,0.0433138422257419,0.0918009458938123,0.0733880123931763,0.8466666666666667,0.0866666666666666,300,main_N20_T20_rho0.5_xsd0,20,20,0.5,0.0,,,
SPJ,5,0.0726585125578184,0.11137452996411,0.0912755503450954,0.7866666666666666,0.1666666666666666,300,main_N20_T20_rho0.5_xsd0,20,20,0.5,0.0,,,
SPJ,6,0.1076140092934774,0.1393473328360786,0.1189702702648916,0.66,0.2833333333333333,300,main_N20_T20_rho0.5_xsd0,20,20,0.5,0.0,,,
CDOLS,0,0.0046660686158541,0.0794166143518737,0.0635912490466722,0.9133333333333332,1.0,300,main_N20_T20_rho0.5_xsd1,20,20,0.5,1.0,,,
CDOLS,1,-0.0059001675849891,0.0907774104800974,0.0713875069827313,0.7933333333333333,0.9766666666666668,300,main_N20_T20_rho0.5_xsd1,20,20,0.5,1.0,,,
CDOLS,2,-0.0187962868448251,0.1030509760631863,0.0845146028920932,0.7633333333333333,0.6233333333333333,300,main_N20_T20_rho0.5_xsd1,20,20,0.5,1.0,,,
CDOLS,3,-0.0174374858004786,0.0998999369656637,0.0788105416044707,0.7733333333333333,0.3666666666666666,300,main_N20_T20_rho0.5_xsd1,20,20,0.5,1.0,,,
CDOLS,4,-0.0279216040609686,0.1048022236950259,0.0837399923386652,0.79,0.2533333333333333,300,main_N20_T20_rho0.5_xsd1,20,20,0.5,1.0,,,
CDOLS,5,-0.0094356545868366,0.1052322822935262,0.0840349615756016,0.8233333333333334,0.1933333333333333,300,main_N20_T20_rho0.5_xsd1,20,20,0.5,1.0,,,
CDOLS,6,-0.0148537568312819,0.1221685229644555,0.0966772347174696,0.76,0.2333333333333333,300,main_N20_T20_rho0.5_xsd1,20,20,0.5,1.0,,,
DB,0,0.0037432869475325,0.0559282511427579,0.0444273297840082,0.7733333333333333,1.0,300,main_N20_T20_rho0.5_xsd1,20,20,0.5,1.0,,,
DB,1,0.0134847431470523,0.079243375097243,0.0620536084875728,0.8733333333333333,0.95,300,main_N20_T20_rho0.5_xsd1,20,20,0.5,1.0,,,
DB,2,0.0159082474391597,0.0948495398456245,0.0761073397609298,0.8533333333333334,0.4366666666666666,300,main_N20_T20_rho0.5_xsd1,20,20,0.5,1.0,,,
DB,3,0.0245996466444494,0.0974220277181083,0.0762543705672198,0.8433333333333334,0.17,300,main_N20_T20_rho0.5_xsd1,20,20,0.5,1.0,,,
DB,4,0.0275056889177632,0.1017276236085032,0.0812670195014206,0.8233333333333334,0.1466666666666666,300,main_N20_T20_rho0.5_xsd1,20,20,0.5,1.0,,,
DB,5,0.0395744967664468,0.1068703489386225,0.0848363395849167,0.8466666666666667,0.1233333333333333,300,main_N20_T20_rho0.5_xsd1,20,20,0.5,1.0,,,
DB,6,0.030538241749718,0.1144953128419949,0.0897789611077977,0.7933333333333333,0.1933333333333333,300,main_N20_T20_rho0.5_xsd1,20,20,0.5,1.0,,,
FE,0,0.0037432869475325,0.0559282511427579,0.0444273297840082,0.7733333333333333,1.0,300,main_N20_T20_rho0.5_xsd1,20,20,0.5,1.0,,,
FE,1,0.0537652588285733,0.0925899256009697,0.0741784292082757,0.84,0.8933333333333333,300,main_N20_T20_rho0.5_xsd1,20,20,0.5,1.0,,,
FE,2,0.0731330205818064,0.1148427260905431,0.0957370926706144,0.73,0.26,300,main_N20_T20_rho0.5_xsd1,20,20,0.5,1.0,,,
FE,3,0.0886487096144682,0.1256041323000856,0.1070133588848923,0.7233333333333334,0.1133333333333333,300,main_N20_T20_rho0.5_xsd1,20,20,0.5,1.0,,,
FE,4,0.0932545661098594,0.1324886488019358,0.1095603880699766,0.66,0.21,300,main_N20_T20_rho0.5_xsd1,20,20,0.5,1.0,,,
FE,5,0.1037620477328163,0.1427584618974108,0.1197557011860205,0.6366666666666667,0.3033333333333333,300,main_N20_T20_rho0.5_xsd1,20,20,0.5,1.0,,,
FE,6,0.0903926652797632,0.1430625271280252,0.1151042451375727,0.7033333333333334,0.2733333333333333,300,main_N20_T20_rho0.5_xsd1,20,20,0.5,1.0,,,
HPJ,0,0.0067204106799151,0.1732503583178813,0.1405116695089942,0.2733333333333333,1.0,300,main_N20_T20_rho0.5_xsd1,20,20,0.5,1.0,,,
HPJ,1,0.0591720969832173,0.1586728588966602,0.1224715511756522,0.65,0.78,300,main_N20_T20_rho0.5_xsd1,20,20,0.5,1.0,,,
HPJ,2,0.0800935465493961,0.1883404042192672,0.1454722967914843,0.6133333333333333,0.4533333333333333,300,main_N20_T20_rho0.5_xsd1,20,20,0.5,1.0,,,
HPJ,3,0.0907123349082957,0.1934645334230293,0.1554325927500894,0.5433333333333333,0.41,300,main_N20_T20_rho0.5_xsd1,20,20,0.5,1.0,,,
HPJ,4,0.0829912913283478,0.1906712797762073,0.1510375613166765,0.5266666666666666,0.4266666666666667,300,main_N20_T20_rho0.5_xsd1,20,20,0.5,1.0,,,
HPJ,5,0.0968853148471269,0.2048165284473314,0.1618002564649264,0.5166666666666667,0.4433333333333333,300,main_N20_T20_rho0.5_xsd1,20,20,0.5,1.0,,,
HPJ,6,0.0727393777138951,0.2140323667987138,0.1742802278359481,0.51,0.4733333333333333,300,main_N20_T20_rho0.5_xsd1,20,20,0.5,1.0,,,
SPJ,0,0.0039489577584991,0.0583644121496812,0.0465040553771838,0.81,1.0,300,main_N20_T20_rho0.5_xsd1,20,20,0.5,1.0,,,
SPJ,1,-0.004290859267738,0.0982760216919786,0.0728318921632341,0.91,0.9266666666666666,300,main_N20_T20_rho0.5_xsd1,20,20,0.5,1.0,,,
SPJ,2,0.002690896616575,0.1212250397698725,0.0906743158568314,0.87,0.3666666666666666,300,main_N20_T20_rho0.5_xsd1,20,20,0.5,1.0,,,
SPJ,3,0.025202873211622,0.1290542432936309,0.0992544552578983,0.86,0.13,300,main_N20_T20_rho0.5_xsd1,20,20,0.5,1.0,,,
SPJ,4,0.0475359020648761,0.1394077517588748,0.1125011927164412,0.7633333333333333,0.1566666666666666,300,main_N20_T20_rho0.5_xsd1,20,20,0.5,1.0,,,
SPJ,5,0.0861902339986844,0.153484417177873,0.1257998714354463,0.72,0.2133333333333333,300,main_N20_T20_rho0.5_xsd1,20,20,0.5,1.0,,,
SPJ,6,0.1107237844208521,0.1779462633541237,0.1426526455770662,0.6833333333333333,0.2966666666666667,300,main_N20_T20_rho0.5_xsd1,20,20,0.5,1.0,,,
CDOLS,0,-0.0034691659267761,0.0739530794955309,0.0592514604612847,0.91,1.0,300,main_N20_T20_rho0.8_xsd0,20,20,0.8,0.0,,,
CDOLS,1,-0.023022319036495,0.0817354693839532,0.0669700235936541,0.92,1.0,300,main_N20_T20_rho0.8_xsd0,20,20,0.8,0.0,,,
CDOLS,2,-0.0410021957546517,0.0939054480171701,0.0747182719871664,0.9133333333333332,1.0,300,main_N20_T20_rho0.8_xsd0,20,20,0.8,0.0,,,
CDOLS,3,-0.0439577663646725,0.1011063914717384,0.081986287873012,0.9066666666666666,0.9666666666666668,300,main_N20_T20_rho0.8_xsd0,20,20,0.8,0.0,,,
CDOLS,4,-0.0534477931626408,0.1117123731735998,0.0899239360169499,0.8833333333333333,0.8766666666666667,300,main_N20_T20_rho0.8_xsd0,20,20,0.8,0.0,,,
CDOLS,5,-0.0610559487037279,0.1232689907725428,0.0977308477293475,0.84,0.74,300,main_N20_T20_rho0.8_xsd0,20,20,0.8,0.0,,,
CDOLS,6,-0.0668580086795804,0.1261551525143545,0.0999941465203127,0.8733333333333333,0.5833333333333334,300,main_N20_T20_rho0.8_xsd0,20,20,0.8,0.0,,,
DB,0,-0.0032368043900857,0.037569235832793,0.0296434464325679,0.9133333333333332,1.0,300,main_N20_T20_rho0.8_xsd0,20,20,0.8,0.0,,,
DB,1,0.0227436732476719,0.0508972368786998,0.0409166581974792,0.8933333333333333,1.0,300,main_N20_T20_rho0.8_xsd0,20,20,0.8,0.0,,,
DB,2,0.0498343821119863,0.078341376883378,0.0625105588243841,0.7866666666666666,1.0,300,main_N20_T20_rho0.8_xsd0,20,20,0.8,0.0,,,
DB,3,0.07869593517204,0.1032962218386399,0.0844043398758538,0.6633333333333333,0.9466666666666668,300,main_N20_T20_rho0.8_xsd0,20,20,0.8,0.0,,,
DB,4,0.0996001498594483,0.123011279381218,0.105029752277738,0.5366666666666666,0.7,300,main_N20_T20_rho0.8_xsd0,20,20,0.8,0.0,,,
DB,5,0.1173190455810254,0.1402565539913197,0.1219066442750068,0.4733333333333333,0.3333333333333333,300,main_N20_T20_rho0.8_xsd0,20,20,0.8,0.0,,,
DB,6,0.1314900043833454,0.1522491932261065,0.1352090751773317,0.4066666666666667,0.1733333333333333,300,main_N20_T20_rho0.8_xsd0,20,20,0.8,0.0,,,
FE,0,-0.0032368043900857,0.037569235832793,0.0296434464325679,0.9133333333333332,1.0,300,main_N20_T20_rho0.8_xsd0,20,20,0.8,0.0,,,
FE,1,0.0671471966599807,0.0801762882284545,0.068943932745612,0.65,1.0,300,main_N20_T20_rho0.8_xsd0,20,20,0.8,0.0,,,
FE,2,0.1246411346438245,0.1374487915333961,0.1250715851628522,0.3433333333333333,0.9966666666666668,300,main_N20_T20_rho0.8_xsd0,20,20,0.8,0.0,,,
FE,3,0.1733369964513055,0.1845724449905066,0.1735486007133953,0.1366666666666666,0.6633333333333333,300,main_N20_T20_rho0.8_xsd0,20,20,0.8,0.0,,,
FE,4,0.2056209583522214,0.2170028115782349,0.2056209583522214,0.1,0.1666666666666666,300,main_N20_T20_rho0.8_xsd0,20,20,0.8,0.0,,,
FE,5,0.2273577946236029,0.2394483615540885,0.2273577946236029,0.0833333333333333,0.2066666666666666,300,main_N20_T20_rho0.8_xsd0,20,20,0.8,0.0,,,
FE,6,0.2383969492664232,0.2503290152279511,0.2387520784396146,0.07,0.38,300,main_N20_T20_rho0.8_xsd0,20,20,0.8,0.0,,,
HPJ,0,-0.017145373831778,0.1054896089424288,0.0825367963534485,0.4933333333333333,1.0,300,main_N20_T20_rho0.8_xsd0,20,20,0.8,0.0,,,
HPJ,1,0.0642418279462024,0.1388244310459307,0.1121506432022138,0.46,1.0,300,main_N20_T20_rho0.8_xsd0,20,20,0.8,0.0,,,
HPJ,2,0.1298656196208464,0.1961362861579663,0.1603425869012071,0.3466666666666667,0.8466666666666667,300,main_N20_T20_rho0.8_xsd0,20,20,0.8,0.0,,,
HPJ,3,0.1740266951635688,0.2487001725109319,0.2080239761101543,0.2666666666666666,0.6666666666666666,300,main_N20_T20_rho0.8_xsd0,20,20,0.8,0.0,,,
HPJ,4,0.2111739451532667,0.2833476071869623,0.2398276682929586,0.2233333333333333,0.5633333333333334,300,main_N20_T20_rho0.8_xsd0,20,20,0.8,0.0,,,
HPJ,5,0.227125799753011,0.2990620150264084,0.2566588655094257,0.2066666666666666,0.5466666666666666,300,main_N20_T20_rho0.8_xsd0,20,20,0.8,0.0,,,
HPJ,6,0.2425063857380731,0.3233722478295285,0.2710160722694065,0.2066666666666666,0.6133333333333333,300,main_N20_T20_rho0.8_xsd0,20,20,0.8,0.0,,,
SPJ,0,-0.0021296321243063,0.0467070222468241,0.0370675519355772,0.9433333333333334,1.0,300,main_N20_T20_rho0.8_xsd0,20,20,0.8,0.0,,,
SPJ,1,-0.0053168508177337,0.0586049855230102,0.0467228637817081,0.9366666666666666,1.0,300,main_N20_T20_rho0.8_xsd0,20,20,0.8,0.0,,,
SPJ,2,0.0087008973359079,0.0804313189773991,0.0640764650818815,0.9033333333333332,1.0,300,main_N20_T20_rho0.8_xsd0,20,20,0.8,0.0,,,
SPJ,3,0.0431420377067266,0.1042066355978885,0.0832649915635617,0.85,0.87,300,main_N20_T20_rho0.8_xsd0,20,20,0.8,0.0,,,
SPJ,4,0.0900082943621253,0.1382670278208639,0.1112612653042966,0.7133333333333334,0.4866666666666667,300,main_N20_T20_rho0.8_xsd0,20,20,0.8,0.0,,,
SPJ,5,0.1528115527793297,0.1896889305564329,0.1620280925518007,0.54,0.1366666666666666,300,main_N20_T20_rho0.8_xsd0,20,20,0.8,0.0,,,
SPJ,6,0.2215639937414019,0.2484552456878306,0.2244503411008462,0.3233333333333333,0.2433333333333333,300,main_N20_T20_rho0.8_xsd0,20,20,0.8,0.0,,,
CDOLS,0,0.0047141344061155,0.0787066488397543,0.0633620930376246,0.91,1.0,300,main_N20_T20_rho0.8_xsd1,20,20,0.8,1.0,,,
CDOLS,1,-0.0044622982330745,0.0909257689071028,0.0716794918496351,0.79,1.0,300,main_N20_T20_rho0.8_xsd1,20,20,0.8,1.0,,,
CDOLS,2,-0.0176675156100128,0.1108798246123486,0.0899170864712603,0.7533333333333333,0.9966666666666668,300,main_N20_T20_rho0.8_xsd1,20,20,0.8,1.0,,,
CDOLS,3,-0.0196649077605101,0.1194028714993449,0.093646984160287,0.7666666666666667,0.96,300,main_N20_T20_rho0.8_xsd1,20,20,0.8,1.0,,,
CDOLS,4,-0.0327568189489262,0.1283752286815377,0.0979409142622446,0.7566666666666667,0.8733333333333333,300,main_N20_T20_rho0.8_xsd1,20,20,0.8,1.0,,,
CDOLS,5,-0.0173965964241019,0.1314260309034138,0.10351199246426,0.7633333333333333,0.6333333333333333,300,main_N20_T20_rho0.8_xsd1,20,20,0.8,1.0,,,
CDOLS,6,-0.0264599393235678,0.1527982597036549,0.1211775502155607,0.73,0.5566666666666666,300,main_N20_T20_rho0.8_xsd1,20,20,0.8,1.0,,,
DB,0,0.0021803182190202,0.0382984519387711,0.0309350685073942,0.8466666666666667,1.0,300,main_N20_T20_rho0.8_xsd1,20,20,0.8,1.0,,,
DB,1,0.031975797564697,0.0723752798306679,0.05780864327317,0.8766666666666667,1.0,300,main_N20_T20_rho0.8_xsd1,20,20,0.8,1.0,,,
DB,2,0.0610832230540538,0.1117946322289536,0.0910324368209966,0.7266666666666667,0.9733333333333334,300,main_N20_T20_rho0.8_xsd1,20,20,0.8,1.0,,,
DB,3,0.0914351499946861,0.1426363209932693,0.1201498873094751,0.6166666666666667,0.7733333333333333,300,main_N20_T20_rho0.8_xsd1,20,20,0.8,1.0,,,
DB,4,0.1155308089698428,0.1638623504716284,0.1387823378574438,0.5233333333333333,0.46,300,main_N20_T20_rho0.8_xsd1,20,20,0.8,1.0,,,
DB,5,0.1388547689153455,0.1833173355362228,0.1586085956570981,0.46,0.2433333333333333,300,main_N20_T20_rho0.8_xsd1,20,20,0.8,1.0,,,
DB,6,0.1422144292066808,0.191273681519307,0.1595522614150654,0.4933333333333333,0.2866666666666667,300,main_N20_T20_rho0.8_xsd1,20,20,0.8,1.0,,,
FE,0,0.0021803182190202,0.0382984519387711,0.0309350685073942,0.8466666666666667,1.0,300,main_N20_T20_rho0.8_xsd1,20,20,0.8,1.0,,,
FE,1,0.0765163995826444,0.0991300233530252,0.0838154592201806,0.6833333333333333,1.0,300,main_N20_T20_rho0.8_xsd1,20,20,0.8,1.0,,,
FE,2,0.1354381668368331,0.1620918277797907,0.1420491042109135,0.42,0.9166666666666666,300,main_N20_T20_rho0.8_xsd1,20,20,0.8,1.0,,,
FE,3,0.1848978147879041,0.2114769406260952,0.1903706342510133,0.2866666666666667,0.42,300,main_N20_T20_rho0.8_xsd1,20,20,0.8,1.0,,,
FE,4,0.2196738686045077,0.2454129180709848,0.2227593144621966,0.2133333333333333,0.2066666666666666,300,main_N20_T20_rho0.8_xsd1,20,20,0.8,1.0,,,
FE,5,0.2463051275962789,0.2722200545137279,0.249547063566695,0.1733333333333333,0.2733333333333333,300,main_N20_T20_rho0.8_xsd1,20,20,0.8,1.0,,,
FE,6,0.2456696394910658,0.2767236367622835,0.2483656177175231,0.2266666666666666,0.3566666666666667,300,main_N20_T20_rho0.8_xsd1,20,20,0.8,1.0,,,
HPJ,0,0.0080525233831059,0.1191392851894443,0.0972595812204775,0.3133333333333333,1.0,300,main_N20_T20_rho0.8_xsd1,20,20,0.8,1.0,,,
HPJ,1,0.0769535021570724,0.1473142765502483,0.1134963430771908,0.57,0.97,300,main_N20_T20_rho0.8_xsd1,20,20,0.8,1.0,,,
HPJ,2,0.1281195060768014,0.2120366460528789,0.1689826817308145,0.4633333333333333,0.79,300,main_N20_T20_rho0.8_xsd1,20,20,0.8,1.0,,,
HPJ,3,0.1712488613976689,0.2555816266446459,0.21083918899789,0.38,0.56,300,main_N20_T20_rho0.8_xsd1,20,20,0.8,1.0,,,
HPJ,4,0.1959071758110254,0.275782250288807,0.2284730505476299,0.3333333333333333,0.52,300,main_N20_T20_rho0.8_xsd1,20,20,0.8,1.0,,,
HPJ,5,0.2261421187352091,0.3028396070134795,0.2568872121002787,0.2866666666666667,0.4933333333333333,300,main_N20_T20_rho0.8_xsd1,20,20,0.8,1.0,,,
HPJ,6,0.2202068149132583,0.3040931766435711,0.2540440510234718,0.3133333333333333,0.4966666666666666,300,main_N20_T20_rho0.8_xsd1,20,20,0.8,1.0,,,
SPJ,0,0.0015626090393486,0.0414646924897494,0.0328056555154816,0.91,1.0,300,main_N20_T20_rho0.8_xsd1,20,20,0.8,1.0,,,
SPJ,1,-0.0028287578104255,0.0938066074408146,0.0694080170384999,0.9233333333333332,1.0,300,main_N20_T20_rho0.8_xsd1,20,20,0.8,1.0,,,
SPJ,2,0.0206067974638983,0.1400706022901119,0.1079297194275884,0.8,0.9566666666666668,300,main_N20_T20_rho0.8_xsd1,20,20,0.8,1.0,,,
SPJ,3,0.0632918136561152,0.1804477004980382,0.1459476219586623,0.7166666666666667,0.6133333333333333,300,main_N20_T20_rho0.8_xsd1,20,20,0.8,1.0,,,
SPJ,4,0.1134532788741236,0.2181615221045673,0.1830038960556934,0.6233333333333333,0.3333333333333333,300,main_N20_T20_rho0.8_xsd1,20,20,0.8,1.0,,,
SPJ,5,0.1766049345861774,0.2628242634771616,0.2222678855380348,0.4633333333333333,0.2666666666666666,300,main_N20_T20_rho0.8_xsd1,20,20,0.8,1.0,,,
SPJ,6,0.2300383309766457,0.3042882089888057,0.2560129403525463,0.3966666666666666,0.31,300,main_N20_T20_rho0.8_xsd1,20,20,0.8,1.0,,,
CDOLS,0,-0.0035789464886371,0.073741969480016,0.0590402283484354,0.91,1.0,300,main_N20_T20_rho0.95_xsd0,20,20,0.95,0.0,,,
CDOLS,1,-0.0221301814005201,0.0812225909227322,0.0665853580081494,0.92,1.0,300,main_N20_T20_rho0.95_xsd0,20,20,0.95,0.0,,,
CDOLS,2,-0.0416450583901867,0.0958548323471923,0.076066430327348,0.9166666666666666,1.0,300,main_N20_T20_rho0.95_xsd0,20,20,0.95,0.0,,,
CDOLS,3,-0.0483678640135571,0.1074261525505673,0.0865833613572782,0.8966666666666666,1.0,300,main_N20_T20_rho0.95_xsd0,20,20,0.95,0.0,,,
CDOLS,4,-0.0631968657586529,0.1217195564877055,0.0972981034689941,0.89,1.0,300,main_N20_T20_rho0.95_xsd0,20,20,0.95,0.0,,,
CDOLS,5,-0.0777234687100267,0.1399955226837068,0.1117017746936121,0.8366666666666667,0.9933333333333332,300,main_N20_T20_rho0.95_xsd0,20,20,0.95,0.0,,,
CDOLS,6,-0.0901744225456033,0.1490593080041669,0.1194710167442085,0.87,0.99,300,main_N20_T20_rho0.95_xsd0,20,20,0.95,0.0,,,
DB,0,-0.0037001394221584,0.0297036570933803,0.0243302993606191,0.9,1.0,300,main_N20_T20_rho0.95_xsd0,20,20,0.95,0.0,,,
DB,1,0.0386063794554448,0.0533794699779941,0.0434320390193063,0.8,1.0,300,main_N20_T20_rho0.95_xsd0,20,20,0.95,0.0,,,
DB,2,0.0844604039178405,0.0991559434796574,0.0856617008678625,0.4766666666666667,1.0,300,main_N20_T20_rho0.95_xsd0,20,20,0.95,0.0,,,
DB,3,0.1337520109935994,0.1477023873623656,0.1340977447183379,0.2933333333333333,1.0,300,main_N20_T20_rho0.95_xsd0,20,20,0.95,0.0,,,
DB,4,0.1812609704871715,0.1955711031845791,0.1812609704871715,0.15,0.9966666666666668,300,main_N20_T20_rho0.95_xsd0,20,20,0.95,0.0,,,
DB,5,0.2289016816502969,0.2431200010455644,0.2289113131284067,0.08,0.9133333333333332,300,main_N20_T20_rho0.95_xsd0,20,20,0.95,0.0,,,
DB,6,0.2761002740389656,0.2883777377486755,0.2761002740389656,0.01,0.7666666666666667,300,main_N20_T20_rho0.95_xsd0,20,20,0.95,0.0,,,
FE,0,-0.0037001394221584,0.0297036570933803,0.0243302993606191,0.9,1.0,300,main_N20_T20_rho0.95_xsd0,20,20,0.95,0.0,,,
FE,1,0.0773683721583181,0.0853467832811893,0.0774942776252966,0.3866666666666666,1.0,300,main_N20_T20_rho0.95_xsd0,20,20,0.95,0.0,,,
FE,2,0.1536549006795683,0.1619848342624692,0.1536549006795683,0.0666666666666666,1.0,300,main_N20_T20_rho0.95_xsd0,20,20,0.95,0.0,,,
FE,3,0.2254007088093162,0.2337905401413305,0.2254007088093162,0.01,1.0,300,main_N20_T20_rho0.95_xsd0,20,20,0.95,0.0,,,
FE,4,0.2872709257567983,0.2965542442185699,0.2872709257567983,0.0,0.88,300,main_N20_T20_rho0.95_xsd0,20,20,0.95,0.0,,,
FE,5,0.3405111429816764,0.3505856796251386,0.3405111429816764,0.0033333333333333,0.6066666666666667,300,main_N20_T20_rho0.95_xsd0,20,20,0.95,0.0,,,
FE,6,0.3831600190998606,0.3927364172910985,0.3831600190998606,0.0033333333333333,0.34,300,main_N20_T20_rho0.95_xsd0,20,20,0.95,0.0,,,
HPJ,0,-0.0114725941618246,0.0861493788542959,0.0679370387585796,0.4866666666666667,1.0,300,main_N20_T20_rho0.95_xsd0,20,20,0.95,0.0,,,
HPJ,1,0.0766267113302627,0.1280457759844011,0.1064839162604363,0.3533333333333333,1.0,300,main_N20_T20_rho0.95_xsd0,20,20,0.95,0.0,,,
HPJ,2,0.1580772167627043,0.2098619602061859,0.1778592601030022,0.2366666666666666,0.9933333333333332,300,main_N20_T20_rho0.95_xsd0,20,20,0.95,0.0,,,
HPJ,3,0.2289175967312218,0.2875867052732668,0.2465498661485119,0.1633333333333333,0.87,300,main_N20_T20_rho0.95_xsd0,20,20,0.95,0.0,,,
HPJ,4,0.2970681559284857,0.3599844515014981,0.314621616358499,0.1366666666666666,0.7266666666666667,300,main_N20_T20_rho0.95_xsd0,20,20,0.95,0.0,,,
HPJ,5,0.3481756302964204,0.4163374728769638,0.367503082655952,0.1,0.68,300,main_N20_T20_rho0.95_xsd0,20,20,0.95,0.0,,,
HPJ,6,0.3951698955255006,0.4674288631255517,0.4114863828596838,0.0966666666666666,0.67,300,main_N20_T20_rho0.95_xsd0,20,20,0.95,0.0,,,
SPJ,0,-0.0026332650500243,0.0417649403812973,0.0327272924860647,0.9266666666666666,1.0,300,main_N20_T20_rho0.95_xsd0,20,20,0.95,0.0,,,
SPJ,1,-0.0052644985773817,0.0543380863246737,0.0444953138478734,0.96,1.0,300,main_N20_T20_rho0.95_xsd0,20,20,0.95,0.0,,,
SPJ,2,0.0142036793614528,0.0795909297050648,0.0637413170108972,0.8966666666666666,1.0,300,main_N20_T20_rho0.95_xsd0,20,20,0.95,0.0,,,
SPJ,3,0.0555504795998358,0.112454274420692,0.0877658931073893,0.8066666666666666,1.0,300,main_N20_T20_rho0.95_xsd0,20,20,0.95,0.0,,,
SPJ,4,0.1181443788228953,0.1655162491850364,0.1329806052227763,0.65,0.9433333333333334,300,main_N20_T20_rho0.95_xsd0,20,20,0.95,0.0,,,
SPJ,5,0.1995526153080012,0.2372404701521296,0.2041220442188726,0.4633333333333333,0.7733333333333333,300,main_N20_T20_rho0.95_xsd0,20,20,0.95,0.0,,,
SPJ,6,0.2904398762924289,0.3199888375550816,0.2908890564097327,0.2233333333333333,0.49,300,main_N20_T20_rho0.95_xsd0,20,20,0.95,0.0,,,
CDOLS,0,0.0047414709987315,0.0779261816930739,0.0629143063031073,0.9066666666666666,1.0,300,main_N20_T20_rho0.95_xsd1,20,20,0.95,1.0,,,
CDOLS,1,-0.0043637677942798,0.0913888747544663,0.0720054962700454,0.7766666666666666,1.0,300,main_N20_T20_rho0.95_xsd1,20,20,0.95,1.0,,,
CDOLS,2,-0.0177250516042248,0.117424931919046,0.0943075888981514,0.7233333333333334,1.0,300,main_N20_T20_rho0.95_xsd1,20,20,0.95,1.0,,,
CDOLS,3,-0.0209836770888026,0.1361203703571699,0.1058131480091363,0.74,0.9933333333333332,300,main_N20_T20_rho0.95_xsd1,20,20,0.95,1.0,,,
CDOLS,4,-0.0358238516046859,0.1538941580474141,0.114454965101457,0.7566666666666667,0.99,300,main_N20_T20_rho0.95_xsd1,20,20,0.95,1.0,,,
CDOLS,5,-0.0217728539922079,0.1657800440329237,0.1263178674111373,0.73,0.98,300,main_N20_T20_rho0.95_xsd1,20,20,0.95,1.0,,,
CDOLS,6,-0.0342304252233705,0.1965774819586752,0.1473477165685941,0.7333333333333333,0.95,300,main_N20_T20_rho0.95_xsd1,20,20,0.95,1.0,,,
DB,0,0.00102811966795,0.0275620286093619,0.0215694130986305,0.8733333333333333,1.0,300,main_N20_T20_rho0.95_xsd1,20,20,0.95,1.0,,,
DB,1,0.0524669027844197,0.0780396173135705,0.0599285790072622,0.7733333333333333,0.9966666666666668,300,main_N20_T20_rho0.95_xsd1,20,20,0.95,1.0,,,
DB,2,0.1090872726360497,0.1497069783860688,0.1131215858311823,0.5033333333333333,0.9933333333333332,300,main_N20_T20_rho0.95_xsd1,20,20,0.95,1.0,,,
DB,3,0.169409230608834,0.2294309250797206,0.171515757112027,0.3366666666666666,0.9833333333333332,300,main_N20_T20_rho0.95_xsd1,20,20,0.95,1.0,,,
DB,4,0.2291542304133766,0.3176385295001785,0.2295223658457788,0.2,0.8833333333333333,300,main_N20_T20_rho0.95_xsd1,20,20,0.95,1.0,,,
DB,5,0.2913255958508912,0.4275162239896695,0.291579421305685,0.1166666666666666,0.6866666666666666,300,main_N20_T20_rho0.95_xsd1,20,20,0.95,1.0,,,
DB,6,0.3426507994553349,0.5553328470107057,0.3426552936627827,0.0733333333333333,0.5266666666666666,300,main_N20_T20_rho0.95_xsd1,20,20,0.95,1.0,,,
FE,0,0.00102811966795,0.0275620286093619,0.0215694130986305,0.8733333333333333,1.0,300,main_N20_T20_rho0.95_xsd1,20,20,0.95,1.0,,,
FE,1,0.0901983472545699,0.1028853639542768,0.091488762765851,0.4533333333333333,1.0,300,main_N20_T20_rho0.95_xsd1,20,20,0.95,1.0,,,
FE,2,0.1742310894405573,0.1903769554158303,0.1745142998661841,0.1933333333333333,0.99,300,main_N20_T20_rho0.95_xsd1,20,20,0.95,1.0,,,
FE,3,0.2521821127195776,0.2702317294657253,0.2524961473848718,0.1,0.9233333333333332,300,main_N20_T20_rho0.95_xsd1,20,20,0.95,1.0,,,
FE,4,0.3196004148170291,0.337357918820335,0.3196846127225297,0.0533333333333333,0.62,300,main_N20_T20_rho0.95_xsd1,20,20,0.95,1.0,,,
FE,5,0.3785267385998783,0.3973056098320944,0.3785404224686539,0.0366666666666666,0.3533333333333333,300,main_N20_T20_rho0.95_xsd1,20,20,0.95,1.0,,,
FE,6,0.4137413164917769,0.4356366397487348,0.4138395273503095,0.03,0.3366666666666666,300,main_N20_T20_rho0.95_xsd1,20,20,0.95,1.0,,,
HPJ,0,0.0027991470707885,0.0816516003535128,0.063987743042995,0.3933333333333333,1.0,300,main_N20_T20_rho0.95_xsd1,20,20,0.95,1.0,,,
HPJ,1,0.0845364394191298,0.1379913805664428,0.1102198093210376,0.4466666666666666,1.0,300,main_N20_T20_rho0.95_xsd1,20,20,0.95,1.0,,,
HPJ,2,0.1597254966585584,0.2274483010341067,0.1872939505248572,0.32,0.95,300,main_N20_T20_rho0.95_xsd1,20,20,0.95,1.0,,,
HPJ,3,0.2331852747241513,0.3079600321970402,0.2588554747249965,0.2333333333333333,0.7933333333333333,300,main_N20_T20_rho0.95_xsd1,20,20,0.95,1.0,,,
HPJ,4,0.2941463045936799,0.3655591028677124,0.3152846170128213,0.19,0.6766666666666666,300,main_N20_T20_rho0.95_xsd1,20,20,0.95,1.0,,,
HPJ,5,0.355150760558556,0.4271797297394127,0.3770640153719332,0.13,0.5466666666666666,300,main_N20_T20_rho0.95_xsd1,20,20,0.95,1.0,,,
HPJ,6,0.387577521569413,0.4540994811641811,0.4028889234892854,0.1133333333333333,0.5466666666666666,300,main_N20_T20_rho0.95_xsd1,20,20,0.95,1.0,,,
SPJ,0,-0.0009068889841818,0.0347655827153107,0.026414195009586,0.9466666666666668,1.0,300,main_N20_T20_rho0.95_xsd1,20,20,0.95,1.0,,,
SPJ,1,0.0016896787922978,0.0754650445742244,0.0596331247009159,0.9266666666666666,1.0,300,main_N20_T20_rho0.95_xsd1,20,20,0.95,1.0,,,
SPJ,2,0.034866833349387,0.1271944985323476,0.1029226500425091,0.8133333333333334,0.9933333333333332,300,main_N20_T20_rho0.95_xsd1,20,20,0.95,1.0,,,
SPJ,3,0.0918110033679387,0.1862517010393287,0.1479581816049584,0.6666666666666666,0.9466666666666668,300,main_N20_T20_rho0.95_xsd1,20,20,0.95,1.0,,,
SPJ,4,0.1618651124721903,0.2451030846885397,0.1983389487026769,0.5666666666666667,0.7366666666666667,300,main_N20_T20_rho0.95_xsd1,20,20,0.95,1.0,,,
SPJ,5,0.2479937188301715,0.3201549794711082,0.2724794551984594,0.43,0.5333333333333333,300,main_N20_T20_rho0.95_xsd1,20,20,0.95,1.0,,,
SPJ,6,0.3348669272910115,0.4004342953191352,0.3508529134255843,0.2466666666666666,0.3966666666666666,300,main_N20_T20_rho0.95_xsd1,20,20,0.95,1.0,,,
CDOLS,0,-0.0020514043519225,0.0435536614788258,0.0351621713571595,0.92,1.0,300,main_N20_T50_rho0.2_xsd0,20,50,0.2,0.0,,,
CDOLS,1,-0.0200466666203163,0.0522348993396232,0.0427341243392153,0.9133333333333332,0.8133333333333334,300,main_N20_T50_rho0.2_xsd0,20,50,0.2,0.0,,,
CDOLS,2,-0.0253002997441641,0.0572719267190579,0.0447182459735784,0.87,0.1866666666666666,300,main_N20_T50_rho0.2_xsd0,20,50,0.2,0.0,,,
CDOLS,3,-0.0223658004015194,0.0555288941935993,0.0441665582338943,0.86,0.1433333333333333,300,main_N20_T50_rho0.2_xsd0,20,50,0.2,0.0,,,
CDOLS,4,-0.0264480078877871,0.0562449266372781,0.0460358977487025,0.9066666666666666,0.1,300,main_N20_T50_rho0.2_xsd0,20,50,0.2,0.0,,,
CDOLS,5,-0.0257011326398934,0.0543848445652965,0.0428255507503286,0.8933333333333333,0.1066666666666666,300,main_N20_T50_rho0.2_xsd0,20,50,0.2,0.0,,,
CDOLS,6,-0.0248573382654206,0.0561701788608231,0.0449962563585095,0.9066666666666666,0.0933333333333333,300,main_N20_T50_rho0.2_xsd0,20,50,0.2,0.0,,,
CDOLS,7,-0.0285930137859275,0.0578918219945475,0.0459746127589298,0.91,0.09,300,main_N20_T50_rho0.2_xsd0,20,50,0.2,0.0,,,
CDOLS,8,-0.0241165254874874,0.0616101487882325,0.0494439908059803,0.8833333333333333,0.1166666666666666,300,main_N20_T50_rho0.2_xsd0,20,50,0.2,0.0,,,
CDOLS,9,-0.0263171341623539,0.0608632332310671,0.0486071580529451,0.8633333333333333,0.1366666666666666,300,main_N20_T50_rho0.2_xsd0,20,50,0.2,0.0,,,
CDOLS,10,-0.0293885168345308,0.0612020055727344,0.0487151545673113,0.9066666666666666,0.0933333333333333,300,main_N20_T50_rho0.2_xsd0,20,50,0.2,0.0,,,
DB,0,-0.003485434668601,0.0323086322680263,0.02570321503937,0.9233333333333332,1.0,300,main_N20_T50_rho0.2_xsd0,20,50,0.2,0.0,,,
DB,1,0.0015606719566029,0.0370166470999732,0.0303880888604697,0.9366666666666666,0.8966666666666666,300,main_N20_T50_rho0.2_xsd0,20,50,0.2,0.0,,,
DB,2,0.0013311883396743,0.0396345267201025,0.0322886403106901,0.8933333333333333,0.1333333333333333,300,main_N20_T50_rho0.2_xsd0,20,50,0.2,0.0,,,
DB,3,0.0049354412209453,0.0371090794385883,0.0294631964382215,0.94,0.06,300,main_N20_T50_rho0.2_xsd0,20,50,0.2,0.0,,,
DB,4,0.000919057305105,0.0391584678530376,0.0314390101704527,0.9033333333333332,0.0933333333333333,300,main_N20_T50_rho0.2_xsd0,20,50,0.2,0.0,,,
DB,5,0.0019798804359646,0.0383590140146531,0.0308538015932765,0.9266666666666666,0.0733333333333333,300,main_N20_T50_rho0.2_xsd0,20,50,0.2,0.0,,,
DB,6,0.0032423675404907,0.0383456029918589,0.0307072020977496,0.93,0.07,300,main_N20_T50_rho0.2_xsd0,20,50,0.2,0.0,,,
DB,7,0.0007005703745018,0.0382523527189774,0.0308561381306491,0.94,0.06,300,main_N20_T50_rho0.2_xsd0,20,50,0.2,0.0,,,
DB,8,0.0041280017259746,0.0437062451573436,0.0360991305415866,0.9,0.1,300,main_N20_T50_rho0.2_xsd0,20,50,0.2,0.0,,,
DB,9,0.0021118072084372,0.0423539527620704,0.0341560758353552,0.8933333333333333,0.1066666666666666,300,main_N20_T50_rho0.2_xsd0,20,50,0.2,0.0,,,
DB,10,-0.0005623937698151,0.0401288587572025,0.0321000334477095,0.91,0.09,300,main_N20_T50_rho0.2_xsd0,20,50,0.2,0.0,,,
FE,0,-0.003485434668601,0.0323086322680263,0.02570321503937,0.9233333333333332,1.0,300,main_N20_T50_rho0.2_xsd0,20,50,0.2,0.0,,,
FE,1,0.0156435019447288,0.0399296359630759,0.0317909222799649,0.8866666666666667,0.8066666666666666,300,main_N20_T50_rho0.2_xsd0,20,50,0.2,0.0,,,
FE,2,0.0178977510735814,0.0433935108195744,0.034643757421341,0.84,0.0933333333333333,300,main_N20_T50_rho0.2_xsd0,20,50,0.2,0.0,,,
FE,3,0.0219226728862036,0.0428322894892526,0.0341063193363346,0.87,0.1166666666666666,300,main_N20_T50_rho0.2_xsd0,20,50,0.2,0.0,,,
FE,4,0.0179335957662618,0.0432341872295689,0.0352280300785099,0.8933333333333333,0.1066666666666666,300,main_N20_T50_rho0.2_xsd0,20,50,0.2,0.0,,,
FE,5,0.0189292003020199,0.0427571656035576,0.0336864312084204,0.8966666666666666,0.1066666666666666,300,main_N20_T50_rho0.2_xsd0,20,50,0.2,0.0,,,
FE,6,0.0200877663949066,0.0432578074175761,0.0342135822673947,0.8866666666666667,0.1133333333333333,300,main_N20_T50_rho0.2_xsd0,20,50,0.2,0.0,,,
FE,7,0.0174109412099521,0.0421401714955535,0.034033242989187,0.92,0.08,300,main_N20_T50_rho0.2_xsd0,20,50,0.2,0.0,,,
FE,8,0.0206706278370294,0.0482084770800703,0.039931642041297,0.8733333333333333,0.1266666666666666,300,main_N20_T50_rho0.2_xsd0,20,50,0.2,0.0,,,
FE,9,0.0184501178031431,0.0462001820942863,0.0369340346372698,0.8966666666666666,0.1033333333333333,300,main_N20_T50_rho0.2_xsd0,20,50,0.2,0.0,,,
FE,10,0.0155302100478615,0.0430924158253858,0.0341570545406506,0.8933333333333333,0.1066666666666666,300,main_N20_T50_rho0.2_xsd0,20,50,0.2,0.0,,,
HPJ,0,-0.002194376130009,0.0904927105215319,0.0719290637852354,0.5,1.0,300,main_N20_T50_rho0.2_xsd0,20,50,0.2,0.0,,,
HPJ,1,0.012580322877191,0.1048798812041146,0.0822295803810166,0.5066666666666667,0.7133333333333334,300,main_N20_T50_rho0.2_xsd0,20,50,0.2,0.0,,,
HPJ,2,0.0172969435996861,0.1051800173992166,0.0839775075821964,0.47,0.49,300,main_N20_T50_rho0.2_xsd0,20,50,0.2,0.0,,,
HPJ,3,0.026648602195084,0.1153516550717681,0.091731135757039,0.46,0.54,300,main_N20_T50_rho0.2_xsd0,20,50,0.2,0.0,,,
HPJ,4,0.0250148624451012,0.112361392383899,0.0895774499516703,0.4666666666666667,0.5333333333333333,300,main_N20_T50_rho0.2_xsd0,20,50,0.2,0.0,,,
HPJ,5,0.0163170303668839,0.1129078391299143,0.0905880375566743,0.4666666666666667,0.5333333333333333,300,main_N20_T50_rho0.2_xsd0,20,50,0.2,0.0,,,
HPJ,6,0.0203030136594474,0.1124568213682638,0.0892676163980727,0.5,0.5,300,main_N20_T50_rho0.2_xsd0,20,50,0.2,0.0,,,
HPJ,7,0.0233233498059956,0.1171721192598196,0.0917306698774488,0.48,0.52,300,main_N20_T50_rho0.2_xsd0,20,50,0.2,0.0,,,
HPJ,8,0.0259558730529152,0.1205116818659802,0.0965195253543889,0.4466666666666666,0.5533333333333333,300,main_N20_T50_rho0.2_xsd0,20,50,0.2,0.0,,,
HPJ,9,0.0319096890409665,0.1207490112507042,0.0953583682355686,0.4866666666666667,0.5133333333333333,300,main_N20_T50_rho0.2_xsd0,20,50,0.2,0.0,,,
HPJ,10,0.0195131355426117,0.1226089857128295,0.0970717942000421,0.4733333333333333,0.5266666666666666,300,main_N20_T50_rho0.2_xsd0,20,50,0.2,0.0,,,
SPJ,0,-0.0035432684823832,0.0323791359766998,0.0258878392315718,0.9233333333333332,1.0,300,main_N20_T50_rho0.2_xsd0,20,50,0.2,0.0,,,
SPJ,1,0.000626622106446,0.0371304641068093,0.0303286436185613,0.95,0.8833333333333333,300,main_N20_T50_rho0.2_xsd0,20,50,0.2,0.0,,,
SPJ,2,0.0008831788755864,0.0402595863833531,0.0327838349479048,0.9233333333333332,0.12,300,main_N20_T50_rho0.2_xsd0,20,50,0.2,0.0,,,
SPJ,3,0.005030764442744,0.0383647828704023,0.0302386584467379,0.9366666666666666,0.0566666666666666,300,main_N20_T50_rho0.2_xsd0,20,50,0.2,0.0,,,
SPJ,4,0.0020313603906652,0.0405738172606614,0.0326397131342132,0.9233333333333332,0.0833333333333333,300,main_N20_T50_rho0.2_xsd0,20,50,0.2,0.0,,,
SPJ,5,0.0042383146279812,0.0399578384573422,0.0323728153630487,0.9266666666666666,0.07,300,main_N20_T50_rho0.2_xsd0,20,50,0.2,0.0,,,
SPJ,6,0.0064500124812535,0.0399157150365083,0.0315761148154793,0.93,0.07,300,main_N20_T50_rho0.2_xsd0,20,50,0.2,0.0,,,
SPJ,7,0.0055364811264742,0.0396811956449604,0.0317702143199706,0.9433333333333334,0.0566666666666666,300,main_N20_T50_rho0.2_xsd0,20,50,0.2,0.0,,,
SPJ,8,0.0100518292116781,0.0449975986670014,0.0373716686515224,0.9266666666666666,0.0733333333333333,300,main_N20_T50_rho0.2_xsd0,20,50,0.2,0.0,,,
SPJ,9,0.0097319887314403,0.0445463802373419,0.0354265841593628,0.9233333333333332,0.0766666666666666,300,main_N20_T50_rho0.2_xsd0,20,50,0.2,0.0,,,
SPJ,10,0.0086718873488313,0.0416139414910766,0.0334324255049977,0.9366666666666666,0.0633333333333333,300,main_N20_T50_rho0.2_xsd0,20,50,0.2,0.0,,,
CDOLS,0,-0.0028509676252201,0.0599125235176341,0.0474131298340006,0.9166666666666666,1.0,300,main_N20_T50_rho0.2_xsd1,20,50,0.2,1.0,,,
CDOLS,1,-0.0094519734422404,0.059648367969869,0.0469126298950229,0.7933333333333333,0.8266666666666667,300,main_N20_T50_rho0.2_xsd1,20,50,0.2,1.0,,,
CDOLS,2,-0.0046967088423992,0.0578767768838376,0.0467904002912794,0.77,0.26,300,main_N20_T50_rho0.2_xsd1,20,50,0.2,1.0,,,
CDOLS,3,-0.0128744588027867,0.0615051126833977,0.0495121043762142,0.7733333333333333,0.2433333333333333,300,main_N20_T50_rho0.2_xsd1,20,50,0.2,1.0,,,
CDOLS,4,-0.0126361281306174,0.0626597145886277,0.049328373908199,0.7533333333333333,0.26,300,main_N20_T50_rho0.2_xsd1,20,50,0.2,1.0,,,
CDOLS,5,-0.0111109614488071,0.0631132147374668,0.0500878949391809,0.7433333333333333,0.2566666666666666,300,main_N20_T50_rho0.2_xsd1,20,50,0.2,1.0,,,
CDOLS,6,-0.0074120389641531,0.0642842468705357,0.0505481593148365,0.7766666666666666,0.2233333333333333,300,main_N20_T50_rho0.2_xsd1,20,50,0.2,1.0,,,
CDOLS,7,-0.0094284818044174,0.0645435296042025,0.0512895530305093,0.7733333333333333,0.2266666666666666,300,main_N20_T50_rho0.2_xsd1,20,50,0.2,1.0,,,
CDOLS,8,-0.0126121842940123,0.0644295676917712,0.0514829648125588,0.7966666666666666,0.2033333333333333,300,main_N20_T50_rho0.2_xsd1,20,50,0.2,1.0,,,
CDOLS,9,-0.0161012545580136,0.0642653435273013,0.0509363315186326,0.7933333333333333,0.2066666666666666,300,main_N20_T50_rho0.2_xsd1,20,50,0.2,1.0,,,
CDOLS,10,-0.0124096868306832,0.0632600388024726,0.0493372716086734,0.8266666666666667,0.1733333333333333,300,main_N20_T50_rho0.2_xsd1,20,50,0.2,1.0,,,
DB,0,-0.0038562838097527,0.0566380102431172,0.0440204137810583,0.6233333333333333,1.0,300,main_N20_T50_rho0.2_xsd1,20,50,0.2,1.0,,,
DB,1,0.0030746366198346,0.0548327302618063,0.0429019891478286,0.8833333333333333,0.7233333333333334,300,main_N20_T50_rho0.2_xsd1,20,50,0.2,1.0,,,
DB,2,0.0096065487047425,0.0546455403435522,0.0437772666686676,0.9,0.0833333333333333,300,main_N20_T50_rho0.2_xsd1,20,50,0.2,1.0,,,
DB,3,0.0013422409180884,0.0535449968780202,0.0437409176866366,0.9333333333333332,0.0733333333333333,300,main_N20_T50_rho0.2_xsd1,20,50,0.2,1.0,,,
DB,4,0.0016467322663396,0.0549598834509998,0.0425545448378992,0.9066666666666666,0.09,300,main_N20_T50_rho0.2_xsd1,20,50,0.2,1.0,,,
DB,5,0.0036596987990891,0.0586358648856234,0.0457841574563364,0.89,0.1133333333333333,300,main_N20_T50_rho0.2_xsd1,20,50,0.2,1.0,,,
DB,6,0.0066840740401335,0.0570506775694838,0.0455387982136978,0.89,0.11,300,main_N20_T50_rho0.2_xsd1,20,50,0.2,1.0,,,
DB,7,0.0032465289212329,0.057214240418805,0.0455562230789615,0.8933333333333333,0.1066666666666666,300,main_N20_T50_rho0.2_xsd1,20,50,0.2,1.0,,,
DB,8,0.000933105717215,0.0584310800982854,0.0458043079373832,0.89,0.11,300,main_N20_T50_rho0.2_xsd1,20,50,0.2,1.0,,,
DB,9,-0.0030651159928272,0.0588286647170975,0.0457319229586593,0.9033333333333332,0.0966666666666666,300,main_N20_T50_rho0.2_xsd1,20,50,0.2,1.0,,,
DB,10,0.0008841704710468,0.0564502372683599,0.0454128470071061,0.9166666666666666,0.0833333333333333,300,main_N20_T50_rho0.2_xsd1,20,50,0.2,1.0,,,
FE,0,-0.0038562838097527,0.0566380102431172,0.0440204137810583,0.6233333333333333,1.0,300,main_N20_T50_rho0.2_xsd1,20,50,0.2,1.0,,,
FE,1,0.0171890142316486,0.056470770703149,0.044692264347272,0.8766666666666667,0.6333333333333333,300,main_N20_T50_rho0.2_xsd1,20,50,0.2,1.0,,,
FE,2,0.0262633363987952,0.0593140051845631,0.0465936891913034,0.8533333333333334,0.0866666666666666,300,main_N20_T50_rho0.2_xsd1,20,50,0.2,1.0,,,
FE,3,0.0185060439948414,0.0568733870078492,0.04611406672806,0.8966666666666666,0.0933333333333333,300,main_N20_T50_rho0.2_xsd1,20,50,0.2,1.0,,,
FE,4,0.0188787975146885,0.0583944447369217,0.0456083995154448,0.8933333333333333,0.1033333333333333,300,main_N20_T50_rho0.2_xsd1,20,50,0.2,1.0,,,
FE,5,0.0208413349259047,0.0624522629847374,0.0492439174738123,0.8466666666666667,0.1533333333333333,300,main_N20_T50_rho0.2_xsd1,20,50,0.2,1.0,,,
FE,6,0.0237658284021903,0.0614645335721843,0.0494433589013281,0.8633333333333333,0.1366666666666666,300,main_N20_T50_rho0.2_xsd1,20,50,0.2,1.0,,,
FE,7,0.0201931956558049,0.0606833462055457,0.0480154563995066,0.88,0.12,300,main_N20_T50_rho0.2_xsd1,20,50,0.2,1.0,,,
FE,8,0.0177102624388575,0.0609940790103088,0.0480673672089277,0.88,0.12,300,main_N20_T50_rho0.2_xsd1,20,50,0.2,1.0,,,
FE,9,0.0135050286132126,0.060415726969048,0.0469633236417231,0.8733333333333333,0.1266666666666666,300,main_N20_T50_rho0.2_xsd1,20,50,0.2,1.0,,,
FE,10,0.0172051880360537,0.0589229177013473,0.0471723495448482,0.8933333333333333,0.1066666666666666,300,main_N20_T50_rho0.2_xsd1,20,50,0.2,1.0,,,
HPJ,0,0.000320550569551,0.1636412807333867,0.1235154050508085,0.22,0.9933333333333332,300,main_N20_T50_rho0.2_xsd1,20,50,0.2,1.0,,,
HPJ,1,0.0142645002870516,0.0985555011254833,0.0767355684201639,0.6133333333333333,0.6066666666666667,300,main_N20_T50_rho0.2_xsd1,20,50,0.2,1.0,,,
HPJ,2,0.0235309938150103,0.1033040841901374,0.0805552695154385,0.6133333333333333,0.37,300,main_N20_T50_rho0.2_xsd1,20,50,0.2,1.0,,,
HPJ,3,0.022557855897015,0.0996453010747538,0.0800991740593229,0.64,0.35,300,main_N20_T50_rho0.2_xsd1,20,50,0.2,1.0,,,
HPJ,4,0.0227188890987237,0.1000338014327121,0.0800883052699082,0.6533333333333333,0.3333333333333333,300,main_N20_T50_rho0.2_xsd1,20,50,0.2,1.0,,,
HPJ,5,0.0248942924890912,0.0985919969026627,0.0767029864017648,0.6833333333333333,0.3166666666666666,300,main_N20_T50_rho0.2_xsd1,20,50,0.2,1.0,,,
HPJ,6,0.0272941883551012,0.103380425952352,0.0826914060983238,0.63,0.37,300,main_N20_T50_rho0.2_xsd1,20,50,0.2,1.0,,,
HPJ,7,0.0177857064638107,0.1080901755606858,0.0833197512657277,0.6433333333333333,0.3566666666666667,300,main_N20_T50_rho0.2_xsd1,20,50,0.2,1.0,,,
HPJ,8,0.0221035175728841,0.0996344678098534,0.0784787940041827,0.69,0.31,300,main_N20_T50_rho0.2_xsd1,20,50,0.2,1.0,,,
HPJ,9,0.0224337618628747,0.1072570444319392,0.0832963844785068,0.66,0.34,300,main_N20_T50_rho0.2_xsd1,20,50,0.2,1.0,,,
HPJ,10,0.0210019708780089,0.111164579650185,0.0858460199085816,0.6533333333333333,0.3466666666666667,300,main_N20_T50_rho0.2_xsd1,20,50,0.2,1.0,,,
SPJ,0,-0.0037263876723123,0.057099315345786,0.0442841533376447,0.64,1.0,300,main_N20_T50_rho0.2_xsd1,20,50,0.2,1.0,,,
SPJ,1,0.0002856437196021,0.0578118498877718,0.0449641411503979,0.8666666666666667,0.6933333333333334,300,main_N20_T50_rho0.2_xsd1,20,50,0.2,1.0,,,
SPJ,2,0.0078884636386972,0.0587866946310852,0.0469539307910527,0.8833333333333333,0.0966666666666666,300,main_N20_T50_rho0.2_xsd1,20,50,0.2,1.0,,,
SPJ,3,0.0012244563344785,0.0590023772706541,0.0471529903632981,0.9133333333333332,0.0766666666666666,300,main_N20_T50_rho0.2_xsd1,20,50,0.2,1.0,,,
SPJ,4,0.002419968814958,0.0614358531083311,0.0474809483053193,0.8933333333333333,0.0966666666666666,300,main_N20_T50_rho0.2_xsd1,20,50,0.2,1.0,,,
SPJ,5,0.005003465713947,0.0648560799966258,0.0510754991250259,0.8833333333333333,0.1166666666666666,300,main_N20_T50_rho0.2_xsd1,20,50,0.2,1.0,,,
SPJ,6,0.0091020525757172,0.0625073464676997,0.0499502753002654,0.8933333333333333,0.1066666666666666,300,main_N20_T50_rho0.2_xsd1,20,50,0.2,1.0,,,
SPJ,7,0.0067790869494546,0.0627482563386206,0.0494126086458052,0.8833333333333333,0.1166666666666666,300,main_N20_T50_rho0.2_xsd1,20,50,0.2,1.0,,,
SPJ,8,0.0064578853663324,0.0635242123646918,0.049987214863356,0.89,0.11,300,main_N20_T50_rho0.2_xsd1,20,50,0.2,1.0,,,
SPJ,9,0.0033825365903923,0.0605955847659278,0.047477755238592,0.88,0.12,300,main_N20_T50_rho0.2_xsd1,20,50,0.2,1.0,,,
SPJ,10,0.0094551959066375,0.059046518676191,0.0474063886825781,0.9066666666666666,0.0933333333333333,300,main_N20_T50_rho0.2_xsd1,20,50,0.2,1.0,,,
CDOLS,0,-0.0020711471236032,0.0437418038499411,0.0353319612366985,0.92,1.0,300,main_N20_T50_rho0.5_xsd0,20,50,0.5,0.0,,,
CDOLS,1,-0.018920512055089,0.0521930395143344,0.0427058497776307,0.9233333333333332,1.0,300,main_N20_T50_rho0.5_xsd0,20,50,0.5,0.0,,,
CDOLS,2,-0.0301091341459615,0.0602050765591363,0.0472415159031103,0.86,0.9366666666666666,300,main_N20_T50_rho0.5_xsd0,20,50,0.5,0.0,,,
CDOLS,3,-0.0311850567968784,0.0606128723446337,0.0481356257322106,0.8366666666666667,0.5466666666666666,300,main_N20_T50_rho0.5_xsd0,20,50,0.5,0.0,,,
CDOLS,4,-0.037505119809516,0.0629078920035158,0.0514611366303919,0.87,0.3466666666666667,300,main_N20_T50_rho0.5_xsd0,20,50,0.5,0.0,,,
CDOLS,5,-0.0382374182655061,0.0623605278402156,0.0505522461221876,0.86,0.2166666666666666,300,main_N20_T50_rho0.5_xsd0,20,50,0.5,0.0,,,
CDOLS,6,-0.0378710557307064,0.0647371252950733,0.0525569506082939,0.8666666666666667,0.1633333333333333,300,main_N20_T50_rho0.5_xsd0,20,50,0.5,0.0,,,
CDOLS,7,-0.0423671340854548,0.066913936545931,0.0540234989806187,0.87,0.1533333333333333,300,main_N20_T50_rho0.5_xsd0,20,50,0.5,0.0,,,
CDOLS,8,-0.0386625116552639,0.0697924727926834,0.0555332062940901,0.85,0.16,300,main_N20_T50_rho0.5_xsd0,20,50,0.5,0.0,,,
CDOLS,9,-0.0406466638962591,0.0699317251965807,0.0557324080659851,0.8266666666666667,0.1733333333333333,300,main_N20_T50_rho0.5_xsd0,20,50,0.5,0.0,,,
CDOLS,10,-0.0438842582554489,0.0705670841168507,0.05679798292389,0.85,0.15,300,main_N20_T50_rho0.5_xsd0,20,50,0.5,0.0,,,
DB,0,-0.0029825436188642,0.02827259789615,0.0228304780121866,0.93,1.0,300,main_N20_T50_rho0.5_xsd0,20,50,0.5,0.0,,,
DB,1,0.0029556259012336,0.0337807365457339,0.0274850056166889,0.92,1.0,300,main_N20_T50_rho0.5_xsd0,20,50,0.5,0.0,,,
DB,2,0.0046899936383853,0.0381418322192282,0.0310143218173251,0.8933333333333333,0.98,300,main_N20_T50_rho0.5_xsd0,20,50,0.5,0.0,,,
DB,3,0.0079446529524358,0.0371945738123582,0.0298678563541149,0.9266666666666666,0.5066666666666667,300,main_N20_T50_rho0.5_xsd0,20,50,0.5,0.0,,,
DB,4,0.0055530916645167,0.0388499207967783,0.0313999509104291,0.9,0.1766666666666666,300,main_N20_T50_rho0.5_xsd0,20,50,0.5,0.0,,,
DB,5,0.0065045931914255,0.0393162821513061,0.0312644094594766,0.9,0.0933333333333333,300,main_N20_T50_rho0.5_xsd0,20,50,0.5,0.0,,,
DB,6,0.007170047531094,0.0389216467718272,0.0310216875804855,0.9066666666666666,0.09,300,main_N20_T50_rho0.5_xsd0,20,50,0.5,0.0,,,
DB,7,0.0051145279563506,0.0386221720395201,0.0311006579637905,0.9233333333333332,0.06,300,main_N20_T50_rho0.5_xsd0,20,50,0.5,0.0,,,
DB,8,0.0069950377443703,0.0434195697095803,0.035796046436677,0.8933333333333333,0.1066666666666666,300,main_N20_T50_rho0.5_xsd0,20,50,0.5,0.0,,,
DB,9,0.0055120681698902,0.0419653362472694,0.0329586065655652,0.9033333333333332,0.0933333333333333,300,main_N20_T50_rho0.5_xsd0,20,50,0.5,0.0,,,
DB,10,0.0039195536541789,0.0394187649440861,0.0321417794034912,0.9233333333333332,0.0766666666666666,300,main_N20_T50_rho0.5_xsd0,20,50,0.5,0.0,,,
FE,0,-0.0029825436188642,0.02827259789615,0.0228304780121866,0.93,1.0,300,main_N20_T50_rho0.5_xsd0,20,50,0.5,0.0,,,
FE,1,0.020281745708382,0.0389532997498048,0.0304423275142623,0.8733333333333333,1.0,300,main_N20_T50_rho0.5_xsd0,20,50,0.5,0.0,,,
FE,2,0.0302118084320865,0.0480633580588324,0.0385589813060096,0.7866666666666666,0.92,300,main_N20_T50_rho0.5_xsd0,20,50,0.5,0.0,,,
FE,3,0.037320539723514,0.0518376406570452,0.0428972112784896,0.7866666666666666,0.2233333333333333,300,main_N20_T50_rho0.5_xsd0,20,50,0.5,0.0,,,
FE,4,0.036697098680816,0.0531340396177378,0.0436093708970673,0.7733333333333333,0.09,300,main_N20_T50_rho0.5_xsd0,20,50,0.5,0.0,,,
FE,5,0.0383961662993043,0.0545350032877037,0.0443937013790723,0.79,0.13,300,main_N20_T50_rho0.5_xsd0,20,50,0.5,0.0,,,
FE,6,0.0392920745437209,0.054949509310691,0.0452101382082338,0.77,0.17,300,main_N20_T50_rho0.5_xsd0,20,50,0.5,0.0,,,
FE,7,0.0371866287240411,0.0535734136020051,0.0439659126806475,0.8033333333333333,0.18,300,main_N20_T50_rho0.5_xsd0,20,50,0.5,0.0,,,
FE,8,0.0388461437925192,0.0580484159412011,0.048942751350862,0.75,0.2266666666666666,300,main_N20_T50_rho0.5_xsd0,20,50,0.5,0.0,,,
FE,9,0.0370189409043715,0.0558851729911578,0.045499334328989,0.79,0.2033333333333333,300,main_N20_T50_rho0.5_xsd0,20,50,0.5,0.0,,,
FE,10,0.0349765844521947,0.0527609021175568,0.0427439784816946,0.7966666666666666,0.1966666666666666,300,main_N20_T50_rho0.5_xsd0,20,50,0.5,0.0,,,
HPJ,0,-0.0016703559696158,0.0792397568507644,0.0628635175870266,0.5,1.0,300,main_N20_T50_rho0.5_xsd0,20,50,0.5,0.0,,,
HPJ,1,0.0179359259168855,0.0940590579720867,0.0748968341034353,0.4933333333333333,0.9833333333333332,300,main_N20_T50_rho0.5_xsd0,20,50,0.5,0.0,,,
HPJ,2,0.0307723278303885,0.1061815129842447,0.085461034262984,0.4366666666666666,0.75,300,main_N20_T50_rho0.5_xsd0,20,50,0.5,0.0,,,
HPJ,3,0.0426394260979101,0.1173624698557199,0.0927318211111733,0.4466666666666666,0.5766666666666667,300,main_N20_T50_rho0.5_xsd0,20,50,0.5,0.0,,,
HPJ,4,0.0433598844817928,0.1181477544867535,0.0936964319561418,0.47,0.5566666666666666,300,main_N20_T50_rho0.5_xsd0,20,50,0.5,0.0,,,
HPJ,5,0.0400079306820332,0.118256554822417,0.0953883048171176,0.4266666666666667,0.54,300,main_N20_T50_rho0.5_xsd0,20,50,0.5,0.0,,,
HPJ,6,0.0436273546431279,0.1160312664919659,0.0920951971893905,0.4566666666666666,0.5333333333333333,300,main_N20_T50_rho0.5_xsd0,20,50,0.5,0.0,,,
HPJ,7,0.0470856777657513,0.1211210666341787,0.093650743777741,0.4966666666666666,0.5066666666666667,300,main_N20_T50_rho0.5_xsd0,20,50,0.5,0.0,,,
HPJ,8,0.0500405003318403,0.1267609585744256,0.1040445045017656,0.3966666666666666,0.5966666666666667,300,main_N20_T50_rho0.5_xsd0,20,50,0.5,0.0,,,
HPJ,9,0.0516819052165121,0.1245430116827651,0.0993315998246761,0.43,0.57,300,main_N20_T50_rho0.5_xsd0,20,50,0.5,0.0,,,
HPJ,10,0.0418045458282043,0.1279120854031912,0.1021454473082303,0.4333333333333333,0.57,300,main_N20_T50_rho0.5_xsd0,20,50,0.5,0.0,,,
SPJ,0,-0.00307078451452,0.0284965515366005,0.0229860674464108,0.9366666666666666,1.0,300,main_N20_T50_rho0.5_xsd0,20,50,0.5,0.0,,,
SPJ,1,0.0003436807453868,0.0341287359862704,0.0279014561592804,0.94,1.0,300,main_N20_T50_rho0.5_xsd0,20,50,0.5,0.0,,,
SPJ,2,0.0014956624268175,0.0394048322095603,0.0318924268505231,0.9133333333333332,0.9633333333333334,300,main_N20_T50_rho0.5_xsd0,20,50,0.5,0.0,,,
SPJ,3,0.0051503607335629,0.0400504224160203,0.0320478936216445,0.93,0.4566666666666666,300,main_N20_T50_rho0.5_xsd0,20,50,0.5,0.0,,,
SPJ,4,0.0041274860234485,0.04280186172925,0.0349146721982264,0.89,0.1833333333333333,300,main_N20_T50_rho0.5_xsd0,20,50,0.5,0.0,,,
SPJ,5,0.0070480416200113,0.0434101398568434,0.035004340940081,0.9066666666666666,0.0966666666666666,300,main_N20_T50_rho0.5_xsd0,20,50,0.5,0.0,,,
SPJ,6,0.0099206385445806,0.0431593656231519,0.0342609792617285,0.9033333333333332,0.08,300,main_N20_T50_rho0.5_xsd0,20,50,0.5,0.0,,,
SPJ,7,0.0108851282819056,0.0431443191598851,0.0346125941701208,0.92,0.0666666666666666,300,main_N20_T50_rho0.5_xsd0,20,50,0.5,0.0,,,
SPJ,8,0.0155108821310346,0.0475472299508748,0.0391817326512004,0.9133333333333332,0.09,300,main_N20_T50_rho0.5_xsd0,20,50,0.5,0.0,,,
SPJ,9,0.017481856607239,0.0479106283266297,0.0376685772100836,0.89,0.11,300,main_N20_T50_rho0.5_xsd0,20,50,0.5,0.0,,,
SPJ,10,0.0195692727159364,0.0463538732019086,0.0370689566856198,0.9133333333333332,0.0866666666666666,300,main_N20_T50_rho0.5_xsd0,20,50,0.5,0.0,,,
CDOLS,0,-0.0028356270267132,0.0600979890497604,0.0474759287342909,0.9166666666666666,1.0,300,main_N20_T50_rho0.5_xsd1,20,50,0.5,1.0,,,
CDOLS,1,-0.0085592221099234,0.0590279665423953,0.0464394642186578,0.7833333333333333,1.0,300,main_N20_T50_rho0.5_xsd1,20,50,0.5,1.0,,,
CDOLS,2,-0.0066532395631715,0.0614458413030832,0.0500772986746016,0.76,0.8766666666666667,300,main_N20_T50_rho0.5_xsd1,20,50,0.5,1.0,,,
CDOLS,3,-0.0149384708893414,0.0635153264411193,0.0513197809063331,0.78,0.5566666666666666,300,main_N20_T50_rho0.5_xsd1,20,50,0.5,1.0,,,
CDOLS,4,-0.0175786439670315,0.0674952173861536,0.053877524664641,0.7366666666666667,0.44,300,main_N20_T50_rho0.5_xsd1,20,50,0.5,1.0,,,
CDOLS,5,-0.0177177380016299,0.0676060485989974,0.0541332907451303,0.7433333333333333,0.2933333333333333,300,main_N20_T50_rho0.5_xsd1,20,50,0.5,1.0,,,
CDOLS,6,-0.0139577677874776,0.0711683416415003,0.0552787255249933,0.7466666666666667,0.26,300,main_N20_T50_rho0.5_xsd1,20,50,0.5,1.0,,,
CDOLS,7,-0.0161960772798019,0.0727984052802518,0.0574369004225741,0.73,0.27,300,main_N20_T50_rho0.5_xsd1,20,50,0.5,1.0,,,
CDOLS,8,-0.0194298344568551,0.0722588180171076,0.0590531854269514,0.7533333333333333,0.2433333333333333,300,main_N20_T50_rho0.5_xsd1,20,50,0.5,1.0,,,
CDOLS,9,-0.0231149536623551,0.0716868639246472,0.0573396821979822,0.7266666666666667,0.2766666666666666,300,main_N20_T50_rho0.5_xsd1,20,50,0.5,1.0,,,
CDOLS,10,-0.0206056590145758,0.0719298302537322,0.0562794347117596,0.7766666666666666,0.22,300,main_N20_T50_rho0.5_xsd1,20,50,0.5,1.0,,,
DB,0,-0.0027083152049452,0.0462908597581937,0.0357259860548207,0.6433333333333333,1.0,300,main_N20_T50_rho0.5_xsd1,20,50,0.5,1.0,,,
DB,1,0.0077599121661105,0.0501826174914491,0.0388107412795097,0.8866666666666667,1.0,300,main_N20_T50_rho0.5_xsd1,20,50,0.5,1.0,,,
DB,2,0.01368109548441,0.059293117584054,0.0471146027745194,0.8533333333333334,0.7466666666666667,300,main_N20_T50_rho0.5_xsd1,20,50,0.5,1.0,,,
DB,3,0.0088334130805261,0.0598301761486775,0.048817727046641,0.89,0.3333333333333333,300,main_N20_T50_rho0.5_xsd1,20,50,0.5,1.0,,,
DB,4,0.00813333680135,0.062512055057681,0.0490469689762169,0.8833333333333333,0.1666666666666666,300,main_N20_T50_rho0.5_xsd1,20,50,0.5,1.0,,,
DB,5,0.0094793833310451,0.0661165712437497,0.0519664778924339,0.8566666666666667,0.1366666666666666,300,main_N20_T50_rho0.5_xsd1,20,50,0.5,1.0,,,
DB,6,0.0110503599137541,0.0657073278223437,0.0534004258322273,0.8533333333333334,0.1266666666666666,300,main_N20_T50_rho0.5_xsd1,20,50,0.5,1.0,,,
DB,7,0.006904759756003,0.0639820739088177,0.051100099145036,0.8866666666666667,0.1066666666666666,300,main_N20_T50_rho0.5_xsd1,20,50,0.5,1.0,,,
DB,8,0.0038618364166678,0.0658221431046679,0.0524211886022077,0.85,0.1566666666666666,300,main_N20_T50_rho0.5_xsd1,20,50,0.5,1.0,,,
DB,9,0.0001705827762119,0.0638535670101618,0.0497188128662391,0.8666666666666667,0.13,300,main_N20_T50_rho0.5_xsd1,20,50,0.5,1.0,,,
DB,10,0.0016957226564925,0.060735182210398,0.0481310779211181,0.91,0.0833333333333333,300,main_N20_T50_rho0.5_xsd1,20,50,0.5,1.0,,,
FE,0,-0.0027083152049452,0.0462908597581937,0.0357259860548207,0.6433333333333333,1.0,300,main_N20_T50_rho0.5_xsd1,20,50,0.5,1.0,,,
FE,1,0.0250974040388214,0.0547907144548607,0.0428871085228727,0.85,0.9966666666666668,300,main_N20_T50_rho0.5_xsd1,20,50,0.5,1.0,,,
FE,2,0.0391732247175487,0.0685030316009448,0.0551401755929794,0.8066666666666666,0.65,300,main_N20_T50_rho0.5_xsd1,20,50,0.5,1.0,,,
FE,3,0.0382056560252413,0.0695324038770829,0.0574872180227398,0.8133333333333334,0.2133333333333333,300,main_N20_T50_rho0.5_xsd1,20,50,0.5,1.0,,,
FE,4,0.0393379503746349,0.0728779964394718,0.0588141963869613,0.7966666666666666,0.1133333333333333,300,main_N20_T50_rho0.5_xsd1,20,50,0.5,1.0,,,
FE,5,0.0415011890001236,0.0772330659093448,0.0617956113064966,0.77,0.1533333333333333,300,main_N20_T50_rho0.5_xsd1,20,50,0.5,1.0,,,
FE,6,0.043361388792504,0.0776251471892694,0.0634942706364929,0.7766666666666666,0.1833333333333333,300,main_N20_T50_rho0.5_xsd1,20,50,0.5,1.0,,,
FE,7,0.0392093519846624,0.0746140184675167,0.0596702232605817,0.7966666666666666,0.1966666666666666,300,main_N20_T50_rho0.5_xsd1,20,50,0.5,1.0,,,
FE,8,0.0359747591275931,0.0748202726514651,0.0602232154697561,0.8166666666666667,0.1833333333333333,300,main_N20_T50_rho0.5_xsd1,20,50,0.5,1.0,,,
FE,9,0.0319573041265445,0.0715264647124599,0.0555484947956059,0.83,0.17,300,main_N20_T50_rho0.5_xsd1,20,50,0.5,1.0,,,
FE,10,0.0330422318831542,0.068942448933822,0.0551214649671783,0.8466666666666667,0.1533333333333333,300,main_N20_T50_rho0.5_xsd1,20,50,0.5,1.0,,,
HPJ,0,0.0001707701020832,0.136116582014602,0.1021667042075318,0.2433333333333333,1.0,300,main_N20_T50_rho0.5_xsd1,20,50,0.5,1.0,,,
HPJ,1,0.0223721457912924,0.0925090224980892,0.0726091295307438,0.6133333333333333,0.9833333333333332,300,main_N20_T50_rho0.5_xsd1,20,50,0.5,1.0,,,
HPJ,2,0.0379569649238861,0.1077964538881738,0.0859640440483982,0.61,0.63,300,main_N20_T50_rho0.5_xsd1,20,50,0.5,1.0,,,
HPJ,3,0.0417861359849799,0.1063440615638433,0.0858002047155011,0.6033333333333334,0.3766666666666666,300,main_N20_T50_rho0.5_xsd1,20,50,0.5,1.0,,,
HPJ,4,0.0436393470682335,0.1073571635590876,0.0861056053502122,0.6033333333333334,0.3333333333333333,300,main_N20_T50_rho0.5_xsd1,20,50,0.5,1.0,,,
HPJ,5,0.0456106924062953,0.1106126066716559,0.0863262292832992,0.6466666666666666,0.3166666666666666,300,main_N20_T50_rho0.5_xsd1,20,50,0.5,1.0,,,
HPJ,6,0.0477971672804355,0.1126746329159713,0.0898516367168621,0.63,0.3533333333333333,300,main_N20_T50_rho0.5_xsd1,20,50,0.5,1.0,,,
HPJ,7,0.0403379323828886,0.1130374200116251,0.087537858862374,0.64,0.3666666666666666,300,main_N20_T50_rho0.5_xsd1,20,50,0.5,1.0,,,
HPJ,8,0.0419661636106814,0.1092582823483364,0.0861528647955211,0.6466666666666666,0.3533333333333333,300,main_N20_T50_rho0.5_xsd1,20,50,0.5,1.0,,,
HPJ,9,0.0403017599455151,0.1133565968852058,0.0875365890050847,0.6466666666666666,0.35,300,main_N20_T50_rho0.5_xsd1,20,50,0.5,1.0,,,
HPJ,10,0.0379104966716744,0.1159571991294302,0.0915377709425272,0.6266666666666667,0.3733333333333333,300,main_N20_T50_rho0.5_xsd1,20,50,0.5,1.0,,,
SPJ,0,-0.0025569134540382,0.0465011630284404,0.0359270656210819,0.6833333333333333,1.0,300,main_N20_T50_rho0.5_xsd1,20,50,0.5,1.0,,,
SPJ,1,0.0017199043921324,0.0544377145838391,0.0415397476660437,0.8833333333333333,1.0,300,main_N20_T50_rho0.5_xsd1,20,50,0.5,1.0,,,
SPJ,2,0.0072499245896041,0.0668921671541767,0.0522691935883893,0.8633333333333333,0.7433333333333333,300,main_N20_T50_rho0.5_xsd1,20,50,0.5,1.0,,,
SPJ,3,0.004662731351884,0.0717095394754833,0.0567597508998049,0.8866666666666667,0.33,300,main_N20_T50_rho0.5_xsd1,20,50,0.5,1.0,,,
SPJ,4,0.0063189855344848,0.0776993791050155,0.0604246319775758,0.8533333333333334,0.18,300,main_N20_T50_rho0.5_xsd1,20,50,0.5,1.0,,,
SPJ,5,0.0091586631497021,0.0815539928359865,0.0639193902511583,0.8366666666666667,0.18,300,main_N20_T50_rho0.5_xsd1,20,50,0.5,1.0,,,
SPJ,6,0.0132139463910809,0.0804901643723912,0.0650426924244615,0.8266666666666667,0.1566666666666666,300,main_N20_T50_rho0.5_xsd1,20,50,0.5,1.0,,,
SPJ,7,0.0112248407601044,0.0786979639295152,0.062011274413048,0.8333333333333334,0.16,300,main_N20_T50_rho0.5_xsd1,20,50,0.5,1.0,,,
SPJ,8,0.0119275885454916,0.0788541221430577,0.0622486213109532,0.8266666666666667,0.1766666666666666,300,main_N20_T50_rho0.5_xsd1,20,50,0.5,1.0,,,
SPJ,9,0.0110288344194978,0.0737602499961061,0.0580392913386794,0.8566666666666667,0.1433333333333333,300,main_N20_T50_rho0.5_xsd1,20,50,0.5,1.0,,,
SPJ,10,0.0160640870303742,0.0707874907044454,0.0571853967232276,0.91,0.09,300,main_N20_T50_rho0.5_xsd1,20,50,0.5,1.0,,,
CDOLS,0,-0.0020690221096149,0.0439095725343156,0.0355075130570287,0.9233333333333332,1.0,300,main_N20_T50_rho0.8_xsd0,20,50,0.8,0.0,,,
CDOLS,1,-0.015890197063043,0.0518103769558669,0.0423141221521155,0.93,1.0,300,main_N20_T50_rho0.8_xsd0,20,50,0.8,0.0,,,
CDOLS,2,-0.0306486184390763,0.0620491812790099,0.0490154983148508,0.86,1.0,300,main_N20_T50_rho0.8_xsd0,20,50,0.8,0.0,,,
CDOLS,3,-0.0374037375568616,0.0659237964957874,0.0520462795964152,0.8366666666666667,1.0,300,main_N20_T50_rho0.8_xsd0,20,50,0.8,0.0,,,
CDOLS,4,-0.0497595073273558,0.072084417618681,0.0594475247971283,0.8366666666666667,1.0,300,main_N20_T50_rho0.8_xsd0,20,50,0.8,0.0,,,
CDOLS,5,-0.0563293820714838,0.0768303437880764,0.0640291008448868,0.8366666666666667,0.9933333333333332,300,main_N20_T50_rho0.8_xsd0,20,50,0.8,0.0,,,
CDOLS,6,-0.0609515150037365,0.0832583892164906,0.070083591336376,0.7966666666666666,0.9633333333333334,300,main_N20_T50_rho0.8_xsd0,20,50,0.8,0.0,,,
CDOLS,7,-0.0701243903172553,0.089956146741801,0.0753290465919199,0.76,0.93,300,main_N20_T50_rho0.8_xsd0,20,50,0.8,0.0,,,
CDOLS,8,-0.0705365312428642,0.0936828764919759,0.077520498122269,0.7266666666666667,0.8366666666666667,300,main_N20_T50_rho0.8_xsd0,20,50,0.8,0.0,,,
CDOLS,9,-0.075747600089446,0.0977486138824336,0.0814204845550227,0.73,0.75,300,main_N20_T50_rho0.8_xsd0,20,50,0.8,0.0,,,
CDOLS,10,-0.0818514700411462,0.1016486402878199,0.0857402902191129,0.7,0.69,300,main_N20_T50_rho0.8_xsd0,20,50,0.8,0.0,,,
DB,0,-0.001725401326572,0.0206984803861271,0.0164593975166209,0.91,1.0,300,main_N20_T50_rho0.8_xsd0,20,50,0.8,0.0,,,
DB,1,0.0061845400079651,0.0253619890936148,0.0200343898320266,0.92,1.0,300,main_N20_T50_rho0.8_xsd0,20,50,0.8,0.0,,,
DB,2,0.0121654895162935,0.0333654453235435,0.0268185598523992,0.8833333333333333,1.0,300,main_N20_T50_rho0.8_xsd0,20,50,0.8,0.0,,,
DB,3,0.0181376304092484,0.0396747338240935,0.0312495722965556,0.8366666666666667,1.0,300,main_N20_T50_rho0.8_xsd0,20,50,0.8,0.0,,,
DB,4,0.0211037457921838,0.0450568128273929,0.036000626439261,0.8133333333333334,1.0,300,main_N20_T50_rho0.8_xsd0,20,50,0.8,0.0,,,
DB,5,0.0251681546113667,0.0497932093436477,0.0394614993683169,0.7833333333333333,0.9966666666666668,300,main_N20_T50_rho0.8_xsd0,20,50,0.8,0.0,,,
DB,6,0.0282373981190861,0.0516572616003694,0.0416028937705985,0.7666666666666667,0.91,300,main_N20_T50_rho0.8_xsd0,20,50,0.8,0.0,,,
DB,7,0.0294954699798753,0.0521884518911204,0.0427464582129775,0.7766666666666666,0.7266666666666667,300,main_N20_T50_rho0.8_xsd0,20,50,0.8,0.0,,,
DB,8,0.0325572079403341,0.0559315819399484,0.0462357261278521,0.76,0.47,300,main_N20_T50_rho0.8_xsd0,20,50,0.8,0.0,,,
DB,9,0.0337265827154257,0.0566011126996257,0.0455334497442872,0.7733333333333333,0.3166666666666666,300,main_N20_T50_rho0.8_xsd0,20,50,0.8,0.0,,,
DB,10,0.0345160923098518,0.0557745310394807,0.0450880591429442,0.7733333333333333,0.17,300,main_N20_T50_rho0.8_xsd0,20,50,0.8,0.0,,,
FE,0,-0.001725401326572,0.0206984803861271,0.0164593975166209,0.91,1.0,300,main_N20_T50_rho0.8_xsd0,20,50,0.8,0.0,,,
FE,1,0.0259872381673873,0.035487625226907,0.0286452159733487,0.7766666666666666,1.0,300,main_N20_T50_rho0.8_xsd0,20,50,0.8,0.0,,,
FE,2,0.0471377725568662,0.056045173236466,0.0479467695908334,0.57,1.0,300,main_N20_T50_rho0.8_xsd0,20,50,0.8,0.0,,,
FE,3,0.0646954670355832,0.0731653078255914,0.0652039479432443,0.4533333333333333,1.0,300,main_N20_T50_rho0.8_xsd0,20,50,0.8,0.0,,,
FE,4,0.0764614102239749,0.0855892962441133,0.0768042563776083,0.3833333333333333,1.0,300,main_N20_T50_rho0.8_xsd0,20,50,0.8,0.0,,,
FE,5,0.087146703251048,0.0964394894144757,0.0874020224966056,0.3066666666666666,0.8333333333333334,300,main_N20_T50_rho0.8_xsd0,20,50,0.8,0.0,,,
FE,6,0.0951180306617879,0.1038163719690251,0.0952516188598484,0.2566666666666666,0.4633333333333333,300,main_N20_T50_rho0.8_xsd0,20,50,0.8,0.0,,,
FE,7,0.0999068950641748,0.1082398496991086,0.0999729776051055,0.2366666666666666,0.18,300,main_N20_T50_rho0.8_xsd0,20,50,0.8,0.0,,,
FE,8,0.1053887587263979,0.1143335388725981,0.1054622612887065,0.24,0.14,300,main_N20_T50_rho0.8_xsd0,20,50,0.8,0.0,,,
FE,9,0.108060804105137,0.1168227319196113,0.1084725450260822,0.1933333333333333,0.19,300,main_N20_T50_rho0.8_xsd0,20,50,0.8,0.0,,,
FE,10,0.1095760091389003,0.1177711987076053,0.1098157166658447,0.2,0.2766666666666666,300,main_N20_T50_rho0.8_xsd0,20,50,0.8,0.0,,,
HPJ,0,-0.0002621002240547,0.0553125707700237,0.0442861114392689,0.5033333333333333,1.0,300,main_N20_T50_rho0.8_xsd0,20,50,0.8,0.0,,,
HPJ,1,0.0261050018662302,0.0734923445967805,0.0599627513762895,0.4333333333333333,1.0,300,main_N20_T50_rho0.8_xsd0,20,50,0.8,0.0,,,
HPJ,2,0.0501944814838488,0.1015191073670988,0.0821567712524306,0.3833333333333333,1.0,300,main_N20_T50_rho0.8_xsd0,20,50,0.8,0.0,,,
HPJ,3,0.0712521974909158,0.12540239149856,0.1004294295357052,0.3433333333333333,0.9533333333333334,300,main_N20_T50_rho0.8_xsd0,20,50,0.8,0.0,,,
HPJ,4,0.0844079575098991,0.1394427413978941,0.1131880156399589,0.3133333333333333,0.85,300,main_N20_T50_rho0.8_xsd0,20,50,0.8,0.0,,,
HPJ,5,0.0948161001334498,0.1498957608548334,0.123660544095868,0.2833333333333333,0.6933333333333334,300,main_N20_T50_rho0.8_xsd0,20,50,0.8,0.0,,,
HPJ,6,0.1052540841989217,0.1565708954036842,0.1282797801353761,0.2866666666666667,0.58,300,main_N20_T50_rho0.8_xsd0,20,50,0.8,0.0,,,
HPJ,7,0.1138783679653999,0.1647229623200141,0.1353384103654754,0.28,0.5433333333333333,300,main_N20_T50_rho0.8_xsd0,20,50,0.8,0.0,,,
HPJ,8,0.119249157011595,0.1731188828240931,0.1452581714293408,0.28,0.5833333333333334,300,main_N20_T50_rho0.8_xsd0,20,50,0.8,0.0,,,
HPJ,9,0.1208534361455911,0.1720610437866248,0.1450039607325254,0.2666666666666666,0.5833333333333334,300,main_N20_T50_rho0.8_xsd0,20,50,0.8,0.0,,,
HPJ,10,0.1161056744742905,0.1689528783529525,0.1413408402240072,0.28,0.6133333333333333,300,main_N20_T50_rho0.8_xsd0,20,50,0.8,0.0,,,
SPJ,0,-0.0018321021493684,0.0219422334986332,0.0176643748973651,0.9566666666666668,1.0,300,main_N20_T50_rho0.8_xsd0,20,50,0.8,0.0,,,
SPJ,1,-0.0020037789877933,0.0274789768555195,0.0218349675437742,0.94,1.0,300,main_N20_T50_rho0.8_xsd0,20,50,0.8,0.0,,,
SPJ,2,-0.0016705108752734,0.0363176425857062,0.0296248247228741,0.9166666666666666,1.0,300,main_N20_T50_rho0.8_xsd0,20,50,0.8,0.0,,,
SPJ,3,0.0010483418184563,0.0434548273410905,0.0356205049731336,0.8733333333333333,1.0,300,main_N20_T50_rho0.8_xsd0,20,50,0.8,0.0,,,
SPJ,4,0.0031044404914006,0.0500653541993995,0.0410719676599504,0.8466666666666667,1.0,300,main_N20_T50_rho0.8_xsd0,20,50,0.8,0.0,,,
SPJ,5,0.0085017211872096,0.0550242127065394,0.0443115761481454,0.8533333333333334,0.9733333333333334,300,main_N20_T50_rho0.8_xsd0,20,50,0.8,0.0,,,
SPJ,6,0.0148585510945754,0.057998621838132,0.0475251619252347,0.8533333333333334,0.8233333333333334,300,main_N20_T50_rho0.8_xsd0,20,50,0.8,0.0,,,
SPJ,7,0.0217210327671363,0.0608006967521543,0.050771926961935,0.86,0.57,300,main_N20_T50_rho0.8_xsd0,20,50,0.8,0.0,,,
SPJ,8,0.0314025358385925,0.0664665521735094,0.054295744159663,0.8266666666666667,0.34,300,main_N20_T50_rho0.8_xsd0,20,50,0.8,0.0,,,
SPJ,9,0.0413771160114379,0.072444306433957,0.058624831300779,0.79,0.15,300,main_N20_T50_rho0.8_xsd0,20,50,0.8,0.0,,,
SPJ,10,0.052356504142747,0.0785885283525388,0.0643179515912898,0.7366666666666667,0.0833333333333333,300,main_N20_T50_rho0.8_xsd0,20,50,0.8,0.0,,,
CDOLS,0,-0.0029101926593829,0.0602545206004384,0.0475166392256358,0.9166666666666666,1.0,300,main_N20_T50_rho0.8_xsd1,20,50,0.8,1.0,,,
CDOLS,1,-0.0072711007175774,0.0581084091752003,0.0457891153637254,0.7833333333333333,1.0,300,main_N20_T50_rho0.8_xsd1,20,50,0.8,1.0,,,
CDOLS,2,-0.0067277117040687,0.0669779904673127,0.054184824374354,0.7633333333333333,1.0,300,main_N20_T50_rho0.8_xsd1,20,50,0.8,1.0,,,
CDOLS,3,-0.0154066546680131,0.0698822380820719,0.055670195019889,0.7566666666666667,1.0,300,main_N20_T50_rho0.8_xsd1,20,50,0.8,1.0,,,
CDOLS,4,-0.021389456682286,0.0769965851526953,0.0608582874762169,0.7,0.99,300,main_N20_T50_rho0.8_xsd1,20,50,0.8,1.0,,,
CDOLS,5,-0.0257991144781767,0.0786644326262295,0.0626553764454552,0.74,0.9466666666666668,300,main_N20_T50_rho0.8_xsd1,20,50,0.8,1.0,,,
CDOLS,6,-0.024772353950463,0.0872916582357079,0.0673197049499889,0.7066666666666667,0.8866666666666667,300,main_N20_T50_rho0.8_xsd1,20,50,0.8,1.0,,,
CDOLS,7,-0.0293501849834339,0.0923957982451832,0.0730883087246762,0.6666666666666666,0.7633333333333333,300,main_N20_T50_rho0.8_xsd1,20,50,0.8,1.0,,,
CDOLS,8,-0.0347371645297504,0.0953793453505353,0.0763868157423229,0.67,0.6766666666666666,300,main_N20_T50_rho0.8_xsd1,20,50,0.8,1.0,,,
CDOLS,9,-0.0409175753893784,0.0957713147441376,0.0776632200741245,0.63,0.67,300,main_N20_T50_rho0.8_xsd1,20,50,0.8,1.0,,,
CDOLS,10,-0.0410135694153438,0.0986065299089735,0.0775644172892495,0.6833333333333333,0.57,300,main_N20_T50_rho0.8_xsd1,20,50,0.8,1.0,,,
DB,0,-0.0008753206182083,0.0265157847050429,0.0205626860463759,0.76,1.0,300,main_N20_T50_rho0.8_xsd1,20,50,0.8,1.0,,,
DB,1,0.0131585931236977,0.0390270891870837,0.0300105453204487,0.87,1.0,300,main_N20_T50_rho0.8_xsd1,20,50,0.8,1.0,,,
DB,2,0.0234665270971237,0.0590078845732614,0.0478518550885643,0.7966666666666666,1.0,300,main_N20_T50_rho0.8_xsd1,20,50,0.8,1.0,,,
DB,3,0.0277527273143808,0.0731238153170622,0.05999810238143,0.7566666666666667,1.0,300,main_N20_T50_rho0.8_xsd1,20,50,0.8,1.0,,,
DB,4,0.0320617981059008,0.0852737172770361,0.0697672249374228,0.7266666666666667,0.9333333333333332,300,main_N20_T50_rho0.8_xsd1,20,50,0.8,1.0,,,
DB,5,0.0360612976691771,0.0943646612861791,0.0766970189879258,0.6733333333333333,0.7266666666666667,300,main_N20_T50_rho0.8_xsd1,20,50,0.8,1.0,,,
DB,6,0.0385724703623153,0.0975904198091882,0.0813785197219199,0.67,0.5366666666666666,300,main_N20_T50_rho0.8_xsd1,20,50,0.8,1.0,,,
DB,7,0.0366527183797684,0.0964122621126254,0.0806307714184554,0.6866666666666666,0.41,300,main_N20_T50_rho0.8_xsd1,20,50,0.8,1.0,,,
DB,8,0.0347917471078039,0.0955487130445065,0.0808177563453767,0.7,0.34,300,main_N20_T50_rho0.8_xsd1,20,50,0.8,1.0,,,
DB,9,0.0324148245948399,0.0909794251645878,0.0745589643091386,0.74,0.2766666666666666,300,main_N20_T50_rho0.8_xsd1,20,50,0.8,1.0,,,
DB,10,0.0325285307751925,0.0863190343203686,0.0705132599931205,0.76,0.19,300,main_N20_T50_rho0.8_xsd1,20,50,0.8,1.0,,,
FE,0,-0.0008753206182083,0.0265157847050429,0.0205626860463759,0.76,1.0,300,main_N20_T50_rho0.8_xsd1,20,50,0.8,1.0,,,
FE,1,0.033115570731295,0.0490622131903731,0.0391828090573284,0.7633333333333333,1.0,300,main_N20_T50_rho0.8_xsd1,20,50,0.8,1.0,,,
FE,2,0.0585378103034092,0.0786883875214007,0.0656265362699913,0.61,1.0,300,main_N20_T50_rho0.8_xsd1,20,50,0.8,1.0,,,
FE,3,0.0742786314624267,0.0987553278485205,0.0834642754661849,0.58,0.9833333333333332,300,main_N20_T50_rho0.8_xsd1,20,50,0.8,1.0,,,
FE,4,0.0872516170191754,0.115337227929389,0.0980106993112078,0.5033333333333333,0.7866666666666666,300,main_N20_T50_rho0.8_xsd1,20,50,0.8,1.0,,,
FE,5,0.0977643570047645,0.1281621940953667,0.1090501518378472,0.4633333333333333,0.4966666666666666,300,main_N20_T50_rho0.8_xsd1,20,50,0.8,1.0,,,
FE,6,0.1051101035204626,0.1350433389732546,0.115213469275125,0.4366666666666666,0.3,300,main_N20_T50_rho0.8_xsd1,20,50,0.8,1.0,,,
FE,7,0.1066940586978504,0.1359675472482161,0.1152448993451337,0.45,0.2266666666666666,300,main_N20_T50_rho0.8_xsd1,20,50,0.8,1.0,,,
FE,8,0.107261144255754,0.1364265583813398,0.1158794821814608,0.45,0.21,300,main_N20_T50_rho0.8_xsd1,20,50,0.8,1.0,,,
FE,9,0.1064221417979385,0.1335706314321895,0.1145482540541437,0.4766666666666667,0.2266666666666666,300,main_N20_T50_rho0.8_xsd1,20,50,0.8,1.0,,,
FE,10,0.107316009405675,0.1315383316500182,0.1145011930736739,0.46,0.2433333333333333,300,main_N20_T50_rho0.8_xsd1,20,50,0.8,1.0,,,
HPJ,0,0.001686665717876,0.0818103369753547,0.0620196232709179,0.3233333333333333,1.0,300,main_N20_T50_rho0.8_xsd1,20,50,0.8,1.0,,,
HPJ,1,0.0325456894202389,0.0757264717384584,0.0589600415530706,0.55,1.0,300,main_N20_T50_rho0.8_xsd1,20,50,0.8,1.0,,,
HPJ,2,0.0588345104569829,0.1043999159871745,0.0836391541140688,0.5466666666666666,0.9933333333333332,300,main_N20_T50_rho0.8_xsd1,20,50,0.8,1.0,,,
HPJ,3,0.0766542216270868,0.1238977555423212,0.1015047713355531,0.4966666666666666,0.9366666666666666,300,main_N20_T50_rho0.8_xsd1,20,50,0.8,1.0,,,
HPJ,4,0.0901439672073679,0.1410535836892595,0.115180460243362,0.4666666666666667,0.7233333333333334,300,main_N20_T50_rho0.8_xsd1,20,50,0.8,1.0,,,
HPJ,5,0.100382298032416,0.1532376761194353,0.1245651785481531,0.4666666666666667,0.5233333333333333,300,main_N20_T50_rho0.8_xsd1,20,50,0.8,1.0,,,
HPJ,6,0.1087880623939603,0.1605832036210044,0.1305993999528482,0.4733333333333333,0.4066666666666667,300,main_N20_T50_rho0.8_xsd1,20,50,0.8,1.0,,,
HPJ,7,0.1096320621423888,0.1623350164143186,0.132631560436741,0.4566666666666666,0.38,300,main_N20_T50_rho0.8_xsd1,20,50,0.8,1.0,,,
HPJ,8,0.112443793580711,0.1649347077267013,0.1363558823512945,0.4266666666666667,0.3866666666666666,300,main_N20_T50_rho0.8_xsd1,20,50,0.8,1.0,,,
HPJ,9,0.111958941475178,0.1661299868292725,0.1392218149929633,0.42,0.36,300,main_N20_T50_rho0.8_xsd1,20,50,0.8,1.0,,,
HPJ,10,0.1110741834490303,0.1663330349443716,0.1382504679700152,0.4133333333333333,0.4166666666666667,300,main_N20_T50_rho0.8_xsd1,20,50,0.8,1.0,,,
SPJ,0,-0.000942943263273,0.0269749610588101,0.0208001616121217,0.8066666666666666,1.0,300,main_N20_T50_rho0.8_xsd1,20,50,0.8,1.0,,,
SPJ,1,0.0007530197934839,0.0450974011350298,0.0349119702194056,0.8666666666666667,1.0,300,main_N20_T50_rho0.8_xsd1,20,50,0.8,1.0,,,
SPJ,2,0.004683521895095,0.0716306135343133,0.0546278131492596,0.8466666666666667,1.0,300,main_N20_T50_rho0.8_xsd1,20,50,0.8,1.0,,,
SPJ,3,0.0073245550689334,0.0926606491121026,0.0719407533458496,0.7766666666666666,0.99,300,main_N20_T50_rho0.8_xsd1,20,50,0.8,1.0,,,
SPJ,4,0.0128242333592425,0.1102166278812891,0.0857445944119109,0.74,0.8866666666666667,300,main_N20_T50_rho0.8_xsd1,20,50,0.8,1.0,,,
SPJ,5,0.0184334727418757,0.1221766695185012,0.0952700977615089,0.66,0.6533333333333333,300,main_N20_T50_rho0.8_xsd1,20,50,0.8,1.0,,,
SPJ,6,0.0255048545727298,0.1280528670891773,0.1017900293713338,0.6666666666666666,0.4766666666666667,300,main_N20_T50_rho0.8_xsd1,20,50,0.8,1.0,,,
SPJ,7,0.0291300146416722,0.1307479625753736,0.1039165288659836,0.6566666666666666,0.3433333333333333,300,main_N20_T50_rho0.8_xsd1,20,50,0.8,1.0,,,
SPJ,8,0.0360133524154433,0.1318625998450545,0.1065434148238327,0.6633333333333333,0.27,300,main_N20_T50_rho0.8_xsd1,20,50,0.8,1.0,,,
SPJ,9,0.0426983515099589,0.1304601202294861,0.1068710363864339,0.6766666666666666,0.23,300,main_N20_T50_rho0.8_xsd1,20,50,0.8,1.0,,,
SPJ,10,0.0527693575383129,0.1294676057740668,0.1076625296072136,0.7133333333333334,0.2,300,main_N20_T50_rho0.8_xsd1,20,50,0.8,1.0,,,
CDOLS,0,-0.001972000017149,0.0438225491816614,0.035460121537007,0.9266666666666666,1.0,300,main_N20_T50_rho0.95_xsd0,20,50,0.95,0.0,,,
CDOLS,1,-0.0118283354317531,0.0508967243407545,0.0414554451415247,0.93,1.0,300,main_N20_T50_rho0.95_xsd0,20,50,0.95,0.0,,,
CDOLS,2,-0.025419367858226,0.0609792625108668,0.0482011989343053,0.8866666666666667,1.0,300,main_N20_T50_rho0.95_xsd0,20,50,0.95,0.0,,,
CDOLS,3,-0.0332659207158843,0.0657758431957328,0.0517771050250206,0.8666666666666667,1.0,300,main_N20_T50_rho0.95_xsd0,20,50,0.95,0.0,,,
CDOLS,4,-0.0483202250451927,0.0734947184326963,0.0601828823347945,0.86,1.0,300,main_N20_T50_rho0.95_xsd0,20,50,0.95,0.0,,,
CDOLS,5,-0.0589674860802216,0.0826707425649131,0.0677489405313924,0.8433333333333334,1.0,300,main_N20_T50_rho0.95_xsd0,20,50,0.95,0.0,,,
CDOLS,6,-0.0687969838080279,0.0939737636463893,0.0788799668937769,0.7933333333333333,1.0,300,main_N20_T50_rho0.95_xsd0,20,50,0.95,0.0,,,
CDOLS,7,-0.0841270575610926,0.1058458930117235,0.0892633288491975,0.7666666666666667,1.0,300,main_N20_T50_rho0.95_xsd0,20,50,0.95,0.0,,,
CDOLS,8,-0.0912465014982044,0.114513561271243,0.0959289498336598,0.71,1.0,300,main_N20_T50_rho0.95_xsd0,20,50,0.95,0.0,,,
CDOLS,9,-0.1034743086154023,0.1259319609907311,0.1072082150621174,0.68,1.0,300,main_N20_T50_rho0.95_xsd0,20,50,0.95,0.0,,,
CDOLS,10,-0.1172389271942816,0.1367387571883318,0.1186520475014317,0.63,1.0,300,main_N20_T50_rho0.95_xsd0,20,50,0.95,0.0,,,
DB,0,-0.0009223165854239,0.0132787207119605,0.0105608508391097,0.9233333333333332,1.0,300,main_N20_T50_rho0.95_xsd0,20,50,0.95,0.0,,,
DB,1,0.0114126614472773,0.0202784306616629,0.0155101718340958,0.84,1.0,300,main_N20_T50_rho0.95_xsd0,20,50,0.95,0.0,,,
DB,2,0.0238130884004803,0.0328741985062037,0.0265330526526708,0.73,1.0,300,main_N20_T50_rho0.95_xsd0,20,50,0.95,0.0,,,
DB,3,0.0362475496934559,0.0462984644493155,0.0384961250607491,0.6366666666666667,1.0,300,main_N20_T50_rho0.95_xsd0,20,50,0.95,0.0,,,
DB,4,0.0481484036032574,0.0594377147674752,0.0501629287052444,0.5533333333333333,1.0,300,main_N20_T50_rho0.95_xsd0,20,50,0.95,0.0,,,
DB,5,0.0608693007188114,0.073129972225152,0.0627553287141932,0.4933333333333333,1.0,300,main_N20_T50_rho0.95_xsd0,20,50,0.95,0.0,,,
DB,6,0.0731466509231578,0.0858466156548226,0.074613743344254,0.4166666666666667,1.0,300,main_N20_T50_rho0.95_xsd0,20,50,0.95,0.0,,,
DB,7,0.0849100938829167,0.0982543533878083,0.0862478688032544,0.39,1.0,300,main_N20_T50_rho0.95_xsd0,20,50,0.95,0.0,,,
DB,8,0.0976800090097751,0.1116639827797473,0.0988056963081571,0.3233333333333333,1.0,300,main_N20_T50_rho0.95_xsd0,20,50,0.95,0.0,,,
DB,9,0.1093275675943675,0.1235907930089787,0.1103359179090716,0.3166666666666666,1.0,300,main_N20_T50_rho0.95_xsd0,20,50,0.95,0.0,,,
DB,10,0.1206286668678017,0.1349532530094714,0.1213872236870992,0.28,0.9966666666666668,300,main_N20_T50_rho0.95_xsd0,20,50,0.95,0.0,,,
FE,0,-0.0009223165854239,0.0132787207119605,0.0105608508391097,0.9233333333333332,1.0,300,main_N20_T50_rho0.95_xsd0,20,50,0.95,0.0,,,
FE,1,0.0288859495457284,0.033266420729011,0.0290772232696559,0.5866666666666667,1.0,300,main_N20_T50_rho0.95_xsd0,20,50,0.95,0.0,,,
FE,2,0.0570558999304473,0.0612147186657526,0.0570606738489106,0.2133333333333333,1.0,300,main_N20_T50_rho0.95_xsd0,20,50,0.95,0.0,,,
FE,3,0.0836645259394518,0.0882209487643897,0.0836645259394518,0.1033333333333333,1.0,300,main_N20_T50_rho0.95_xsd0,20,50,0.95,0.0,,,
FE,4,0.108236573514256,0.1133491949524562,0.108236573514256,0.0533333333333333,1.0,300,main_N20_T50_rho0.95_xsd0,20,50,0.95,0.0,,,
FE,5,0.1322027751818157,0.1378080795525241,0.1322027751818157,0.03,1.0,300,main_N20_T50_rho0.95_xsd0,20,50,0.95,0.0,,,
FE,6,0.1543618185392284,0.16022415635859,0.1543618185392284,0.0266666666666666,1.0,300,main_N20_T50_rho0.95_xsd0,20,50,0.95,0.0,,,
FE,7,0.1746911025418084,0.1809500344758141,0.1746911025418084,0.02,1.0,300,main_N20_T50_rho0.95_xsd0,20,50,0.95,0.0,,,
FE,8,0.194744307652263,0.201463120191278,0.194744307652263,0.01,0.9866666666666668,300,main_N20_T50_rho0.95_xsd0,20,50,0.95,0.0,,,
FE,9,0.2124112665399771,0.2193884732280164,0.2124112665399771,0.01,0.9366666666666666,300,main_N20_T50_rho0.95_xsd0,20,50,0.95,0.0,,,
FE,10,0.2284714518285064,0.235663520707448,0.2284714518285064,0.01,0.7966666666666666,300,main_N20_T50_rho0.95_xsd0,20,50,0.95,0.0,,,
HPJ,0,0.0001301668679469,0.0359707628606604,0.0281257172006699,0.5166666666666667,1.0,300,main_N20_T50_rho0.95_xsd0,20,50,0.95,0.0,,,
HPJ,1,0.02937870785806,0.0565640816565375,0.0456041629624965,0.3966666666666666,1.0,300,main_N20_T50_rho0.95_xsd0,20,50,0.95,0.0,,,
HPJ,2,0.0591128565637837,0.0898927924155632,0.0759111084077123,0.2733333333333333,1.0,300,main_N20_T50_rho0.95_xsd0,20,50,0.95,0.0,,,
HPJ,3,0.0873506177502638,0.122484256173637,0.1047443920000811,0.2233333333333333,1.0,300,main_N20_T50_rho0.95_xsd0,20,50,0.95,0.0,,,
HPJ,4,0.1126123047354365,0.1512417884549309,0.1305540489830186,0.18,1.0,300,main_N20_T50_rho0.95_xsd0,20,50,0.95,0.0,,,
HPJ,5,0.1367892217804664,0.1786003706851173,0.1536411091182205,0.17,0.9966666666666668,300,main_N20_T50_rho0.95_xsd0,20,50,0.95,0.0,,,
HPJ,6,0.1597063898375141,0.2034198455779021,0.1756105579801147,0.1566666666666666,0.9733333333333334,300,main_N20_T50_rho0.95_xsd0,20,50,0.95,0.0,,,
HPJ,7,0.1813643943103844,0.2271257530530671,0.1960588189480487,0.17,0.9133333333333332,300,main_N20_T50_rho0.95_xsd0,20,50,0.95,0.0,,,
HPJ,8,0.2002050134626046,0.2501917911358892,0.2167063392819262,0.16,0.8066666666666666,300,main_N20_T50_rho0.95_xsd0,20,50,0.95,0.0,,,
HPJ,9,0.2161739933513839,0.2675392106098717,0.2345988909702835,0.13,0.7366666666666667,300,main_N20_T50_rho0.95_xsd0,20,50,0.95,0.0,,,
HPJ,10,0.2287823383494599,0.2816602331070168,0.2474678453595898,0.1466666666666666,0.6833333333333333,300,main_N20_T50_rho0.95_xsd0,20,50,0.95,0.0,,,
SPJ,0,-0.0010188564173706,0.0165076771509155,0.0133061422959425,0.96,1.0,300,main_N20_T50_rho0.95_xsd0,20,50,0.95,0.0,,,
SPJ,1,-0.0062732339507784,0.0242247867787066,0.0191125569272734,0.9233333333333332,1.0,300,main_N20_T50_rho0.95_xsd0,20,50,0.95,0.0,,,
SPJ,2,-0.0081791109948599,0.0352912894446751,0.0278015538341606,0.9,1.0,300,main_N20_T50_rho0.95_xsd0,20,50,0.95,0.0,,,
SPJ,3,-0.0074714385952404,0.0449316285912851,0.0357652274631033,0.8866666666666667,1.0,300,main_N20_T50_rho0.95_xsd0,20,50,0.95,0.0,,,
SPJ,4,-0.0032515771397659,0.0546572746662756,0.0435469573695136,0.8633333333333333,1.0,300,main_N20_T50_rho0.95_xsd0,20,50,0.95,0.0,,,
SPJ,5,0.0044892970158537,0.0632342458651219,0.0505238187010439,0.87,1.0,300,main_N20_T50_rho0.95_xsd0,20,50,0.95,0.0,,,
SPJ,6,0.0156518509591078,0.0734228769260135,0.0586253179325068,0.8366666666666667,1.0,300,main_N20_T50_rho0.95_xsd0,20,50,0.95,0.0,,,
SPJ,7,0.0295016602831828,0.0840349790577654,0.0673269464138653,0.7966666666666666,1.0,300,main_N20_T50_rho0.95_xsd0,20,50,0.95,0.0,,,
SPJ,8,0.047278694690071,0.0979383625270418,0.0787560805817819,0.7533333333333333,0.9933333333333332,300,main_N20_T50_rho0.95_xsd0,20,50,0.95,0.0,,,
SPJ,9,0.0673196796151729,0.1128326343675204,0.0911703159191541,0.7033333333333334,0.99,300,main_N20_T50_rho0.95_xsd0,20,50,0.95,0.0,,,
SPJ,10,0.0899289428323985,0.1312176591850988,0.1071415807283611,0.6133333333333333,0.9333333333333332,300,main_N20_T50_rho0.95_xsd0,20,50,0.95,0.0,,,
CDOLS,0,-0.002914695350036,0.0600735544212639,0.0473143645964644,0.9166666666666666,1.0,300,main_N20_T50_rho0.95_xsd1,20,50,0.95,1.0,,,
CDOLS,1,-0.0060714215922143,0.0579576462905501,0.045552755858148,0.78,1.0,300,main_N20_T50_rho0.95_xsd1,20,50,0.95,1.0,,,
CDOLS,2,-0.0055661692326575,0.0722199864794235,0.057944283107784,0.73,1.0,300,main_N20_T50_rho0.95_xsd1,20,50,0.95,1.0,,,
CDOLS,3,-0.0140622004227134,0.0784743822862108,0.0618941812437446,0.7333333333333333,1.0,300,main_N20_T50_rho0.95_xsd1,20,50,0.95,1.0,,,
CDOLS,4,-0.0213172838946457,0.0892369785689499,0.0692795144798769,0.69,1.0,300,main_N20_T50_rho0.95_xsd1,20,50,0.95,1.0,,,
CDOLS,5,-0.0282215880539291,0.0950978322068949,0.0746184602525298,0.72,1.0,300,main_N20_T50_rho0.95_xsd1,20,50,0.95,1.0,,,
CDOLS,6,-0.0293524420746705,0.1100702245571278,0.0842107306383251,0.6866666666666666,1.0,300,main_N20_T50_rho0.95_xsd1,20,50,0.95,1.0,,,
CDOLS,7,-0.0365703405684407,0.1193625358125875,0.0919631010823083,0.6333333333333333,1.0,300,main_N20_T50_rho0.95_xsd1,20,50,0.95,1.0,,,
CDOLS,8,-0.0451834776402602,0.1299431582258471,0.0982181425361595,0.6466666666666666,1.0,300,main_N20_T50_rho0.95_xsd1,20,50,0.95,1.0,,,
CDOLS,9,-0.0555332287077987,0.1329707388664978,0.1034561185174131,0.6133333333333333,0.9866666666666668,300,main_N20_T50_rho0.95_xsd1,20,50,0.95,1.0,,,
CDOLS,10,-0.059519414775559,0.1420020236698649,0.1062055787942407,0.6766666666666666,0.9866666666666668,300,main_N20_T50_rho0.95_xsd1,20,50,0.95,1.0,,,
DB,0,1.990261734173234e-05,0.0138719254624314,0.0107365776878642,0.8733333333333333,1.0,300,main_N20_T50_rho0.95_xsd1,20,50,0.95,1.0,,,
DB,1,0.0195240711798147,0.0308316133354565,0.0242508687441168,0.7933333333333333,1.0,300,main_N20_T50_rho0.95_xsd1,20,50,0.95,1.0,,,
DB,2,0.0378553488801631,0.0543137181791423,0.0440029104890046,0.6766666666666666,1.0,300,main_N20_T50_rho0.95_xsd1,20,50,0.95,1.0,,,
DB,3,0.0542996410703509,0.0760153001165524,0.0617502192728823,0.6133333333333333,1.0,300,main_N20_T50_rho0.95_xsd1,20,50,0.95,1.0,,,
DB,4,0.07089120763566,0.0970124133334207,0.0796461269208597,0.55,1.0,300,main_N20_T50_rho0.95_xsd1,20,50,0.95,1.0,,,
DB,5,0.0873165397337061,0.1166319178896934,0.0962599324398156,0.5033333333333333,1.0,300,main_N20_T50_rho0.95_xsd1,20,50,0.95,1.0,,,
DB,6,0.10261874209858,0.1327906954739586,0.1111466197830553,0.4666666666666667,1.0,300,main_N20_T50_rho0.95_xsd1,20,50,0.95,1.0,,,
DB,7,0.1153165245046176,0.145732345382829,0.1233826066686128,0.4366666666666666,0.9833333333333332,300,main_N20_T50_rho0.95_xsd1,20,50,0.95,1.0,,,
DB,8,0.1277467704801185,0.1586504302689713,0.1357540166015607,0.4033333333333333,0.9566666666666668,300,main_N20_T50_rho0.95_xsd1,20,50,0.95,1.0,,,
DB,9,0.1396449600082719,0.1697466926785229,0.1470012040647451,0.35,0.9233333333333332,300,main_N20_T50_rho0.95_xsd1,20,50,0.95,1.0,,,
DB,10,0.1520963590387435,0.1804006658069664,0.1577536966584797,0.3133333333333333,0.8466666666666667,300,main_N20_T50_rho0.95_xsd1,20,50,0.95,1.0,,,
FE,0,1.990261734173234e-05,0.0138719254624314,0.0107365776878642,0.8733333333333333,1.0,300,main_N20_T50_rho0.95_xsd1,20,50,0.95,1.0,,,
FE,1,0.0379821130532991,0.0449655042603644,0.0388884864069176,0.5466666666666666,1.0,300,main_N20_T50_rho0.95_xsd1,20,50,0.95,1.0,,,
FE,2,0.0726998762771993,0.0826061938539095,0.073855865451507,0.3733333333333333,1.0,300,main_N20_T50_rho0.95_xsd1,20,50,0.95,1.0,,,
FE,3,0.103634770825864,0.1165350026743572,0.1047380797680863,0.28,1.0,300,main_N20_T50_rho0.95_xsd1,20,50,0.95,1.0,,,
FE,4,0.1329680817616221,0.1483879118521984,0.1338414993994996,0.2266666666666666,1.0,300,main_N20_T50_rho0.95_xsd1,20,50,0.95,1.0,,,
FE,5,0.1605073682723913,0.1778884379838932,0.1615168364730385,0.18,0.99,300,main_N20_T50_rho0.95_xsd1,20,50,0.95,1.0,,,
FE,6,0.1853929873443314,0.2032972002173327,0.1861416323215281,0.16,0.96,300,main_N20_T50_rho0.95_xsd1,20,50,0.95,1.0,,,
FE,7,0.206218724481265,0.2242589989446624,0.2065959048970516,0.1266666666666666,0.8766666666666667,300,main_N20_T50_rho0.95_xsd1,20,50,0.95,1.0,,,
FE,8,0.2253755324373458,0.2438120082866238,0.225519412009904,0.1266666666666666,0.7366666666666667,300,main_N20_T50_rho0.95_xsd1,20,50,0.95,1.0,,,
FE,9,0.2426326736239467,0.2607189408545432,0.2426326736239467,0.1133333333333333,0.59,300,main_N20_T50_rho0.95_xsd1,20,50,0.95,1.0,,,
FE,10,0.2590891839555925,0.2764024088181981,0.2590891839555925,0.11,0.4766666666666667,300,main_N20_T50_rho0.95_xsd1,20,50,0.95,1.0,,,
HPJ,0,0.0023715620407092,0.0428674038484893,0.032808577326732,0.3833333333333333,1.0,300,main_N20_T50_rho0.95_xsd1,20,50,0.95,1.0,,,
HPJ,1,0.0385171624984138,0.0617167600477343,0.0503054367466102,0.4466666666666666,1.0,300,main_N20_T50_rho0.95_xsd1,20,50,0.95,1.0,,,
HPJ,2,0.073295677059369,0.0982240225153972,0.0815546715516822,0.4,1.0,300,main_N20_T50_rho0.95_xsd1,20,50,0.95,1.0,,,
HPJ,3,0.1047995356663622,0.1337449983161285,0.1121233653530516,0.36,1.0,300,main_N20_T50_rho0.95_xsd1,20,50,0.95,1.0,,,
HPJ,4,0.1343824973713992,0.1682251937996153,0.1420831353917704,0.3233333333333333,0.9966666666666668,300,main_N20_T50_rho0.95_xsd1,20,50,0.95,1.0,,,
HPJ,5,0.1613688154544212,0.1994304531975455,0.1704247633512425,0.28,0.96,300,main_N20_T50_rho0.95_xsd1,20,50,0.95,1.0,,,
HPJ,6,0.1871538025737324,0.2277134671123331,0.1970697585597008,0.2366666666666666,0.8933333333333333,300,main_N20_T50_rho0.95_xsd1,20,50,0.95,1.0,,,
HPJ,7,0.2083744754460506,0.2526920375161511,0.2207404254679976,0.2133333333333333,0.7766666666666666,300,main_N20_T50_rho0.95_xsd1,20,50,0.95,1.0,,,
HPJ,8,0.2290578254018141,0.2765788473651319,0.2427156105385724,0.19,0.64,300,main_N20_T50_rho0.95_xsd1,20,50,0.95,1.0,,,
HPJ,9,0.2470636193380287,0.2959483322581146,0.2617816147800629,0.18,0.5833333333333334,300,main_N20_T50_rho0.95_xsd1,20,50,0.95,1.0,,,
HPJ,10,0.2641772758527593,0.3137153262115001,0.2784042143994448,0.1633333333333333,0.56,300,main_N20_T50_rho0.95_xsd1,20,50,0.95,1.0,,,
SPJ,0,-0.0003401041213663,0.0161386963360362,0.0124659431542962,0.9233333333333332,1.0,300,main_N20_T50_rho0.95_xsd1,20,50,0.95,1.0,,,
SPJ,1,-1.4238567638094242e-05,0.0342793426226316,0.0264125408456225,0.8966666666666666,1.0,300,main_N20_T50_rho0.95_xsd1,20,50,0.95,1.0,,,
SPJ,2,0.0045217769670106,0.0596443243343083,0.0467391384272472,0.8533333333333334,1.0,300,main_N20_T50_rho0.95_xsd1,20,50,0.95,1.0,,,
SPJ,3,0.0118368471729012,0.08310934673103,0.0661165161799961,0.8166666666666667,1.0,300,main_N20_T50_rho0.95_xsd1,20,50,0.95,1.0,,,
SPJ,4,0.0234503383947665,0.1050845984218364,0.0849623057891635,0.7533333333333333,1.0,300,main_N20_T50_rho0.95_xsd1,20,50,0.95,1.0,,,
SPJ,5,0.0367791787378013,0.1252866543238703,0.1027146219595275,0.6966666666666667,1.0,300,main_N20_T50_rho0.95_xsd1,20,50,0.95,1.0,,,
SPJ,6,0.0534319890111362,0.1442608005015943,0.1203503517087415,0.6266666666666667,0.99,300,main_N20_T50_rho0.95_xsd1,20,50,0.95,1.0,,,
SPJ,7,0.0707578203560225,0.1623305429834032,0.1365190376288721,0.59,0.9133333333333332,300,main_N20_T50_rho0.95_xsd1,20,50,0.95,1.0,,,
SPJ,8,0.0917778666204673,0.1808863317010188,0.1526739768723754,0.53,0.8366666666666667,300,main_N20_T50_rho0.95_xsd1,20,50,0.95,1.0,,,
SPJ,9,0.114248795089494,0.1993794890568382,0.1684597341171547,0.4766666666666667,0.7366666666666667,300,main_N20_T50_rho0.95_xsd1,20,50,0.95,1.0,,,
SPJ,10,0.1395588828856065,0.2196385961110094,0.1863268688796982,0.4733333333333333,0.6133333333333333,300,main_N20_T50_rho0.95_xsd1,20,50,0.95,1.0,,,
CDOLS,0,0.0030313229758593,0.0196724806825416,0.0155962535217366,0.95,1.0,300,main_N50_T100_rho0.2_xsd0,50,100,0.2,0.0,,,
CDOLS,1,-0.0203352163858489,0.0296018334180479,0.0240366531627237,0.8333333333333334,1.0,300,main_N50_T100_rho0.2_xsd0,50,100,0.2,0.0,,,
CDOLS,2,-0.0244263901874998,0.0331209846258428,0.0273062742628601,0.78,0.6333333333333333,300,main_N50_T100_rho0.2_xsd0,50,100,0.2,0.0,,,
CDOLS,3,-0.0257575834874791,0.0330211465340082,0.0281914540996559,0.7766666666666666,0.2833333333333333,300,main_N50_T100_rho0.2_xsd0,50,100,0.2,0.0,,,
CDOLS,4,-0.025218766983859,0.0331224740593276,0.0276944503027548,0.7866666666666666,0.23,300,main_N50_T100_rho0.2_xsd0,50,100,0.2,0.0,,,
CDOLS,5,-0.0266143138184913,0.0342642038317728,0.0292306898847063,0.7833333333333333,0.2166666666666666,300,main_N50_T100_rho0.2_xsd0,50,100,0.2,0.0,,,
CDOLS,6,-0.025967261608772,0.0342769103610204,0.0285634884021793,0.7833333333333333,0.2166666666666666,300,main_N50_T100_rho0.2_xsd0,50,100,0.2,0.0,,,
CDOLS,7,-0.0256376823818213,0.0333876990279032,0.0282510597495007,0.7933333333333333,0.2066666666666666,300,main_N50_T100_rho0.2_xsd0,50,100,0.2,0.0,,,
CDOLS,8,-0.0277612993275198,0.036435734045366,0.0305306903487558,0.7333333333333333,0.2666666666666666,300,main_N50_T100_rho0.2_xsd0,50,100,0.2,0.0,,,
CDOLS,9,-0.0256788081017797,0.0350496966848905,0.0294974750802198,0.7666666666666667,0.2333333333333333,300,main_N50_T100_rho0.2_xsd0,50,100,0.2,0.0,,,
CDOLS,10,-0.0260969697386846,0.0345862775770588,0.0292303898209232,0.7966666666666666,0.2033333333333333,300,main_N50_T100_rho0.2_xsd0,50,100,0.2,0.0,,,
DB,0,0.001662241606978,0.0130418382161305,0.0100322987793291,0.9466666666666668,1.0,300,main_N50_T100_rho0.2_xsd0,50,100,0.2,0.0,,,
DB,1,0.0003661449601787,0.0159979469036037,0.0129595348816114,0.95,1.0,300,main_N50_T100_rho0.2_xsd0,50,100,0.2,0.0,,,
DB,2,0.0009730689042899,0.0162362968181619,0.0130235845028545,0.9466666666666668,0.29,300,main_N50_T100_rho0.2_xsd0,50,100,0.2,0.0,,,
DB,3,0.0006823237992702,0.0156580317712578,0.0122770129905499,0.94,0.0566666666666666,300,main_N50_T100_rho0.2_xsd0,50,100,0.2,0.0,,,
DB,4,0.001037169681129,0.0171215226985252,0.0134901723555909,0.9366666666666666,0.0633333333333333,300,main_N50_T100_rho0.2_xsd0,50,100,0.2,0.0,,,
DB,5,-8.87370819872886e-05,0.0166266102878793,0.0131708748732331,0.9166666666666666,0.0833333333333333,300,main_N50_T100_rho0.2_xsd0,50,100,0.2,0.0,,,
DB,6,0.0004622597492352,0.0171699569748259,0.0139378693662778,0.95,0.05,300,main_N50_T100_rho0.2_xsd0,50,100,0.2,0.0,,,
DB,7,0.0003425884373858,0.0162292250088632,0.0127503310355403,0.9466666666666668,0.0533333333333333,300,main_N50_T100_rho0.2_xsd0,50,100,0.2,0.0,,,
DB,8,-0.0014595370434304,0.0182243098643886,0.014835019403234,0.93,0.07,300,main_N50_T100_rho0.2_xsd0,50,100,0.2,0.0,,,
DB,9,0.0005095705213666,0.0180117699676591,0.0146143569282297,0.9166666666666666,0.0833333333333333,300,main_N50_T100_rho0.2_xsd0,50,100,0.2,0.0,,,
DB,10,-0.0001770716575688,0.017381894305401,0.0138539294665042,0.9366666666666666,0.0633333333333333,300,main_N50_T100_rho0.2_xsd0,50,100,0.2,0.0,,,
FE,0,0.001662241606978,0.0130418382161305,0.0100322987793291,0.9466666666666668,1.0,300,main_N50_T100_rho0.2_xsd0,50,100,0.2,0.0,,,
FE,1,0.0074474196737685,0.0175924516011536,0.0142113195496243,0.9166666666666666,1.0,300,main_N50_T100_rho0.2_xsd0,50,100,0.2,0.0,,,
FE,2,0.0093871297436408,0.0186943453728818,0.0151534275225809,0.9,0.1566666666666666,300,main_N50_T100_rho0.2_xsd0,50,100,0.2,0.0,,,
FE,3,0.0093447711457435,0.0182371864027927,0.0146693562386837,0.9133333333333332,0.0666666666666666,300,main_N50_T100_rho0.2_xsd0,50,100,0.2,0.0,,,
FE,4,0.0097410138850996,0.0196766267090757,0.0154106394094569,0.89,0.0966666666666666,300,main_N50_T100_rho0.2_xsd0,50,100,0.2,0.0,,,
FE,5,0.0086153053424973,0.0187435656231295,0.0150428525238094,0.9033333333333332,0.0966666666666666,300,main_N50_T100_rho0.2_xsd0,50,100,0.2,0.0,,,
FE,6,0.0091566904710823,0.0194600973630111,0.0156370428323731,0.8966666666666666,0.1033333333333333,300,main_N50_T100_rho0.2_xsd0,50,100,0.2,0.0,,,
FE,7,0.0090234705634532,0.018568404781056,0.014481859423779,0.91,0.09,300,main_N50_T100_rho0.2_xsd0,50,100,0.2,0.0,,,
FE,8,0.0072048584017212,0.0195460351837483,0.0153537688448461,0.8966666666666666,0.1033333333333333,300,main_N50_T100_rho0.2_xsd0,50,100,0.2,0.0,,,
FE,9,0.009154597489881,0.020238734833991,0.0159848657472399,0.8866666666666667,0.1133333333333333,300,main_N50_T100_rho0.2_xsd0,50,100,0.2,0.0,,,
FE,10,0.0084455708472081,0.0193216740247164,0.0155796232344118,0.9033333333333332,0.0966666666666666,300,main_N50_T100_rho0.2_xsd0,50,100,0.2,0.0,,,
HPJ,0,0.0002303308866888,0.0351547799144311,0.028654240197272,0.5533333333333333,1.0,300,main_N50_T100_rho0.2_xsd0,50,100,0.2,0.0,,,
HPJ,1,0.0081459402903433,0.0446224586413626,0.035260049491999,0.52,0.97,300,main_N50_T100_rho0.2_xsd0,50,100,0.2,0.0,,,
HPJ,2,0.0061902444052927,0.0480969529150785,0.038609496527039,0.48,0.5133333333333333,300,main_N50_T100_rho0.2_xsd0,50,100,0.2,0.0,,,
HPJ,3,0.0073363327586184,0.0497309594989445,0.0401639715075665,0.46,0.53,300,main_N50_T100_rho0.2_xsd0,50,100,0.2,0.0,,,
HPJ,4,0.0098430838651762,0.0485418427824199,0.039566345952996,0.4466666666666666,0.5433333333333333,300,main_N50_T100_rho0.2_xsd0,50,100,0.2,0.0,,,
HPJ,5,0.0115261951883905,0.0466099447744459,0.0391160933139605,0.4833333333333333,0.5166666666666667,300,main_N50_T100_rho0.2_xsd0,50,100,0.2,0.0,,,
HPJ,6,0.0102386385211513,0.0492713174323032,0.0403323090068944,0.45,0.55,300,main_N50_T100_rho0.2_xsd0,50,100,0.2,0.0,,,
HPJ,7,0.0055422494309229,0.0485145280625165,0.0380549729949762,0.5166666666666667,0.4833333333333333,300,main_N50_T100_rho0.2_xsd0,50,100,0.2,0.0,,,
HPJ,8,0.0102758556237247,0.0489810363032444,0.038746240719748,0.51,0.49,300,main_N50_T100_rho0.2_xsd0,50,100,0.2,0.0,,,
HPJ,9,0.0101876613230995,0.0479038209910851,0.0377072168710996,0.5233333333333333,0.4766666666666667,300,main_N50_T100_rho0.2_xsd0,50,100,0.2,0.0,,,
HPJ,10,0.0081743377036058,0.0480133588352338,0.0381165762102668,0.5,0.5,300,main_N50_T100_rho0.2_xsd0,50,100,0.2,0.0,,,
SPJ,0,0.0017070048400059,0.0131443169399319,0.0101149431693389,0.9466666666666668,1.0,300,main_N50_T100_rho0.2_xsd0,50,100,0.2,0.0,,,
SPJ,1,0.0002707672855931,0.0161776260142653,0.0130780554044212,0.9566666666666668,1.0,300,main_N50_T100_rho0.2_xsd0,50,100,0.2,0.0,,,
SPJ,2,0.0009435598106763,0.0161168491862954,0.0127325989362597,0.9466666666666668,0.2666666666666666,300,main_N50_T100_rho0.2_xsd0,50,100,0.2,0.0,,,
SPJ,3,0.0007994134492674,0.0158452278627625,0.0124028713877495,0.9433333333333334,0.0533333333333333,300,main_N50_T100_rho0.2_xsd0,50,100,0.2,0.0,,,
SPJ,4,0.001329264559977,0.0174943354345691,0.0137686949896737,0.9333333333333332,0.0666666666666666,300,main_N50_T100_rho0.2_xsd0,50,100,0.2,0.0,,,
SPJ,5,0.0004243999294746,0.0168193977121827,0.013363632105742,0.9333333333333332,0.07,300,main_N50_T100_rho0.2_xsd0,50,100,0.2,0.0,,,
SPJ,6,0.001204784120344,0.0177763011144782,0.0143455456925224,0.9466666666666668,0.05,300,main_N50_T100_rho0.2_xsd0,50,100,0.2,0.0,,,
SPJ,7,0.0012999415769192,0.0167335764452057,0.0130701980100133,0.95,0.05,300,main_N50_T100_rho0.2_xsd0,50,100,0.2,0.0,,,
SPJ,8,-0.0002489817043106,0.0187202639825794,0.0151216375081964,0.9233333333333332,0.0766666666666666,300,main_N50_T100_rho0.2_xsd0,50,100,0.2,0.0,,,
SPJ,9,0.001950261834291,0.018489353936478,0.0147833614496264,0.93,0.07,300,main_N50_T100_rho0.2_xsd0,50,100,0.2,0.0,,,
SPJ,10,0.0015330105695243,0.0178179652380906,0.0142090128907167,0.93,0.07,300,main_N50_T100_rho0.2_xsd0,50,100,0.2,0.0,,,
CDOLS,0,0.0008305345777729,0.0363633729718215,0.0287727604368565,0.9533333333333334,1.0,300,main_N50_T100_rho0.2_xsd1,50,100,0.2,1.0,,,
CDOLS,1,-0.0106246026207981,0.034822161599813,0.0285281657582555,0.64,1.0,300,main_N50_T100_rho0.2_xsd1,50,100,0.2,1.0,,,
CDOLS,2,-0.0120728829641222,0.0343302262264987,0.0278137817146837,0.6533333333333333,0.5433333333333333,300,main_N50_T100_rho0.2_xsd1,50,100,0.2,1.0,,,
CDOLS,3,-0.0141233330894655,0.0383296067460404,0.0296411802498378,0.6533333333333333,0.3766666666666666,300,main_N50_T100_rho0.2_xsd1,50,100,0.2,1.0,,,
CDOLS,4,-0.0149045237713741,0.0362594580388299,0.0297799305409191,0.62,0.38,300,main_N50_T100_rho0.2_xsd1,50,100,0.2,1.0,,,
CDOLS,5,-0.0133479472794974,0.036387439874985,0.0289061080631803,0.6566666666666666,0.3466666666666667,300,main_N50_T100_rho0.2_xsd1,50,100,0.2,1.0,,,
CDOLS,6,-0.0136054596506114,0.0401658898131176,0.0315303373222694,0.6066666666666667,0.3933333333333333,300,main_N50_T100_rho0.2_xsd1,50,100,0.2,1.0,,,
CDOLS,7,-0.0134170891510879,0.0382725098374133,0.0303166125146585,0.65,0.35,300,main_N50_T100_rho0.2_xsd1,50,100,0.2,1.0,,,
CDOLS,8,-0.0187291585176915,0.0399544231582124,0.0316727051421032,0.6233333333333333,0.3766666666666666,300,main_N50_T100_rho0.2_xsd1,50,100,0.2,1.0,,,
CDOLS,9,-0.0167691766191496,0.0396864179228207,0.0314914731576976,0.6333333333333333,0.3666666666666666,300,main_N50_T100_rho0.2_xsd1,50,100,0.2,1.0,,,
CDOLS,10,-0.0147455380908906,0.0397564722481654,0.0313537361656987,0.6233333333333333,0.3766666666666666,300,main_N50_T100_rho0.2_xsd1,50,100,0.2,1.0,,,
DB,0,0.0008606391230386,0.0338028766079196,0.0265985873420289,0.4733333333333333,1.0,300,main_N50_T100_rho0.2_xsd1,50,100,0.2,1.0,,,
DB,1,0.0017396825275318,0.0324029789944741,0.0265053942582231,0.92,0.95,300,main_N50_T100_rho0.2_xsd1,50,100,0.2,1.0,,,
DB,2,0.0019216758515053,0.0335710894726419,0.0272666243294686,0.9266666666666666,0.1366666666666666,300,main_N50_T100_rho0.2_xsd1,50,100,0.2,1.0,,,
DB,3,0.0003205934465859,0.0347858844924207,0.026467103265773,0.9133333333333332,0.0833333333333333,300,main_N50_T100_rho0.2_xsd1,50,100,0.2,1.0,,,
DB,4,-0.0001270405559832,0.0326301114693922,0.0262767906516026,0.9533333333333334,0.04,300,main_N50_T100_rho0.2_xsd1,50,100,0.2,1.0,,,
DB,5,0.0009971629368905,0.0325314196894418,0.0254591047993563,0.9433333333333334,0.0566666666666666,300,main_N50_T100_rho0.2_xsd1,50,100,0.2,1.0,,,
DB,6,0.0007774737533374,0.0362886072376267,0.0286748693030043,0.9133333333333332,0.0866666666666666,300,main_N50_T100_rho0.2_xsd1,50,100,0.2,1.0,,,
DB,7,-0.0004721817062707,0.0347959594207251,0.0269575256228513,0.93,0.07,300,main_N50_T100_rho0.2_xsd1,50,100,0.2,1.0,,,
DB,8,-0.0048233963180732,0.0361593484923664,0.0287559672008263,0.9133333333333332,0.0866666666666666,300,main_N50_T100_rho0.2_xsd1,50,100,0.2,1.0,,,
DB,9,-0.001897213929736,0.0351535608472714,0.0280212835529025,0.94,0.06,300,main_N50_T100_rho0.2_xsd1,50,100,0.2,1.0,,,
DB,10,0.0001229958559814,0.0368485229637375,0.0285516307844472,0.93,0.07,300,main_N50_T100_rho0.2_xsd1,50,100,0.2,1.0,,,
FE,0,0.0008606391230386,0.0338028766079196,0.0265985873420289,0.4733333333333333,1.0,300,main_N50_T100_rho0.2_xsd1,50,100,0.2,1.0,,,
FE,1,0.0088289342393543,0.0332553174519223,0.0269357827245641,0.91,0.93,300,main_N50_T100_rho0.2_xsd1,50,100,0.2,1.0,,,
FE,2,0.0103553586102846,0.0348222205685721,0.028238378587331,0.9166666666666666,0.09,300,main_N50_T100_rho0.2_xsd1,50,100,0.2,1.0,,,
FE,3,0.0090244795433104,0.0358492455854573,0.0277446766839131,0.91,0.09,300,main_N50_T100_rho0.2_xsd1,50,100,0.2,1.0,,,
FE,4,0.0086292628948913,0.0337402116320306,0.0270974414663988,0.9233333333333332,0.07,300,main_N50_T100_rho0.2_xsd1,50,100,0.2,1.0,,,
FE,5,0.0097577269710186,0.03399616925962,0.0263126160376453,0.9233333333333332,0.0766666666666666,300,main_N50_T100_rho0.2_xsd1,50,100,0.2,1.0,,,
FE,6,0.0095296931099332,0.0375556873647317,0.0300405879159751,0.8966666666666666,0.1,300,main_N50_T100_rho0.2_xsd1,50,100,0.2,1.0,,,
FE,7,0.008266804203512,0.0358084847344956,0.0278814676943966,0.9333333333333332,0.0666666666666666,300,main_N50_T100_rho0.2_xsd1,50,100,0.2,1.0,,,
FE,8,0.003899111304859,0.0359555779205898,0.0286414268603771,0.91,0.09,300,main_N50_T100_rho0.2_xsd1,50,100,0.2,1.0,,,
FE,9,0.006805829381834,0.035693857262927,0.0286048459308136,0.93,0.07,300,main_N50_T100_rho0.2_xsd1,50,100,0.2,1.0,,,
FE,10,0.0088035141611627,0.0378919858485506,0.0291238049555181,0.9033333333333332,0.0966666666666666,300,main_N50_T100_rho0.2_xsd1,50,100,0.2,1.0,,,
HPJ,0,0.0002381960316753,0.0997721039864331,0.0766850607161818,0.2066666666666666,1.0,300,main_N50_T100_rho0.2_xsd1,50,100,0.2,1.0,,,
HPJ,1,0.004563665939225,0.0462036340433068,0.0378219428561403,0.7766666666666666,0.8933333333333333,300,main_N50_T100_rho0.2_xsd1,50,100,0.2,1.0,,,
HPJ,2,0.0097974344556525,0.0530188364192397,0.0427045995197213,0.7466666666666667,0.25,300,main_N50_T100_rho0.2_xsd1,50,100,0.2,1.0,,,
HPJ,3,0.0070287702963874,0.0545791359171126,0.0410218499619215,0.78,0.2133333333333333,300,main_N50_T100_rho0.2_xsd1,50,100,0.2,1.0,,,
HPJ,4,0.005481545922407,0.0491509142851721,0.0380646987981651,0.7866666666666666,0.2066666666666666,300,main_N50_T100_rho0.2_xsd1,50,100,0.2,1.0,,,
HPJ,5,0.0100157161399614,0.0476499382423863,0.0377635598877987,0.8166666666666667,0.1833333333333333,300,main_N50_T100_rho0.2_xsd1,50,100,0.2,1.0,,,
HPJ,6,0.0078458130971367,0.0508181250432001,0.0403591344831933,0.8033333333333333,0.1966666666666666,300,main_N50_T100_rho0.2_xsd1,50,100,0.2,1.0,,,
HPJ,7,0.006616139791902,0.0509436223721032,0.0408809956984873,0.7833333333333333,0.2166666666666666,300,main_N50_T100_rho0.2_xsd1,50,100,0.2,1.0,,,
HPJ,8,0.0028663318674576,0.0491532402467437,0.0373687419790531,0.79,0.21,300,main_N50_T100_rho0.2_xsd1,50,100,0.2,1.0,,,
HPJ,9,0.0053480351136545,0.052445131165195,0.0417032234469883,0.7966666666666666,0.2033333333333333,300,main_N50_T100_rho0.2_xsd1,50,100,0.2,1.0,,,
HPJ,10,0.0090374914187541,0.0544203045047146,0.0418073469672922,0.7866666666666666,0.2133333333333333,300,main_N50_T100_rho0.2_xsd1,50,100,0.2,1.0,,,
SPJ,0,0.0008920397690443,0.0337261332330524,0.0265015282686903,0.4633333333333333,1.0,300,main_N50_T100_rho0.2_xsd1,50,100,0.2,1.0,,,
SPJ,1,0.0008121579725269,0.0339198728003735,0.0280891265075467,0.93,0.9366666666666666,300,main_N50_T100_rho0.2_xsd1,50,100,0.2,1.0,,,
SPJ,2,0.0010457188878373,0.0355628865159732,0.0286081566872209,0.9266666666666666,0.1433333333333333,300,main_N50_T100_rho0.2_xsd1,50,100,0.2,1.0,,,
SPJ,3,-7.448078199156084e-05,0.0368345548898251,0.0273759914463163,0.9033333333333332,0.0933333333333333,300,main_N50_T100_rho0.2_xsd1,50,100,0.2,1.0,,,
SPJ,4,-0.000239510791672,0.0347777966746413,0.0278982191011084,0.9333333333333332,0.0566666666666666,300,main_N50_T100_rho0.2_xsd1,50,100,0.2,1.0,,,
SPJ,5,0.001145628642526,0.0351524432161343,0.0273088328275619,0.9233333333333332,0.0766666666666666,300,main_N50_T100_rho0.2_xsd1,50,100,0.2,1.0,,,
SPJ,6,0.0013798358329495,0.0387330142512181,0.0305906491818599,0.9,0.1,300,main_N50_T100_rho0.2_xsd1,50,100,0.2,1.0,,,
SPJ,7,0.0002550117061255,0.0367675214706221,0.0288194440370498,0.9366666666666666,0.0633333333333333,300,main_N50_T100_rho0.2_xsd1,50,100,0.2,1.0,,,
SPJ,8,-0.003955587291966,0.037880984949578,0.0297630381260225,0.91,0.09,300,main_N50_T100_rho0.2_xsd1,50,100,0.2,1.0,,,
SPJ,9,-0.000807097386575,0.0366412859872856,0.0286468839044543,0.93,0.07,300,main_N50_T100_rho0.2_xsd1,50,100,0.2,1.0,,,
SPJ,10,0.0016283054166534,0.0385176271311261,0.0297977743311332,0.92,0.08,300,main_N50_T100_rho0.2_xsd1,50,100,0.2,1.0,,,
CDOLS,0,0.0030413613999332,0.0197885331196842,0.0156917986909429,0.95,1.0,300,main_N50_T100_rho0.5_xsd0,50,100,0.5,0.0,,,
CDOLS,1,-0.0192228088129256,0.0289733257375262,0.0234248165019493,0.8466666666666667,1.0,300,main_N50_T100_rho0.5_xsd0,50,100,0.5,0.0,,,
CDOLS,2,-0.0291100233056095,0.0369632632136386,0.0311901207350426,0.75,1.0,300,main_N50_T100_rho0.5_xsd0,50,100,0.5,0.0,,,
CDOLS,3,-0.0346858260567937,0.0405882231646219,0.0357673252170733,0.6566666666666666,1.0,300,main_N50_T100_rho0.5_xsd0,50,100,0.5,0.0,,,
CDOLS,4,-0.0367635974626262,0.0429086016636499,0.0375654463220397,0.63,0.9133333333333332,300,main_N50_T100_rho0.5_xsd0,50,100,0.5,0.0,,,
CDOLS,5,-0.0394309118521584,0.0452439638038027,0.0404965128951899,0.5466666666666666,0.74,300,main_N50_T100_rho0.5_xsd0,50,100,0.5,0.0,,,
CDOLS,6,-0.0392730309344698,0.0454649222752631,0.0401220976671834,0.5833333333333334,0.5766666666666667,300,main_N50_T100_rho0.5_xsd0,50,100,0.5,0.0,,,
CDOLS,7,-0.0392727793314852,0.0452389026114958,0.0401546116971109,0.58,0.53,300,main_N50_T100_rho0.5_xsd0,50,100,0.5,0.0,,,
CDOLS,8,-0.0418126607636878,0.0483118098328369,0.0427295594647246,0.5433333333333333,0.51,300,main_N50_T100_rho0.5_xsd0,50,100,0.5,0.0,,,
CDOLS,9,-0.0400046898370968,0.0471016954526816,0.0413030722497199,0.5866666666666667,0.4466666666666666,300,main_N50_T100_rho0.5_xsd0,50,100,0.5,0.0,,,
CDOLS,10,-0.0400696285996233,0.0465842409457143,0.0407967936819683,0.6033333333333334,0.41,300,main_N50_T100_rho0.5_xsd0,50,100,0.5,0.0,,,
DB,0,0.0012474722376087,0.0114943553512991,0.008974366687565,0.9466666666666668,1.0,300,main_N50_T100_rho0.5_xsd0,50,100,0.5,0.0,,,
DB,1,0.0007106907477075,0.0142429578000425,0.011527286047173,0.9466666666666668,1.0,300,main_N50_T100_rho0.5_xsd0,50,100,0.5,0.0,,,
DB,2,0.0016136194769149,0.0150885988652945,0.0120316987072291,0.9466666666666668,1.0,300,main_N50_T100_rho0.5_xsd0,50,100,0.5,0.0,,,
DB,3,0.0015548457542648,0.0156975570017985,0.0124878247136722,0.9466666666666668,1.0,300,main_N50_T100_rho0.5_xsd0,50,100,0.5,0.0,,,
DB,4,0.0016348541645962,0.0170134697035728,0.0132313039662316,0.9166666666666666,0.63,300,main_N50_T100_rho0.5_xsd0,50,100,0.5,0.0,,,
DB,5,0.0009247927839954,0.0167149716297829,0.0130183769306808,0.9133333333333332,0.2066666666666666,300,main_N50_T100_rho0.5_xsd0,50,100,0.5,0.0,,,
DB,6,0.0013473967138295,0.0174451527125964,0.0138422915433343,0.9166666666666666,0.1133333333333333,300,main_N50_T100_rho0.5_xsd0,50,100,0.5,0.0,,,
DB,7,0.0008943617112123,0.0169520488856388,0.013264398188568,0.93,0.0766666666666666,300,main_N50_T100_rho0.5_xsd0,50,100,0.5,0.0,,,
DB,8,-0.0003611430217447,0.0180406011602659,0.0143004587781871,0.92,0.0866666666666666,300,main_N50_T100_rho0.5_xsd0,50,100,0.5,0.0,,,
DB,9,0.0010192020096033,0.0177144598484919,0.0141310117638303,0.9,0.08,300,main_N50_T100_rho0.5_xsd0,50,100,0.5,0.0,,,
DB,10,0.0006643933955675,0.017232255187053,0.0139179780501461,0.9333333333333332,0.0666666666666666,300,main_N50_T100_rho0.5_xsd0,50,100,0.5,0.0,,,
FE,0,0.0012474722376087,0.0114943553512991,0.008974366687565,0.9466666666666668,1.0,300,main_N50_T100_rho0.5_xsd0,50,100,0.5,0.0,,,
FE,1,0.0095077678259193,0.0170275434735964,0.0137293536056371,0.8933333333333333,1.0,300,main_N50_T100_rho0.5_xsd0,50,100,0.5,0.0,,,
FE,2,0.0147015386303433,0.020910800449678,0.017215870205395,0.84,1.0,300,main_N50_T100_rho0.5_xsd0,50,100,0.5,0.0,,,
FE,3,0.0167325732085609,0.0228332577358598,0.019338166595256,0.7966666666666666,0.97,300,main_N50_T100_rho0.5_xsd0,50,100,0.5,0.0,,,
FE,4,0.0178254228470912,0.0245467106424533,0.0205204878603448,0.7966666666666666,0.25,300,main_N50_T100_rho0.5_xsd0,50,100,0.5,0.0,,,
FE,5,0.0175996314104352,0.0242541037217701,0.0203891560858841,0.7466666666666667,0.0933333333333333,300,main_N50_T100_rho0.5_xsd0,50,100,0.5,0.0,,,
FE,6,0.0182455702970749,0.0252085171311774,0.0211897786268389,0.73,0.14,300,main_N50_T100_rho0.5_xsd0,50,100,0.5,0.0,,,
FE,7,0.0178855500865007,0.0246268691744276,0.0202130911901284,0.7666666666666667,0.17,300,main_N50_T100_rho0.5_xsd0,50,100,0.5,0.0,,,
FE,8,0.0166564347400522,0.0245659225104722,0.0197328851538106,0.7833333333333333,0.2,300,main_N50_T100_rho0.5_xsd0,50,100,0.5,0.0,,,
FE,9,0.0180275285159166,0.0253062549686722,0.0208494422174302,0.75,0.2233333333333333,300,main_N50_T100_rho0.5_xsd0,50,100,0.5,0.0,,,
FE,10,0.0176428077789748,0.0246635714339594,0.0204925716188877,0.7766666666666666,0.2066666666666666,300,main_N50_T100_rho0.5_xsd0,50,100,0.5,0.0,,,
HPJ,0,0.0001033738032864,0.0303431115919557,0.0244037665484167,0.5733333333333334,1.0,300,main_N50_T100_rho0.5_xsd0,50,100,0.5,0.0,,,
HPJ,1,0.0089270813577868,0.0404920957995557,0.0321216062913559,0.5166666666666667,1.0,300,main_N50_T100_rho0.5_xsd0,50,100,0.5,0.0,,,
HPJ,2,0.0112964518598046,0.0459087800454451,0.0367396879273563,0.4766666666666667,0.9933333333333332,300,main_N50_T100_rho0.5_xsd0,50,100,0.5,0.0,,,
HPJ,3,0.0151065358294644,0.0497394286558569,0.0396135973844956,0.4933333333333333,0.7633333333333333,300,main_N50_T100_rho0.5_xsd0,50,100,0.5,0.0,,,
HPJ,4,0.01813110895935,0.0500239535015986,0.0398917763031406,0.4666666666666667,0.5933333333333334,300,main_N50_T100_rho0.5_xsd0,50,100,0.5,0.0,,,
HPJ,5,0.0195997427006775,0.048869105737545,0.0398791098361983,0.4266666666666667,0.5166666666666667,300,main_N50_T100_rho0.5_xsd0,50,100,0.5,0.0,,,
HPJ,6,0.0185158482416429,0.0507577379722694,0.0409234166990211,0.44,0.5333333333333333,300,main_N50_T100_rho0.5_xsd0,50,100,0.5,0.0,,,
HPJ,7,0.0158251613051283,0.0502957951171662,0.03944871286601,0.49,0.5166666666666667,300,main_N50_T100_rho0.5_xsd0,50,100,0.5,0.0,,,
HPJ,8,0.018904311847662,0.05088022395336,0.0399589984761227,0.5066666666666667,0.4966666666666666,300,main_N50_T100_rho0.5_xsd0,50,100,0.5,0.0,,,
HPJ,9,0.0185765203689831,0.0515518502087712,0.040790766109264,0.4666666666666667,0.5166666666666667,300,main_N50_T100_rho0.5_xsd0,50,100,0.5,0.0,,,
HPJ,10,0.0170738048492826,0.0509117198224442,0.0394657434883146,0.48,0.5066666666666667,300,main_N50_T100_rho0.5_xsd0,50,100,0.5,0.0,,,
SPJ,0,0.0012855341135484,0.011657487448548,0.0091309925177411,0.9466666666666668,1.0,300,main_N50_T100_rho0.5_xsd0,50,100,0.5,0.0,,,
SPJ,1,0.0002705682035349,0.0144027592943282,0.0115492281551954,0.9466666666666668,1.0,300,main_N50_T100_rho0.5_xsd0,50,100,0.5,0.0,,,
SPJ,2,0.0010183998995177,0.0150717352037604,0.0118474351342953,0.9466666666666668,1.0,300,main_N50_T100_rho0.5_xsd0,50,100,0.5,0.0,,,
SPJ,3,0.0010386278883388,0.0161712568347982,0.0127276754677298,0.94,0.9966666666666668,300,main_N50_T100_rho0.5_xsd0,50,100,0.5,0.0,,,
SPJ,4,0.001363929227748,0.0178975669682028,0.0140523057492943,0.9133333333333332,0.59,300,main_N50_T100_rho0.5_xsd0,50,100,0.5,0.0,,,
SPJ,5,0.0009987169336211,0.0177312527376318,0.0140729414999454,0.9166666666666666,0.19,300,main_N50_T100_rho0.5_xsd0,50,100,0.5,0.0,,,
SPJ,6,0.0018191172746874,0.0188978695085701,0.0148254634813648,0.88,0.0933333333333333,300,main_N50_T100_rho0.5_xsd0,50,100,0.5,0.0,,,
SPJ,7,0.0018131300353461,0.0183361544725589,0.0141839728090813,0.9333333333333332,0.0666666666666666,300,main_N50_T100_rho0.5_xsd0,50,100,0.5,0.0,,,
SPJ,8,0.0010414258595348,0.0194901661041982,0.0153688298768506,0.8933333333333333,0.0933333333333333,300,main_N50_T100_rho0.5_xsd0,50,100,0.5,0.0,,,
SPJ,9,0.0029202684328317,0.0190966946988955,0.0149409839817545,0.8966666666666666,0.1,300,main_N50_T100_rho0.5_xsd0,50,100,0.5,0.0,,,
SPJ,10,0.0030986965309418,0.0186612251981838,0.0150821021757526,0.9266666666666666,0.0766666666666666,300,main_N50_T100_rho0.5_xsd0,50,100,0.5,0.0,,,
CDOLS,0,0.0008508661311162,0.0365896308471305,0.0289415095075555,0.9533333333333334,1.0,300,main_N50_T100_rho0.5_xsd1,50,100,0.5,1.0,,,
CDOLS,1,-0.00987988308778,0.0345578425897826,0.028271768166025,0.6533333333333333,1.0,300,main_N50_T100_rho0.5_xsd1,50,100,0.5,1.0,,,
CDOLS,2,-0.014454084043603,0.0369772262414327,0.030024903592639,0.62,1.0,300,main_N50_T100_rho0.5_xsd1,50,100,0.5,1.0,,,
CDOLS,3,-0.0186962855515416,0.0423408820423506,0.0327298092896214,0.63,0.9366666666666666,300,main_N50_T100_rho0.5_xsd1,50,100,0.5,1.0,,,
CDOLS,4,-0.020760332541478,0.0421781716943159,0.0351123798726814,0.5433333333333333,0.7266666666666667,300,main_N50_T100_rho0.5_xsd1,50,100,0.5,1.0,,,
CDOLS,5,-0.0207046555551884,0.0426602551383453,0.0337567869137365,0.6166666666666667,0.5633333333333334,300,main_N50_T100_rho0.5_xsd1,50,100,0.5,1.0,,,
CDOLS,6,-0.0211142532772723,0.0455455767179001,0.0368289947538802,0.56,0.49,300,main_N50_T100_rho0.5_xsd1,50,100,0.5,1.0,,,
CDOLS,7,-0.0205880699260882,0.0446356094827405,0.0355360041162855,0.57,0.48,300,main_N50_T100_rho0.5_xsd1,50,100,0.5,1.0,,,
CDOLS,8,-0.0261974988057888,0.0464808263701865,0.0373122297140112,0.57,0.45,300,main_N50_T100_rho0.5_xsd1,50,100,0.5,1.0,,,
CDOLS,9,-0.0258141693121965,0.0474661420702227,0.0378338607655216,0.5566666666666666,0.4366666666666666,300,main_N50_T100_rho0.5_xsd1,50,100,0.5,1.0,,,
CDOLS,10,-0.0245275418341555,0.0471072523410737,0.0376364060146751,0.5533333333333333,0.4466666666666666,300,main_N50_T100_rho0.5_xsd1,50,100,0.5,1.0,,,
DB,0,0.0008790103341737,0.0272653715615498,0.0213260022762164,0.5133333333333333,1.0,300,main_N50_T100_rho0.5_xsd1,50,100,0.5,1.0,,,
DB,1,0.0030203195814258,0.0294978025986131,0.024133503172969,0.9266666666666666,1.0,300,main_N50_T100_rho0.5_xsd1,50,100,0.5,1.0,,,
DB,2,0.0035459003180856,0.0381352532260397,0.0306695687226069,0.9,0.98,300,main_N50_T100_rho0.5_xsd1,50,100,0.5,1.0,,,
DB,3,0.0022630341075224,0.0405603844069235,0.0320843708311245,0.89,0.5666666666666667,300,main_N50_T100_rho0.5_xsd1,50,100,0.5,1.0,,,
DB,4,0.0017148277812936,0.0399730744193154,0.0318015720490104,0.8966666666666666,0.2266666666666666,300,main_N50_T100_rho0.5_xsd1,50,100,0.5,1.0,,,
DB,5,0.0015347826213842,0.0401985397453142,0.0314921142604988,0.8933333333333333,0.12,300,main_N50_T100_rho0.5_xsd1,50,100,0.5,1.0,,,
DB,6,0.0008779506439664,0.0416324398832992,0.0332221585907062,0.8933333333333333,0.1133333333333333,300,main_N50_T100_rho0.5_xsd1,50,100,0.5,1.0,,,
DB,7,-0.0006791448158294,0.0413510168585094,0.0316629184448239,0.9,0.1066666666666666,300,main_N50_T100_rho0.5_xsd1,50,100,0.5,1.0,,,
DB,8,-0.0037681913726369,0.041733484212121,0.0325344907087087,0.8933333333333333,0.1066666666666666,300,main_N50_T100_rho0.5_xsd1,50,100,0.5,1.0,,,
DB,9,-0.002010387255817,0.0416469235242524,0.0333004773727924,0.9133333333333332,0.0833333333333333,300,main_N50_T100_rho0.5_xsd1,50,100,0.5,1.0,,,
DB,10,-0.0001097159552369,0.0426733633801159,0.0330284900933977,0.8966666666666666,0.1,300,main_N50_T100_rho0.5_xsd1,50,100,0.5,1.0,,,
FE,0,0.0008790103341737,0.0272653715615498,0.0213260022762164,0.5133333333333333,1.0,300,main_N50_T100_rho0.5_xsd1,50,100,0.5,1.0,,,
FE,1,0.0118216809139986,0.0313792862256536,0.0249490778011791,0.89,1.0,300,main_N50_T100_rho0.5_xsd1,50,100,0.5,1.0,,,
FE,2,0.0166313078575319,0.0408927540184664,0.0330084322858236,0.8633333333333333,0.97,300,main_N50_T100_rho0.5_xsd1,50,100,0.5,1.0,,,
FE,3,0.0174487079462474,0.0434978519658954,0.0347510603290032,0.8566666666666667,0.41,300,main_N50_T100_rho0.5_xsd1,50,100,0.5,1.0,,,
FE,4,0.0179337069699688,0.0432993614476893,0.0343988742231029,0.8566666666666667,0.1233333333333333,300,main_N50_T100_rho0.5_xsd1,50,100,0.5,1.0,,,
FE,5,0.0182594397152448,0.0438428723453023,0.0338222173328052,0.8633333333333333,0.1033333333333333,300,main_N50_T100_rho0.5_xsd1,50,100,0.5,1.0,,,
FE,6,0.017844111084682,0.0451302700066491,0.0357531849148426,0.86,0.09,300,main_N50_T100_rho0.5_xsd1,50,100,0.5,1.0,,,
FE,7,0.0163936411361139,0.0443917016378544,0.0347316260689829,0.8866666666666667,0.0966666666666666,300,main_N50_T100_rho0.5_xsd1,50,100,0.5,1.0,,,
FE,8,0.0133404241180035,0.0434705665298558,0.0346164234075418,0.8666666666666667,0.1233333333333333,300,main_N50_T100_rho0.5_xsd1,50,100,0.5,1.0,,,
FE,9,0.0150951620369845,0.0441405299481588,0.0357198469012259,0.87,0.1233333333333333,300,main_N50_T100_rho0.5_xsd1,50,100,0.5,1.0,,,
FE,10,0.0169697759798863,0.0459575779206914,0.0361471774231586,0.85,0.1533333333333333,300,main_N50_T100_rho0.5_xsd1,50,100,0.5,1.0,,,
HPJ,0,-0.0008724501283381,0.0798473944563873,0.0616716750669895,0.2233333333333333,1.0,300,main_N50_T100_rho0.5_xsd1,50,100,0.5,1.0,,,
HPJ,1,0.007910956951188,0.0433002154511421,0.0351815641403683,0.7766666666666666,1.0,300,main_N50_T100_rho0.5_xsd1,50,100,0.5,1.0,,,
HPJ,2,0.0156639323453815,0.0566143152307621,0.0452809979505288,0.7333333333333333,0.9033333333333332,300,main_N50_T100_rho0.5_xsd1,50,100,0.5,1.0,,,
HPJ,3,0.0151577771582656,0.0596287187162436,0.0464046953318567,0.7333333333333333,0.4466666666666666,300,main_N50_T100_rho0.5_xsd1,50,100,0.5,1.0,,,
HPJ,4,0.0147476007681988,0.0568594350418569,0.0445523509957116,0.76,0.2333333333333333,300,main_N50_T100_rho0.5_xsd1,50,100,0.5,1.0,,,
HPJ,5,0.0168369880303413,0.0566419570285608,0.0441844903772884,0.7633333333333333,0.2233333333333333,300,main_N50_T100_rho0.5_xsd1,50,100,0.5,1.0,,,
HPJ,6,0.0154528458645963,0.0578067470646312,0.0454894832637152,0.7666666666666667,0.2233333333333333,300,main_N50_T100_rho0.5_xsd1,50,100,0.5,1.0,,,
HPJ,7,0.0143530784651986,0.0583239381131178,0.0471474732380254,0.7733333333333333,0.2066666666666666,300,main_N50_T100_rho0.5_xsd1,50,100,0.5,1.0,,,
HPJ,8,0.0117166616959003,0.0569479404263073,0.0436139134766461,0.7566666666666667,0.2366666666666666,300,main_N50_T100_rho0.5_xsd1,50,100,0.5,1.0,,,
HPJ,9,0.013414774169786,0.0600046277156189,0.0464224919022119,0.76,0.2333333333333333,300,main_N50_T100_rho0.5_xsd1,50,100,0.5,1.0,,,
HPJ,10,0.0160270819628537,0.0623946818155482,0.048309073748818,0.74,0.2533333333333333,300,main_N50_T100_rho0.5_xsd1,50,100,0.5,1.0,,,
SPJ,0,0.000875081947708,0.027030188924878,0.0211219611723912,0.53,1.0,300,main_N50_T100_rho0.5_xsd1,50,100,0.5,1.0,,,
SPJ,1,0.0007220810432197,0.0316963074845641,0.0259921238546177,0.9266666666666666,1.0,300,main_N50_T100_rho0.5_xsd1,50,100,0.5,1.0,,,
SPJ,2,0.0008757149467938,0.041679952966916,0.0330315491530977,0.9033333333333332,0.9833333333333332,300,main_N50_T100_rho0.5_xsd1,50,100,0.5,1.0,,,
SPJ,3,0.0001399388335513,0.0450240256423108,0.0346364602892227,0.8733333333333333,0.5633333333333334,300,main_N50_T100_rho0.5_xsd1,50,100,0.5,1.0,,,
SPJ,4,0.0001812603314031,0.0456947489493303,0.0357169195617316,0.89,0.24,300,main_N50_T100_rho0.5_xsd1,50,100,0.5,1.0,,,
SPJ,5,0.0007299730957035,0.0468534766574951,0.0360619940004658,0.8933333333333333,0.15,300,main_N50_T100_rho0.5_xsd1,50,100,0.5,1.0,,,
SPJ,6,0.0009649795637594,0.0485475894387026,0.0381056797200153,0.87,0.14,300,main_N50_T100_rho0.5_xsd1,50,100,0.5,1.0,,,
SPJ,7,-0.0001485607891515,0.0478994220481731,0.036692784725334,0.8966666666666666,0.1133333333333333,300,main_N50_T100_rho0.5_xsd1,50,100,0.5,1.0,,,
SPJ,8,-0.0026893712538304,0.0475946086402126,0.0366085638236134,0.8766666666666667,0.1133333333333333,300,main_N50_T100_rho0.5_xsd1,50,100,0.5,1.0,,,
SPJ,9,-0.0005441477995026,0.0470403861329972,0.0369302279369841,0.8833333333333333,0.1133333333333333,300,main_N50_T100_rho0.5_xsd1,50,100,0.5,1.0,,,
SPJ,10,0.0018977717448764,0.0484250944827622,0.0373608258420969,0.8633333333333333,0.1333333333333333,300,main_N50_T100_rho0.5_xsd1,50,100,0.5,1.0,,,
CDOLS,0,0.0030570995966216,0.019894617699354,0.0157664594340137,0.9533333333333334,1.0,300,main_N50_T100_rho0.8_xsd0,50,100,0.8,0.0,,,
CDOLS,1,-0.0159138219675441,0.0270535594721494,0.0217171373927449,0.8833333333333333,1.0,300,main_N50_T100_rho0.8_xsd0,50,100,0.8,0.0,,,
CDOLS,2,-0.0291750888454038,0.0374923714281796,0.0314362824799577,0.7566666666666667,1.0,300,main_N50_T100_rho0.8_xsd0,50,100,0.8,0.0,,,
CDOLS,3,-0.0405619910849475,0.0460760244192024,0.0412355919717235,0.5866666666666667,1.0,300,main_N50_T100_rho0.8_xsd0,50,100,0.8,0.0,,,
CDOLS,4,-0.0490502704179484,0.0542786776313739,0.0492585613238133,0.43,1.0,300,main_N50_T100_rho0.8_xsd0,50,100,0.8,0.0,,,
CDOLS,5,-0.0576138572195517,0.0621260193379161,0.0577448014378682,0.3166666666666666,1.0,300,main_N50_T100_rho0.8_xsd0,50,100,0.8,0.0,,,
CDOLS,6,-0.0623937258188034,0.0668362330877975,0.0624147969376347,0.2466666666666666,1.0,300,main_N50_T100_rho0.8_xsd0,50,100,0.8,0.0,,,
CDOLS,7,-0.0665892122902698,0.0709280048472583,0.0666684819771063,0.2166666666666666,1.0,300,main_N50_T100_rho0.8_xsd0,50,100,0.8,0.0,,,
CDOLS,8,-0.0728673535219684,0.0772995147442318,0.0728673535219684,0.1566666666666666,1.0,300,main_N50_T100_rho0.8_xsd0,50,100,0.8,0.0,,,
CDOLS,9,-0.0741501855397878,0.0788595398436878,0.0741759836552579,0.18,1.0,300,main_N50_T100_rho0.8_xsd0,50,100,0.8,0.0,,,
CDOLS,10,-0.0763665791097796,0.0807925011552237,0.0763665791097796,0.15,1.0,300,main_N50_T100_rho0.8_xsd0,50,100,0.8,0.0,,,
DB,0,0.0004388286220448,0.0083728485190805,0.0068401254338802,0.97,1.0,300,main_N50_T100_rho0.8_xsd0,50,100,0.8,0.0,,,
DB,1,0.0012362198580551,0.0101690200693602,0.0080946936596064,0.9333333333333332,1.0,300,main_N50_T100_rho0.8_xsd0,50,100,0.8,0.0,,,
DB,2,0.0028218482989871,0.0123954709490028,0.0097913337630169,0.95,1.0,300,main_N50_T100_rho0.8_xsd0,50,100,0.8,0.0,,,
DB,3,0.0038576472902351,0.0153692490454874,0.0121882593917081,0.89,1.0,300,main_N50_T100_rho0.8_xsd0,50,100,0.8,0.0,,,
DB,4,0.0048205311827313,0.0179747952168977,0.0141989328876569,0.8433333333333334,1.0,300,main_N50_T100_rho0.8_xsd0,50,100,0.8,0.0,,,
DB,5,0.005408826963865,0.0193922300383136,0.0156911661296769,0.83,1.0,300,main_N50_T100_rho0.8_xsd0,50,100,0.8,0.0,,,
DB,6,0.0064639804224998,0.0210254477127909,0.0169618808136913,0.7833333333333333,1.0,300,main_N50_T100_rho0.8_xsd0,50,100,0.8,0.0,,,
DB,7,0.0068620963765919,0.021407433990245,0.0175432455330766,0.79,1.0,300,main_N50_T100_rho0.8_xsd0,50,100,0.8,0.0,,,
DB,8,0.0069376490425427,0.0220617071583926,0.0179341075273154,0.7866666666666666,1.0,300,main_N50_T100_rho0.8_xsd0,50,100,0.8,0.0,,,
DB,9,0.0081716302748485,0.0226017420202224,0.0183997633091633,0.7833333333333333,0.9833333333333332,300,main_N50_T100_rho0.8_xsd0,50,100,0.8,0.0,,,
DB,10,0.0085924761458046,0.022605982458757,0.0183765108219685,0.7866666666666666,0.8966666666666666,300,main_N50_T100_rho0.8_xsd0,50,100,0.8,0.0,,,
FE,0,0.0004388286220448,0.0083728485190805,0.0068401254338802,0.97,1.0,300,main_N50_T100_rho0.8_xsd0,50,100,0.8,0.0,,,
FE,1,0.011558383279192,0.0152706843474843,0.0128837922829751,0.79,1.0,300,main_N50_T100_rho0.8_xsd0,50,100,0.8,0.0,,,
FE,2,0.0212614239563594,0.024347890885736,0.0216763747959251,0.5466666666666666,1.0,300,main_N50_T100_rho0.8_xsd0,50,100,0.8,0.0,,,
FE,3,0.0286768241340205,0.0321752871098141,0.0290937718672837,0.3866666666666666,1.0,300,main_N50_T100_rho0.8_xsd0,50,100,0.8,0.0,,,
FE,4,0.0346485002025016,0.0385715762057447,0.0349361676391833,0.3,1.0,300,main_N50_T100_rho0.8_xsd0,50,100,0.8,0.0,,,
FE,5,0.0391632382397965,0.0431893759779321,0.0394844434009907,0.2633333333333333,1.0,300,main_N50_T100_rho0.8_xsd0,50,100,0.8,0.0,,,
FE,6,0.0432892002725723,0.0474962593363664,0.0436065116087726,0.2233333333333333,1.0,300,main_N50_T100_rho0.8_xsd0,50,100,0.8,0.0,,,
FE,7,0.046080658564719,0.0501507778723392,0.0462853447912865,0.1833333333333333,0.9966666666666668,300,main_N50_T100_rho0.8_xsd0,50,100,0.8,0.0,,,
FE,8,0.0480120696362271,0.0521957918424246,0.0480818589661291,0.1866666666666666,0.8966666666666666,300,main_N50_T100_rho0.8_xsd0,50,100,0.8,0.0,,,
FE,9,0.0506743641176392,0.0547234586049538,0.0507148370407653,0.1533333333333333,0.5333333333333333,300,main_N50_T100_rho0.8_xsd0,50,100,0.8,0.0,,,
FE,10,0.0521822701835197,0.0560548828168085,0.0522151082837395,0.1066666666666666,0.2733333333333333,300,main_N50_T100_rho0.8_xsd0,50,100,0.8,0.0,,,
HPJ,0,-7.070901655069628e-06,0.0218561337725606,0.0173961166927606,0.5866666666666667,1.0,300,main_N50_T100_rho0.8_xsd0,50,100,0.8,0.0,,,
HPJ,1,0.0106832159551991,0.0298786700786564,0.0238408435443177,0.5,1.0,300,main_N50_T100_rho0.8_xsd0,50,100,0.8,0.0,,,
HPJ,2,0.0188165840025574,0.0400399485897898,0.0322939420301243,0.41,1.0,300,main_N50_T100_rho0.8_xsd0,50,100,0.8,0.0,,,
HPJ,3,0.0270880607034272,0.050720715808092,0.0409260119541041,0.3733333333333333,1.0,300,main_N50_T100_rho0.8_xsd0,50,100,0.8,0.0,,,
HPJ,4,0.0337455159348406,0.0579413727132843,0.0468177726571707,0.3366666666666666,1.0,300,main_N50_T100_rho0.8_xsd0,50,100,0.8,0.0,,,
HPJ,5,0.0385814438536573,0.0625585957855916,0.0508502325234669,0.33,0.9933333333333332,300,main_N50_T100_rho0.8_xsd0,50,100,0.8,0.0,,,
HPJ,6,0.0416374384168646,0.0671258364259049,0.0550119267342913,0.2733333333333333,0.9766666666666668,300,main_N50_T100_rho0.8_xsd0,50,100,0.8,0.0,,,
HPJ,7,0.0434429149857575,0.0691345225954938,0.0564554786205955,0.29,0.88,300,main_N50_T100_rho0.8_xsd0,50,100,0.8,0.0,,,
HPJ,8,0.0470769301177985,0.0719211825392471,0.0590204662500029,0.2666666666666666,0.7533333333333333,300,main_N50_T100_rho0.8_xsd0,50,100,0.8,0.0,,,
HPJ,9,0.0486939431851767,0.0737781632531145,0.0597035906626267,0.3,0.6466666666666666,300,main_N50_T100_rho0.8_xsd0,50,100,0.8,0.0,,,
HPJ,10,0.0494949589042294,0.0734388458135721,0.0587762575177738,0.3033333333333333,0.6333333333333333,300,main_N50_T100_rho0.8_xsd0,50,100,0.8,0.0,,,
SPJ,0,0.0004282676289352,0.0087210952263917,0.0071229390784367,0.9666666666666668,1.0,300,main_N50_T100_rho0.8_xsd0,50,100,0.8,0.0,,,
SPJ,1,-0.0006154940911783,0.0108102838817223,0.0084670492401743,0.94,1.0,300,main_N50_T100_rho0.8_xsd0,50,100,0.8,0.0,,,
SPJ,2,-0.0005297853387208,0.0132712384320305,0.0103715518743162,0.93,1.0,300,main_N50_T100_rho0.8_xsd0,50,100,0.8,0.0,,,
SPJ,3,-0.0004997622713854,0.0166784209757444,0.0131454840272409,0.8866666666666667,1.0,300,main_N50_T100_rho0.8_xsd0,50,100,0.8,0.0,,,
SPJ,4,-0.0001446697222575,0.0197927176529914,0.015665948634898,0.86,1.0,300,main_N50_T100_rho0.8_xsd0,50,100,0.8,0.0,,,
SPJ,5,0.0002235930812609,0.0217923065574102,0.0172453422295258,0.82,1.0,300,main_N50_T100_rho0.8_xsd0,50,100,0.8,0.0,,,
SPJ,6,0.0012861719617907,0.0238240046723522,0.0189851950942456,0.7933333333333333,1.0,300,main_N50_T100_rho0.8_xsd0,50,100,0.8,0.0,,,
SPJ,7,0.0021126300216932,0.0246545722588914,0.019746286172185,0.79,1.0,300,main_N50_T100_rho0.8_xsd0,50,100,0.8,0.0,,,
SPJ,8,0.0027967942328574,0.0258831158061565,0.0209103927711329,0.7933333333333333,0.9933333333333332,300,main_N50_T100_rho0.8_xsd0,50,100,0.8,0.0,,,
SPJ,9,0.0049234608206409,0.0265157941147036,0.0213170037356775,0.8,0.9533333333333334,300,main_N50_T100_rho0.8_xsd0,50,100,0.8,0.0,,,
SPJ,10,0.0063652759491191,0.0269980720360817,0.021687622539977,0.7733333333333333,0.8266666666666667,300,main_N50_T100_rho0.8_xsd0,50,100,0.8,0.0,,,
CDOLS,0,0.0008820498180078,0.0368533191830859,0.0291085752950894,0.9566666666666668,1.0,300,main_N50_T100_rho0.8_xsd1,50,100,0.8,1.0,,,
CDOLS,1,-0.0085883032056267,0.0342844513325316,0.0280140565259001,0.65,1.0,300,main_N50_T100_rho0.8_xsd1,50,100,0.8,1.0,,,
CDOLS,2,-0.0151993289013216,0.0410197104134368,0.0331454440969539,0.6,1.0,300,main_N50_T100_rho0.8_xsd1,50,100,0.8,1.0,,,
CDOLS,3,-0.0224428316637287,0.0491633852469363,0.0388321598205942,0.5733333333333334,1.0,300,main_N50_T100_rho0.8_xsd1,50,100,0.8,1.0,,,
CDOLS,4,-0.0275405927339624,0.0532573828964953,0.0431363779002875,0.4833333333333333,1.0,300,main_N50_T100_rho0.8_xsd1,50,100,0.8,1.0,,,
CDOLS,5,-0.0313954469947556,0.0561065723046977,0.0445898541671948,0.5433333333333333,1.0,300,main_N50_T100_rho0.8_xsd1,50,100,0.8,1.0,,,
CDOLS,6,-0.0348419984324458,0.0603866837066808,0.0493153767947158,0.46,1.0,300,main_N50_T100_rho0.8_xsd1,50,100,0.8,1.0,,,
CDOLS,7,-0.03643629527721,0.0615847676039686,0.0504402943265442,0.4366666666666666,0.98,300,main_N50_T100_rho0.8_xsd1,50,100,0.8,1.0,,,
CDOLS,8,-0.0439235422576792,0.0660027022963826,0.0542594148257432,0.4466666666666666,0.9733333333333334,300,main_N50_T100_rho0.8_xsd1,50,100,0.8,1.0,,,
CDOLS,9,-0.0465929129667826,0.06967606880561,0.0566399953580871,0.41,0.95,300,main_N50_T100_rho0.8_xsd1,50,100,0.8,1.0,,,
CDOLS,10,-0.0485997146938924,0.0710107684891262,0.0593837392820717,0.3966666666666666,0.9033333333333332,300,main_N50_T100_rho0.8_xsd1,50,100,0.8,1.0,,,
DB,0,0.0005518914609949,0.0145628346481863,0.0114897558563742,0.6433333333333333,1.0,300,main_N50_T100_rho0.8_xsd1,50,100,0.8,1.0,,,
DB,1,0.004148050866745,0.0220995577279266,0.0175941541843544,0.9033333333333332,1.0,300,main_N50_T100_rho0.8_xsd1,50,100,0.8,1.0,,,
DB,2,0.0066197405245699,0.0359600693137688,0.0290467501918205,0.8733333333333333,1.0,300,main_N50_T100_rho0.8_xsd1,50,100,0.8,1.0,,,
DB,3,0.0075961172185309,0.0449167055076521,0.0361952320365673,0.81,1.0,300,main_N50_T100_rho0.8_xsd1,50,100,0.8,1.0,,,
DB,4,0.0084677970146673,0.0519437701488626,0.0413513808422702,0.7666666666666667,1.0,300,main_N50_T100_rho0.8_xsd1,50,100,0.8,1.0,,,
DB,5,0.0086520943982159,0.0567427115099577,0.0450318354846325,0.7733333333333333,0.9933333333333332,300,main_N50_T100_rho0.8_xsd1,50,100,0.8,1.0,,,
DB,6,0.0085199427720702,0.0596913785809115,0.0481786848914526,0.7766666666666666,0.8933333333333333,300,main_N50_T100_rho0.8_xsd1,50,100,0.8,1.0,,,
DB,7,0.0077906302076854,0.0612447633666143,0.0481482834856235,0.7633333333333333,0.8,300,main_N50_T100_rho0.8_xsd1,50,100,0.8,1.0,,,
DB,8,0.0064595837791323,0.0619524795941117,0.0489669441822745,0.7366666666666667,0.6666666666666666,300,main_N50_T100_rho0.8_xsd1,50,100,0.8,1.0,,,
DB,9,0.006944554770289,0.062410540086281,0.0497483732374782,0.7433333333333333,0.4833333333333333,300,main_N50_T100_rho0.8_xsd1,50,100,0.8,1.0,,,
DB,10,0.0076305339222293,0.0628547923399571,0.0495633185690123,0.7466666666666667,0.3666666666666666,300,main_N50_T100_rho0.8_xsd1,50,100,0.8,1.0,,,
FE,0,0.0005518914609949,0.0145628346481863,0.0114897558563742,0.6433333333333333,1.0,300,main_N50_T100_rho0.8_xsd1,50,100,0.8,1.0,,,
FE,1,0.014513786433884,0.025961933960915,0.0203286247339122,0.8433333333333334,1.0,300,main_N50_T100_rho0.8_xsd1,50,100,0.8,1.0,,,
FE,2,0.0251036703237642,0.0428550782225704,0.034357522543529,0.7533333333333333,1.0,300,main_N50_T100_rho0.8_xsd1,50,100,0.8,1.0,,,
FE,3,0.0324457349178845,0.0540016406742069,0.0435454889974627,0.7066666666666667,1.0,300,main_N50_T100_rho0.8_xsd1,50,100,0.8,1.0,,,
FE,4,0.0383129042386506,0.0627576734052226,0.0507917710737425,0.69,0.9966666666666668,300,main_N50_T100_rho0.8_xsd1,50,100,0.8,1.0,,,
FE,5,0.0424183229773575,0.0688405011281226,0.0555178974563188,0.66,0.93,300,main_N50_T100_rho0.8_xsd1,50,100,0.8,1.0,,,
FE,6,0.0453622654388156,0.0728534942751864,0.0591995935874308,0.6166666666666667,0.7633333333333333,300,main_N50_T100_rho0.8_xsd1,50,100,0.8,1.0,,,
FE,7,0.0470421256801317,0.0751038929879648,0.0617617923958114,0.5966666666666667,0.5733333333333334,300,main_N50_T100_rho0.8_xsd1,50,100,0.8,1.0,,,
FE,8,0.0475918685527249,0.0760357896026229,0.0633347183224793,0.5966666666666667,0.36,300,main_N50_T100_rho0.8_xsd1,50,100,0.8,1.0,,,
FE,9,0.0495371566457495,0.0776357837400434,0.0647288309150201,0.5833333333333334,0.26,300,main_N50_T100_rho0.8_xsd1,50,100,0.8,1.0,,,
FE,10,0.0513471329890108,0.0792678530218769,0.066678625564592,0.5733333333333334,0.2233333333333333,300,main_N50_T100_rho0.8_xsd1,50,100,0.8,1.0,,,
HPJ,0,-0.0012737521436634,0.0421751990238253,0.0329613541551573,0.2466666666666666,1.0,300,main_N50_T100_rho0.8_xsd1,50,100,0.8,1.0,,,
HPJ,1,0.0116002037104212,0.0342766469819611,0.0270607626621386,0.7066666666666667,1.0,300,main_N50_T100_rho0.8_xsd1,50,100,0.8,1.0,,,
HPJ,2,0.023448501420358,0.0535806016379768,0.0426012881170678,0.69,1.0,300,main_N50_T100_rho0.8_xsd1,50,100,0.8,1.0,,,
HPJ,3,0.0297185501913447,0.0657508912980334,0.0517673001253858,0.6366666666666667,1.0,300,main_N50_T100_rho0.8_xsd1,50,100,0.8,1.0,,,
HPJ,4,0.0346626417878429,0.073428034177072,0.0583954772358612,0.6366666666666667,0.9833333333333332,300,main_N50_T100_rho0.8_xsd1,50,100,0.8,1.0,,,
HPJ,5,0.0390422252080133,0.0798930279324208,0.0639573828631482,0.6133333333333333,0.8766666666666667,300,main_N50_T100_rho0.8_xsd1,50,100,0.8,1.0,,,
HPJ,6,0.0414347803583076,0.0832310983868593,0.0665358869295577,0.58,0.7333333333333333,300,main_N50_T100_rho0.8_xsd1,50,100,0.8,1.0,,,
HPJ,7,0.0432901100425758,0.0865975606840284,0.0699498855437705,0.54,0.59,300,main_N50_T100_rho0.8_xsd1,50,100,0.8,1.0,,,
HPJ,8,0.0441401622624177,0.0886293389848774,0.0705014126089229,0.5666666666666667,0.4666666666666667,300,main_N50_T100_rho0.8_xsd1,50,100,0.8,1.0,,,
HPJ,9,0.0460186996325058,0.0910781647635075,0.0727915568580482,0.56,0.4066666666666667,300,main_N50_T100_rho0.8_xsd1,50,100,0.8,1.0,,,
HPJ,10,0.0480602737471309,0.0935411985140032,0.0744266391306363,0.5433333333333333,0.3833333333333333,300,main_N50_T100_rho0.8_xsd1,50,100,0.8,1.0,,,
SPJ,0,0.0005589192476327,0.0142555211859115,0.0113103603250775,0.7,1.0,300,main_N50_T100_rho0.8_xsd1,50,100,0.8,1.0,,,
SPJ,1,-0.0003150182157439,0.025312259441063,0.0198104842970144,0.9233333333333332,1.0,300,main_N50_T100_rho0.8_xsd1,50,100,0.8,1.0,,,
SPJ,2,-0.0006516733232426,0.0423700779393375,0.0327970595782091,0.8466666666666667,1.0,300,main_N50_T100_rho0.8_xsd1,50,100,0.8,1.0,,,
SPJ,3,-0.0012864510096855,0.0546774466540785,0.0420580026208431,0.82,1.0,300,main_N50_T100_rho0.8_xsd1,50,100,0.8,1.0,,,
SPJ,4,-0.0010010714694731,0.0646747488845541,0.0497674740778441,0.7666666666666667,1.0,300,main_N50_T100_rho0.8_xsd1,50,100,0.8,1.0,,,
SPJ,5,-0.0005800643588138,0.072012165140505,0.0550732662407207,0.7266666666666667,0.9633333333333334,300,main_N50_T100_rho0.8_xsd1,50,100,0.8,1.0,,,
SPJ,6,0.0003467932696607,0.0770597588614673,0.058984434931849,0.7166666666666667,0.8833333333333333,300,main_N50_T100_rho0.8_xsd1,50,100,0.8,1.0,,,
SPJ,7,0.0006542767621003,0.0802580775613521,0.0608549768121456,0.71,0.75,300,main_N50_T100_rho0.8_xsd1,50,100,0.8,1.0,,,
SPJ,8,0.0008684002705486,0.0821391839308168,0.0620553464337596,0.6866666666666666,0.6166666666666667,300,main_N50_T100_rho0.8_xsd1,50,100,0.8,1.0,,,
SPJ,9,0.0027068937729069,0.0835749105107006,0.0633934563362115,0.6833333333333333,0.4066666666666667,300,main_N50_T100_rho0.8_xsd1,50,100,0.8,1.0,,,
SPJ,10,0.0052013430450744,0.085152261154522,0.0648381898987377,0.6766666666666666,0.33,300,main_N50_T100_rho0.8_xsd1,50,100,0.8,1.0,,,
CDOLS,0,0.0030335837010921,0.0198807023107531,0.015735898394642,0.9533333333333334,1.0,300,main_N50_T100_rho0.95_xsd0,50,100,0.95,0.0,,,
CDOLS,1,-0.0101608743786353,0.0241109587017849,0.0192482293926156,0.9133333333333332,1.0,300,main_N50_T100_rho0.95_xsd0,50,100,0.95,0.0,,,
CDOLS,2,-0.0205112656910033,0.0316083199588233,0.0252090029487386,0.8466666666666667,1.0,300,main_N50_T100_rho0.95_xsd0,50,100,0.95,0.0,,,
CDOLS,3,-0.03125113278262,0.0386622544914194,0.0330945472695587,0.75,1.0,300,main_N50_T100_rho0.95_xsd0,50,100,0.95,0.0,,,
CDOLS,4,-0.0408973568450729,0.0477927680804238,0.0417993259375774,0.65,1.0,300,main_N50_T100_rho0.95_xsd0,50,100,0.95,0.0,,,
CDOLS,5,-0.0519592226747863,0.0574630539689487,0.0524060752161043,0.4966666666666666,1.0,300,main_N50_T100_rho0.95_xsd0,50,100,0.95,0.0,,,
CDOLS,6,-0.0601520478204354,0.0653481700724964,0.0602091869119541,0.39,1.0,300,main_N50_T100_rho0.95_xsd0,50,100,0.95,0.0,,,
CDOLS,7,-0.0684357828640184,0.0735574110446356,0.0685877194360706,0.3,1.0,300,main_N50_T100_rho0.95_xsd0,50,100,0.95,0.0,,,
CDOLS,8,-0.0794955736021241,0.0844211831744606,0.0794955736021241,0.19,1.0,300,main_N50_T100_rho0.95_xsd0,50,100,0.95,0.0,,,
CDOLS,9,-0.0858822037095468,0.0907463344362235,0.0858822037095468,0.1566666666666666,1.0,300,main_N50_T100_rho0.95_xsd0,50,100,0.95,0.0,,,
CDOLS,10,-0.0934042889716476,0.0979160312430336,0.0934042889716476,0.11,1.0,300,main_N50_T100_rho0.95_xsd0,50,100,0.95,0.0,,,
DB,0,1.003918680234676e-05,0.0050177463648699,0.0040356458257718,0.95,1.0,300,main_N50_T100_rho0.95_xsd0,50,100,0.95,0.0,,,
DB,1,0.0035979255420807,0.0071865211113022,0.0057921012591749,0.8966666666666666,1.0,300,main_N50_T100_rho0.95_xsd0,50,100,0.95,0.0,,,
DB,2,0.0076401665653284,0.0113252112726212,0.0091496703832795,0.8266666666666667,1.0,300,main_N50_T100_rho0.95_xsd0,50,100,0.95,0.0,,,
DB,3,0.0116230109476249,0.0160227715481512,0.0131316259181331,0.71,1.0,300,main_N50_T100_rho0.95_xsd0,50,100,0.95,0.0,,,
DB,4,0.0156485561218798,0.020826802649882,0.0172135533274817,0.6033333333333334,1.0,300,main_N50_T100_rho0.95_xsd0,50,100,0.95,0.0,,,
DB,5,0.0196257302356371,0.0253739446837461,0.0212142442352087,0.5366666666666666,1.0,300,main_N50_T100_rho0.95_xsd0,50,100,0.95,0.0,,,
DB,6,0.0238676109093012,0.030032484797709,0.025387176678543,0.4666666666666667,1.0,300,main_N50_T100_rho0.95_xsd0,50,100,0.95,0.0,,,
DB,7,0.0277833969327968,0.0341748292407382,0.0289502456218391,0.4333333333333333,1.0,300,main_N50_T100_rho0.95_xsd0,50,100,0.95,0.0,,,
DB,8,0.0316123480550604,0.0384167234576919,0.0326005788172516,0.4066666666666667,1.0,300,main_N50_T100_rho0.95_xsd0,50,100,0.95,0.0,,,
DB,9,0.035833710001861,0.0428245661597529,0.0366124224003157,0.3666666666666666,1.0,300,main_N50_T100_rho0.95_xsd0,50,100,0.95,0.0,,,
DB,10,0.0397110708780854,0.0467056904887864,0.0403353641179846,0.3366666666666666,1.0,300,main_N50_T100_rho0.95_xsd0,50,100,0.95,0.0,,,
FE,0,1.003918680234676e-05,0.0050177463648699,0.0040356458257718,0.95,1.0,300,main_N50_T100_rho0.95_xsd0,50,100,0.95,0.0,,,
FE,1,0.0132505605003627,0.0146177610713399,0.0133000925986314,0.4,1.0,300,main_N50_T100_rho0.95_xsd0,50,100,0.95,0.0,,,
FE,2,0.0262864354735754,0.0275550055633161,0.0262864354735754,0.0766666666666666,1.0,300,main_N50_T100_rho0.95_xsd0,50,100,0.95,0.0,,,
FE,3,0.0386433222303552,0.0401419352081286,0.0386433222303552,0.01,1.0,300,main_N50_T100_rho0.95_xsd0,50,100,0.95,0.0,,,
FE,4,0.0504598132693858,0.052234432340419,0.0504598132693858,0.0,1.0,300,main_N50_T100_rho0.95_xsd0,50,100,0.95,0.0,,,
FE,5,0.0616785987813403,0.06365464013741,0.0616785987813403,0.0,1.0,300,main_N50_T100_rho0.95_xsd0,50,100,0.95,0.0,,,
FE,6,0.072643952881169,0.074782500125418,0.072643952881169,0.0,1.0,300,main_N50_T100_rho0.95_xsd0,50,100,0.95,0.0,,,
FE,7,0.0827938597631687,0.0850145139048891,0.0827938597631687,0.0,1.0,300,main_N50_T100_rho0.95_xsd0,50,100,0.95,0.0,,,
FE,8,0.0923940957163256,0.0947717333863401,0.0923940957163256,0.0,1.0,300,main_N50_T100_rho0.95_xsd0,50,100,0.95,0.0,,,
FE,9,0.1019482848507977,0.1044169960208995,0.1019482848507977,0.0,1.0,300,main_N50_T100_rho0.95_xsd0,50,100,0.95,0.0,,,
FE,10,0.1107423753427615,0.113217914157053,0.1107423753427615,0.0,1.0,300,main_N50_T100_rho0.95_xsd0,50,100,0.95,0.0,,,
HPJ,0,0.0003065302830283,0.013590641088783,0.0107417960375084,0.5233333333333333,1.0,300,main_N50_T100_rho0.95_xsd0,50,100,0.95,0.0,,,
HPJ,1,0.0128710385409259,0.0211353070939739,0.0170744644322686,0.3966666666666666,1.0,300,main_N50_T100_rho0.95_xsd0,50,100,0.95,0.0,,,
HPJ,2,0.0248931573320404,0.0338210085464622,0.0284039477673649,0.2566666666666666,1.0,300,main_N50_T100_rho0.95_xsd0,50,100,0.95,0.0,,,
HPJ,3,0.0370134239193374,0.0475268247052346,0.0405485347167394,0.23,1.0,300,main_N50_T100_rho0.95_xsd0,50,100,0.95,0.0,,,
HPJ,4,0.0486456266309605,0.060403421415541,0.0520862772269461,0.1633333333333333,1.0,300,main_N50_T100_rho0.95_xsd0,50,100,0.95,0.0,,,
HPJ,5,0.0593876956888127,0.0723432764710975,0.0629162737253014,0.1366666666666666,1.0,300,main_N50_T100_rho0.95_xsd0,50,100,0.95,0.0,,,
HPJ,6,0.0694965458872708,0.0837633185791227,0.0732319105485973,0.1333333333333333,1.0,300,main_N50_T100_rho0.95_xsd0,50,100,0.95,0.0,,,
HPJ,7,0.0788895930425763,0.0939339751255616,0.0825552136043317,0.13,1.0,300,main_N50_T100_rho0.95_xsd0,50,100,0.95,0.0,,,
HPJ,8,0.0887094477761477,0.1041518680451709,0.0917070500287793,0.1133333333333333,1.0,300,main_N50_T100_rho0.95_xsd0,50,100,0.95,0.0,,,
HPJ,9,0.0975988729904471,0.1136259536376509,0.1003255876630879,0.1066666666666666,1.0,300,main_N50_T100_rho0.95_xsd0,50,100,0.95,0.0,,,
HPJ,10,0.1059197970609322,0.1222304571760986,0.1083238826480511,0.0866666666666666,1.0,300,main_N50_T100_rho0.95_xsd0,50,100,0.95,0.0,,,
SPJ,0,-1.888369163256261e-05,0.0061227393049774,0.0048615106025988,0.9666666666666668,1.0,300,main_N50_T100_rho0.95_xsd0,50,100,0.95,0.0,,,
SPJ,1,-0.0024082989326409,0.0086779360366077,0.0070322473097797,0.94,1.0,300,main_N50_T100_rho0.95_xsd0,50,100,0.95,0.0,,,
SPJ,2,-0.003943557341305,0.0124276281754202,0.0102472523728126,0.9,1.0,300,main_N50_T100_rho0.95_xsd0,50,100,0.95,0.0,,,
SPJ,3,-0.0050015456655109,0.0164410798139256,0.0134842066696152,0.86,1.0,300,main_N50_T100_rho0.95_xsd0,50,100,0.95,0.0,,,
SPJ,4,-0.0053245396410036,0.0202283469928525,0.0165187091128847,0.83,1.0,300,main_N50_T100_rho0.95_xsd0,50,100,0.95,0.0,,,
SPJ,5,-0.0052072470062067,0.0237814250267495,0.0193665563570917,0.79,1.0,300,main_N50_T100_rho0.95_xsd0,50,100,0.95,0.0,,,
SPJ,6,-0.0042321777238371,0.0267911063102793,0.0217436035616794,0.7766666666666666,1.0,300,main_N50_T100_rho0.95_xsd0,50,100,0.95,0.0,,,
SPJ,7,-0.0029661261582665,0.0295790596666228,0.0239605409672283,0.77,1.0,300,main_N50_T100_rho0.95_xsd0,50,100,0.95,0.0,,,
SPJ,8,-0.0010443228721409,0.0323497906308858,0.0261957846047847,0.76,1.0,300,main_N50_T100_rho0.95_xsd0,50,100,0.95,0.0,,,
SPJ,9,0.001692181120329,0.0351423698256278,0.0282526250057991,0.75,1.0,300,main_N50_T100_rho0.95_xsd0,50,100,0.95,0.0,,,
SPJ,10,0.0049042158239889,0.0377005633489131,0.0302118203060656,0.75,1.0,300,main_N50_T100_rho0.95_xsd0,50,100,0.95,0.0,,,
CDOLS,0,0.0008953620163925,0.0368535111605004,0.0290555864138313,0.9566666666666668,1.0,300,main_N50_T100_rho0.95_xsd1,50,100,0.95,1.0,,,
CDOLS,1,-0.0066114437541162,0.0342544240898115,0.0279784926012051,0.64,1.0,300,main_N50_T100_rho0.95_xsd1,50,100,0.95,1.0,,,
CDOLS,2,-0.0125650663066385,0.0443826600389759,0.0359603389633707,0.5866666666666667,1.0,300,main_N50_T100_rho0.95_xsd1,50,100,0.95,1.0,,,
CDOLS,3,-0.020130943749315,0.0549454333217431,0.043386136867052,0.51,1.0,300,main_N50_T100_rho0.95_xsd1,50,100,0.95,1.0,,,
CDOLS,4,-0.026052128606687,0.0629528362911173,0.0499415603846308,0.4866666666666667,1.0,300,main_N50_T100_rho0.95_xsd1,50,100,0.95,1.0,,,
CDOLS,5,-0.0318986259567013,0.0688903070274679,0.0540022977106776,0.5066666666666667,1.0,300,main_N50_T100_rho0.95_xsd1,50,100,0.95,1.0,,,
CDOLS,6,-0.0376548554331158,0.0760636636325491,0.0591701821743039,0.44,1.0,300,main_N50_T100_rho0.95_xsd1,50,100,0.95,1.0,,,
CDOLS,7,-0.0418233217548787,0.0795748525768139,0.0621129651283765,0.4666666666666667,1.0,300,main_N50_T100_rho0.95_xsd1,50,100,0.95,1.0,,,
CDOLS,8,-0.0518947264592435,0.087601858691716,0.0686189356904151,0.4266666666666667,1.0,300,main_N50_T100_rho0.95_xsd1,50,100,0.95,1.0,,,
CDOLS,9,-0.0579944327956995,0.0948186745301992,0.0737322463229899,0.4333333333333333,1.0,300,main_N50_T100_rho0.95_xsd1,50,100,0.95,1.0,,,
CDOLS,10,-0.0649056596617217,0.1001673314969042,0.0795527379838495,0.3833333333333333,1.0,300,main_N50_T100_rho0.95_xsd1,50,100,0.95,1.0,,,
DB,0,-7.060185865541616e-05,0.0058614038096329,0.0046412982933173,0.84,1.0,300,main_N50_T100_rho0.95_xsd1,50,100,0.95,1.0,,,
DB,1,0.0063383759788419,0.0143578198314042,0.0113602179712589,0.8866666666666667,1.0,300,main_N50_T100_rho0.95_xsd1,50,100,0.95,1.0,,,
DB,2,0.0124125465645436,0.0259432207262885,0.0208610296735892,0.8066666666666666,1.0,300,main_N50_T100_rho0.95_xsd1,50,100,0.95,1.0,,,
DB,3,0.0179382584665438,0.0363979791916518,0.0295527781658208,0.7433333333333333,1.0,300,main_N50_T100_rho0.95_xsd1,50,100,0.95,1.0,,,
DB,4,0.0235387064536176,0.0465393060941208,0.0379363223599021,0.6733333333333333,1.0,300,main_N50_T100_rho0.95_xsd1,50,100,0.95,1.0,,,
DB,5,0.0286735697189966,0.0555487736985118,0.0455959966271643,0.6233333333333333,1.0,300,main_N50_T100_rho0.95_xsd1,50,100,0.95,1.0,,,
DB,6,0.0336953231156042,0.0636804934918794,0.0528679697620122,0.58,1.0,300,main_N50_T100_rho0.95_xsd1,50,100,0.95,1.0,,,
DB,7,0.0382718401099704,0.0711996707766089,0.0595597652579401,0.5333333333333333,1.0,300,main_N50_T100_rho0.95_xsd1,50,100,0.95,1.0,,,
DB,8,0.0425767437964865,0.077879496730199,0.0656239013178171,0.48,1.0,300,main_N50_T100_rho0.95_xsd1,50,100,0.95,1.0,,,
DB,9,0.0473637669836132,0.0844263483960703,0.0716596594668429,0.4633333333333333,1.0,300,main_N50_T100_rho0.95_xsd1,50,100,0.95,1.0,,,
DB,10,0.0520588871297583,0.0906547404415276,0.0775406251649269,0.43,1.0,300,main_N50_T100_rho0.95_xsd1,50,100,0.95,1.0,,,
FE,0,-7.060185865541616e-05,0.0058614038096329,0.0046412982933173,0.84,1.0,300,main_N50_T100_rho0.95_xsd1,50,100,0.95,1.0,,,
FE,1,0.0164812481538422,0.0208992692890654,0.0174925489104514,0.65,1.0,300,main_N50_T100_rho0.95_xsd1,50,100,0.95,1.0,,,
FE,2,0.0319513081978344,0.0391280486775715,0.0334596920771182,0.54,1.0,300,main_N50_T100_rho0.95_xsd1,50,100,0.95,1.0,,,
FE,3,0.0461781189258081,0.0557349862426612,0.0480247022639437,0.4533333333333333,1.0,300,main_N50_T100_rho0.95_xsd1,50,100,0.95,1.0,,,
FE,4,0.0598324709937501,0.0715912691594103,0.0621286325344917,0.3833333333333333,1.0,300,main_N50_T100_rho0.95_xsd1,50,100,0.95,1.0,,,
FE,5,0.0724174208846539,0.085967390360577,0.0750778992586759,0.3233333333333333,1.0,300,main_N50_T100_rho0.95_xsd1,50,100,0.95,1.0,,,
FE,6,0.0843249435941905,0.099259928566087,0.0873747366982748,0.2866666666666667,1.0,300,main_N50_T100_rho0.95_xsd1,50,100,0.95,1.0,,,
FE,7,0.0952588441911077,0.1114779420131817,0.0988657096265854,0.2366666666666666,1.0,300,main_N50_T100_rho0.95_xsd1,50,100,0.95,1.0,,,
FE,8,0.1054253875571355,0.1226309090075031,0.1095424305235909,0.2066666666666666,1.0,300,main_N50_T100_rho0.95_xsd1,50,100,0.95,1.0,,,
FE,9,0.1156079099725176,0.1335885882169268,0.1201349733852178,0.1866666666666666,1.0,300,main_N50_T100_rho0.95_xsd1,50,100,0.95,1.0,,,
FE,10,0.1252591807006231,0.1439679991247632,0.1300830841711464,0.1866666666666666,0.9966666666666668,300,main_N50_T100_rho0.95_xsd1,50,100,0.95,1.0,,,
HPJ,0,-0.0009463943143962,0.0162732527337834,0.0125175817272584,0.42,1.0,300,main_N50_T100_rho0.95_xsd1,50,100,0.95,1.0,,,
HPJ,1,0.0150633051961778,0.0253636476444004,0.0200384577062233,0.61,1.0,300,main_N50_T100_rho0.95_xsd1,50,100,0.95,1.0,,,
HPJ,2,0.030768938487441,0.0450276134792122,0.0359509670104964,0.5566666666666666,1.0,300,main_N50_T100_rho0.95_xsd1,50,100,0.95,1.0,,,
HPJ,3,0.044319405409981,0.0627648382168054,0.0503072968620821,0.51,1.0,300,main_N50_T100_rho0.95_xsd1,50,100,0.95,1.0,,,
HPJ,4,0.0573132994903633,0.079097053349448,0.0640621781991662,0.4366666666666666,1.0,300,main_N50_T100_rho0.95_xsd1,50,100,0.95,1.0,,,
HPJ,5,0.0697285175257992,0.094742963193863,0.0774979932975538,0.38,1.0,300,main_N50_T100_rho0.95_xsd1,50,100,0.95,1.0,,,
HPJ,6,0.0811533823690414,0.108287280056163,0.0896132603285439,0.3633333333333333,1.0,300,main_N50_T100_rho0.95_xsd1,50,100,0.95,1.0,,,
HPJ,7,0.0920456209412932,0.1219266054298184,0.1015972636594392,0.3133333333333333,1.0,300,main_N50_T100_rho0.95_xsd1,50,100,0.95,1.0,,,
HPJ,8,0.1023501723229337,0.1342923508881175,0.1125798310701431,0.3033333333333333,0.9966666666666668,300,main_N50_T100_rho0.95_xsd1,50,100,0.95,1.0,,,
HPJ,9,0.1123991310395562,0.1459855393255013,0.1230821628285155,0.2833333333333333,0.9833333333333332,300,main_N50_T100_rho0.95_xsd1,50,100,0.95,1.0,,,
HPJ,10,0.1221041140398954,0.1569801308175926,0.133291626551691,0.2533333333333333,0.9633333333333334,300,main_N50_T100_rho0.95_xsd1,50,100,0.95,1.0,,,
SPJ,0,-8.017495499814675e-05,0.0059713422104379,0.0046765469790374,0.9233333333333332,1.0,300,main_N50_T100_rho0.95_xsd1,50,100,0.95,1.0,,,
SPJ,1,-0.0011673260891758,0.0173114237299383,0.0129626897538386,0.9233333333333332,1.0,300,main_N50_T100_rho0.95_xsd1,50,100,0.95,1.0,,,
SPJ,2,-0.0014490642717695,0.0312581326114021,0.0235556064026218,0.8766666666666667,1.0,300,main_N50_T100_rho0.95_xsd1,50,100,0.95,1.0,,,
SPJ,3,-0.0012463638604383,0.0442981293157307,0.0335505112263814,0.8033333333333333,1.0,300,main_N50_T100_rho0.95_xsd1,50,100,0.95,1.0,,,
SPJ,4,0.0002126661924011,0.0564020999969633,0.0432308671390046,0.76,1.0,300,main_N50_T100_rho0.95_xsd1,50,100,0.95,1.0,,,
SPJ,5,0.0022473094112717,0.0672869616011945,0.052240572923395,0.72,1.0,300,main_N50_T100_rho0.95_xsd1,50,100,0.95,1.0,,,
SPJ,6,0.0053178409376537,0.0775234309985666,0.0610381340759616,0.68,1.0,300,main_N50_T100_rho0.95_xsd1,50,100,0.95,1.0,,,
SPJ,7,0.0085232034329479,0.0872515958333933,0.0692750188356514,0.6466666666666666,1.0,300,main_N50_T100_rho0.95_xsd1,50,100,0.95,1.0,,,
SPJ,8,0.012441220664864,0.0960314412467769,0.0768507442525846,0.61,1.0,300,main_N50_T100_rho0.95_xsd1,50,100,0.95,1.0,,,
SPJ,9,0.0170777647234579,0.10455125473985,0.0841752636833904,0.5666666666666667,1.0,300,main_N50_T100_rho0.95_xsd1,50,100,0.95,1.0,,,
SPJ,10,0.0225100149050523,0.1121015969595697,0.0908412898967541,0.5566666666666666,1.0,300,main_N50_T100_rho0.95_xsd1,50,100,0.95,1.0,,,
CDOLS,0,0.0003866337615456,0.0440228263261801,0.0349713623997808,0.9366666666666666,1.0,300,main_N50_T20_rho0.2_xsd0,50,20,0.2,0.0,,,
CDOLS,1,-0.0260285236722646,0.0553980849295893,0.044308015482028,0.9166666666666666,0.85,300,main_N50_T20_rho0.2_xsd0,50,20,0.2,0.0,,,
CDOLS,2,-0.0303043281550967,0.057817004942533,0.0471612378514794,0.9133333333333332,0.2,300,main_N50_T20_rho0.2_xsd0,50,20,0.2,0.0,,,
CDOLS,3,-0.0265313828531172,0.0612514918938412,0.0493228147282639,0.9066666666666666,0.1133333333333333,300,main_N50_T20_rho0.2_xsd0,50,20,0.2,0.0,,,
CDOLS,4,-0.0336649737887312,0.0651599782848258,0.0529296817493714,0.8933333333333333,0.11,300,main_N50_T20_rho0.2_xsd0,50,20,0.2,0.0,,,
CDOLS,5,-0.0347397131463646,0.068698176734054,0.0549484399339372,0.8633333333333333,0.1366666666666666,300,main_N50_T20_rho0.2_xsd0,50,20,0.2,0.0,,,
CDOLS,6,-0.0269642145480208,0.0644323589168855,0.0512945014672355,0.9266666666666666,0.0733333333333333,300,main_N50_T20_rho0.2_xsd0,50,20,0.2,0.0,,,
DB,0,0.0018883759551362,0.0315192278614075,0.0250166406960827,0.9466666666666668,1.0,300,main_N50_T20_rho0.2_xsd0,50,20,0.2,0.0,,,
DB,1,0.0025872725766232,0.0381992833580299,0.030536162606256,0.9266666666666666,0.8533333333333334,300,main_N50_T20_rho0.2_xsd0,50,20,0.2,0.0,,,
DB,2,0.0067422861902365,0.0383544886790679,0.030805788682474,0.9466666666666668,0.0466666666666666,300,main_N50_T20_rho0.2_xsd0,50,20,0.2,0.0,,,
DB,3,0.0097625393411592,0.0424990134367645,0.0333688683915436,0.9266666666666666,0.0733333333333333,300,main_N50_T20_rho0.2_xsd0,50,20,0.2,0.0,,,
DB,4,0.002180158249817,0.0414759613160417,0.0333932747953586,0.9466666666666668,0.05,300,main_N50_T20_rho0.2_xsd0,50,20,0.2,0.0,,,
DB,5,0.0028465332857702,0.0450818248283855,0.0363936313815932,0.9066666666666666,0.0933333333333333,300,main_N50_T20_rho0.2_xsd0,50,20,0.2,0.0,,,
DB,6,0.010947937478105,0.0478404910709562,0.0368218707838759,0.9133333333333332,0.0866666666666666,300,main_N50_T20_rho0.2_xsd0,50,20,0.2,0.0,,,
FE,0,0.0018883759551362,0.0315192278614075,0.0250166406960827,0.9466666666666668,1.0,300,main_N50_T20_rho0.2_xsd0,50,20,0.2,0.0,,,
FE,1,0.0360825542164493,0.0519688827004142,0.0423733613103364,0.8166666666666667,0.64,300,main_N50_T20_rho0.2_xsd0,50,20,0.2,0.0,,,
FE,2,0.0446615922537716,0.0582997508378519,0.0486000320805221,0.76,0.1,300,main_N50_T20_rho0.2_xsd0,50,20,0.2,0.0,,,
FE,3,0.047671252979307,0.063154943071317,0.0527124146864795,0.75,0.2166666666666666,300,main_N50_T20_rho0.2_xsd0,50,20,0.2,0.0,,,
FE,4,0.0389731208660956,0.0569167888962782,0.0456980517361932,0.82,0.1766666666666666,300,main_N50_T20_rho0.2_xsd0,50,20,0.2,0.0,,,
FE,5,0.0377496784185679,0.0589791240174248,0.0477663013759492,0.81,0.1866666666666666,300,main_N50_T20_rho0.2_xsd0,50,20,0.2,0.0,,,
FE,6,0.0430048110942469,0.0636077724499016,0.0508127878544754,0.8,0.2,300,main_N50_T20_rho0.2_xsd0,50,20,0.2,0.0,,,
HPJ,0,0.0061982032187369,0.0862281257068554,0.0686243380890603,0.5066666666666667,1.0,300,main_N50_T20_rho0.2_xsd0,50,20,0.2,0.0,,,
HPJ,1,0.0431689603879703,0.1115116954454349,0.0891444492007569,0.45,0.6066666666666667,300,main_N50_T20_rho0.2_xsd0,50,20,0.2,0.0,,,
HPJ,2,0.0458032269228822,0.126588630358684,0.1011765016782716,0.45,0.55,300,main_N50_T20_rho0.2_xsd0,50,20,0.2,0.0,,,
HPJ,3,0.0424332469198742,0.1169808224786768,0.0920441385873278,0.4933333333333333,0.51,300,main_N50_T20_rho0.2_xsd0,50,20,0.2,0.0,,,
HPJ,4,0.0349330898299794,0.1135610961669656,0.0895211142001895,0.5266666666666666,0.4733333333333333,300,main_N50_T20_rho0.2_xsd0,50,20,0.2,0.0,,,
HPJ,5,0.03398453209657,0.1196306263087645,0.0949953897055742,0.49,0.51,300,main_N50_T20_rho0.2_xsd0,50,20,0.2,0.0,,,
HPJ,6,0.0343408134540491,0.1330200755083589,0.1069468250396503,0.4633333333333333,0.5366666666666666,300,main_N50_T20_rho0.2_xsd0,50,20,0.2,0.0,,,
SPJ,0,0.0012145109518583,0.0324008494776419,0.0252481363934005,0.95,1.0,300,main_N50_T20_rho0.2_xsd0,50,20,0.2,0.0,,,
SPJ,1,-0.0041204244027662,0.0390897005907175,0.0315821632346335,0.9633333333333334,0.8566666666666667,300,main_N50_T20_rho0.2_xsd0,50,20,0.2,0.0,,,
SPJ,2,0.0020514878510477,0.0408530791656173,0.0333142663461414,0.96,0.0633333333333333,300,main_N50_T20_rho0.2_xsd0,50,20,0.2,0.0,,,
SPJ,3,0.0125245475983557,0.0460856427569759,0.0358934916950381,0.92,0.0733333333333333,300,main_N50_T20_rho0.2_xsd0,50,20,0.2,0.0,,,
SPJ,4,0.0163083444955522,0.0469000086623919,0.0373654984825269,0.9266666666666666,0.0666666666666666,300,main_N50_T20_rho0.2_xsd0,50,20,0.2,0.0,,,
SPJ,5,0.0327134978491309,0.0574389584284972,0.0464459182869828,0.88,0.12,300,main_N50_T20_rho0.2_xsd0,50,20,0.2,0.0,,,
SPJ,6,0.0577821785148806,0.0761730618880205,0.0631108924136,0.7733333333333333,0.2266666666666666,300,main_N50_T20_rho0.2_xsd0,50,20,0.2,0.0,,,
CDOLS,0,-0.0030505013952081,0.0482429804610665,0.0371999539133656,0.92,1.0,300,main_N50_T20_rho0.2_xsd1,50,20,0.2,1.0,,,
CDOLS,1,-0.0032355341019135,0.0693570493487379,0.0549060048423828,0.7133333333333334,0.7666666666666667,300,main_N50_T20_rho0.2_xsd1,50,20,0.2,1.0,,,
CDOLS,2,-0.0116576669092844,0.0796366363264617,0.0629440385513006,0.7133333333333334,0.3433333333333333,300,main_N50_T20_rho0.2_xsd1,50,20,0.2,1.0,,,
CDOLS,3,-0.0190863259349394,0.0837612360260311,0.0652792515063428,0.68,0.3166666666666666,300,main_N50_T20_rho0.2_xsd1,50,20,0.2,1.0,,,
CDOLS,4,-0.0160789354082637,0.0837837316732271,0.0652428078073153,0.7333333333333333,0.2733333333333333,300,main_N50_T20_rho0.2_xsd1,50,20,0.2,1.0,,,
CDOLS,5,-0.0043962502892915,0.0924086217203817,0.0730718057782688,0.6733333333333333,0.3266666666666666,300,main_N50_T20_rho0.2_xsd1,50,20,0.2,1.0,,,
CDOLS,6,-0.0157076838380289,0.0931494052032757,0.0743761906375996,0.6833333333333333,0.3166666666666666,300,main_N50_T20_rho0.2_xsd1,50,20,0.2,1.0,,,
DB,0,-0.003083993751334,0.0388788173705528,0.0311017374891124,0.7933333333333333,1.0,300,main_N50_T20_rho0.2_xsd1,50,20,0.2,1.0,,,
DB,1,0.0174203308701071,0.0756916809718925,0.0605190905881846,0.7766666666666666,0.5333333333333333,300,main_N50_T20_rho0.2_xsd1,50,20,0.2,1.0,,,
DB,2,0.0121530188991184,0.0764695556197024,0.0606228955108927,0.77,0.2,300,main_N50_T20_rho0.2_xsd1,50,20,0.2,1.0,,,
DB,3,0.0087599667826613,0.0797847325269008,0.0632101887217072,0.7966666666666666,0.2066666666666666,300,main_N50_T20_rho0.2_xsd1,50,20,0.2,1.0,,,
DB,4,0.0097899254041099,0.0804142000564597,0.0634858060507069,0.77,0.2233333333333333,300,main_N50_T20_rho0.2_xsd1,50,20,0.2,1.0,,,
DB,5,0.0171537893351455,0.085411123256912,0.0661363557923399,0.76,0.24,300,main_N50_T20_rho0.2_xsd1,50,20,0.2,1.0,,,
DB,6,0.0064647957271415,0.0881731242343038,0.0686287284961217,0.7466666666666667,0.2533333333333333,300,main_N50_T20_rho0.2_xsd1,50,20,0.2,1.0,,,
FE,0,-0.003083993751334,0.0388788173705528,0.0311017374891124,0.7933333333333333,1.0,300,main_N50_T20_rho0.2_xsd1,50,20,0.2,1.0,,,
FE,1,0.0506536646376764,0.0871634291224648,0.0713494459183415,0.7,0.3733333333333333,300,main_N50_T20_rho0.2_xsd1,50,20,0.2,1.0,,,
FE,2,0.0495067024886218,0.0887405171943849,0.0725712431912291,0.7133333333333334,0.24,300,main_N50_T20_rho0.2_xsd1,50,20,0.2,1.0,,,
FE,3,0.0464072095964289,0.0920244090420536,0.0730627521959276,0.7033333333333334,0.2733333333333333,300,main_N50_T20_rho0.2_xsd1,50,20,0.2,1.0,,,
FE,4,0.0464674509224352,0.092922429578992,0.0735026400571841,0.7,0.3,300,main_N50_T20_rho0.2_xsd1,50,20,0.2,1.0,,,
FE,5,0.0520004462698026,0.1000460956368764,0.0790522496174936,0.6766666666666666,0.3233333333333333,300,main_N50_T20_rho0.2_xsd1,50,20,0.2,1.0,,,
FE,6,0.0384880875917833,0.0968501164174995,0.074878058653659,0.74,0.26,300,main_N50_T20_rho0.2_xsd1,50,20,0.2,1.0,,,
HPJ,0,-0.0107849022092413,0.122393170250892,0.0974160499084463,0.3233333333333333,1.0,300,main_N50_T20_rho0.2_xsd1,50,20,0.2,1.0,,,
HPJ,1,0.0509877925624219,0.1234418479681683,0.0961312813452063,0.5633333333333334,0.48,300,main_N50_T20_rho0.2_xsd1,50,20,0.2,1.0,,,
HPJ,2,0.0599230473623818,0.1293017662102991,0.0988728511080187,0.5866666666666667,0.3766666666666666,300,main_N50_T20_rho0.2_xsd1,50,20,0.2,1.0,,,
HPJ,3,0.0563483894273203,0.1272957839804345,0.1008178694762453,0.53,0.4433333333333333,300,main_N50_T20_rho0.2_xsd1,50,20,0.2,1.0,,,
HPJ,4,0.0396678499525765,0.1349604213446399,0.1064404023977784,0.54,0.4566666666666666,300,main_N50_T20_rho0.2_xsd1,50,20,0.2,1.0,,,
HPJ,5,0.0544119373069304,0.1376896726758806,0.1025585269314522,0.5966666666666667,0.4033333333333333,300,main_N50_T20_rho0.2_xsd1,50,20,0.2,1.0,,,
HPJ,6,0.0417362267230324,0.1515689039160967,0.1195330279884806,0.53,0.47,300,main_N50_T20_rho0.2_xsd1,50,20,0.2,1.0,,,
SPJ,0,-0.0030563987155698,0.0400230878652089,0.0324494036884128,0.8233333333333334,1.0,300,main_N50_T20_rho0.2_xsd1,50,20,0.2,1.0,,,
SPJ,1,0.0109088074555421,0.0851334666147863,0.0658265095311112,0.7833333333333333,0.5066666666666667,300,main_N50_T20_rho0.2_xsd1,50,20,0.2,1.0,,,
SPJ,2,0.0115392203388663,0.0936207717630803,0.0714621309101521,0.7566666666666667,0.1933333333333333,300,main_N50_T20_rho0.2_xsd1,50,20,0.2,1.0,,,
SPJ,3,0.0158254823489747,0.0965708957151997,0.0748374548195616,0.7666666666666667,0.2366666666666666,300,main_N50_T20_rho0.2_xsd1,50,20,0.2,1.0,,,
SPJ,4,0.0288721785435036,0.096865655765198,0.0767676159076601,0.76,0.24,300,main_N50_T20_rho0.2_xsd1,50,20,0.2,1.0,,,
SPJ,5,0.047840354182374,0.1069811078847364,0.0847420368118847,0.7266666666666667,0.2733333333333333,300,main_N50_T20_rho0.2_xsd1,50,20,0.2,1.0,,,
SPJ,6,0.0582557877289539,0.1143430492052065,0.0861460142417553,0.73,0.27,300,main_N50_T20_rho0.2_xsd1,50,20,0.2,1.0,,,
CDOLS,0,0.0004078058217925,0.0442711824961364,0.0351274318349764,0.9366666666666666,1.0,300,main_N50_T20_rho0.5_xsd0,50,20,0.5,0.0,,,
CDOLS,1,-0.0249162748858219,0.0552067961469463,0.0441184039369318,0.9233333333333332,1.0,300,main_N50_T20_rho0.5_xsd0,50,20,0.5,0.0,,,
CDOLS,2,-0.0351455422467461,0.0613691240662841,0.0504902932266148,0.9,0.93,300,main_N50_T20_rho0.5_xsd0,50,20,0.5,0.0,,,
CDOLS,3,-0.0358248896580991,0.0665956644684351,0.053467973584129,0.8833333333333333,0.5233333333333333,300,main_N50_T20_rho0.5_xsd0,50,20,0.5,0.0,,,
CDOLS,4,-0.0454166115701268,0.0729371870896175,0.0592156167623764,0.8566666666666667,0.3633333333333333,300,main_N50_T20_rho0.5_xsd0,50,20,0.5,0.0,,,
CDOLS,5,-0.0480555757333552,0.0777360975796377,0.0627245295446691,0.8366666666666667,0.2333333333333333,300,main_N50_T20_rho0.5_xsd0,50,20,0.5,0.0,,,
CDOLS,6,-0.0410970201036531,0.0734693964817337,0.0587948355492722,0.9,0.1166666666666666,300,main_N50_T20_rho0.5_xsd0,50,20,0.5,0.0,,,
DB,0,0.0006817865786861,0.0290777077455064,0.0225206533139388,0.9366666666666666,1.0,300,main_N50_T20_rho0.5_xsd0,50,20,0.5,0.0,,,
DB,1,0.0073429011348394,0.0359425314507241,0.0284640259812311,0.9133333333333332,1.0,300,main_N50_T20_rho0.5_xsd0,50,20,0.5,0.0,,,
DB,2,0.0163758956038748,0.0409657209227757,0.0323961465135138,0.9166666666666666,0.9566666666666668,300,main_N50_T20_rho0.5_xsd0,50,20,0.5,0.0,,,
DB,3,0.0234158378466982,0.0464257790170033,0.0375764242008932,0.8733333333333333,0.28,300,main_N50_T20_rho0.5_xsd0,50,20,0.5,0.0,,,
DB,4,0.0217841418722045,0.0455626247641788,0.0362452326560643,0.87,0.0666666666666666,300,main_N50_T20_rho0.5_xsd0,50,20,0.5,0.0,,,
DB,5,0.0260361778904519,0.0517289578399808,0.0415264807554608,0.8633333333333333,0.1133333333333333,300,main_N50_T20_rho0.5_xsd0,50,20,0.5,0.0,,,
DB,6,0.033484139582863,0.0568544317561968,0.0444253439299965,0.8166666666666667,0.1266666666666666,300,main_N50_T20_rho0.5_xsd0,50,20,0.5,0.0,,,
FE,0,0.0006817865786861,0.0290777077455064,0.0225206533139388,0.9366666666666666,1.0,300,main_N50_T20_rho0.5_xsd0,50,20,0.5,0.0,,,
FE,1,0.0478117709472302,0.0587151580294456,0.0497441089291105,0.7133333333333334,1.0,300,main_N50_T20_rho0.5_xsd0,50,20,0.5,0.0,,,
FE,2,0.0738640943677805,0.0823443535013394,0.0743019709451846,0.4766666666666667,0.5666666666666667,300,main_N50_T20_rho0.5_xsd0,50,20,0.5,0.0,,,
FE,3,0.0873157407837879,0.0958000258915725,0.0876039157047683,0.3666666666666666,0.08,300,main_N50_T20_rho0.5_xsd0,50,20,0.5,0.0,,,
FE,4,0.0868505804732921,0.0956472426016505,0.0874490965036045,0.4033333333333333,0.2466666666666666,300,main_N50_T20_rho0.5_xsd0,50,20,0.5,0.0,,,
FE,5,0.0891149554180724,0.0999743831395424,0.0894036020268513,0.4166666666666667,0.43,300,main_N50_T20_rho0.5_xsd0,50,20,0.5,0.0,,,
FE,6,0.0919979845812768,0.1030730856598606,0.0928749502626434,0.4366666666666666,0.4833333333333333,300,main_N50_T20_rho0.5_xsd0,50,20,0.5,0.0,,,
HPJ,0,0.0048442384260466,0.07877039397536,0.0642369406465212,0.5,1.0,300,main_N50_T20_rho0.5_xsd0,50,20,0.5,0.0,,,
HPJ,1,0.0517403054356504,0.1081484325719225,0.0854548027589993,0.4666666666666667,0.9666666666666668,300,main_N50_T20_rho0.5_xsd0,50,20,0.5,0.0,,,
HPJ,2,0.0724210948451047,0.1359311174159836,0.1076813751240107,0.41,0.6433333333333333,300,main_N50_T20_rho0.5_xsd0,50,20,0.5,0.0,,,
HPJ,3,0.0822764687668309,0.1370694792507716,0.1098952307208145,0.4,0.48,300,main_N50_T20_rho0.5_xsd0,50,20,0.5,0.0,,,
HPJ,4,0.0798369176030492,0.1323439441166657,0.1075818881093771,0.42,0.51,300,main_N50_T20_rho0.5_xsd0,50,20,0.5,0.0,,,
HPJ,5,0.0815156317396753,0.139708003603181,0.112321730530742,0.4166666666666667,0.5166666666666667,300,main_N50_T20_rho0.5_xsd0,50,20,0.5,0.0,,,
HPJ,6,0.0824504866940553,0.1523098179743586,0.125393826499569,0.3466666666666667,0.6166666666666667,300,main_N50_T20_rho0.5_xsd0,50,20,0.5,0.0,,,
SPJ,0,-0.0003089385095233,0.0309533812816161,0.0238022274674257,0.9433333333333334,1.0,300,main_N50_T20_rho0.5_xsd0,50,20,0.5,0.0,,,
SPJ,1,-0.0072158889280552,0.0377561840430416,0.0303732002079569,0.9666666666666668,1.0,300,main_N50_T20_rho0.5_xsd0,50,20,0.5,0.0,,,
SPJ,2,-9.310934562015128e-05,0.0435168495745533,0.0343244415157477,0.9566666666666668,0.93,300,main_N50_T20_rho0.5_xsd0,50,20,0.5,0.0,,,
SPJ,3,0.0159804995963837,0.0500844319205812,0.0390661210072511,0.9133333333333332,0.22,300,main_N50_T20_rho0.5_xsd0,50,20,0.5,0.0,,,
SPJ,4,0.0340976869543204,0.058569777851073,0.0478365560306291,0.8866666666666667,0.0433333333333333,300,main_N50_T20_rho0.5_xsd0,50,20,0.5,0.0,,,
SPJ,5,0.0678998463914634,0.0851515112186517,0.0722078026300929,0.7266666666666667,0.1733333333333333,300,main_N50_T20_rho0.5_xsd0,50,20,0.5,0.0,,,
SPJ,6,0.1076336566900288,0.1201405007219039,0.108372932318546,0.4633333333333333,0.46,300,main_N50_T20_rho0.5_xsd0,50,20,0.5,0.0,,,
CDOLS,0,-0.0031372678871709,0.048480482001198,0.0373578329410982,0.92,1.0,300,main_N50_T20_rho0.5_xsd1,50,20,0.5,1.0,,,
CDOLS,1,-0.0015628883763095,0.0688396646893458,0.0545242036631534,0.7133333333333334,1.0,300,main_N50_T20_rho0.5_xsd1,50,20,0.5,1.0,,,
CDOLS,2,-0.0110550003128867,0.0829274279957948,0.0662712423477541,0.7033333333333334,0.82,300,main_N50_T20_rho0.5_xsd1,50,20,0.5,1.0,,,
CDOLS,3,-0.0217496358085971,0.0896521411367893,0.0700650177634589,0.68,0.5333333333333333,300,main_N50_T20_rho0.5_xsd1,50,20,0.5,1.0,,,
CDOLS,4,-0.0218740617908579,0.0905736859168151,0.0705156566487989,0.6833333333333333,0.41,300,main_N50_T20_rho0.5_xsd1,50,20,0.5,1.0,,,
CDOLS,5,-0.012169928264069,0.100445313344263,0.0790702355871779,0.6566666666666666,0.3633333333333333,300,main_N50_T20_rho0.5_xsd1,50,20,0.5,1.0,,,
CDOLS,6,-0.0224323164117735,0.102780834979419,0.0822558800894409,0.65,0.3633333333333333,300,main_N50_T20_rho0.5_xsd1,50,20,0.5,1.0,,,
DB,0,-0.0024719473086848,0.0329073015545091,0.0264738459511384,0.8066666666666666,1.0,300,main_N50_T20_rho0.5_xsd1,50,20,0.5,1.0,,,
DB,1,0.0257866099700542,0.0727973177953544,0.059058384659054,0.74,0.99,300,main_N50_T20_rho0.5_xsd1,50,20,0.5,1.0,,,
DB,2,0.030563579898282,0.0870778688227129,0.0699785905057836,0.6833333333333333,0.61,300,main_N50_T20_rho0.5_xsd1,50,20,0.5,1.0,,,
DB,3,0.0324857572913867,0.0926788525987605,0.0735483949222447,0.7033333333333334,0.2766666666666666,300,main_N50_T20_rho0.5_xsd1,50,20,0.5,1.0,,,
DB,4,0.0359121768316925,0.093207790974506,0.0741285610611265,0.69,0.25,300,main_N50_T20_rho0.5_xsd1,50,20,0.5,1.0,,,
DB,5,0.0393932329140496,0.0959948123308416,0.0770065164620973,0.6766666666666666,0.27,300,main_N50_T20_rho0.5_xsd1,50,20,0.5,1.0,,,
DB,6,0.0297158750537127,0.098259905605966,0.0755673714606012,0.7066666666666667,0.2666666666666666,300,main_N50_T20_rho0.5_xsd1,50,20,0.5,1.0,,,
FE,0,-0.0024719473086848,0.0329073015545091,0.0264738459511384,0.8066666666666666,1.0,300,main_N50_T20_rho0.5_xsd1,50,20,0.5,1.0,,,
FE,1,0.0659406776448433,0.0930996699895467,0.0781039487582561,0.6033333333333334,0.9766666666666668,300,main_N50_T20_rho0.5_xsd1,50,20,0.5,1.0,,,
FE,2,0.0868748648192934,0.1160770582678547,0.0991376219872938,0.5066666666666667,0.3566666666666667,300,main_N50_T20_rho0.5_xsd1,50,20,0.5,1.0,,,
FE,3,0.0949249257307671,0.1263741928043061,0.1065341932896352,0.4566666666666666,0.2566666666666666,300,main_N50_T20_rho0.5_xsd1,50,20,0.5,1.0,,,
FE,4,0.0996045959373205,0.1309502483441022,0.1101247970627536,0.4833333333333333,0.3733333333333333,300,main_N50_T20_rho0.5_xsd1,50,20,0.5,1.0,,,
FE,5,0.101317950828357,0.135270749212824,0.1134096756276049,0.4766666666666667,0.4333333333333333,300,main_N50_T20_rho0.5_xsd1,50,20,0.5,1.0,,,
FE,6,0.0873110531823387,0.1298483294706371,0.1028517969299648,0.5733333333333334,0.3933333333333333,300,main_N50_T20_rho0.5_xsd1,50,20,0.5,1.0,,,
HPJ,0,-0.0079282118673006,0.1051316991466331,0.0837443155874457,0.3466666666666667,1.0,300,main_N50_T20_rho0.5_xsd1,50,20,0.5,1.0,,,
HPJ,1,0.0697484172817853,0.1268019617151762,0.0985285616819146,0.5166666666666667,0.93,300,main_N50_T20_rho0.5_xsd1,50,20,0.5,1.0,,,
HPJ,2,0.0980751675228885,0.1517230805914525,0.1199339965879938,0.4633333333333333,0.4866666666666667,300,main_N50_T20_rho0.5_xsd1,50,20,0.5,1.0,,,
HPJ,3,0.1018558042732663,0.1557224012968081,0.1248582251808035,0.43,0.4133333333333333,300,main_N50_T20_rho0.5_xsd1,50,20,0.5,1.0,,,
HPJ,4,0.0955278535566895,0.1591667757407471,0.1259542104631336,0.4366666666666666,0.4933333333333333,300,main_N50_T20_rho0.5_xsd1,50,20,0.5,1.0,,,
HPJ,5,0.1048558777403887,0.1650963779060749,0.1279662618837946,0.4666666666666667,0.4733333333333333,300,main_N50_T20_rho0.5_xsd1,50,20,0.5,1.0,,,
HPJ,6,0.0924669269675007,0.1741549948358152,0.1403894729887502,0.46,0.5333333333333333,300,main_N50_T20_rho0.5_xsd1,50,20,0.5,1.0,,,
SPJ,0,-0.0022185372458938,0.0338120273260382,0.0274314844365767,0.8866666666666667,1.0,300,main_N50_T20_rho0.5_xsd1,50,20,0.5,1.0,,,
SPJ,1,0.0106238421065992,0.0844048693267027,0.0645412911009766,0.8,0.9866666666666668,300,main_N50_T20_rho0.5_xsd1,50,20,0.5,1.0,,,
SPJ,2,0.0189994845760985,0.1123360503819421,0.0860728703436544,0.7133333333333334,0.53,300,main_N50_T20_rho0.5_xsd1,50,20,0.5,1.0,,,
SPJ,3,0.0330617279136164,0.1236349238977724,0.0961522310050089,0.6633333333333333,0.2833333333333333,300,main_N50_T20_rho0.5_xsd1,50,20,0.5,1.0,,,
SPJ,4,0.0558173566932322,0.1287439829353413,0.1048582372869811,0.6033333333333334,0.29,300,main_N50_T20_rho0.5_xsd1,50,20,0.5,1.0,,,
SPJ,5,0.084099075244694,0.1418230133153133,0.1174613032232015,0.5833333333333334,0.34,300,main_N50_T20_rho0.5_xsd1,50,20,0.5,1.0,,,
SPJ,6,0.1092477164301101,0.1615600863271065,0.1250299466648358,0.5766666666666667,0.3633333333333333,300,main_N50_T20_rho0.5_xsd1,50,20,0.5,1.0,,,
CDOLS,0,0.0003508395754341,0.0444190018434814,0.035214502099219,0.9333333333333332,1.0,300,main_N50_T20_rho0.8_xsd0,50,20,0.8,0.0,,,
CDOLS,1,-0.0226598176897848,0.0547198808335547,0.043703925138942,0.93,1.0,300,main_N50_T20_rho0.8_xsd0,50,20,0.8,0.0,,,
CDOLS,2,-0.0373200103870355,0.0642826368209268,0.0529945237660572,0.89,1.0,300,main_N50_T20_rho0.8_xsd0,50,20,0.8,0.0,,,
CDOLS,3,-0.0449677423499401,0.07362099704772,0.0589117586884616,0.8733333333333333,1.0,300,main_N50_T20_rho0.8_xsd0,50,20,0.8,0.0,,,
CDOLS,4,-0.0618720581518303,0.0862279993765562,0.0705270482697807,0.7933333333333333,1.0,300,main_N50_T20_rho0.8_xsd0,50,20,0.8,0.0,,,
CDOLS,5,-0.071446395073155,0.096998756775974,0.0799330082647328,0.7733333333333333,0.99,300,main_N50_T20_rho0.8_xsd0,50,20,0.8,0.0,,,
CDOLS,6,-0.0707948825079704,0.0983543802146718,0.0804369261548373,0.81,0.9133333333333332,300,main_N50_T20_rho0.8_xsd0,50,20,0.8,0.0,,,
DB,0,-0.0005015630239545,0.0229676712017054,0.0178026665564065,0.93,1.0,300,main_N50_T20_rho0.8_xsd0,50,20,0.8,0.0,,,
DB,1,0.0224542592826349,0.0360607889333014,0.0288470463372268,0.86,1.0,300,main_N50_T20_rho0.8_xsd0,50,20,0.8,0.0,,,
DB,2,0.0486140237043569,0.0607518326292995,0.0518913853825482,0.6466666666666666,1.0,300,main_N50_T20_rho0.8_xsd0,50,20,0.8,0.0,,,
DB,3,0.0753381308027811,0.0866794906147565,0.0768715278716585,0.4433333333333333,1.0,300,main_N50_T20_rho0.8_xsd0,50,20,0.8,0.0,,,
DB,4,0.0961716271408741,0.1062746594358719,0.0967437817848675,0.32,0.9433333333333334,300,main_N50_T20_rho0.8_xsd0,50,20,0.8,0.0,,,
DB,5,0.1179745149355326,0.1279479495530673,0.1182428786513643,0.1766666666666666,0.5766666666666667,300,main_N50_T20_rho0.8_xsd0,50,20,0.8,0.0,,,
DB,6,0.1366179716491774,0.1453945072711866,0.1366179716491774,0.1166666666666666,0.1466666666666666,300,main_N50_T20_rho0.8_xsd0,50,20,0.8,0.0,,,
FE,0,-0.0005015630239545,0.0229676712017054,0.0178026665564065,0.93,1.0,300,main_N50_T20_rho0.8_xsd0,50,20,0.8,0.0,,,
FE,1,0.0666014746648097,0.0719167195292832,0.0666621039952191,0.3366666666666666,1.0,300,main_N50_T20_rho0.8_xsd0,50,20,0.8,0.0,,,
FE,2,0.1230382823874867,0.1278804579418442,0.1230382823874867,0.0533333333333333,1.0,300,main_N50_T20_rho0.8_xsd0,50,20,0.8,0.0,,,
FE,3,0.1695180397462407,0.1743767760389341,0.1695180397462407,0.0066666666666666,0.9466666666666668,300,main_N50_T20_rho0.8_xsd0,50,20,0.8,0.0,,,
FE,4,0.2016781216445029,0.2062575226136828,0.2016781216445029,0.0033333333333333,0.2766666666666666,300,main_N50_T20_rho0.8_xsd0,50,20,0.8,0.0,,,
FE,5,0.2274802892724211,0.2324967323844065,0.2274802892724211,0.0033333333333333,0.1866666666666666,300,main_N50_T20_rho0.8_xsd0,50,20,0.8,0.0,,,
FE,6,0.2430338106952748,0.2478257521945197,0.2430338106952748,0.0,0.5833333333333334,300,main_N50_T20_rho0.8_xsd0,50,20,0.8,0.0,,,
HPJ,0,0.0015461224366481,0.0656568488748732,0.0541301806634464,0.48,1.0,300,main_N50_T20_rho0.8_xsd0,50,20,0.8,0.0,,,
HPJ,1,0.0656101265472949,0.1038356817225358,0.0839418653970853,0.38,1.0,300,main_N50_T20_rho0.8_xsd0,50,20,0.8,0.0,,,
HPJ,2,0.1176908135927662,0.1583872775329926,0.1321600910187969,0.24,0.9733333333333334,300,main_N50_T20_rho0.8_xsd0,50,20,0.8,0.0,,,
HPJ,3,0.1628546368365867,0.1983560995788758,0.1719296533678199,0.16,0.7633333333333333,300,main_N50_T20_rho0.8_xsd0,50,20,0.8,0.0,,,
HPJ,4,0.1922151837644128,0.222652729738647,0.1964702809936303,0.1466666666666666,0.6033333333333334,300,main_N50_T20_rho0.8_xsd0,50,20,0.8,0.0,,,
HPJ,5,0.2191499240946292,0.2495919624970554,0.222710854118982,0.11,0.5633333333333334,300,main_N50_T20_rho0.8_xsd0,50,20,0.8,0.0,,,
HPJ,6,0.2379481171946197,0.2708716919858285,0.2431544758455217,0.11,0.69,300,main_N50_T20_rho0.8_xsd0,50,20,0.8,0.0,,,
SPJ,0,-0.0011297830415501,0.0277890211085595,0.0218465350676331,0.9566666666666668,1.0,300,main_N50_T20_rho0.8_xsd0,50,20,0.8,0.0,,,
SPJ,1,-0.0073916627859196,0.0361959879618634,0.0289345131209385,0.95,1.0,300,main_N50_T20_rho0.8_xsd0,50,20,0.8,0.0,,,
SPJ,2,0.0054669544241334,0.0503003575947973,0.0396783173007206,0.9233333333333332,1.0,300,main_N50_T20_rho0.8_xsd0,50,20,0.8,0.0,,,
SPJ,3,0.0366295761214222,0.070490871448277,0.0568813827398816,0.82,1.0,300,main_N50_T20_rho0.8_xsd0,50,20,0.8,0.0,,,
SPJ,4,0.083852322886132,0.1072246826498076,0.0901638557354121,0.6,0.7866666666666666,300,main_N50_T20_rho0.8_xsd0,50,20,0.8,0.0,,,
SPJ,5,0.1491449379549775,0.1651414187222167,0.1504826004914017,0.3033333333333333,0.1766666666666666,300,main_N50_T20_rho0.8_xsd0,50,20,0.8,0.0,,,
SPJ,6,0.2207469611936504,0.2323732188184259,0.220762074091476,0.0766666666666666,0.28,300,main_N50_T20_rho0.8_xsd0,50,20,0.8,0.0,,,
CDOLS,0,-0.0032306879812308,0.0489650319981554,0.0376362372727177,0.92,1.0,300,main_N50_T20_rho0.8_xsd1,50,20,0.8,1.0,,,
CDOLS,1,-9.34691666223105e-05,0.0691440817688586,0.0548759771092416,0.71,1.0,300,main_N50_T20_rho0.8_xsd1,50,20,0.8,1.0,,,
CDOLS,2,-0.0087963404874418,0.0899789980822277,0.0718012141276829,0.68,1.0,300,main_N50_T20_rho0.8_xsd1,50,20,0.8,1.0,,,
CDOLS,3,-0.0210519995630799,0.1025297073915383,0.0808300476093505,0.65,0.9866666666666668,300,main_N50_T20_rho0.8_xsd1,50,20,0.8,1.0,,,
CDOLS,4,-0.0253856056709644,0.1093672712913595,0.0849003865367356,0.6333333333333333,0.9433333333333334,300,main_N50_T20_rho0.8_xsd1,50,20,0.8,1.0,,,
CDOLS,5,-0.0197500252555917,0.1221844154901138,0.094267862633856,0.6266666666666667,0.8466666666666667,300,main_N50_T20_rho0.8_xsd1,50,20,0.8,1.0,,,
CDOLS,6,-0.03201574084333,0.1299717370662393,0.1010764454761922,0.6033333333333334,0.7566666666666667,300,main_N50_T20_rho0.8_xsd1,50,20,0.8,1.0,,,
DB,0,-0.0012408607355903,0.0236156534431834,0.0191187029970622,0.8966666666666666,1.0,300,main_N50_T20_rho0.8_xsd1,50,20,0.8,1.0,,,
DB,1,0.0432503604787063,0.0682655280002541,0.0561749896564851,0.69,1.0,300,main_N50_T20_rho0.8_xsd1,50,20,0.8,1.0,,,
DB,2,0.0746216970009839,0.1077319056730097,0.0913581039244432,0.4733333333333333,1.0,300,main_N50_T20_rho0.8_xsd1,50,20,0.8,1.0,,,
DB,3,0.102277378456175,0.1388857666261945,0.1195675903140825,0.3533333333333333,0.9066666666666666,300,main_N50_T20_rho0.8_xsd1,50,20,0.8,1.0,,,
DB,4,0.1270006409035147,0.1608837003997555,0.1406214846127514,0.3033333333333333,0.6066666666666667,300,main_N50_T20_rho0.8_xsd1,50,20,0.8,1.0,,,
DB,5,0.1444868614744136,0.1758714692884859,0.1551161165543124,0.26,0.3533333333333333,300,main_N50_T20_rho0.8_xsd1,50,20,0.8,1.0,,,
DB,6,0.148406997645827,0.1810311799132233,0.1576743001781979,0.2533333333333333,0.3166666666666666,300,main_N50_T20_rho0.8_xsd1,50,20,0.8,1.0,,,
FE,0,-0.0012408607355903,0.0236156534431834,0.0191187029970622,0.8966666666666666,1.0,300,main_N50_T20_rho0.8_xsd1,50,20,0.8,1.0,,,
FE,1,0.0874335477728195,0.1015267829622814,0.0894275118824258,0.3466666666666667,1.0,300,main_N50_T20_rho0.8_xsd1,50,20,0.8,1.0,,,
FE,2,0.1478919303918197,0.1654629643821513,0.1502254044555405,0.1633333333333333,0.9733333333333334,300,main_N50_T20_rho0.8_xsd1,50,20,0.8,1.0,,,
FE,3,0.1938598736184425,0.2133652474367844,0.1963465714783424,0.11,0.62,300,main_N50_T20_rho0.8_xsd1,50,20,0.8,1.0,,,
FE,4,0.2286351923810573,0.2474502442443497,0.2295718612982788,0.0933333333333333,0.3033333333333333,300,main_N50_T20_rho0.8_xsd1,50,20,0.8,1.0,,,
FE,5,0.249164811825096,0.2679578851892327,0.2495409292657114,0.08,0.4233333333333333,300,main_N50_T20_rho0.8_xsd1,50,20,0.8,1.0,,,
FE,6,0.2493824166124471,0.2704062031241133,0.2503235774404245,0.0733333333333333,0.5066666666666667,300,main_N50_T20_rho0.8_xsd1,50,20,0.8,1.0,,,
HPJ,0,-0.00289178943295,0.0736898203908032,0.0586178576763506,0.3966666666666666,1.0,300,main_N50_T20_rho0.8_xsd1,50,20,0.8,1.0,,,
HPJ,1,0.0929377745957633,0.1287711150635178,0.103607596574058,0.4033333333333333,0.9966666666666668,300,main_N50_T20_rho0.8_xsd1,50,20,0.8,1.0,,,
HPJ,2,0.1569847366552575,0.1940905803697504,0.1640578248996299,0.2566666666666666,0.8966666666666666,300,main_N50_T20_rho0.8_xsd1,50,20,0.8,1.0,,,
HPJ,3,0.1997702077818227,0.2372230221481798,0.2062180911426019,0.1633333333333333,0.6333333333333333,300,main_N50_T20_rho0.8_xsd1,50,20,0.8,1.0,,,
HPJ,4,0.229913783316536,0.2664695583695766,0.2327853226512231,0.14,0.4466666666666666,300,main_N50_T20_rho0.8_xsd1,50,20,0.8,1.0,,,
HPJ,5,0.2555804539707615,0.2921054493038684,0.2584896648477441,0.1366666666666666,0.59,300,main_N50_T20_rho0.8_xsd1,50,20,0.8,1.0,,,
HPJ,6,0.2579921056531118,0.3017569501073647,0.264148313051427,0.1566666666666666,0.65,300,main_N50_T20_rho0.8_xsd1,50,20,0.8,1.0,,,
SPJ,0,-0.0003830819939688,0.0258250703098426,0.0205273690659776,0.9533333333333334,1.0,300,main_N50_T20_rho0.8_xsd1,50,20,0.8,1.0,,,
SPJ,1,0.0123588980498095,0.0768160112961551,0.0594145919944015,0.8033333333333333,1.0,300,main_N50_T20_rho0.8_xsd1,50,20,0.8,1.0,,,
SPJ,2,0.0355377549433,0.1257838569873506,0.1006567766433425,0.6166666666666667,0.9866666666666668,300,main_N50_T20_rho0.8_xsd1,50,20,0.8,1.0,,,
SPJ,3,0.0730934458945669,0.1640974152688306,0.1358687449515899,0.4733333333333333,0.79,300,main_N50_T20_rho0.8_xsd1,50,20,0.8,1.0,,,
SPJ,4,0.1244343331544086,0.1981580244233115,0.1702196200723558,0.3633333333333333,0.4233333333333333,300,main_N50_T20_rho0.8_xsd1,50,20,0.8,1.0,,,
SPJ,5,0.1826521650579613,0.2399368662347298,0.2099470472364487,0.3,0.3066666666666666,300,main_N50_T20_rho0.8_xsd1,50,20,0.8,1.0,,,
SPJ,6,0.2388500732777491,0.2876262472458747,0.2506190685637552,0.21,0.45,300,main_N50_T20_rho0.8_xsd1,50,20,0.8,1.0,,,
CDOLS,0,0.0002767915764437,0.044267923684705,0.0350700217236739,0.9333333333333332,1.0,300,main_N50_T20_rho0.95_xsd0,50,20,0.95,0.0,,,
CDOLS,1,-0.0214784132269316,0.0543440026153486,0.0434570220341607,0.93,1.0,300,main_N50_T20_rho0.95_xsd0,50,20,0.95,0.0,,,
CDOLS,2,-0.0379341313183731,0.0658005116765937,0.0541810672153518,0.89,1.0,300,main_N50_T20_rho0.95_xsd0,50,20,0.95,0.0,,,
CDOLS,3,-0.0498172252902583,0.0787152732914101,0.0628222126435956,0.87,1.0,300,main_N50_T20_rho0.95_xsd0,50,20,0.95,0.0,,,
CDOLS,4,-0.0728092821211034,0.0968929520464026,0.0798361868550259,0.79,1.0,300,main_N50_T20_rho0.95_xsd0,50,20,0.95,0.0,,,
CDOLS,5,-0.0899161340693567,0.1149855830356021,0.0953491379237347,0.7433333333333333,1.0,300,main_N50_T20_rho0.95_xsd0,50,20,0.95,0.0,,,
CDOLS,6,-0.0980683042830402,0.1254152080361868,0.1037605276526556,0.73,1.0,300,main_N50_T20_rho0.95_xsd0,50,20,0.95,0.0,,,
DB,0,-0.0001560228579732,0.0172981446761492,0.013748702649008,0.9366666666666666,1.0,300,main_N50_T20_rho0.95_xsd0,50,20,0.95,0.0,,,
DB,1,0.0386824556820753,0.0446057578141777,0.0391429947198767,0.62,1.0,300,main_N50_T20_rho0.95_xsd0,50,20,0.95,0.0,,,
DB,2,0.0819416332560654,0.088178204050125,0.0820094371040364,0.1733333333333333,1.0,300,main_N50_T20_rho0.95_xsd0,50,20,0.95,0.0,,,
DB,3,0.1296387698428309,0.1360839761012694,0.1296387698428309,0.0433333333333333,1.0,300,main_N50_T20_rho0.95_xsd0,50,20,0.95,0.0,,,
DB,4,0.1764361151180114,0.1828119375589153,0.1764361151180114,0.0133333333333333,1.0,300,main_N50_T20_rho0.95_xsd0,50,20,0.95,0.0,,,
DB,5,0.2257835972588632,0.2316890602613548,0.2257835972588632,0.0,1.0,300,main_N50_T20_rho0.95_xsd0,50,20,0.95,0.0,,,
DB,6,0.2749303088981665,0.2800884025648134,0.2749303088981665,0.0,0.9333333333333332,300,main_N50_T20_rho0.95_xsd0,50,20,0.95,0.0,,,
FE,0,-0.0001560228579732,0.0172981446761492,0.013748702649008,0.9366666666666666,1.0,300,main_N50_T20_rho0.95_xsd0,50,20,0.95,0.0,,,
FE,1,0.0769544370442394,0.0799770715420901,0.0769544370442394,0.0366666666666666,1.0,300,main_N50_T20_rho0.95_xsd0,50,20,0.95,0.0,,,
FE,2,0.1504455277240663,0.1538603203201479,0.1504455277240663,0.0,1.0,300,main_N50_T20_rho0.95_xsd0,50,20,0.95,0.0,,,
FE,3,0.2206209533399764,0.2244416287043342,0.2206209533399764,0.0,1.0,300,main_N50_T20_rho0.95_xsd0,50,20,0.95,0.0,,,
FE,4,0.2819982815969121,0.2860770000161341,0.2819982815969121,0.0,1.0,300,main_N50_T20_rho0.95_xsd0,50,20,0.95,0.0,,,
FE,5,0.3373589385624556,0.341539043323777,0.3373589385624556,0.0,0.8466666666666667,300,main_N50_T20_rho0.95_xsd0,50,20,0.95,0.0,,,
FE,6,0.3825948579007587,0.3867062694814815,0.3825948579007587,0.0,0.44,300,main_N50_T20_rho0.95_xsd0,50,20,0.95,0.0,,,
HPJ,0,0.0001537956162971,0.0523330057009026,0.0420640118725704,0.4933333333333333,1.0,300,main_N50_T20_rho0.95_xsd0,50,20,0.95,0.0,,,
HPJ,1,0.074664131001291,0.0988805325785947,0.0839965766117022,0.2366666666666666,1.0,300,main_N50_T20_rho0.95_xsd0,50,20,0.95,0.0,,,
HPJ,2,0.1450428106320695,0.1711272334342162,0.150329368295551,0.1433333333333333,1.0,300,main_N50_T20_rho0.95_xsd0,50,20,0.95,0.0,,,
HPJ,3,0.2149287863972445,0.2414680867501331,0.2171301705353194,0.1033333333333333,0.9933333333333332,300,main_N50_T20_rho0.95_xsd0,50,20,0.95,0.0,,,
HPJ,4,0.274236568767673,0.2992957794632147,0.2753728019774578,0.0666666666666666,0.9033333333333332,300,main_N50_T20_rho0.95_xsd0,50,20,0.95,0.0,,,
HPJ,5,0.3314443884041932,0.3568623371585509,0.3322968846540265,0.0366666666666666,0.7266666666666667,300,main_N50_T20_rho0.95_xsd0,50,20,0.95,0.0,,,
HPJ,6,0.3818521695659899,0.4079182655675819,0.3826722705620181,0.0266666666666666,0.5733333333333334,300,main_N50_T20_rho0.95_xsd0,50,20,0.95,0.0,,,
SPJ,0,0.0007348201094503,0.0247181727809557,0.0200248806888896,0.9733333333333334,1.0,300,main_N50_T20_rho0.95_xsd0,50,20,0.95,0.0,,,
SPJ,1,-0.0025057897726238,0.0336488657054534,0.0276635481394756,0.9666666666666668,1.0,300,main_N50_T20_rho0.95_xsd0,50,20,0.95,0.0,,,
SPJ,2,0.0145345147430375,0.0511616723838009,0.0411970427558994,0.89,1.0,300,main_N50_T20_rho0.95_xsd0,50,20,0.95,0.0,,,
SPJ,3,0.0526776164070477,0.0818270092134319,0.0673345898390814,0.7266666666666667,1.0,300,main_N50_T20_rho0.95_xsd0,50,20,0.95,0.0,,,
SPJ,4,0.1149246865251812,0.1377917028673239,0.1189293758073538,0.4733333333333333,1.0,300,main_N50_T20_rho0.95_xsd0,50,20,0.95,0.0,,,
SPJ,5,0.194689112546111,0.211866654684997,0.1948569258126333,0.2066666666666666,0.9633333333333334,300,main_N50_T20_rho0.95_xsd0,50,20,0.95,0.0,,,
SPJ,6,0.2875903850973616,0.3013400264641168,0.2875903850973616,0.0366666666666666,0.67,300,main_N50_T20_rho0.95_xsd0,50,20,0.95,0.0,,,
CDOLS,0,-0.0032705827429317,0.0492145564564877,0.0377218172842361,0.92,1.0,300,main_N50_T20_rho0.95_xsd1,50,20,0.95,1.0,,,
CDOLS,1,0.000454289881672,0.0697899904267512,0.0555352626581054,0.7,1.0,300,main_N50_T20_rho0.95_xsd1,50,20,0.95,1.0,,,
CDOLS,2,-0.0075778369157042,0.0953911743184965,0.0758924637444278,0.6833333333333333,1.0,300,main_N50_T20_rho0.95_xsd1,50,20,0.95,1.0,,,
CDOLS,3,-0.019826689191796,0.1135139889867879,0.0894106553600857,0.6366666666666667,1.0,300,main_N50_T20_rho0.95_xsd1,50,20,0.95,1.0,,,
CDOLS,4,-0.0257723571345885,0.1284607102563635,0.0984849594936548,0.63,1.0,300,main_N50_T20_rho0.95_xsd1,50,20,0.95,1.0,,,
CDOLS,5,-0.0223290347912351,0.1475079094205823,0.1126221704449059,0.59,0.9966666666666668,300,main_N50_T20_rho0.95_xsd1,50,20,0.95,1.0,,,
CDOLS,6,-0.0361768796467531,0.1629024181400882,0.1236024879689801,0.6133333333333333,0.9933333333333332,300,main_N50_T20_rho0.95_xsd1,50,20,0.95,1.0,,,
DB,0,3.246962603135987e-05,0.0171346464353929,0.0134308318551061,0.9266666666666666,1.0,300,main_N50_T20_rho0.95_xsd1,50,20,0.95,1.0,,,
DB,1,0.0576950097567975,0.0686463985572598,0.0594840786747307,0.4666666666666667,1.0,300,main_N50_T20_rho0.95_xsd1,50,20,0.95,1.0,,,
DB,2,0.1115323325291324,0.1269580709694073,0.1129771885876489,0.24,1.0,300,main_N50_T20_rho0.95_xsd1,50,20,0.95,1.0,,,
DB,3,0.1664994746367293,0.1840292066858373,0.1672237910770905,0.1533333333333333,0.9966666666666668,300,main_N50_T20_rho0.95_xsd1,50,20,0.95,1.0,,,
DB,4,0.2227073175027098,0.2406639073631591,0.2232239083883862,0.0733333333333333,0.9633333333333334,300,main_N50_T20_rho0.95_xsd1,50,20,0.95,1.0,,,
DB,5,0.2744129611697387,0.294451662457924,0.2746993418736866,0.0433333333333333,0.8366666666666667,300,main_N50_T20_rho0.95_xsd1,50,20,0.95,1.0,,,
DB,6,0.3172246369202671,0.3415074369372033,0.3172246369202671,0.0266666666666666,0.67,300,main_N50_T20_rho0.95_xsd1,50,20,0.95,1.0,,,
FE,0,3.246962603135987e-05,0.0171346464353929,0.0134308318551061,0.9266666666666666,1.0,300,main_N50_T20_rho0.95_xsd1,50,20,0.95,1.0,,,
FE,1,0.0969954333385478,0.1042158235495816,0.097206472040724,0.1066666666666666,1.0,300,main_N50_T20_rho0.95_xsd1,50,20,0.95,1.0,,,
FE,2,0.1805528357115352,0.1911077228591734,0.180597684338141,0.04,1.0,300,main_N50_T20_rho0.95_xsd1,50,20,0.95,1.0,,,
FE,3,0.2564529152320836,0.2692040045219457,0.2564529152320836,0.0266666666666666,0.9833333333333332,300,main_N50_T20_rho0.95_xsd1,50,20,0.95,1.0,,,
FE,4,0.3249918696657176,0.3389266437085875,0.3249918696657176,0.0133333333333333,0.82,300,main_N50_T20_rho0.95_xsd1,50,20,0.95,1.0,,,
FE,5,0.3799556298916535,0.3955038442741667,0.3799556298916535,0.0133333333333333,0.5533333333333333,300,main_N50_T20_rho0.95_xsd1,50,20,0.95,1.0,,,
FE,6,0.4156882352268294,0.4331572783288244,0.415703810222966,0.01,0.4533333333333333,300,main_N50_T20_rho0.95_xsd1,50,20,0.95,1.0,,,
HPJ,0,-0.0002942091582065,0.0527206360406921,0.0416398289271533,0.44,1.0,300,main_N50_T20_rho0.95_xsd1,50,20,0.95,1.0,,,
HPJ,1,0.1016260386484831,0.12727541330815,0.1069218247268029,0.2366666666666666,1.0,300,main_N50_T20_rho0.95_xsd1,50,20,0.95,1.0,,,
HPJ,2,0.1874746350526215,0.2163259892439686,0.1915887184360168,0.1033333333333333,0.98,300,main_N50_T20_rho0.95_xsd1,50,20,0.95,1.0,,,
HPJ,3,0.2630595741780706,0.2936203662279125,0.2666435927930666,0.06,0.92,300,main_N50_T20_rho0.95_xsd1,50,20,0.95,1.0,,,
HPJ,4,0.3290580808439347,0.3618226037815394,0.3320551993641528,0.0333333333333333,0.7233333333333334,300,main_N50_T20_rho0.95_xsd1,50,20,0.95,1.0,,,
HPJ,5,0.3856278857162452,0.4205332071464301,0.3880310233468746,0.03,0.6233333333333333,300,main_N50_T20_rho0.95_xsd1,50,20,0.95,1.0,,,
HPJ,6,0.4208585468720647,0.4583741318557917,0.4236933812116819,0.0266666666666666,0.6133333333333333,300,main_N50_T20_rho0.95_xsd1,50,20,0.95,1.0,,,
SPJ,0,0.0014607695691186,0.0225628347947144,0.0177666932180762,0.9533333333333334,1.0,300,main_N50_T20_rho0.95_xsd1,50,20,0.95,1.0,,,
SPJ,1,0.0115071115499116,0.0605082251383529,0.0478758063597233,0.8533333333333334,1.0,300,main_N50_T20_rho0.95_xsd1,50,20,0.95,1.0,,,
SPJ,2,0.0432741528343181,0.1115812201051471,0.0905511340537176,0.66,1.0,300,main_N50_T20_rho0.95_xsd1,50,20,0.95,1.0,,,
SPJ,3,0.0963433942408851,0.1656994766066335,0.1371839958592635,0.4966666666666666,0.9933333333333332,300,main_N50_T20_rho0.95_xsd1,50,20,0.95,1.0,,,
SPJ,4,0.1702948035145225,0.2342462319470031,0.1981539473679325,0.3566666666666667,0.8966666666666666,300,main_N50_T20_rho0.95_xsd1,50,20,0.95,1.0,,,
SPJ,5,0.2546869670902307,0.3120632338677259,0.2677377325592545,0.2466666666666666,0.7366666666666667,300,main_N50_T20_rho0.95_xsd1,50,20,0.95,1.0,,,
SPJ,6,0.3431777737100881,0.3970278593277196,0.3519470744571683,0.12,0.5333333333333333,300,main_N50_T20_rho0.95_xsd1,50,20,0.95,1.0,,,
CDOLS,0,-0.0022476336987989,0.0271569354327692,0.0221601476822382,0.9433333333333334,1.0,300,main_N50_T50_rho0.2_xsd0,50,50,0.2,0.0,,,
CDOLS,1,-0.0235038874141177,0.0400408291449198,0.0317861888043707,0.85,0.9966666666666668,300,main_N50_T50_rho0.2_xsd0,50,50,0.2,0.0,,,
CDOLS,2,-0.0247407834988083,0.0393390692218888,0.0316840392640891,0.8733333333333333,0.3433333333333333,300,main_N50_T50_rho0.2_xsd0,50,50,0.2,0.0,,,
CDOLS,3,-0.0234383266551053,0.0383741923684582,0.0310874008031839,0.88,0.14,300,main_N50_T50_rho0.2_xsd0,50,50,0.2,0.0,,,
CDOLS,4,-0.0263839288677748,0.0431818164450613,0.0343509674105394,0.8466666666666667,0.1533333333333333,300,main_N50_T50_rho0.2_xsd0,50,50,0.2,0.0,,,
CDOLS,5,-0.0277980814769297,0.0430910331177135,0.0351006361417579,0.86,0.1433333333333333,300,main_N50_T50_rho0.2_xsd0,50,50,0.2,0.0,,,
CDOLS,6,-0.0251525704092611,0.0406395724906375,0.0328247799131506,0.88,0.12,300,main_N50_T50_rho0.2_xsd0,50,50,0.2,0.0,,,
CDOLS,7,-0.0278628577351675,0.0416087082752415,0.0337204581624191,0.8633333333333333,0.1366666666666666,300,main_N50_T50_rho0.2_xsd0,50,50,0.2,0.0,,,
CDOLS,8,-0.0264099181899089,0.041894456730926,0.0332191604711524,0.8733333333333333,0.1266666666666666,300,main_N50_T50_rho0.2_xsd0,50,50,0.2,0.0,,,
CDOLS,9,-0.025847165157102,0.0427134261336119,0.0343965854149563,0.8666666666666667,0.1333333333333333,300,main_N50_T50_rho0.2_xsd0,50,50,0.2,0.0,,,
CDOLS,10,-0.0297023941105932,0.0445811751550524,0.0363920644155177,0.8633333333333333,0.1366666666666666,300,main_N50_T50_rho0.2_xsd0,50,50,0.2,0.0,,,
DB,0,-0.0025205271074352,0.0183168245228071,0.0147643126317123,0.9666666666666668,1.0,300,main_N50_T50_rho0.2_xsd0,50,50,0.2,0.0,,,
DB,1,-0.0002755235332982,0.0255803125710221,0.0206608430439612,0.9,1.0,300,main_N50_T50_rho0.2_xsd0,50,50,0.2,0.0,,,
DB,2,0.0036587916049519,0.0251471130439305,0.0205767783316009,0.9333333333333332,0.18,300,main_N50_T50_rho0.2_xsd0,50,50,0.2,0.0,,,
DB,3,0.0051523862839667,0.0246111190889144,0.0196116928370996,0.94,0.0666666666666666,300,main_N50_T50_rho0.2_xsd0,50,50,0.2,0.0,,,
DB,4,0.002476394234312,0.0264094346137936,0.0209823951901627,0.93,0.07,300,main_N50_T50_rho0.2_xsd0,50,50,0.2,0.0,,,
DB,5,0.0012734859196995,0.0264956014049304,0.0215317319349104,0.92,0.0833333333333333,300,main_N50_T50_rho0.2_xsd0,50,50,0.2,0.0,,,
DB,6,0.0039761730114863,0.0260100030142302,0.0208911494174168,0.92,0.08,300,main_N50_T50_rho0.2_xsd0,50,50,0.2,0.0,,,
DB,7,0.0015557153456288,0.0242647546147236,0.0191519622813947,0.9433333333333334,0.0566666666666666,300,main_N50_T50_rho0.2_xsd0,50,50,0.2,0.0,,,
DB,8,0.0030300599995706,0.0267784655133201,0.0211594772502834,0.9366666666666666,0.0633333333333333,300,main_N50_T50_rho0.2_xsd0,50,50,0.2,0.0,,,
DB,9,0.0025866587796654,0.0256642392488728,0.0202246797979535,0.9533333333333334,0.0466666666666666,300,main_N50_T50_rho0.2_xsd0,50,50,0.2,0.0,,,
DB,10,-0.0007194069097532,0.0244237529220932,0.0192860465146203,0.95,0.05,300,main_N50_T50_rho0.2_xsd0,50,50,0.2,0.0,,,
FE,0,-0.0025205271074352,0.0183168245228071,0.0147643126317123,0.9666666666666668,1.0,300,main_N50_T50_rho0.2_xsd0,50,50,0.2,0.0,,,
FE,1,0.0138301024064725,0.0289610516489249,0.0229645488113365,0.8766666666666667,0.9933333333333332,300,main_N50_T50_rho0.2_xsd0,50,50,0.2,0.0,,,
FE,2,0.0202867215308291,0.0319928071896886,0.0261049852977268,0.8166666666666667,0.0666666666666666,300,main_N50_T50_rho0.2_xsd0,50,50,0.2,0.0,,,
FE,3,0.0222057298576059,0.0326908076165653,0.0269430081613175,0.8333333333333334,0.1266666666666666,300,main_N50_T50_rho0.2_xsd0,50,50,0.2,0.0,,,
FE,4,0.0195560586166242,0.0328178895264816,0.0263212083560737,0.8166666666666667,0.17,300,main_N50_T50_rho0.2_xsd0,50,50,0.2,0.0,,,
FE,5,0.0182869625274538,0.0321255878146897,0.0255940575618811,0.84,0.16,300,main_N50_T50_rho0.2_xsd0,50,50,0.2,0.0,,,
FE,6,0.0208850658565147,0.033077126617835,0.0266379028117795,0.8533333333333334,0.1466666666666666,300,main_N50_T50_rho0.2_xsd0,50,50,0.2,0.0,,,
FE,7,0.0183289875647456,0.0304058954239762,0.0251251185215698,0.88,0.12,300,main_N50_T50_rho0.2_xsd0,50,50,0.2,0.0,,,
FE,8,0.0196349323934864,0.0330724294240392,0.0267589692728282,0.84,0.16,300,main_N50_T50_rho0.2_xsd0,50,50,0.2,0.0,,,
FE,9,0.0189864405131924,0.0318270314624329,0.0255889073712459,0.8766666666666667,0.1233333333333333,300,main_N50_T50_rho0.2_xsd0,50,50,0.2,0.0,,,
FE,10,0.0154337419544499,0.028816717537087,0.0230765107364258,0.8933333333333333,0.1066666666666666,300,main_N50_T50_rho0.2_xsd0,50,50,0.2,0.0,,,
HPJ,0,-0.0003966007314283,0.0529792224160646,0.0432390135213305,0.4966666666666666,1.0,300,main_N50_T50_rho0.2_xsd0,50,50,0.2,0.0,,,
HPJ,1,0.0136994067242088,0.0671399418118505,0.0539074594471654,0.4633333333333333,0.8166666666666667,300,main_N50_T50_rho0.2_xsd0,50,50,0.2,0.0,,,
HPJ,2,0.018012272344896,0.0725369549914143,0.0568935956896645,0.49,0.5333333333333333,300,main_N50_T50_rho0.2_xsd0,50,50,0.2,0.0,,,
HPJ,3,0.0187857405976024,0.0681877752591902,0.0530594794283277,0.5233333333333333,0.4733333333333333,300,main_N50_T50_rho0.2_xsd0,50,50,0.2,0.0,,,
HPJ,4,0.0154879679318294,0.0694380329805688,0.0557721211310416,0.4666666666666667,0.5333333333333333,300,main_N50_T50_rho0.2_xsd0,50,50,0.2,0.0,,,
HPJ,5,0.0120042693169168,0.0669020389518468,0.0536669866191181,0.5166666666666667,0.48,300,main_N50_T50_rho0.2_xsd0,50,50,0.2,0.0,,,
HPJ,6,0.0179345934560468,0.0717060310344345,0.0569051469182452,0.5166666666666667,0.4833333333333333,300,main_N50_T50_rho0.2_xsd0,50,50,0.2,0.0,,,
HPJ,7,0.015926404254999,0.0726445687033518,0.0586352916492645,0.4633333333333333,0.5366666666666666,300,main_N50_T50_rho0.2_xsd0,50,50,0.2,0.0,,,
HPJ,8,0.019364470077856,0.0733065832086554,0.0594486704319677,0.4566666666666666,0.5433333333333333,300,main_N50_T50_rho0.2_xsd0,50,50,0.2,0.0,,,
HPJ,9,0.0191873492954827,0.0741629656969114,0.0585754887591501,0.4933333333333333,0.5066666666666667,300,main_N50_T50_rho0.2_xsd0,50,50,0.2,0.0,,,
HPJ,10,-0.0012297117303314,0.0736500431376783,0.057362470708352,0.5333333333333333,0.4666666666666667,300,main_N50_T50_rho0.2_xsd0,50,50,0.2,0.0,,,
SPJ,0,-0.0024363613476106,0.0186068692144808,0.0147961463171057,0.9633333333333334,1.0,300,main_N50_T50_rho0.2_xsd0,50,50,0.2,0.0,,,
SPJ,1,-0.00065049157928,0.0262632320602326,0.0212560504378384,0.9133333333333332,0.9966666666666668,300,main_N50_T50_rho0.2_xsd0,50,50,0.2,0.0,,,
SPJ,2,0.0035367866918175,0.0260083806850743,0.0210830719051884,0.9333333333333332,0.1766666666666666,300,main_N50_T50_rho0.2_xsd0,50,50,0.2,0.0,,,
SPJ,3,0.0059172029030552,0.0254443016396107,0.0201536629843902,0.9366666666666666,0.0566666666666666,300,main_N50_T50_rho0.2_xsd0,50,50,0.2,0.0,,,
SPJ,4,0.0041755465637078,0.0277113049136222,0.0219456297928237,0.9266666666666666,0.0733333333333333,300,main_N50_T50_rho0.2_xsd0,50,50,0.2,0.0,,,
SPJ,5,0.0040878864246936,0.0271379790844241,0.021990761953084,0.9266666666666666,0.0733333333333333,300,main_N50_T50_rho0.2_xsd0,50,50,0.2,0.0,,,
SPJ,6,0.0078149259694601,0.0274505253920223,0.0220691973240767,0.9133333333333332,0.0866666666666666,300,main_N50_T50_rho0.2_xsd0,50,50,0.2,0.0,,,
SPJ,7,0.0069994688462051,0.0259861185815038,0.0208259001201302,0.9366666666666666,0.0633333333333333,300,main_N50_T50_rho0.2_xsd0,50,50,0.2,0.0,,,
SPJ,8,0.0098892670390943,0.0288835150084657,0.0227845666231587,0.9166666666666666,0.0833333333333333,300,main_N50_T50_rho0.2_xsd0,50,50,0.2,0.0,,,
SPJ,9,0.0109940115976568,0.0292213382341743,0.0232430263161908,0.92,0.08,300,main_N50_T50_rho0.2_xsd0,50,50,0.2,0.0,,,
SPJ,10,0.009630736840598,0.0268984252892511,0.0209047481221861,0.9433333333333334,0.0566666666666666,300,main_N50_T50_rho0.2_xsd0,50,50,0.2,0.0,,,
CDOLS,0,0.0016928196162909,0.0425337576916654,0.0334662800201707,0.93,1.0,300,main_N50_T50_rho0.2_xsd1,50,50,0.2,1.0,,,
CDOLS,1,-0.010393620725445,0.0463682997838768,0.0372529081627748,0.6533333333333333,0.9766666666666668,300,main_N50_T50_rho0.2_xsd1,50,50,0.2,1.0,,,
CDOLS,2,-0.0117011252255432,0.0542614871929145,0.0440462766509166,0.5866666666666667,0.4666666666666667,300,main_N50_T50_rho0.2_xsd1,50,50,0.2,1.0,,,
CDOLS,3,-0.0106731874021632,0.0550096022276644,0.0429823828762962,0.65,0.3633333333333333,300,main_N50_T50_rho0.2_xsd1,50,50,0.2,1.0,,,
CDOLS,4,-0.0098612933836005,0.0541174625790684,0.04275221624798,0.6533333333333333,0.3466666666666667,300,main_N50_T50_rho0.2_xsd1,50,50,0.2,1.0,,,
CDOLS,5,-0.0131849913770455,0.0531125340900918,0.04277714241736,0.6233333333333333,0.3766666666666666,300,main_N50_T50_rho0.2_xsd1,50,50,0.2,1.0,,,
CDOLS,6,-0.011238165371599,0.050138279085711,0.0393629858802934,0.71,0.29,300,main_N50_T50_rho0.2_xsd1,50,50,0.2,1.0,,,
CDOLS,7,-0.0149813348450818,0.0542455829763937,0.0415668823133113,0.69,0.31,300,main_N50_T50_rho0.2_xsd1,50,50,0.2,1.0,,,
CDOLS,8,-0.016277698064951,0.0541902884948017,0.0437682818023801,0.6733333333333333,0.3266666666666666,300,main_N50_T50_rho0.2_xsd1,50,50,0.2,1.0,,,
CDOLS,9,-0.0142625000590803,0.0568625565483866,0.0449244078166959,0.63,0.37,300,main_N50_T50_rho0.2_xsd1,50,50,0.2,1.0,,,
CDOLS,10,-0.0132655427510476,0.0567352058725639,0.0455657867735858,0.6266666666666667,0.3733333333333333,300,main_N50_T50_rho0.2_xsd1,50,50,0.2,1.0,,,
DB,0,0.001152403098584,0.0379334405717924,0.0298450099848916,0.6,1.0,300,main_N50_T50_rho0.2_xsd1,50,50,0.2,1.0,,,
DB,1,0.0004583905956149,0.043658150163501,0.0345876799846497,0.92,0.7433333333333333,300,main_N50_T50_rho0.2_xsd1,50,50,0.2,1.0,,,
DB,2,0.0021540640222694,0.054066250441848,0.0434222420610858,0.8933333333333333,0.1466666666666666,300,main_N50_T50_rho0.2_xsd1,50,50,0.2,1.0,,,
DB,3,0.0038803358182994,0.0521211698245727,0.0407729386601948,0.87,0.1033333333333333,300,main_N50_T50_rho0.2_xsd1,50,50,0.2,1.0,,,
DB,4,0.0049210353500113,0.0515847299405696,0.0401993603859618,0.8766666666666667,0.12,300,main_N50_T50_rho0.2_xsd1,50,50,0.2,1.0,,,
DB,5,0.0012837430051625,0.048048996082271,0.0382791007430153,0.9266666666666666,0.0766666666666666,300,main_N50_T50_rho0.2_xsd1,50,50,0.2,1.0,,,
DB,6,0.002675622769145,0.0477720432682426,0.0378112382573863,0.94,0.06,300,main_N50_T50_rho0.2_xsd1,50,50,0.2,1.0,,,
DB,7,-0.0016563676651611,0.0504180464696693,0.0384605347167508,0.9166666666666666,0.0833333333333333,300,main_N50_T50_rho0.2_xsd1,50,50,0.2,1.0,,,
DB,8,-0.0024173407260084,0.0514041399930573,0.0409033831220922,0.9333333333333332,0.0666666666666666,300,main_N50_T50_rho0.2_xsd1,50,50,0.2,1.0,,,
DB,9,0.0013773923174883,0.0521162538291268,0.0412126154118413,0.9266666666666666,0.0733333333333333,300,main_N50_T50_rho0.2_xsd1,50,50,0.2,1.0,,,
DB,10,0.0036012639611151,0.0536279961035095,0.0427178203834997,0.9066666666666666,0.0933333333333333,300,main_N50_T50_rho0.2_xsd1,50,50,0.2,1.0,,,
FE,0,0.001152403098584,0.0379334405717924,0.0298450099848916,0.6,1.0,300,main_N50_T50_rho0.2_xsd1,50,50,0.2,1.0,,,
FE,1,0.0145036315325372,0.0453392231673583,0.0360734843594189,0.9266666666666666,0.6666666666666666,300,main_N50_T50_rho0.2_xsd1,50,50,0.2,1.0,,,
FE,2,0.0187806051922072,0.0565148003355891,0.0448113689091353,0.8633333333333333,0.1,300,main_N50_T50_rho0.2_xsd1,50,50,0.2,1.0,,,
FE,3,0.0210175820687276,0.0559421614791843,0.0439572490267051,0.8566666666666667,0.1233333333333333,300,main_N50_T50_rho0.2_xsd1,50,50,0.2,1.0,,,
FE,4,0.0221253902330118,0.0559045952924198,0.0442180762571118,0.8566666666666667,0.14,300,main_N50_T50_rho0.2_xsd1,50,50,0.2,1.0,,,
FE,5,0.0184366699975857,0.0515047654869247,0.0403578277280722,0.8866666666666667,0.11,300,main_N50_T50_rho0.2_xsd1,50,50,0.2,1.0,,,
FE,6,0.0197282765249303,0.0514949707223481,0.0411212378766621,0.9,0.1,300,main_N50_T50_rho0.2_xsd1,50,50,0.2,1.0,,,
FE,7,0.0152611864580814,0.0526872248501537,0.0415466373277335,0.88,0.12,300,main_N50_T50_rho0.2_xsd1,50,50,0.2,1.0,,,
FE,8,0.0143308970944995,0.0534039440509521,0.0426126818442687,0.9166666666666666,0.0833333333333333,300,main_N50_T50_rho0.2_xsd1,50,50,0.2,1.0,,,
FE,9,0.0179189369825866,0.0550093988941933,0.0439357939511777,0.89,0.11,300,main_N50_T50_rho0.2_xsd1,50,50,0.2,1.0,,,
FE,10,0.0198940971349233,0.0573343216336536,0.045241221500735,0.89,0.11,300,main_N50_T50_rho0.2_xsd1,50,50,0.2,1.0,,,
HPJ,0,0.0040668364007508,0.1116631569989,0.0872265128866646,0.21,1.0,300,main_N50_T50_rho0.2_xsd1,50,50,0.2,1.0,,,
HPJ,1,0.0151989185617931,0.0699859622741616,0.0550735352869648,0.8066666666666666,0.6333333333333333,300,main_N50_T50_rho0.2_xsd1,50,50,0.2,1.0,,,
HPJ,2,0.0230792503060106,0.0812769050017789,0.0626298776148554,0.73,0.26,300,main_N50_T50_rho0.2_xsd1,50,50,0.2,1.0,,,
HPJ,3,0.0229034687997283,0.075677519871163,0.0593478841557039,0.7766666666666666,0.2166666666666666,300,main_N50_T50_rho0.2_xsd1,50,50,0.2,1.0,,,
HPJ,4,0.0201949313892864,0.0772233600407169,0.0588326260802131,0.7766666666666666,0.2233333333333333,300,main_N50_T50_rho0.2_xsd1,50,50,0.2,1.0,,,
HPJ,5,0.017967411001417,0.0765313184342127,0.059667664224728,0.77,0.23,300,main_N50_T50_rho0.2_xsd1,50,50,0.2,1.0,,,
HPJ,6,0.0195674370849464,0.0778284232196792,0.0621598329928946,0.75,0.25,300,main_N50_T50_rho0.2_xsd1,50,50,0.2,1.0,,,
HPJ,7,0.0198654976380091,0.0749618338227506,0.0589719374440489,0.79,0.21,300,main_N50_T50_rho0.2_xsd1,50,50,0.2,1.0,,,
HPJ,8,0.0198130888158121,0.0797227508675162,0.0608301064366462,0.77,0.23,300,main_N50_T50_rho0.2_xsd1,50,50,0.2,1.0,,,
HPJ,9,0.0178876500475256,0.0785336431113102,0.0600264315229142,0.7866666666666666,0.2133333333333333,300,main_N50_T50_rho0.2_xsd1,50,50,0.2,1.0,,,
HPJ,10,0.0133978494121394,0.0784810666230345,0.0604471608802153,0.75,0.25,300,main_N50_T50_rho0.2_xsd1,50,50,0.2,1.0,,,
SPJ,0,0.0013071486505814,0.0382049861199202,0.0299135799972693,0.6166666666666667,1.0,300,main_N50_T50_rho0.2_xsd1,50,50,0.2,1.0,,,
SPJ,1,-0.0009674970428997,0.0471809039308075,0.0373454188147915,0.9233333333333332,0.72,300,main_N50_T50_rho0.2_xsd1,50,50,0.2,1.0,,,
SPJ,2,0.0022733669912529,0.0576434534327529,0.0462362853199222,0.8766666666666667,0.1333333333333333,300,main_N50_T50_rho0.2_xsd1,50,50,0.2,1.0,,,
SPJ,3,0.0048095072730961,0.0560283789270425,0.0436477904905306,0.8933333333333333,0.1166666666666666,300,main_N50_T50_rho0.2_xsd1,50,50,0.2,1.0,,,
SPJ,4,0.0068811177527885,0.0553468918457684,0.0434782655058095,0.89,0.11,300,main_N50_T50_rho0.2_xsd1,50,50,0.2,1.0,,,
SPJ,5,0.00461278810235,0.0516832150557563,0.041093823996021,0.9233333333333332,0.0766666666666666,300,main_N50_T50_rho0.2_xsd1,50,50,0.2,1.0,,,
SPJ,6,0.007420930710345,0.0517074190882593,0.0410933086999888,0.92,0.08,300,main_N50_T50_rho0.2_xsd1,50,50,0.2,1.0,,,
SPJ,7,0.0042757461595041,0.0546632876446752,0.042155555744016,0.91,0.09,300,main_N50_T50_rho0.2_xsd1,50,50,0.2,1.0,,,
SPJ,8,0.0047715036141322,0.0547067436039337,0.043083422868441,0.93,0.07,300,main_N50_T50_rho0.2_xsd1,50,50,0.2,1.0,,,
SPJ,9,0.0105682174739469,0.0566870179801112,0.0454993284268958,0.9033333333333332,0.0966666666666666,300,main_N50_T50_rho0.2_xsd1,50,50,0.2,1.0,,,
SPJ,10,0.0145330892475518,0.0580630885236103,0.045996371418497,0.9033333333333332,0.0966666666666666,300,main_N50_T50_rho0.2_xsd1,50,50,0.2,1.0,,,
CDOLS,0,-0.0023149649298576,0.0272917854395136,0.0222764777331528,0.9466666666666668,1.0,300,main_N50_T50_rho0.5_xsd0,50,50,0.5,0.0,,,
CDOLS,1,-0.0224880998770089,0.0396013346863316,0.0314228481404487,0.8633333333333333,1.0,300,main_N50_T50_rho0.5_xsd0,50,50,0.5,0.0,,,
CDOLS,2,-0.0300023259523198,0.0433616428115813,0.0351161166317014,0.85,1.0,300,main_N50_T50_rho0.5_xsd0,50,50,0.5,0.0,,,
CDOLS,3,-0.0328030335143711,0.0453513950093804,0.0371095110447128,0.81,0.91,300,main_N50_T50_rho0.5_xsd0,50,50,0.5,0.0,,,
CDOLS,4,-0.0377730892643922,0.0515185646930749,0.0423303503518925,0.7633333333333333,0.6333333333333333,300,main_N50_T50_rho0.5_xsd0,50,50,0.5,0.0,,,
CDOLS,5,-0.0402624777287825,0.0524295703727733,0.0437812855806008,0.7733333333333333,0.4433333333333333,300,main_N50_T50_rho0.5_xsd0,50,50,0.5,0.0,,,
CDOLS,6,-0.0382938715214732,0.0506262677799351,0.0420480857803749,0.8033333333333333,0.28,300,main_N50_T50_rho0.5_xsd0,50,50,0.5,0.0,,,
CDOLS,7,-0.041425200829166,0.0523333640764345,0.0438135815757226,0.7733333333333333,0.2766666666666666,300,main_N50_T50_rho0.5_xsd0,50,50,0.5,0.0,,,
CDOLS,8,-0.0405843700077194,0.0525466178860806,0.0439313688367926,0.7966666666666666,0.2333333333333333,300,main_N50_T50_rho0.5_xsd0,50,50,0.5,0.0,,,
CDOLS,9,-0.0400246566627634,0.0532355081742125,0.0442692700101889,0.7833333333333333,0.2266666666666666,300,main_N50_T50_rho0.5_xsd0,50,50,0.5,0.0,,,
CDOLS,10,-0.0441395220238599,0.0561465603929942,0.0476744912265499,0.7733333333333333,0.2333333333333333,300,main_N50_T50_rho0.5_xsd0,50,50,0.5,0.0,,,
DB,0,-0.0017681340222734,0.016085556853229,0.0130487707647045,0.97,1.0,300,main_N50_T50_rho0.5_xsd0,50,50,0.5,0.0,,,
DB,1,0.0019105697355659,0.0234326377592891,0.0185662669196979,0.91,1.0,300,main_N50_T50_rho0.5_xsd0,50,50,0.5,0.0,,,
DB,2,0.0061473546211283,0.0259097835524022,0.0209990720295823,0.9,1.0,300,main_N50_T50_rho0.5_xsd0,50,50,0.5,0.0,,,
DB,3,0.0078333141040946,0.0266608912410689,0.0213394092306751,0.8766666666666667,0.8266666666666667,300,main_N50_T50_rho0.5_xsd0,50,50,0.5,0.0,,,
DB,4,0.0064252353403637,0.0269483230879336,0.0215687640214508,0.8766666666666667,0.3533333333333333,300,main_N50_T50_rho0.5_xsd0,50,50,0.5,0.0,,,
DB,5,0.0062421097889649,0.026825290976376,0.0217063586319502,0.91,0.1266666666666666,300,main_N50_T50_rho0.5_xsd0,50,50,0.5,0.0,,,
DB,6,0.0080622320868407,0.0262666376074744,0.0210238798690097,0.8933333333333333,0.0733333333333333,300,main_N50_T50_rho0.5_xsd0,50,50,0.5,0.0,,,
DB,7,0.0060997786990931,0.025129310259066,0.0199729275880038,0.9233333333333332,0.0866666666666666,300,main_N50_T50_rho0.5_xsd0,50,50,0.5,0.0,,,
DB,8,0.0067849964847079,0.0267526253507898,0.0209947332260301,0.9066666666666666,0.0866666666666666,300,main_N50_T50_rho0.5_xsd0,50,50,0.5,0.0,,,
DB,9,0.005956546525024,0.0261896909938855,0.0204588199453485,0.9166666666666666,0.08,300,main_N50_T50_rho0.5_xsd0,50,50,0.5,0.0,,,
DB,10,0.0037653029512234,0.0242411645005017,0.018877887162633,0.9266666666666666,0.07,300,main_N50_T50_rho0.5_xsd0,50,50,0.5,0.0,,,
FE,0,-0.0017681340222734,0.016085556853229,0.0130487707647045,0.97,1.0,300,main_N50_T50_rho0.5_xsd0,50,50,0.5,0.0,,,
FE,1,0.0192552960699364,0.0300636898689111,0.0244518380274768,0.7766666666666666,1.0,300,main_N50_T50_rho0.5_xsd0,50,50,0.5,0.0,,,
FE,2,0.0317456937600978,0.0402229659788011,0.0338512612238473,0.6266666666666667,1.0,300,main_N50_T50_rho0.5_xsd0,50,50,0.5,0.0,,,
FE,3,0.037328559640457,0.0449390302785827,0.0386777346558272,0.6,0.4166666666666667,300,main_N50_T50_rho0.5_xsd0,50,50,0.5,0.0,,,
FE,4,0.037712436389567,0.0457578658443416,0.0390981666870309,0.58,0.09,300,main_N50_T50_rho0.5_xsd0,50,50,0.5,0.0,,,
FE,5,0.0382878994395575,0.0461731505050946,0.0395357836892888,0.59,0.2,300,main_N50_T50_rho0.5_xsd0,50,50,0.5,0.0,,,
FE,6,0.0403423979929733,0.04736097229405,0.0411632141894618,0.5466666666666666,0.3033333333333333,300,main_N50_T50_rho0.5_xsd0,50,50,0.5,0.0,,,
FE,7,0.0383303963762942,0.045461974630472,0.0400593119324056,0.6033333333333334,0.35,300,main_N50_T50_rho0.5_xsd0,50,50,0.5,0.0,,,
FE,8,0.0387933186361345,0.0466651156842507,0.0406486432348406,0.61,0.3433333333333333,300,main_N50_T50_rho0.5_xsd0,50,50,0.5,0.0,,,
FE,9,0.0376185138289031,0.045463161250734,0.0391404493831216,0.6233333333333333,0.35,300,main_N50_T50_rho0.5_xsd0,50,50,0.5,0.0,,,
FE,10,0.0349748181776139,0.0423521288307824,0.0362595508700779,0.7166666666666667,0.2733333333333333,300,main_N50_T50_rho0.5_xsd0,50,50,0.5,0.0,,,
HPJ,0,-0.0015356663064424,0.0463618746243813,0.0369481008640332,0.54,1.0,300,main_N50_T50_rho0.5_xsd0,50,50,0.5,0.0,,,
HPJ,1,0.0173495499942402,0.0607521408574718,0.0487430740616977,0.49,1.0,300,main_N50_T50_rho0.5_xsd0,50,50,0.5,0.0,,,
HPJ,2,0.0285128561267093,0.0742783832416273,0.0590790946871682,0.4166666666666667,0.8766666666666667,300,main_N50_T50_rho0.5_xsd0,50,50,0.5,0.0,,,
HPJ,3,0.032797348724002,0.0743064754982243,0.0583899554078732,0.46,0.6066666666666667,300,main_N50_T50_rho0.5_xsd0,50,50,0.5,0.0,,,
HPJ,4,0.0317563437090728,0.0735602434076546,0.0587667403920674,0.4466666666666666,0.51,300,main_N50_T50_rho0.5_xsd0,50,50,0.5,0.0,,,
HPJ,5,0.0310707190873979,0.0729117352159886,0.0593489904055627,0.43,0.5533333333333333,300,main_N50_T50_rho0.5_xsd0,50,50,0.5,0.0,,,
HPJ,6,0.0355943563082173,0.0767050314225121,0.0607799608070551,0.4733333333333333,0.4733333333333333,300,main_N50_T50_rho0.5_xsd0,50,50,0.5,0.0,,,
HPJ,7,0.033812724006615,0.0740559176499565,0.0581649940902429,0.4933333333333333,0.51,300,main_N50_T50_rho0.5_xsd0,50,50,0.5,0.0,,,
HPJ,8,0.0352024494335259,0.0760125557556661,0.0621924681407155,0.4366666666666666,0.5666666666666667,300,main_N50_T50_rho0.5_xsd0,50,50,0.5,0.0,,,
HPJ,9,0.0322112998988409,0.0769712968981357,0.0624848540486835,0.4366666666666666,0.5666666666666667,300,main_N50_T50_rho0.5_xsd0,50,50,0.5,0.0,,,
HPJ,10,0.0188798501464551,0.0739270607546545,0.0570424708431179,0.49,0.51,300,main_N50_T50_rho0.5_xsd0,50,50,0.5,0.0,,,
SPJ,0,-0.0015877516990569,0.0169189219490244,0.0137133281754885,0.9733333333333334,1.0,300,main_N50_T50_rho0.5_xsd0,50,50,0.5,0.0,,,
SPJ,1,0.0002915544323431,0.0242847700183473,0.0192666881251792,0.9333333333333332,1.0,300,main_N50_T50_rho0.5_xsd0,50,50,0.5,0.0,,,
SPJ,2,0.0040250494248367,0.0269401649400941,0.0216048154970794,0.9166666666666666,1.0,300,main_N50_T50_rho0.5_xsd0,50,50,0.5,0.0,,,
SPJ,3,0.0064157098170053,0.0278528401228239,0.0219607530851154,0.9,0.8033333333333333,300,main_N50_T50_rho0.5_xsd0,50,50,0.5,0.0,,,
SPJ,4,0.0063568299059008,0.0293880169337598,0.0234408553104708,0.8733333333333333,0.29,300,main_N50_T50_rho0.5_xsd0,50,50,0.5,0.0,,,
SPJ,5,0.0080282520022745,0.0291584331798395,0.023955913832615,0.8966666666666666,0.0966666666666666,300,main_N50_T50_rho0.5_xsd0,50,50,0.5,0.0,,,
SPJ,6,0.0119953532939067,0.0297630636451507,0.0241265814895058,0.88,0.0766666666666666,300,main_N50_T50_rho0.5_xsd0,50,50,0.5,0.0,,,
SPJ,7,0.0130891229490329,0.0299218145275385,0.024255993383263,0.9,0.0766666666666666,300,main_N50_T50_rho0.5_xsd0,50,50,0.5,0.0,,,
SPJ,8,0.0167148887214371,0.0327581130689672,0.0260551436932297,0.8733333333333333,0.1033333333333333,300,main_N50_T50_rho0.5_xsd0,50,50,0.5,0.0,,,
SPJ,9,0.0192160159412505,0.0343113955238017,0.0276380324375416,0.8833333333333333,0.1166666666666666,300,main_N50_T50_rho0.5_xsd0,50,50,0.5,0.0,,,
SPJ,10,0.020978034397427,0.0333918859171061,0.0264571981378523,0.87,0.1266666666666666,300,main_N50_T50_rho0.5_xsd0,50,50,0.5,0.0,,,
CDOLS,0,0.001718309141264,0.0427944510661506,0.0335891071467125,0.9333333333333332,1.0,300,main_N50_T50_rho0.5_xsd1,50,50,0.5,1.0,,,
CDOLS,1,-0.0094095204366394,0.0461611025861588,0.0370012398278901,0.66,1.0,300,main_N50_T50_rho0.5_xsd1,50,50,0.5,1.0,,,
CDOLS,2,-0.0144458757105737,0.058216351707003,0.0472656909568718,0.6,0.9766666666666668,300,main_N50_T50_rho0.5_xsd1,50,50,0.5,1.0,,,
CDOLS,3,-0.0155061054518494,0.0602746175140165,0.0473439358387322,0.6166666666666667,0.7633333333333333,300,main_N50_T50_rho0.5_xsd1,50,50,0.5,1.0,,,
CDOLS,4,-0.015844656272492,0.0600269144661133,0.0480976913007774,0.59,0.5533333333333333,300,main_N50_T50_rho0.5_xsd1,50,50,0.5,1.0,,,
CDOLS,5,-0.019426662415594,0.0598778727982952,0.0478106916755295,0.5866666666666667,0.4833333333333333,300,main_N50_T50_rho0.5_xsd1,50,50,0.5,1.0,,,
CDOLS,6,-0.0184388579240932,0.0559262097652725,0.0448140063217676,0.63,0.41,300,main_N50_T50_rho0.5_xsd1,50,50,0.5,1.0,,,
CDOLS,7,-0.0222374840049108,0.0601050812183498,0.0467476315369194,0.64,0.3733333333333333,300,main_N50_T50_rho0.5_xsd1,50,50,0.5,1.0,,,
CDOLS,8,-0.0247240623183244,0.0609882566105597,0.0486030557868857,0.6366666666666667,0.37,300,main_N50_T50_rho0.5_xsd1,50,50,0.5,1.0,,,
CDOLS,9,-0.0236253841043856,0.0641775624350392,0.0507221340401153,0.5933333333333334,0.41,300,main_N50_T50_rho0.5_xsd1,50,50,0.5,1.0,,,
CDOLS,10,-0.0215338634119618,0.0628484660291459,0.0507270715315045,0.6033333333333334,0.4,300,main_N50_T50_rho0.5_xsd1,50,50,0.5,1.0,,,
DB,0,0.0013645580529657,0.0306799829657488,0.0243925013624906,0.63,1.0,300,main_N50_T50_rho0.5_xsd1,50,50,0.5,1.0,,,
DB,1,0.0042059731474985,0.0414776692896929,0.033093816357944,0.9066666666666666,1.0,300,main_N50_T50_rho0.5_xsd1,50,50,0.5,1.0,,,
DB,2,0.0071403231748278,0.059811970999007,0.0479778352144619,0.82,0.8133333333333334,300,main_N50_T50_rho0.5_xsd1,50,50,0.5,1.0,,,
DB,3,0.0086874655405618,0.0609321297605791,0.0482479308658013,0.83,0.3666666666666666,300,main_N50_T50_rho0.5_xsd1,50,50,0.5,1.0,,,
DB,4,0.0086595618206953,0.059335200355323,0.0477975646814071,0.8266666666666667,0.2,300,main_N50_T50_rho0.5_xsd1,50,50,0.5,1.0,,,
DB,5,0.0057744706242273,0.0549947149766871,0.0441165562892568,0.89,0.12,300,main_N50_T50_rho0.5_xsd1,50,50,0.5,1.0,,,
DB,6,0.0053894986869555,0.0545308118911865,0.0435248557171455,0.8966666666666666,0.1033333333333333,300,main_N50_T50_rho0.5_xsd1,50,50,0.5,1.0,,,
DB,7,0.0019153297514176,0.0580879769961518,0.0452758763011042,0.87,0.1266666666666666,300,main_N50_T50_rho0.5_xsd1,50,50,0.5,1.0,,,
DB,8,0.0017388409450096,0.059225556169188,0.0459838825924054,0.8633333333333333,0.13,300,main_N50_T50_rho0.5_xsd1,50,50,0.5,1.0,,,
DB,9,0.0054964964774107,0.05892325364812,0.0460323316543681,0.88,0.1166666666666666,300,main_N50_T50_rho0.5_xsd1,50,50,0.5,1.0,,,
DB,10,0.0090321050574769,0.0594171320776794,0.0463165816727928,0.89,0.11,300,main_N50_T50_rho0.5_xsd1,50,50,0.5,1.0,,,
FE,0,0.0013645580529657,0.0306799829657488,0.0243925013624906,0.63,1.0,300,main_N50_T50_rho0.5_xsd1,50,50,0.5,1.0,,,
FE,1,0.0214778773449737,0.0459493823772157,0.0376907049583695,0.88,1.0,300,main_N50_T50_rho0.5_xsd1,50,50,0.5,1.0,,,
FE,2,0.0326327988309002,0.0664217726028956,0.0534389107916544,0.7566666666666667,0.71,300,main_N50_T50_rho0.5_xsd1,50,50,0.5,1.0,,,
FE,3,0.0381263557760014,0.0700006676997981,0.0574011441739719,0.7233333333333334,0.2066666666666666,300,main_N50_T50_rho0.5_xsd1,50,50,0.5,1.0,,,
FE,4,0.0399761209291542,0.0699421163646498,0.0571372959638304,0.7566666666666667,0.1533333333333333,300,main_N50_T50_rho0.5_xsd1,50,50,0.5,1.0,,,
FE,5,0.0379355515119875,0.0658099315328477,0.0536772338246803,0.7633333333333333,0.1566666666666666,300,main_N50_T50_rho0.5_xsd1,50,50,0.5,1.0,,,
FE,6,0.0378551873903058,0.0656269167492784,0.0523835701200036,0.76,0.1866666666666666,300,main_N50_T50_rho0.5_xsd1,50,50,0.5,1.0,,,
FE,7,0.0343826287780831,0.0674167081978966,0.053886245798516,0.7966666666666666,0.1933333333333333,300,main_N50_T50_rho0.5_xsd1,50,50,0.5,1.0,,,
FE,8,0.0340180973616831,0.0684634670487381,0.0535496776553789,0.81,0.1866666666666666,300,main_N50_T50_rho0.5_xsd1,50,50,0.5,1.0,,,
FE,9,0.0374504690350058,0.0699226123002236,0.0561019930013577,0.8033333333333333,0.19,300,main_N50_T50_rho0.5_xsd1,50,50,0.5,1.0,,,
FE,10,0.0405450320236993,0.0720988442719123,0.0569589063195503,0.7933333333333333,0.2066666666666666,300,main_N50_T50_rho0.5_xsd1,50,50,0.5,1.0,,,
HPJ,0,0.0039132169069339,0.0910792625414944,0.0709672720238879,0.23,1.0,300,main_N50_T50_rho0.5_xsd1,50,50,0.5,1.0,,,
HPJ,1,0.0230468565627189,0.0668968808362782,0.0519009480551663,0.75,0.9966666666666668,300,main_N50_T50_rho0.5_xsd1,50,50,0.5,1.0,,,
HPJ,2,0.0366204428830685,0.0863369580652518,0.0681849606445108,0.6766666666666666,0.66,300,main_N50_T50_rho0.5_xsd1,50,50,0.5,1.0,,,
HPJ,3,0.0397581658695971,0.0850558535414357,0.0675084810892925,0.6866666666666666,0.3166666666666666,300,main_N50_T50_rho0.5_xsd1,50,50,0.5,1.0,,,
HPJ,4,0.0391455502789564,0.0875541650458011,0.0680203529847113,0.68,0.2633333333333333,300,main_N50_T50_rho0.5_xsd1,50,50,0.5,1.0,,,
HPJ,5,0.0387121163277983,0.086886015581041,0.0683863295742776,0.68,0.2966666666666667,300,main_N50_T50_rho0.5_xsd1,50,50,0.5,1.0,,,
HPJ,6,0.0401377953227833,0.0880563655711867,0.0708016409686217,0.6833333333333333,0.2866666666666667,300,main_N50_T50_rho0.5_xsd1,50,50,0.5,1.0,,,
HPJ,7,0.039939958611146,0.0879076714646841,0.0703516362321647,0.6633333333333333,0.3033333333333333,300,main_N50_T50_rho0.5_xsd1,50,50,0.5,1.0,,,
HPJ,8,0.0384619730628074,0.0916524467318767,0.0699385761185583,0.68,0.3166666666666666,300,main_N50_T50_rho0.5_xsd1,50,50,0.5,1.0,,,
HPJ,9,0.0359808047853095,0.0886525078613854,0.0701200451380387,0.6866666666666666,0.3066666666666666,300,main_N50_T50_rho0.5_xsd1,50,50,0.5,1.0,,,
HPJ,10,0.0335311188234408,0.0909254750268204,0.0718293950598099,0.6766666666666666,0.32,300,main_N50_T50_rho0.5_xsd1,50,50,0.5,1.0,,,
SPJ,0,0.0015846621797963,0.0306684802598038,0.0242199564317643,0.6566666666666666,1.0,300,main_N50_T50_rho0.5_xsd1,50,50,0.5,1.0,,,
SPJ,1,-4.94603205361958e-05,0.045922720325098,0.0360078058308573,0.9233333333333332,1.0,300,main_N50_T50_rho0.5_xsd1,50,50,0.5,1.0,,,
SPJ,2,0.0034917739356847,0.0654264545796152,0.052231961507895,0.8166666666666667,0.8,300,main_N50_T50_rho0.5_xsd1,50,50,0.5,1.0,,,
SPJ,3,0.0064678945433104,0.0682098005814957,0.0539933060392796,0.8066666666666666,0.3466666666666667,300,main_N50_T50_rho0.5_xsd1,50,50,0.5,1.0,,,
SPJ,4,0.0086197829859393,0.0678060018809532,0.0538343114060366,0.8433333333333334,0.1766666666666666,300,main_N50_T50_rho0.5_xsd1,50,50,0.5,1.0,,,
SPJ,5,0.008670627864262,0.0651664135196682,0.0517668777773649,0.8633333333333333,0.1333333333333333,300,main_N50_T50_rho0.5_xsd1,50,50,0.5,1.0,,,
SPJ,6,0.0116187856207804,0.0663067643259523,0.0520408292036506,0.85,0.1333333333333333,300,main_N50_T50_rho0.5_xsd1,50,50,0.5,1.0,,,
SPJ,7,0.011060953727267,0.0699069867266825,0.0538255135375453,0.81,0.1766666666666666,300,main_N50_T50_rho0.5_xsd1,50,50,0.5,1.0,,,
SPJ,8,0.0140844931405365,0.0704347352756408,0.0531775552023655,0.8433333333333334,0.1533333333333333,300,main_N50_T50_rho0.5_xsd1,50,50,0.5,1.0,,,
SPJ,9,0.0210092411106164,0.0717760158946705,0.0559927119239395,0.8366666666666667,0.1566666666666666,300,main_N50_T50_rho0.5_xsd1,50,50,0.5,1.0,,,
SPJ,10,0.0280304091038785,0.0726254766837593,0.0563799346396974,0.8033333333333333,0.19,300,main_N50_T50_rho0.5_xsd1,50,50,0.5,1.0,,,
CDOLS,0,-0.002350069614101,0.0273779562545015,0.0223380060088598,0.9466666666666668,1.0,300,main_N50_T50_rho0.8_xsd0,50,50,0.8,0.0,,,
CDOLS,1,-0.0195450314017017,0.0382176962330674,0.0302901296219873,0.8766666666666667,1.0,300,main_N50_T50_rho0.8_xsd0,50,50,0.8,0.0,,,
CDOLS,2,-0.0311565186235587,0.045045443139686,0.0363778116803426,0.8533333333333334,1.0,300,main_N50_T50_rho0.8_xsd0,50,50,0.8,0.0,,,
CDOLS,3,-0.0401254799346833,0.0521915748753496,0.0430393418340103,0.76,1.0,300,main_N50_T50_rho0.8_xsd0,50,50,0.8,0.0,,,
CDOLS,4,-0.0513049535377574,0.0630997579343986,0.0538298328309822,0.69,1.0,300,main_N50_T50_rho0.8_xsd0,50,50,0.8,0.0,,,
CDOLS,5,-0.0592886024936305,0.0693132708839901,0.0600696813685513,0.62,1.0,300,main_N50_T50_rho0.8_xsd0,50,50,0.8,0.0,,,
CDOLS,6,-0.0622377260724028,0.0720839153125671,0.0635725884302066,0.6033333333333334,1.0,300,main_N50_T50_rho0.8_xsd0,50,50,0.8,0.0,,,
CDOLS,7,-0.0695554442978426,0.0777561528724146,0.0697938859088186,0.5133333333333333,1.0,300,main_N50_T50_rho0.8_xsd0,50,50,0.8,0.0,,,
CDOLS,8,-0.072837376007574,0.0813380566866937,0.0733420472952707,0.5066666666666667,0.9966666666666668,300,main_N50_T50_rho0.8_xsd0,50,50,0.8,0.0,,,
CDOLS,9,-0.0753929189121948,0.0845815365842556,0.0758491048173471,0.49,0.98,300,main_N50_T50_rho0.8_xsd0,50,50,0.8,0.0,,,
CDOLS,10,-0.082184893055928,0.0910183284969163,0.0827898757587959,0.41,0.95,300,main_N50_T50_rho0.8_xsd0,50,50,0.8,0.0,,,
DB,0,-0.0003652373434585,0.0130143134138667,0.0105150237720011,0.9533333333333334,1.0,300,main_N50_T50_rho0.8_xsd0,50,50,0.8,0.0,,,
DB,1,0.0060977341183466,0.0185148444751781,0.0148771616846425,0.8966666666666666,1.0,300,main_N50_T50_rho0.8_xsd0,50,50,0.8,0.0,,,
DB,2,0.0126405575720853,0.0254287422623282,0.0205285750374164,0.8,1.0,300,main_N50_T50_rho0.8_xsd0,50,50,0.8,0.0,,,
DB,3,0.0176375806490606,0.0307965150477949,0.0247842246950567,0.75,1.0,300,main_N50_T50_rho0.8_xsd0,50,50,0.8,0.0,,,
DB,4,0.020961648392471,0.0347396712059542,0.0275601798831886,0.7,1.0,300,main_N50_T50_rho0.8_xsd0,50,50,0.8,0.0,,,
DB,5,0.0247144522002605,0.0378779673576496,0.0306577740170758,0.6533333333333333,1.0,300,main_N50_T50_rho0.8_xsd0,50,50,0.8,0.0,,,
DB,6,0.0287752964001485,0.040801814517511,0.0334016368946136,0.61,1.0,300,main_N50_T50_rho0.8_xsd0,50,50,0.8,0.0,,,
DB,7,0.0304239770768101,0.0418452062768302,0.034391490406058,0.6066666666666667,0.96,300,main_N50_T50_rho0.8_xsd0,50,50,0.8,0.0,,,
DB,8,0.0328615130129384,0.0437635624218542,0.0363391083801488,0.6333333333333333,0.83,300,main_N50_T50_rho0.8_xsd0,50,50,0.8,0.0,,,
DB,9,0.0341955351245888,0.0447132550541103,0.0371434082198204,0.6166666666666667,0.59,300,main_N50_T50_rho0.8_xsd0,50,50,0.8,0.0,,,
DB,10,0.0346958855112657,0.0442046019795701,0.0368602624304485,0.6433333333333333,0.3333333333333333,300,main_N50_T50_rho0.8_xsd0,50,50,0.8,0.0,,,
FE,0,-0.0003652373434585,0.0130143134138667,0.0105150237720011,0.9533333333333334,1.0,300,main_N50_T50_rho0.8_xsd0,50,50,0.8,0.0,,,
FE,1,0.0259144943029934,0.0310717429035141,0.0269006936543985,0.6066666666666667,1.0,300,main_N50_T50_rho0.8_xsd0,50,50,0.8,0.0,,,
FE,2,0.0476780287735344,0.0522480859470946,0.0478303870949001,0.2633333333333333,1.0,300,main_N50_T50_rho0.8_xsd0,50,50,0.8,0.0,,,
FE,3,0.0643260034436384,0.0687265970940089,0.0643484621792567,0.1033333333333333,1.0,300,main_N50_T50_rho0.8_xsd0,50,50,0.8,0.0,,,
FE,4,0.0765164577183264,0.0809410787240781,0.0765515574192571,0.0466666666666666,1.0,300,main_N50_T50_rho0.8_xsd0,50,50,0.8,0.0,,,
FE,5,0.0869508571390572,0.0910933085737358,0.0869508571390572,0.04,0.9933333333333332,300,main_N50_T50_rho0.8_xsd0,50,50,0.8,0.0,,,
FE,6,0.0959653883999517,0.099774127075806,0.0959653883999517,0.0133333333333333,0.7966666666666666,300,main_N50_T50_rho0.8_xsd0,50,50,0.8,0.0,,,
FE,7,0.1011863104916848,0.104813603096136,0.1011863104916848,0.0133333333333333,0.3033333333333333,300,main_N50_T50_rho0.8_xsd0,50,50,0.8,0.0,,,
FE,8,0.1060754546447711,0.1096158675357784,0.1060754546447711,0.01,0.1466666666666666,300,main_N50_T50_rho0.8_xsd0,50,50,0.8,0.0,,,
FE,9,0.1089344701510901,0.1124011437929547,0.1089344701510901,0.0033333333333333,0.2966666666666667,300,main_N50_T50_rho0.8_xsd0,50,50,0.8,0.0,,,
FE,10,0.1101747289912427,0.1133109265422731,0.1101747289912427,0.0033333333333333,0.5233333333333333,300,main_N50_T50_rho0.8_xsd0,50,50,0.8,0.0,,,
HPJ,0,-0.0028093276565999,0.0350309395410316,0.0277573814881068,0.53,1.0,300,main_N50_T50_rho0.8_xsd0,50,50,0.8,0.0,,,
HPJ,1,0.0216226679277561,0.0492262268907973,0.0396357408864165,0.4566666666666666,1.0,300,main_N50_T50_rho0.8_xsd0,50,50,0.8,0.0,,,
HPJ,2,0.0423477394030455,0.0723180888616621,0.059121930478387,0.33,1.0,300,main_N50_T50_rho0.8_xsd0,50,50,0.8,0.0,,,
HPJ,3,0.0576968943733922,0.0870300094985647,0.0715416445531641,0.2866666666666667,1.0,300,main_N50_T50_rho0.8_xsd0,50,50,0.8,0.0,,,
HPJ,4,0.0685156852264902,0.0969550079628577,0.0808149465431989,0.2566666666666666,0.9833333333333332,300,main_N50_T50_rho0.8_xsd0,50,50,0.8,0.0,,,
HPJ,5,0.0781577795004921,0.1057043963731873,0.0885208046922438,0.2366666666666666,0.8833333333333333,300,main_N50_T50_rho0.8_xsd0,50,50,0.8,0.0,,,
HPJ,6,0.0885416031168378,0.115251046698402,0.0971088126267052,0.2066666666666666,0.7266666666666667,300,main_N50_T50_rho0.8_xsd0,50,50,0.8,0.0,,,
HPJ,7,0.0937362772685535,0.1171830063983532,0.0992224661850606,0.1833333333333333,0.6366666666666667,300,main_N50_T50_rho0.8_xsd0,50,50,0.8,0.0,,,
HPJ,8,0.0997912122698652,0.1227845842350796,0.1043628910397085,0.2166666666666666,0.57,300,main_N50_T50_rho0.8_xsd0,50,50,0.8,0.0,,,
HPJ,9,0.1029322098720127,0.1271875176485133,0.108083682427331,0.1866666666666666,0.5933333333333334,300,main_N50_T50_rho0.8_xsd0,50,50,0.8,0.0,,,
HPJ,10,0.1024191245315184,0.127359870707553,0.108047068963799,0.19,0.6533333333333333,300,main_N50_T50_rho0.8_xsd0,50,50,0.8,0.0,,,
SPJ,0,-7.202275798280182e-05,0.0146440136709493,0.011955097218177,0.97,1.0,300,main_N50_T50_rho0.8_xsd0,50,50,0.8,0.0,,,
SPJ,1,-0.0003307484980496,0.0192348884590825,0.0152471125320256,0.9266666666666666,1.0,300,main_N50_T50_rho0.8_xsd0,50,50,0.8,0.0,,,
SPJ,2,0.0014099729685858,0.0252073230737911,0.019836777564101,0.88,1.0,300,main_N50_T50_rho0.8_xsd0,50,50,0.8,0.0,,,
SPJ,3,0.0038181726965107,0.0297242667837977,0.0232159984523688,0.85,1.0,300,main_N50_T50_rho0.8_xsd0,50,50,0.8,0.0,,,
SPJ,4,0.0064558143911091,0.0344529580937573,0.0269637224314766,0.81,1.0,300,main_N50_T50_rho0.8_xsd0,50,50,0.8,0.0,,,
SPJ,5,0.0112444479728257,0.0378374212236509,0.0293318101780977,0.7833333333333333,1.0,300,main_N50_T50_rho0.8_xsd0,50,50,0.8,0.0,,,
SPJ,6,0.0181226286523177,0.0419640049251986,0.0321549074678899,0.7666666666666667,0.9866666666666668,300,main_N50_T50_rho0.8_xsd0,50,50,0.8,0.0,,,
SPJ,7,0.0251151708623397,0.04618710175242,0.0364502815655952,0.7366666666666667,0.8766666666666667,300,main_N50_T50_rho0.8_xsd0,50,50,0.8,0.0,,,
SPJ,8,0.0338973374400574,0.0520385387304681,0.0419093845039173,0.7,0.65,300,main_N50_T50_rho0.8_xsd0,50,50,0.8,0.0,,,
SPJ,9,0.0436428655213743,0.0589857031709218,0.0492879737392089,0.65,0.2866666666666667,300,main_N50_T50_rho0.8_xsd0,50,50,0.8,0.0,,,
SPJ,10,0.0544467796677915,0.0665669397141389,0.0568604804575286,0.5733333333333334,0.15,300,main_N50_T50_rho0.8_xsd0,50,50,0.8,0.0,,,
CDOLS,0,0.00169606906536,0.0429659384228274,0.0336308401293913,0.9333333333333332,1.0,300,main_N50_T50_rho0.8_xsd1,50,50,0.8,1.0,,,
CDOLS,1,-0.0086507771183627,0.0461015001634956,0.037063707140684,0.6733333333333333,1.0,300,main_N50_T50_rho0.8_xsd1,50,50,0.8,1.0,,,
CDOLS,2,-0.0162292816087569,0.0640295510934744,0.0516664110513334,0.5666666666666667,1.0,300,main_N50_T50_rho0.8_xsd1,50,50,0.8,1.0,,,
CDOLS,3,-0.0203555056474796,0.0712339860120417,0.0555692190892119,0.5866666666666667,1.0,300,main_N50_T50_rho0.8_xsd1,50,50,0.8,1.0,,,
CDOLS,4,-0.0241137114729914,0.0749631489660943,0.0594197140283057,0.5466666666666666,1.0,300,main_N50_T50_rho0.8_xsd1,50,50,0.8,1.0,,,
CDOLS,5,-0.0305404337297139,0.0780301977028322,0.0622620634930973,0.5466666666666666,0.99,300,main_N50_T50_rho0.8_xsd1,50,50,0.8,1.0,,,
CDOLS,6,-0.0327058675572324,0.0761809437146461,0.0612754238172704,0.54,0.97,300,main_N50_T50_rho0.8_xsd1,50,50,0.8,1.0,,,
CDOLS,7,-0.0385834189726332,0.0788736935108687,0.0632566134065213,0.5433333333333333,0.9333333333333332,300,main_N50_T50_rho0.8_xsd1,50,50,0.8,1.0,,,
CDOLS,8,-0.0437767144867085,0.0818763501390996,0.0663847206122808,0.5433333333333333,0.89,300,main_N50_T50_rho0.8_xsd1,50,50,0.8,1.0,,,
CDOLS,9,-0.0455460812394137,0.0869638035069363,0.0693783380681269,0.5166666666666667,0.8233333333333334,300,main_N50_T50_rho0.8_xsd1,50,50,0.8,1.0,,,
CDOLS,10,-0.0448106758574667,0.0860952355994372,0.0707011685568892,0.5033333333333333,0.7933333333333333,300,main_N50_T50_rho0.8_xsd1,50,50,0.8,1.0,,,
DB,0,0.0012104350930936,0.0175847844664156,0.0140307652549279,0.73,1.0,300,main_N50_T50_rho0.8_xsd1,50,50,0.8,1.0,,,
DB,1,0.0104814489769805,0.0334193783015718,0.0273388304840089,0.91,1.0,300,main_N50_T50_rho0.8_xsd1,50,50,0.8,1.0,,,
DB,2,0.0190194146598571,0.0562543514125701,0.0459101724923921,0.7666666666666667,1.0,300,main_N50_T50_rho0.8_xsd1,50,50,0.8,1.0,,,
DB,3,0.0251231816646475,0.0694968485855604,0.056928601824975,0.6566666666666666,1.0,300,main_N50_T50_rho0.8_xsd1,50,50,0.8,1.0,,,
DB,4,0.0289937743297336,0.0769337699944451,0.0638072125119445,0.61,0.97,300,main_N50_T50_rho0.8_xsd1,50,50,0.8,1.0,,,
DB,5,0.0308479120718051,0.0804025542428309,0.066106268582286,0.6166666666666667,0.8766666666666667,300,main_N50_T50_rho0.8_xsd1,50,50,0.8,1.0,,,
DB,6,0.0331833596810821,0.0838102315541453,0.0682153364415905,0.62,0.72,300,main_N50_T50_rho0.8_xsd1,50,50,0.8,1.0,,,
DB,7,0.034076373951834,0.0872674758871666,0.0698429653055053,0.6266666666666667,0.54,300,main_N50_T50_rho0.8_xsd1,50,50,0.8,1.0,,,
DB,8,0.0362261741879072,0.0884622941446871,0.0688498904766532,0.6433333333333333,0.43,300,main_N50_T50_rho0.8_xsd1,50,50,0.8,1.0,,,
DB,9,0.0398026809707751,0.088902518352321,0.0689495625260679,0.67,0.2866666666666667,300,main_N50_T50_rho0.8_xsd1,50,50,0.8,1.0,,,
DB,10,0.0429598790672701,0.0894499416151829,0.0698103440749353,0.6733333333333333,0.23,300,main_N50_T50_rho0.8_xsd1,50,50,0.8,1.0,,,
FE,0,0.0012104350930936,0.0175847844664156,0.0140307652549279,0.73,1.0,300,main_N50_T50_rho0.8_xsd1,50,50,0.8,1.0,,,
FE,1,0.0303316170457722,0.0436575945117934,0.0361536091203129,0.78,1.0,300,main_N50_T50_rho0.8_xsd1,50,50,0.8,1.0,,,
FE,2,0.0539870104407403,0.0746798066690631,0.0623266585714404,0.58,1.0,300,main_N50_T50_rho0.8_xsd1,50,50,0.8,1.0,,,
FE,3,0.0716029113269862,0.0949032419219512,0.0809624093073911,0.4733333333333333,0.9966666666666668,300,main_N50_T50_rho0.8_xsd1,50,50,0.8,1.0,,,
FE,4,0.0842174487832144,0.1080945109201885,0.0931755183138879,0.41,0.89,300,main_N50_T50_rho0.8_xsd1,50,50,0.8,1.0,,,
FE,5,0.0926696940081276,0.1161888842374782,0.1015264704625536,0.37,0.6366666666666667,300,main_N50_T50_rho0.8_xsd1,50,50,0.8,1.0,,,
FE,6,0.0999201232105767,0.1234848003276099,0.1078638908971687,0.34,0.3733333333333333,300,main_N50_T50_rho0.8_xsd1,50,50,0.8,1.0,,,
FE,7,0.104388344590188,0.129307692273627,0.1124659584878508,0.32,0.2833333333333333,300,main_N50_T50_rho0.8_xsd1,50,50,0.8,1.0,,,
FE,8,0.1090270619595887,0.1335895729982764,0.1166350482714136,0.3233333333333333,0.2566666666666666,300,main_N50_T50_rho0.8_xsd1,50,50,0.8,1.0,,,
FE,9,0.1141914259687089,0.1376690921239705,0.1213186278469398,0.3166666666666666,0.31,300,main_N50_T50_rho0.8_xsd1,50,50,0.8,1.0,,,
FE,10,0.1181682217845508,0.1410108215578543,0.1238786374452342,0.29,0.37,300,main_N50_T50_rho0.8_xsd1,50,50,0.8,1.0,,,
HPJ,0,0.0025480061657433,0.0523234966564633,0.0404345745801438,0.32,1.0,300,main_N50_T50_rho0.8_xsd1,50,50,0.8,1.0,,,
HPJ,1,0.0310434003120003,0.0562720008795322,0.0437035180671519,0.6966666666666667,1.0,300,main_N50_T50_rho0.8_xsd1,50,50,0.8,1.0,,,
HPJ,2,0.0558533803386948,0.0871834838189228,0.0689483511533064,0.5466666666666666,1.0,300,main_N50_T50_rho0.8_xsd1,50,50,0.8,1.0,,,
HPJ,3,0.0722522385363394,0.105829710174984,0.0858416072286853,0.5,0.9733333333333334,300,main_N50_T50_rho0.8_xsd1,50,50,0.8,1.0,,,
HPJ,4,0.0842391574869546,0.1191330685834261,0.0975550666953365,0.46,0.8233333333333334,300,main_N50_T50_rho0.8_xsd1,50,50,0.8,1.0,,,
HPJ,5,0.0939263711522469,0.1297350316507215,0.1067517044775918,0.4166666666666667,0.6233333333333333,300,main_N50_T50_rho0.8_xsd1,50,50,0.8,1.0,,,
HPJ,6,0.1020696515450357,0.1381866903241316,0.1157564145492482,0.37,0.48,300,main_N50_T50_rho0.8_xsd1,50,50,0.8,1.0,,,
HPJ,7,0.1073327586886186,0.143298501340106,0.1204863147518138,0.3566666666666667,0.3933333333333333,300,main_N50_T50_rho0.8_xsd1,50,50,0.8,1.0,,,
HPJ,8,0.1099853543659076,0.1459292032963496,0.1223445761054079,0.3733333333333333,0.3666666666666666,300,main_N50_T50_rho0.8_xsd1,50,50,0.8,1.0,,,
HPJ,9,0.1111156125597788,0.1469897949096084,0.1243976290224558,0.36,0.3833333333333333,300,main_N50_T50_rho0.8_xsd1,50,50,0.8,1.0,,,
HPJ,10,0.1114904307772976,0.1506805999213093,0.125566310899507,0.35,0.4133333333333333,300,main_N50_T50_rho0.8_xsd1,50,50,0.8,1.0,,,
SPJ,0,0.0014237724440704,0.0173777262716569,0.0138094746496893,0.8333333333333334,1.0,300,main_N50_T50_rho0.8_xsd1,50,50,0.8,1.0,,,
SPJ,1,0.0005517428541528,0.0374326895163492,0.0288729602336547,0.9133333333333332,1.0,300,main_N50_T50_rho0.8_xsd1,50,50,0.8,1.0,,,
SPJ,2,0.003877542966724,0.0630123724658242,0.0488856898944102,0.81,1.0,300,main_N50_T50_rho0.8_xsd1,50,50,0.8,1.0,,,
SPJ,3,0.0078717721612133,0.0799440766596301,0.0622946142047219,0.77,1.0,300,main_N50_T50_rho0.8_xsd1,50,50,0.8,1.0,,,
SPJ,4,0.0123744773415568,0.0918125124995838,0.0706327208006542,0.7,0.97,300,main_N50_T50_rho0.8_xsd1,50,50,0.8,1.0,,,
SPJ,5,0.0179901471278705,0.100525245840938,0.0780174946052328,0.68,0.8233333333333334,300,main_N50_T50_rho0.8_xsd1,50,50,0.8,1.0,,,
SPJ,6,0.0260883282877025,0.1093915547339069,0.0849711368889451,0.66,0.6166666666666667,300,main_N50_T50_rho0.8_xsd1,50,50,0.8,1.0,,,
SPJ,7,0.0338144822858493,0.1157258532449857,0.08953411951431,0.6,0.4466666666666666,300,main_N50_T50_rho0.8_xsd1,50,50,0.8,1.0,,,
SPJ,8,0.0432387226088967,0.1201127949881817,0.0938100824470012,0.59,0.3233333333333333,300,main_N50_T50_rho0.8_xsd1,50,50,0.8,1.0,,,
SPJ,9,0.0547918846665566,0.1247005012011127,0.1002510759943149,0.5733333333333334,0.26,300,main_N50_T50_rho0.8_xsd1,50,50,0.8,1.0,,,
SPJ,10,0.0667070910191938,0.1285941218541726,0.1052064425568605,0.5366666666666666,0.2666666666666666,300,main_N50_T50_rho0.8_xsd1,50,50,0.8,1.0,,,
CDOLS,0,-0.0022987858709064,0.0272863932214987,0.0222569403865696,0.9466666666666668,1.0,300,main_N50_T50_rho0.95_xsd0,50,50,0.95,0.0,,,
CDOLS,1,-0.0154248517355745,0.0363839261741689,0.0287254866260828,0.9,1.0,300,main_N50_T50_rho0.95_xsd0,50,50,0.95,0.0,,,
CDOLS,2,-0.0261113042183959,0.0426553450321823,0.0337769974859559,0.8633333333333333,1.0,300,main_N50_T50_rho0.95_xsd0,50,50,0.95,0.0,,,
CDOLS,3,-0.0364171243167283,0.0510746397140629,0.0416137497753461,0.8133333333333334,1.0,300,main_N50_T50_rho0.95_xsd0,50,50,0.95,0.0,,,
CDOLS,4,-0.0505228111975733,0.0642792035258547,0.0536494027858509,0.6933333333333334,1.0,300,main_N50_T50_rho0.95_xsd0,50,50,0.95,0.0,,,
CDOLS,5,-0.0625369064315249,0.0745449068423322,0.0637744307878532,0.63,1.0,300,main_N50_T50_rho0.95_xsd0,50,50,0.95,0.0,,,
CDOLS,6,-0.070600228805287,0.0822550992090564,0.0718789039147591,0.5833333333333334,1.0,300,main_N50_T50_rho0.95_xsd0,50,50,0.95,0.0,,,
CDOLS,7,-0.0836882176477358,0.0932090262084823,0.0839071770480406,0.4833333333333333,1.0,300,main_N50_T50_rho0.95_xsd0,50,50,0.95,0.0,,,
CDOLS,8,-0.0938806490013498,0.10321846752741,0.0941772054692862,0.4033333333333333,1.0,300,main_N50_T50_rho0.95_xsd0,50,50,0.95,0.0,,,
CDOLS,9,-0.1034285258376815,0.1131699289144632,0.1036600618298971,0.36,1.0,300,main_N50_T50_rho0.95_xsd0,50,50,0.95,0.0,,,
CDOLS,10,-0.1174947816756746,0.1269212649911633,0.1178648123570616,0.2333333333333333,1.0,300,main_N50_T50_rho0.95_xsd0,50,50,0.95,0.0,,,
DB,0,5.185111434547066e-05,0.0085960106064486,0.0066402279445664,0.93,1.0,300,main_N50_T50_rho0.95_xsd0,50,50,0.95,0.0,,,
DB,1,0.0116729805629526,0.0159462085579541,0.0131776702996449,0.7766666666666666,1.0,300,main_N50_T50_rho0.95_xsd0,50,50,0.95,0.0,,,
DB,2,0.0237328756796278,0.0280872998359958,0.0244016580142784,0.4666666666666667,1.0,300,main_N50_T50_rho0.95_xsd0,50,50,0.95,0.0,,,
DB,3,0.035596619607498,0.0404556438857036,0.0360395749149008,0.32,1.0,300,main_N50_T50_rho0.95_xsd0,50,50,0.95,0.0,,,
DB,4,0.0471749100978614,0.0526126976601156,0.0475130359999362,0.2233333333333333,1.0,300,main_N50_T50_rho0.95_xsd0,50,50,0.95,0.0,,,
DB,5,0.0593613046520859,0.0650891281556711,0.0595545953248302,0.17,1.0,300,main_N50_T50_rho0.95_xsd0,50,50,0.95,0.0,,,
DB,6,0.0719441681550902,0.0779748879732371,0.0720707521082503,0.1266666666666666,1.0,300,main_N50_T50_rho0.95_xsd0,50,50,0.95,0.0,,,
DB,7,0.0836435497786509,0.0897900160073712,0.0837932331111827,0.1,1.0,300,main_N50_T50_rho0.95_xsd0,50,50,0.95,0.0,,,
DB,8,0.0956511416520962,0.1018948767935567,0.0958196473558296,0.0766666666666666,1.0,300,main_N50_T50_rho0.95_xsd0,50,50,0.95,0.0,,,
DB,9,0.1070394488144544,0.1132670026390427,0.1071179649840962,0.0633333333333333,1.0,300,main_N50_T50_rho0.95_xsd0,50,50,0.95,0.0,,,
DB,10,0.1179243712529714,0.1239564295590964,0.1179533598126192,0.0333333333333333,1.0,300,main_N50_T50_rho0.95_xsd0,50,50,0.95,0.0,,,
FE,0,5.185111434547066e-05,0.0085960106064486,0.0066402279445664,0.93,1.0,300,main_N50_T50_rho0.95_xsd0,50,50,0.95,0.0,,,
FE,1,0.0291351718362025,0.0310438002965866,0.0291549918266059,0.1933333333333333,1.0,300,main_N50_T50_rho0.95_xsd0,50,50,0.95,0.0,,,
FE,2,0.0569775750629921,0.058858530249269,0.0569775750629921,0.0133333333333333,1.0,300,main_N50_T50_rho0.95_xsd0,50,50,0.95,0.0,,,
FE,3,0.0830468845763134,0.0851532858702889,0.0830468845763134,0.0,1.0,300,main_N50_T50_rho0.95_xsd0,50,50,0.95,0.0,,,
FE,4,0.107341532800245,0.1097170509822184,0.107341532800245,0.0,1.0,300,main_N50_T50_rho0.95_xsd0,50,50,0.95,0.0,,,
FE,5,0.1308283656802952,0.1333732230174515,0.1308283656802952,0.0,1.0,300,main_N50_T50_rho0.95_xsd0,50,50,0.95,0.0,,,
FE,6,0.1533549610823659,0.1560891745147279,0.1533549610823659,0.0,1.0,300,main_N50_T50_rho0.95_xsd0,50,50,0.95,0.0,,,
FE,7,0.1736866798813618,0.1765239386382045,0.1736866798813618,0.0,1.0,300,main_N50_T50_rho0.95_xsd0,50,50,0.95,0.0,,,
FE,8,0.1930465897740531,0.1959981645307074,0.1930465897740531,0.0,1.0,300,main_N50_T50_rho0.95_xsd0,50,50,0.95,0.0,,,
FE,9,0.2105243731193246,0.2135360472845119,0.2105243731193246,0.0,1.0,300,main_N50_T50_rho0.95_xsd0,50,50,0.95,0.0,,,
FE,10,0.2262383944670248,0.2292198175471396,0.2262383944670248,0.0,0.9966666666666668,300,main_N50_T50_rho0.95_xsd0,50,50,0.95,0.0,,,
HPJ,0,-0.0020345130731154,0.0239302873563619,0.0190769356012544,0.5466666666666666,1.0,300,main_N50_T50_rho0.95_xsd0,50,50,0.95,0.0,,,
HPJ,1,0.0268665525678311,0.0412924690134387,0.0343443537857698,0.3133333333333333,1.0,300,main_N50_T50_rho0.95_xsd0,50,50,0.95,0.0,,,
HPJ,2,0.0549834221551197,0.070343060632056,0.0600033555617099,0.1833333333333333,1.0,300,main_N50_T50_rho0.95_xsd0,50,50,0.95,0.0,,,
HPJ,3,0.0809342007016876,0.0978272585077934,0.0849590113504611,0.1466666666666666,1.0,300,main_N50_T50_rho0.95_xsd0,50,50,0.95,0.0,,,
HPJ,4,0.1054196443718738,0.1233822431230258,0.1082423081124707,0.12,1.0,300,main_N50_T50_rho0.95_xsd0,50,50,0.95,0.0,,,
HPJ,5,0.1293215162311885,0.1479883350976174,0.131370762231824,0.09,1.0,300,main_N50_T50_rho0.95_xsd0,50,50,0.95,0.0,,,
HPJ,6,0.1535790325386956,0.1734926593707342,0.1551726393177025,0.09,1.0,300,main_N50_T50_rho0.95_xsd0,50,50,0.95,0.0,,,
HPJ,7,0.1744930751159979,0.1940178603603445,0.1756703652076876,0.0566666666666666,0.9933333333333332,300,main_N50_T50_rho0.95_xsd0,50,50,0.95,0.0,,,
HPJ,8,0.1952898194903918,0.2152674854026131,0.196461944212376,0.05,0.98,300,main_N50_T50_rho0.95_xsd0,50,50,0.95,0.0,,,
HPJ,9,0.2143739066737127,0.2351486784847034,0.2152715693530805,0.0466666666666666,0.9133333333333332,300,main_N50_T50_rho0.95_xsd0,50,50,0.95,0.0,,,
HPJ,10,0.2318663465372585,0.2528448744690029,0.2326345484980433,0.03,0.8133333333333334,300,main_N50_T50_rho0.95_xsd0,50,50,0.95,0.0,,,
SPJ,0,0.000302351971624,0.0109812275337481,0.0086712956618508,0.9666666666666668,1.0,300,main_N50_T50_rho0.95_xsd0,50,50,0.95,0.0,,,
SPJ,1,-0.0041086739090862,0.0148513026976359,0.0116812766368386,0.9533333333333334,1.0,300,main_N50_T50_rho0.95_xsd0,50,50,0.95,0.0,,,
SPJ,2,-0.0055981180613544,0.0222434618773855,0.017401838912541,0.91,1.0,300,main_N50_T50_rho0.95_xsd0,50,50,0.95,0.0,,,
SPJ,3,-0.0045159870427162,0.029031168060145,0.0226700219385921,0.8566666666666667,1.0,300,main_N50_T50_rho0.95_xsd0,50,50,0.95,0.0,,,
SPJ,4,-0.0008456256591489,0.036020695665002,0.0284347565929466,0.81,1.0,300,main_N50_T50_rho0.95_xsd0,50,50,0.95,0.0,,,
SPJ,5,0.0056343008729873,0.0432205930376982,0.0343461678765028,0.77,1.0,300,main_N50_T50_rho0.95_xsd0,50,50,0.95,0.0,,,
SPJ,6,0.0158152399593243,0.0515392179755851,0.0412142284872131,0.7333333333333333,1.0,300,main_N50_T50_rho0.95_xsd0,50,50,0.95,0.0,,,
SPJ,7,0.0287919526562183,0.0611092590017257,0.0490142574822994,0.71,1.0,300,main_N50_T50_rho0.95_xsd0,50,50,0.95,0.0,,,
SPJ,8,0.0446691403185128,0.0735069897330816,0.059888716066412,0.6266666666666667,1.0,300,main_N50_T50_rho0.95_xsd0,50,50,0.95,0.0,,,
SPJ,9,0.063512180212762,0.088626372330691,0.0738057671661661,0.5233333333333333,1.0,300,main_N50_T50_rho0.95_xsd0,50,50,0.95,0.0,,,
SPJ,10,0.0852308578118481,0.1067699421806085,0.0912976866315387,0.44,0.9966666666666668,300,main_N50_T50_rho0.95_xsd0,50,50,0.95,0.0,,,
CDOLS,0,0.0016483914870736,0.042842398979527,0.0335009708257904,0.9333333333333332,1.0,300,main_N50_T50_rho0.95_xsd1,50,50,0.95,1.0,,,
CDOLS,1,-0.0079909395943571,0.0465771370386444,0.037475576087258,0.6533333333333333,1.0,300,main_N50_T50_rho0.95_xsd1,50,50,0.95,1.0,,,
CDOLS,2,-0.0161423338586995,0.0691597221588601,0.0555866513486269,0.5533333333333333,1.0,300,main_N50_T50_rho0.95_xsd1,50,50,0.95,1.0,,,
CDOLS,3,-0.0215221192187034,0.0817100893582467,0.0632366624326198,0.53,1.0,300,main_N50_T50_rho0.95_xsd1,50,50,0.95,1.0,,,
CDOLS,4,-0.027283637291906,0.0909170824926053,0.0709716070968256,0.5333333333333333,1.0,300,main_N50_T50_rho0.95_xsd1,50,50,0.95,1.0,,,
CDOLS,5,-0.0360313045010946,0.0993207902003756,0.0771315948218643,0.51,1.0,300,main_N50_T50_rho0.95_xsd1,50,50,0.95,1.0,,,
CDOLS,6,-0.0411284958259252,0.1037217119382196,0.0810961246462677,0.5133333333333333,1.0,300,main_N50_T50_rho0.95_xsd1,50,50,0.95,1.0,,,
CDOLS,7,-0.0498570573461974,0.1083697191254176,0.0829557710480115,0.53,1.0,300,main_N50_T50_rho0.95_xsd1,50,50,0.95,1.0,,,
CDOLS,8,-0.0584485037389367,0.116244849101622,0.0885014839741754,0.52,1.0,300,main_N50_T50_rho0.95_xsd1,50,50,0.95,1.0,,,
CDOLS,9,-0.0640605804408354,0.12396569592941,0.0933943724478866,0.5033333333333333,1.0,300,main_N50_T50_rho0.95_xsd1,50,50,0.95,1.0,,,
CDOLS,10,-0.0679124429398295,0.1253090653187563,0.0959829687120469,0.49,1.0,300,main_N50_T50_rho0.95_xsd1,50,50,0.95,1.0,,,
DB,0,0.000198773904857,0.0090479414427243,0.0073164549726875,0.88,1.0,300,main_N50_T50_rho0.95_xsd1,50,50,0.95,1.0,,,
DB,1,0.0175777763352025,0.0255510077716025,0.0214147256734724,0.8366666666666667,1.0,300,main_N50_T50_rho0.95_xsd1,50,50,0.95,1.0,,,
DB,2,0.0351678912638526,0.0482669692220776,0.0407710101703059,0.5966666666666667,1.0,300,main_N50_T50_rho0.95_xsd1,50,50,0.95,1.0,,,
DB,3,0.0517621245656795,0.0693711870189631,0.0589045729334805,0.4766666666666667,1.0,300,main_N50_T50_rho0.95_xsd1,50,50,0.95,1.0,,,
DB,4,0.0676417294306225,0.0883948042220463,0.0757648652459691,0.3933333333333333,1.0,300,main_N50_T50_rho0.95_xsd1,50,50,0.95,1.0,,,
DB,5,0.082748010454187,0.1057550454573595,0.0915174209144654,0.3366666666666666,1.0,300,main_N50_T50_rho0.95_xsd1,50,50,0.95,1.0,,,
DB,6,0.0980168462142243,0.1227735620863999,0.1069333550222045,0.2833333333333333,1.0,300,main_N50_T50_rho0.95_xsd1,50,50,0.95,1.0,,,
DB,7,0.1124583253372829,0.1387464252954,0.1208885526381311,0.2466666666666666,0.9933333333333332,300,main_N50_T50_rho0.95_xsd1,50,50,0.95,1.0,,,
DB,8,0.1269217646708311,0.1533174631638828,0.1343805333355466,0.2133333333333333,0.9866666666666668,300,main_N50_T50_rho0.95_xsd1,50,50,0.95,1.0,,,
DB,9,0.1414952008841444,0.1671251246737723,0.1477031995537192,0.2,0.9466666666666668,300,main_N50_T50_rho0.95_xsd1,50,50,0.95,1.0,,,
DB,10,0.155223939835788,0.1802767338803352,0.1599959104319245,0.1733333333333333,0.9033333333333332,300,main_N50_T50_rho0.95_xsd1,50,50,0.95,1.0,,,
FE,0,0.000198773904857,0.0090479414427243,0.0073164549726875,0.88,1.0,300,main_N50_T50_rho0.95_xsd1,50,50,0.95,1.0,,,
FE,1,0.0358737254487816,0.040602199016502,0.0364002425370693,0.4833333333333333,1.0,300,main_N50_T50_rho0.95_xsd1,50,50,0.95,1.0,,,
FE,2,0.0697511168813583,0.077436267420546,0.0705375792168586,0.2533333333333333,1.0,300,main_N50_T50_rho0.95_xsd1,50,50,0.95,1.0,,,
FE,3,0.1007838691521774,0.1110095321859943,0.1018773667649306,0.1666666666666666,1.0,300,main_N50_T50_rho0.95_xsd1,50,50,0.95,1.0,,,
FE,4,0.1293880582228566,0.1414091489700397,0.1305898284005736,0.1066666666666666,1.0,300,main_N50_T50_rho0.95_xsd1,50,50,0.95,1.0,,,
FE,5,0.1556167119354648,0.1689596936225892,0.1568551251713573,0.08,1.0,300,main_N50_T50_rho0.95_xsd1,50,50,0.95,1.0,,,
FE,6,0.1804959119226161,0.1949659033874199,0.1816449120918924,0.0766666666666666,0.9866666666666668,300,main_N50_T50_rho0.95_xsd1,50,50,0.95,1.0,,,
FE,7,0.2031056177803552,0.2186760193928583,0.2042094843339612,0.0533333333333333,0.95,300,main_N50_T50_rho0.95_xsd1,50,50,0.95,1.0,,,
FE,8,0.2243454946088819,0.2402613719153944,0.2251617556672255,0.05,0.89,300,main_N50_T50_rho0.95_xsd1,50,50,0.95,1.0,,,
FE,9,0.2443348376848367,0.2602123278675082,0.2451421079753198,0.0433333333333333,0.7533333333333333,300,main_N50_T50_rho0.95_xsd1,50,50,0.95,1.0,,,
FE,10,0.2621311702648297,0.2780015497689989,0.2628444731849227,0.0366666666666666,0.6,300,main_N50_T50_rho0.95_xsd1,50,50,0.95,1.0,,,
HPJ,0,0.0002915873991619,0.0254421740160435,0.0198389848248749,0.4366666666666666,1.0,300,main_N50_T50_rho0.95_xsd1,50,50,0.95,1.0,,,
HPJ,1,0.0342529479740137,0.0458178215880727,0.0374492421770875,0.51,1.0,300,main_N50_T50_rho0.95_xsd1,50,50,0.95,1.0,,,
HPJ,2,0.0679146799106471,0.0822845875037406,0.0700817022177218,0.35,1.0,300,main_N50_T50_rho0.95_xsd1,50,50,0.95,1.0,,,
HPJ,3,0.0974940501820909,0.1145795633126236,0.0999953641699662,0.23,1.0,300,main_N50_T50_rho0.95_xsd1,50,50,0.95,1.0,,,
HPJ,4,0.124920992063121,0.1443744807757126,0.1276663995238814,0.1666666666666666,1.0,300,main_N50_T50_rho0.95_xsd1,50,50,0.95,1.0,,,
HPJ,5,0.1506743991748741,0.1722304961792156,0.1539293629215282,0.1266666666666666,1.0,300,main_N50_T50_rho0.95_xsd1,50,50,0.95,1.0,,,
HPJ,6,0.1750144648038379,0.1984754587766082,0.1782433997086721,0.1033333333333333,0.9733333333333334,300,main_N50_T50_rho0.95_xsd1,50,50,0.95,1.0,,,
HPJ,7,0.1971431401014355,0.2222349638559491,0.2003497714568291,0.1033333333333333,0.9233333333333332,300,main_N50_T50_rho0.95_xsd1,50,50,0.95,1.0,,,
HPJ,8,0.2166691952038506,0.242876260717459,0.2200141535390122,0.0866666666666666,0.86,300,main_N50_T50_rho0.95_xsd1,50,50,0.95,1.0,,,
HPJ,9,0.2342702676643382,0.2616077480995704,0.2377744589236418,0.08,0.76,300,main_N50_T50_rho0.95_xsd1,50,50,0.95,1.0,,,
HPJ,10,0.2496858518282776,0.279616935383411,0.2536152745705546,0.0733333333333333,0.63,300,main_N50_T50_rho0.95_xsd1,50,50,0.95,1.0,,,
SPJ,0,-2.940804112665433e-05,0.0098329881713997,0.0079588166838288,0.9533333333333334,1.0,300,main_N50_T50_rho0.95_xsd1,50,50,0.95,1.0,,,
SPJ,1,-0.0016846426179038,0.026539108759846,0.0209051455649396,0.9466666666666668,1.0,300,main_N50_T50_rho0.95_xsd1,50,50,0.95,1.0,,,
SPJ,2,0.0010491532104746,0.0481148033098441,0.0388601452675387,0.86,1.0,300,main_N50_T50_rho0.95_xsd1,50,50,0.95,1.0,,,
SPJ,3,0.0071894381880871,0.0686539691525575,0.0554233258034636,0.7466666666666667,1.0,300,main_N50_T50_rho0.95_xsd1,50,50,0.95,1.0,,,
SPJ,4,0.0164494966909539,0.0884591205212381,0.0720979349866422,0.6733333333333333,1.0,300,main_N50_T50_rho0.95_xsd1,50,50,0.95,1.0,,,
SPJ,5,0.0292582518174396,0.1068924661594915,0.0869372567475802,0.5966666666666667,1.0,300,main_N50_T50_rho0.95_xsd1,50,50,0.95,1.0,,,
SPJ,6,0.0451201191415182,0.1254775301667846,0.1017977676720446,0.5566666666666666,0.9966666666666668,300,main_N50_T50_rho0.95_xsd1,50,50,0.95,1.0,,,
SPJ,7,0.0631785506345839,0.1430602159888364,0.1157449334567469,0.5133333333333333,0.9666666666666668,300,main_N50_T50_rho0.95_xsd1,50,50,0.95,1.0,,,
SPJ,8,0.0823521561253735,0.1610672041542422,0.1318846895290181,0.4433333333333333,0.9266666666666666,300,main_N50_T50_rho0.95_xsd1,50,50,0.95,1.0,,,
SPJ,9,0.1051310483534046,0.1795157276005504,0.1491201746773801,0.4033333333333333,0.8666666666666667,300,main_N50_T50_rho0.95_xsd1,50,50,0.95,1.0,,,
SPJ,10,0.1290267872907254,0.1998065476298597,0.1673772976285304,0.3633333333333333,0.7833333333333333,300,main_N50_T50_rho0.95_xsd1,50,50,0.95,1.0,,,
CDOLS,0,-0.0014896101255292,0.074506349982712,0.0601062675127678,0.9222222222222224,1.0,450,power_power_N20_T20_rho0.5_xsd0,20,20,0.5,0.0,power,,
CDOLS,1,-0.0222694365457098,0.0806572254497678,0.0658590573427621,0.9377777777777778,0.9866666666666668,450,power_power_N20_T20_rho0.5_xsd0,20,20,0.5,0.0,power,,
CDOLS,2,-0.0373842642114238,0.092287122974437,0.0735576735635779,0.9111111111111112,0.6155555555555555,450,power_power_N20_T20_rho0.5_xsd0,20,20,0.5,0.0,power,,
CDOLS,3,-0.0360921560088138,0.0940059461859904,0.0760803965318722,0.9111111111111112,0.3022222222222222,450,power_power_N20_T20_rho0.5_xsd0,20,20,0.5,0.0,power,,
CDOLS,4,-0.0383811030354528,0.0989562142217415,0.0791143912326669,0.9066666666666666,0.1688888888888889,450,power_power_N20_T20_rho0.5_xsd0,20,20,0.5,0.0,power,,
CDOLS,5,-0.0416257189268642,0.1070704990818018,0.0852090416436121,0.8888888888888888,0.16,450,power_power_N20_T20_rho0.5_xsd0,20,20,0.5,0.0,power,,
CDOLS,6,-0.0420468912534335,0.1071220936690949,0.0846071731670128,0.8911111111111111,0.1222222222222222,450,power_power_N20_T20_rho0.5_xsd0,20,20,0.5,0.0,power,,
DB,0,-0.0014252432233904,0.0472294532881454,0.0372816576506954,0.9111111111111112,1.0,450,power_power_N20_T20_rho0.5_xsd0,20,20,0.5,0.0,power,,
DB,1,0.009217722333083,0.0578608047188181,0.0460243494915976,0.92,0.9977777777777778,450,power_power_N20_T20_rho0.5_xsd0,20,20,0.5,0.0,power,,
DB,2,0.0160371883729415,0.0674719542894822,0.053313295826136,0.8888888888888888,0.66,450,power_power_N20_T20_rho0.5_xsd0,20,20,0.5,0.0,power,,
DB,3,0.0258909082961358,0.068276064595207,0.0537011643174007,0.8866666666666667,0.1666666666666666,450,power_power_N20_T20_rho0.5_xsd0,20,20,0.5,0.0,power,,
DB,4,0.0259776636296703,0.0700157208412586,0.0563432232109459,0.8977777777777778,0.0911111111111111,450,power_power_N20_T20_rho0.5_xsd0,20,20,0.5,0.0,power,,
DB,5,0.0261865101984027,0.0755208182672826,0.0610155040553897,0.8688888888888889,0.1,450,power_power_N20_T20_rho0.5_xsd0,20,20,0.5,0.0,power,,
DB,6,0.0263787990214702,0.0765604186943842,0.0614773307760032,0.8644444444444445,0.1177777777777777,450,power_power_N20_T20_rho0.5_xsd0,20,20,0.5,0.0,power,,
FE,0,-0.0014252432233904,0.0472294532881454,0.0372816576506954,0.9111111111111112,1.0,450,power_power_N20_T20_rho0.5_xsd0,20,20,0.5,0.0,power,,
FE,1,0.0498214100848403,0.0745361382848658,0.0607783073328858,0.8244444444444444,0.9911111111111112,450,power_power_N20_T20_rho0.5_xsd0,20,20,0.5,0.0,power,,
FE,2,0.0737380401690935,0.0973579299579163,0.0803892723900217,0.7066666666666667,0.3111111111111111,450,power_power_N20_T20_rho0.5_xsd0,20,20,0.5,0.0,power,,
FE,3,0.0901026430261942,0.1091069906306519,0.0930206071918199,0.6577777777777778,0.0911111111111111,450,power_power_N20_T20_rho0.5_xsd0,20,20,0.5,0.0,power,,
FE,4,0.0914445440744856,0.1122188496425484,0.0956363446402694,0.6511111111111111,0.1777777777777777,450,power_power_N20_T20_rho0.5_xsd0,20,20,0.5,0.0,power,,
FE,5,0.0897202583496911,0.1146594527952427,0.0967886368825904,0.6466666666666666,0.2822222222222222,450,power_power_N20_T20_rho0.5_xsd0,20,20,0.5,0.0,power,,
FE,6,0.0853596790214375,0.1124686977451119,0.0943587292881387,0.6688888888888889,0.2666666666666666,450,power_power_N20_T20_rho0.5_xsd0,20,20,0.5,0.0,power,,
HPJ,0,-0.0156775964054805,0.1340328850038716,0.1058042685274465,0.5044444444444445,1.0,450,power_power_N20_T20_rho0.5_xsd0,20,20,0.5,0.0,power,,
HPJ,1,0.0416616248736447,0.1609264323887367,0.127811505122574,0.4644444444444444,0.8577777777777778,450,power_power_N20_T20_rho0.5_xsd0,20,20,0.5,0.0,power,,
HPJ,2,0.0753375778268001,0.1864677229744868,0.1512435532078176,0.4111111111111111,0.5444444444444444,450,power_power_N20_T20_rho0.5_xsd0,20,20,0.5,0.0,power,,
HPJ,3,0.0875206241724273,0.2007870752939228,0.1578940629709647,0.4422222222222222,0.5355555555555556,450,power_power_N20_T20_rho0.5_xsd0,20,20,0.5,0.0,power,,
HPJ,4,0.0927271477826426,0.2073753963380785,0.1678443300246199,0.4288888888888889,0.5711111111111111,450,power_power_N20_T20_rho0.5_xsd0,20,20,0.5,0.0,power,,
HPJ,5,0.0870556570156609,0.2057721664840186,0.1641592139175203,0.4111111111111111,0.5422222222222223,450,power_power_N20_T20_rho0.5_xsd0,20,20,0.5,0.0,power,,
HPJ,6,0.0858204946246958,0.2267852588614691,0.1779531822592063,0.4111111111111111,0.5911111111111111,450,power_power_N20_T20_rho0.5_xsd0,20,20,0.5,0.0,power,,
SPJ,0,-0.0011241527722355,0.0524304819374865,0.0411651212563473,0.9333333333333332,1.0,450,power_power_N20_T20_rho0.5_xsd0,20,20,0.5,0.0,power,,
SPJ,1,-0.0040045474007885,0.0647660636811786,0.0520425965185693,0.9333333333333332,0.9977777777777778,450,power_power_N20_T20_rho0.5_xsd0,20,20,0.5,0.0,power,,
SPJ,2,0.0011771885154896,0.0756727882382847,0.0598096900343387,0.9244444444444444,0.5933333333333334,450,power_power_N20_T20_rho0.5_xsd0,20,20,0.5,0.0,power,,
SPJ,3,0.0203567844234676,0.0801040016520262,0.0637778407837719,0.9133333333333332,0.1422222222222222,450,power_power_N20_T20_rho0.5_xsd0,20,20,0.5,0.0,power,,
SPJ,4,0.03945177658974,0.088104809522076,0.0708906252790682,0.8733333333333333,0.0688888888888888,450,power_power_N20_T20_rho0.5_xsd0,20,20,0.5,0.0,power,,
SPJ,5,0.0682522549326336,0.1097398496885684,0.0893124838226715,0.7888888888888889,0.16,450,power_power_N20_T20_rho0.5_xsd0,20,20,0.5,0.0,power,,
SPJ,6,0.1027313417896371,0.1361954770907556,0.115470544710864,0.6911111111111111,0.2555555555555555,450,power_power_N20_T20_rho0.5_xsd0,20,20,0.5,0.0,power,,
CDOLS,0,-0.0014896101255291,0.074506349982712,0.0601062675127678,0.9222222222222224,0.0777777777777777,450,power_null_N20_T20_rho0.5_xsd0,20,20,0.5,0.0,,,
CDOLS,1,-0.0019085004504447,0.0736111625352045,0.0595006517043968,0.9533333333333334,0.0466666666666666,450,power_null_N20_T20_rho0.5_xsd0,20,20,0.5,0.0,,,
CDOLS,2,-0.0085621585773957,0.0762745410472468,0.0614527289396839,0.92,0.08,450,power_null_N20_T20_rho0.5_xsd0,20,20,0.5,0.0,,,
CDOLS,3,-0.0036945095849372,0.0771001839174895,0.0602945798256285,0.9288888888888888,0.0711111111111111,450,power_null_N20_T20_rho0.5_xsd0,20,20,0.5,0.0,,,
CDOLS,4,-0.002042506671328,0.0835306242972014,0.0657746233815376,0.9266666666666666,0.0733333333333333,450,power_null_N20_T20_rho0.5_xsd0,20,20,0.5,0.0,,,
CDOLS,5,-0.0036613641329129,0.0848588450574419,0.0676737138445692,0.9288888888888888,0.0711111111111111,450,power_null_N20_T20_rho0.5_xsd0,20,20,0.5,0.0,,,
CDOLS,6,-0.0011249346940867,0.0863843930328144,0.0684228206764593,0.9222222222222224,0.0777777777777777,450,power_null_N20_T20_rho0.5_xsd0,20,20,0.5,0.0,,,
DB,0,-0.0014252432233903,0.0472294532881454,0.0372816576506954,0.9111111111111112,0.0888888888888888,450,power_null_N20_T20_rho0.5_xsd0,20,20,0.5,0.0,,,
DB,1,-0.0010133877521034,0.0475755384243674,0.0381883777728874,0.9155555555555556,0.0844444444444444,450,power_null_N20_T20_rho0.5_xsd0,20,20,0.5,0.0,,,
DB,2,-0.0046607399435279,0.05126161651526,0.0405917283942241,0.9022222222222224,0.0977777777777777,450,power_null_N20_T20_rho0.5_xsd0,20,20,0.5,0.0,,,
DB,3,-0.0003517308871576,0.0500050820677819,0.0397867200853198,0.9044444444444444,0.0955555555555555,450,power_null_N20_T20_rho0.5_xsd0,20,20,0.5,0.0,,,
DB,4,-0.0013092242022604,0.0517862990444794,0.0414666239061883,0.9111111111111112,0.0888888888888888,450,power_null_N20_T20_rho0.5_xsd0,20,20,0.5,0.0,,,
DB,5,-0.001824557807846,0.0582355032475701,0.046963702999809,0.8955555555555555,0.1044444444444444,450,power_null_N20_T20_rho0.5_xsd0,20,20,0.5,0.0,,,
DB,6,0.0001985490543321,0.0575525217305955,0.0457976741801117,0.9111111111111112,0.0888888888888888,450,power_null_N20_T20_rho0.5_xsd0,20,20,0.5,0.0,,,
FE,0,-0.0014252432233903,0.0472294532881454,0.0372816576506954,0.9111111111111112,0.0888888888888888,450,power_null_N20_T20_rho0.5_xsd0,20,20,0.5,0.0,,,
FE,1,-0.0009181874270604,0.0462464492545999,0.0371892115812853,0.92,0.08,450,power_null_N20_T20_rho0.5_xsd0,20,20,0.5,0.0,,,
FE,2,-0.0045315224434914,0.0507715450363934,0.0402458899463646,0.9088888888888887,0.0911111111111111,450,power_null_N20_T20_rho0.5_xsd0,20,20,0.5,0.0,,,
FE,3,-0.0002131008852589,0.0496833644334415,0.0395202262229668,0.9111111111111112,0.0888888888888888,450,power_null_N20_T20_rho0.5_xsd0,20,20,0.5,0.0,,,
FE,4,-0.0011715749530709,0.0517261891290634,0.0413061798582573,0.9177777777777778,0.0822222222222222,450,power_null_N20_T20_rho0.5_xsd0,20,20,0.5,0.0,,,
FE,5,-0.0016933246225155,0.0585202627638556,0.0473424786413239,0.9066666666666666,0.0933333333333333,450,power_null_N20_T20_rho0.5_xsd0,20,20,0.5,0.0,,,
FE,6,0.0003190135008178,0.0577647205750089,0.0460392866278691,0.9111111111111112,0.0888888888888888,450,power_null_N20_T20_rho0.5_xsd0,20,20,0.5,0.0,,,
HPJ,0,-0.0156775964054804,0.1340328850038715,0.1058042685274465,0.5044444444444445,0.4955555555555556,450,power_null_N20_T20_rho0.5_xsd0,20,20,0.5,0.0,,,
HPJ,1,-0.0093108613809107,0.1330976281288683,0.1068023016831198,0.4644444444444444,0.5355555555555556,450,power_null_N20_T20_rho0.5_xsd0,20,20,0.5,0.0,,,
HPJ,2,-0.0046415869998552,0.1351608096053324,0.1073492468045735,0.52,0.48,450,power_null_N20_T20_rho0.5_xsd0,20,20,0.5,0.0,,,
HPJ,3,-0.0079399891533844,0.1434496139301123,0.1160791907219575,0.4711111111111111,0.5288888888888889,450,power_null_N20_T20_rho0.5_xsd0,20,20,0.5,0.0,,,
HPJ,4,0.0034491249084307,0.1497766679891176,0.1203499726578339,0.4577777777777778,0.5422222222222223,450,power_null_N20_T20_rho0.5_xsd0,20,20,0.5,0.0,,,
HPJ,5,-0.0063321982388654,0.1549938631717892,0.1236577520321629,0.48,0.52,450,power_null_N20_T20_rho0.5_xsd0,20,20,0.5,0.0,,,
HPJ,6,-0.0054745420740581,0.1684759183308017,0.1360690295990005,0.4288888888888889,0.5711111111111111,450,power_null_N20_T20_rho0.5_xsd0,20,20,0.5,0.0,,,
SPJ,0,-0.0011241527722354,0.0524304819374865,0.0411651212563473,0.9333333333333332,0.0666666666666666,450,power_null_N20_T20_rho0.5_xsd0,20,20,0.5,0.0,,,
SPJ,1,0.0001243247314837,0.0520478188295394,0.0416818242836536,0.9511111111111112,0.0488888888888888,450,power_null_N20_T20_rho0.5_xsd0,20,20,0.5,0.0,,,
SPJ,2,-0.0035938069891469,0.0550243995353616,0.0430030099231284,0.9444444444444444,0.0555555555555555,450,power_null_N20_T20_rho0.5_xsd0,20,20,0.5,0.0,,,
SPJ,3,0.000109208846801,0.0558919388941358,0.0440097988362107,0.9311111111111112,0.0688888888888888,450,power_null_N20_T20_rho0.5_xsd0,20,20,0.5,0.0,,,
SPJ,4,-0.0018058073797323,0.0577928660576496,0.0456358833151041,0.9422222222222222,0.0577777777777777,450,power_null_N20_T20_rho0.5_xsd0,20,20,0.5,0.0,,,
SPJ,5,-0.0033405354906263,0.0640516223731893,0.0517605304270206,0.9333333333333332,0.0666666666666666,450,power_null_N20_T20_rho0.5_xsd0,20,20,0.5,0.0,,,
SPJ,6,-0.0012731202086984,0.0668707799700245,0.0526937098050349,0.9222222222222224,0.0777777777777777,450,power_null_N20_T20_rho0.5_xsd0,20,20,0.5,0.0,,,
CDOLS,0,-0.0035678133401657,0.0610535548411404,0.0490711025300669,0.9177777777777778,1.0,450,power_power_N20_T50_rho0.8_xsd1,20,50,0.8,1.0,power,,
CDOLS,1,-0.0089224983239331,0.0583110854887932,0.0464195427414632,0.7711111111111111,1.0,450,power_power_N20_T50_rho0.8_xsd1,20,50,0.8,1.0,power,,
CDOLS,2,-0.0118249061248541,0.0670929647636615,0.0537748078507296,0.74,1.0,450,power_power_N20_T50_rho0.8_xsd1,20,50,0.8,1.0,power,,
CDOLS,3,-0.0197263398504446,0.0717686233616126,0.0570969134998399,0.7444444444444445,1.0,450,power_power_N20_T50_rho0.8_xsd1,20,50,0.8,1.0,power,,
CDOLS,4,-0.0235070374823373,0.0794497135470611,0.0623624422914795,0.6977777777777778,0.9888888888888888,450,power_power_N20_T50_rho0.8_xsd1,20,50,0.8,1.0,power,,
CDOLS,5,-0.0294131433441428,0.0820983983290197,0.0651702123140634,0.7111111111111111,0.9533333333333334,450,power_power_N20_T50_rho0.8_xsd1,20,50,0.8,1.0,power,,
CDOLS,6,-0.0311863399029187,0.0876132102027685,0.0689906920279064,0.6911111111111111,0.8933333333333333,450,power_power_N20_T50_rho0.8_xsd1,20,50,0.8,1.0,power,,
CDOLS,7,-0.0343017519478309,0.0922055139521079,0.0729329303165117,0.6822222222222222,0.78,450,power_power_N20_T50_rho0.8_xsd1,20,50,0.8,1.0,power,,
CDOLS,8,-0.0389422082415333,0.0952149067653986,0.0762870788036473,0.6555555555555556,0.6866666666666666,450,power_power_N20_T50_rho0.8_xsd1,20,50,0.8,1.0,power,,
CDOLS,9,-0.0425144116577814,0.0957027783065419,0.0770878737972798,0.6466666666666666,0.68,450,power_power_N20_T50_rho0.8_xsd1,20,50,0.8,1.0,power,,
CDOLS,10,-0.0452279837032288,0.0991233699239532,0.0783248012983606,0.6844444444444444,0.5955555555555555,450,power_power_N20_T50_rho0.8_xsd1,20,50,0.8,1.0,power,,
DB,0,-0.0003720273937416,0.0265400434565377,0.0208723788733888,0.7577777777777778,1.0,450,power_power_N20_T50_rho0.8_xsd1,20,50,0.8,1.0,power,,
DB,1,0.0115764014541632,0.037423184387698,0.0291808359775794,0.8644444444444445,1.0,450,power_power_N20_T50_rho0.8_xsd1,20,50,0.8,1.0,power,,
DB,2,0.0203848496870083,0.0567673588762631,0.0458871494735207,0.8,1.0,450,power_power_N20_T50_rho0.8_xsd1,20,50,0.8,1.0,power,,
DB,3,0.0253567959978872,0.0716279255437942,0.0581104377359537,0.7622222222222222,1.0,450,power_power_N20_T50_rho0.8_xsd1,20,50,0.8,1.0,power,,
DB,4,0.030019315958149,0.0831076655801602,0.0669404561704904,0.7288888888888889,0.9377777777777778,450,power_power_N20_T50_rho0.8_xsd1,20,50,0.8,1.0,power,,
DB,5,0.0329528393295465,0.0910764360431323,0.0729692517345138,0.7044444444444444,0.7533333333333333,450,power_power_N20_T50_rho0.8_xsd1,20,50,0.8,1.0,power,,
DB,6,0.0354951973490378,0.0944256601724537,0.0766043198429915,0.6933333333333334,0.5533333333333333,450,power_power_N20_T50_rho0.8_xsd1,20,50,0.8,1.0,power,,
DB,7,0.0350911059883873,0.0945181596384241,0.077491706255353,0.7066666666666667,0.4,450,power_power_N20_T50_rho0.8_xsd1,20,50,0.8,1.0,power,,
DB,8,0.0342586544668192,0.0946613747864507,0.0786253232799705,0.7133333333333334,0.3177777777777777,450,power_power_N20_T50_rho0.8_xsd1,20,50,0.8,1.0,power,,
DB,9,0.0333373444654598,0.0920005011412132,0.0748434663021054,0.7377777777777778,0.2555555555555555,450,power_power_N20_T50_rho0.8_xsd1,20,50,0.8,1.0,power,,
DB,10,0.0330469832513277,0.088663194782031,0.0719333640422666,0.7444444444444445,0.1911111111111111,450,power_power_N20_T50_rho0.8_xsd1,20,50,0.8,1.0,power,,
FE,0,-0.0003720273937416,0.0265400434565377,0.0208723788733888,0.7577777777777778,1.0,450,power_power_N20_T50_rho0.8_xsd1,20,50,0.8,1.0,power,,
FE,1,0.0315003029689109,0.0471407068848139,0.0381256371995978,0.7711111111111111,1.0,450,power_power_N20_T50_rho0.8_xsd1,20,50,0.8,1.0,power,,
FE,2,0.0554447147500259,0.0756352739760659,0.0632052929872488,0.62,1.0,450,power_power_N20_T50_rho0.8_xsd1,20,50,0.8,1.0,power,,
FE,3,0.0719193082119188,0.0965354165369857,0.0815332777026877,0.58,0.9866666666666668,450,power_power_N20_T50_rho0.8_xsd1,20,50,0.8,1.0,power,,
FE,4,0.0853033899692496,0.1128594571866754,0.0961659802159584,0.5155555555555555,0.7888888888888889,450,power_power_N20_T50_rho0.8_xsd1,20,50,0.8,1.0,power,,
FE,5,0.0948079231382061,0.1244541714189755,0.1062273241025716,0.4822222222222222,0.5088888888888888,450,power_power_N20_T50_rho0.8_xsd1,20,50,0.8,1.0,power,,
FE,6,0.1022377037430956,0.1315647016498719,0.112836239331243,0.4755555555555555,0.2955555555555555,450,power_power_N20_T50_rho0.8_xsd1,20,50,0.8,1.0,power,,
FE,7,0.1053828846362472,0.1341986168327404,0.1150971592186795,0.4533333333333333,0.2066666666666666,450,power_power_N20_T50_rho0.8_xsd1,20,50,0.8,1.0,power,,
FE,8,0.1070159684560398,0.1359135360064428,0.1167794971870457,0.4444444444444444,0.2066666666666666,450,power_power_N20_T50_rho0.8_xsd1,20,50,0.8,1.0,power,,
FE,9,0.1076620291106921,0.135109009107188,0.1164905731591423,0.4711111111111111,0.2333333333333333,450,power_power_N20_T50_rho0.8_xsd1,20,50,0.8,1.0,power,,
FE,10,0.1081737428703377,0.1338245901705403,0.1163238936341175,0.4555555555555555,0.2644444444444444,450,power_power_N20_T50_rho0.8_xsd1,20,50,0.8,1.0,power,,
HPJ,0,0.0003016015946288,0.0799542734732867,0.0605175552457382,0.3466666666666667,1.0,450,power_power_N20_T50_rho0.8_xsd1,20,50,0.8,1.0,power,,
HPJ,1,0.0312457229706347,0.0760001227911033,0.0592911532976823,0.54,1.0,450,power_power_N20_T50_rho0.8_xsd1,20,50,0.8,1.0,power,,
HPJ,2,0.0541974650241545,0.1026921269622044,0.0820024054412741,0.5622222222222222,0.9955555555555556,450,power_power_N20_T50_rho0.8_xsd1,20,50,0.8,1.0,power,,
HPJ,3,0.0717099202041225,0.124723168086535,0.101231213509694,0.5155555555555555,0.9244444444444444,450,power_power_N20_T50_rho0.8_xsd1,20,50,0.8,1.0,power,,
HPJ,4,0.085916972192385,0.1428751505988118,0.1171316380850136,0.4444444444444444,0.7111111111111111,450,power_power_N20_T50_rho0.8_xsd1,20,50,0.8,1.0,power,,
HPJ,5,0.0934018031038951,0.1533278218231247,0.1239626925408039,0.4666666666666667,0.56,450,power_power_N20_T50_rho0.8_xsd1,20,50,0.8,1.0,power,,
HPJ,6,0.1023083291552069,0.1610088667498033,0.1303741888759428,0.4711111111111111,0.4288888888888889,450,power_power_N20_T50_rho0.8_xsd1,20,50,0.8,1.0,power,,
HPJ,7,0.1040152853111708,0.1627315258409333,0.1331897192322549,0.4466666666666666,0.3911111111111111,450,power_power_N20_T50_rho0.8_xsd1,20,50,0.8,1.0,power,,
HPJ,8,0.1104695339591621,0.1678646281435475,0.1381727762141406,0.4288888888888889,0.3977777777777778,450,power_power_N20_T50_rho0.8_xsd1,20,50,0.8,1.0,power,,
HPJ,9,0.1116352374404689,0.1688256034341963,0.1416695958517509,0.4066666666666667,0.4,450,power_power_N20_T50_rho0.8_xsd1,20,50,0.8,1.0,power,,
HPJ,10,0.111486823015054,0.1691667315379591,0.1405832321481655,0.4111111111111111,0.4288888888888889,450,power_power_N20_T50_rho0.8_xsd1,20,50,0.8,1.0,power,,
SPJ,0,-0.0002662968253119,0.026686063139791,0.0209938034950633,0.8244444444444444,1.0,450,power_power_N20_T50_rho0.8_xsd1,20,50,0.8,1.0,power,,
SPJ,1,-0.0007582380101134,0.0443431243953907,0.0340458959986073,0.8755555555555555,1.0,450,power_power_N20_T50_rho0.8_xsd1,20,50,0.8,1.0,power,,
SPJ,2,0.0013762543184173,0.0704635815411753,0.0530688189959295,0.8466666666666667,1.0,450,power_power_N20_T50_rho0.8_xsd1,20,50,0.8,1.0,power,,
SPJ,3,0.0042399211423116,0.0914232627997289,0.0699683598138459,0.7911111111111111,0.9933333333333332,450,power_power_N20_T50_rho0.8_xsd1,20,50,0.8,1.0,power,,
SPJ,4,0.0097516284246222,0.1078372184776965,0.0827098779564234,0.7577777777777778,0.8977777777777778,450,power_power_N20_T50_rho0.8_xsd1,20,50,0.8,1.0,power,,
SPJ,5,0.01470195672828,0.1198101678784277,0.0921408179590528,0.7066666666666667,0.6644444444444444,450,power_power_N20_T50_rho0.8_xsd1,20,50,0.8,1.0,power,,
SPJ,6,0.0215345955444366,0.126220536193074,0.0983908686780626,0.7088888888888889,0.4888888888888889,450,power_power_N20_T50_rho0.8_xsd1,20,50,0.8,1.0,power,,
SPJ,7,0.0266642087252706,0.1305938202197055,0.1023082624954134,0.6977777777777778,0.3355555555555555,450,power_power_N20_T50_rho0.8_xsd1,20,50,0.8,1.0,power,,
SPJ,8,0.0341486374949322,0.1332137202944754,0.1060473749452665,0.6911111111111111,0.2733333333333333,450,power_power_N20_T50_rho0.8_xsd1,20,50,0.8,1.0,power,,
SPJ,9,0.0417711447509191,0.1343305982697928,0.108198915987815,0.6844444444444444,0.2488888888888888,450,power_power_N20_T50_rho0.8_xsd1,20,50,0.8,1.0,power,,
SPJ,10,0.0522897212654668,0.1345031592052701,0.1102527821878844,0.6911111111111111,0.22,450,power_power_N20_T50_rho0.8_xsd1,20,50,0.8,1.0,power,,
CDOLS,0,-0.0035678133401656,0.0610535548411403,0.0490711025300669,0.9177777777777778,0.0822222222222222,450,power_null_N20_T50_rho0.8_xsd1,20,50,0.8,1.0,,,
CDOLS,1,0.0007239280333044,0.0350274385446972,0.0276412191826858,0.9177777777777778,0.0822222222222222,450,power_null_N20_T50_rho0.8_xsd1,20,50,0.8,1.0,,,
CDOLS,2,0.0003212841806523,0.0392155580039245,0.0307640844701826,0.8866666666666667,0.1133333333333333,450,power_null_N20_T50_rho0.8_xsd1,20,50,0.8,1.0,,,
CDOLS,3,0.0003796092550844,0.0371661493880026,0.0303147612943316,0.9222222222222224,0.0777777777777777,450,power_null_N20_T50_rho0.8_xsd1,20,50,0.8,1.0,,,
CDOLS,4,0.0002926652965107,0.0391734199184537,0.0313642252048839,0.92,0.08,450,power_null_N20_T50_rho0.8_xsd1,20,50,0.8,1.0,,,
CDOLS,5,0.000119129249888,0.0389474498372351,0.030266470411614,0.9133333333333332,0.0866666666666666,450,power_null_N20_T50_rho0.8_xsd1,20,50,0.8,1.0,,,
CDOLS,6,0.0013826353162269,0.0371195701671301,0.0297552315141537,0.9288888888888888,0.0711111111111111,450,power_null_N20_T50_rho0.8_xsd1,20,50,0.8,1.0,,,
CDOLS,7,0.0007820207000297,0.0399091028444885,0.0320201046904806,0.9088888888888887,0.0911111111111111,450,power_null_N20_T50_rho0.8_xsd1,20,50,0.8,1.0,,,
CDOLS,8,-0.0003825337332122,0.0377624893194023,0.0296112886452404,0.9311111111111112,0.0688888888888888,450,power_null_N20_T50_rho0.8_xsd1,20,50,0.8,1.0,,,
CDOLS,9,0.000112525509454,0.0391460548823613,0.0303869031348918,0.9222222222222224,0.0777777777777777,450,power_null_N20_T50_rho0.8_xsd1,20,50,0.8,1.0,,,
CDOLS,10,0.0007476011768603,0.0397172406930975,0.0305893541431271,0.9288888888888888,0.0711111111111111,450,power_null_N20_T50_rho0.8_xsd1,20,50,0.8,1.0,,,
DB,0,-0.0003720273937415,0.0265400434565377,0.0208723788733888,0.7577777777777778,0.2422222222222222,450,power_null_N20_T50_rho0.8_xsd1,20,50,0.8,1.0,,,
DB,1,0.0010864692947518,0.0177999265023597,0.0143631282046096,0.9044444444444444,0.0955555555555555,450,power_null_N20_T50_rho0.8_xsd1,20,50,0.8,1.0,,,
DB,2,0.0005924853596443,0.018314222148703,0.0144135784958089,0.9044444444444444,0.0955555555555555,450,power_null_N20_T50_rho0.8_xsd1,20,50,0.8,1.0,,,
DB,3,0.0005423800065045,0.0184743318331447,0.0147976538507167,0.8911111111111111,0.1088888888888888,450,power_null_N20_T50_rho0.8_xsd1,20,50,0.8,1.0,,,
DB,4,0.0005066146397569,0.0186122254339165,0.0146674163126338,0.9,0.1,450,power_null_N20_T50_rho0.8_xsd1,20,50,0.8,1.0,,,
DB,5,0.000672938555554,0.0176769047613451,0.0141025603737919,0.9155555555555556,0.0844444444444444,450,power_null_N20_T50_rho0.8_xsd1,20,50,0.8,1.0,,,
DB,6,0.0009559573722309,0.0184330614839474,0.0145829994876986,0.9244444444444444,0.0755555555555555,450,power_null_N20_T50_rho0.8_xsd1,20,50,0.8,1.0,,,
DB,7,0.0001564136886186,0.0180756354602794,0.0145020281646542,0.9111111111111112,0.0888888888888888,450,power_null_N20_T50_rho0.8_xsd1,20,50,0.8,1.0,,,
DB,8,7.140812549496086e-05,0.0182745379478591,0.0141925086016724,0.9288888888888888,0.0711111111111111,450,power_null_N20_T50_rho0.8_xsd1,20,50,0.8,1.0,,,
DB,9,4.20184561691425e-05,0.0197000165734284,0.0156001355600023,0.9222222222222224,0.0777777777777777,450,power_null_N20_T50_rho0.8_xsd1,20,50,0.8,1.0,,,
DB,10,5.0198096596923e-05,0.018945681319931,0.0148656125782856,0.9177777777777778,0.0822222222222222,450,power_null_N20_T50_rho0.8_xsd1,20,50,0.8,1.0,,,
FE,0,-0.0003720273937415,0.0265400434565377,0.0208723788733888,0.7577777777777778,0.2422222222222222,450,power_null_N20_T50_rho0.8_xsd1,20,50,0.8,1.0,,,
FE,1,0.00109942915523,0.017497420692881,0.0140806013785502,0.9111111111111112,0.0888888888888888,450,power_null_N20_T50_rho0.8_xsd1,20,50,0.8,1.0,,,
FE,2,0.0006170793682751,0.018019228353761,0.0142051592014766,0.9066666666666666,0.0933333333333333,450,power_null_N20_T50_rho0.8_xsd1,20,50,0.8,1.0,,,
FE,3,0.0005770393744214,0.0181572649429658,0.0145880474442428,0.9066666666666666,0.0933333333333333,450,power_null_N20_T50_rho0.8_xsd1,20,50,0.8,1.0,,,
FE,4,0.0005497501483475,0.0184074155412341,0.0145275485995185,0.9066666666666666,0.0933333333333333,450,power_null_N20_T50_rho0.8_xsd1,20,50,0.8,1.0,,,
FE,5,0.0007230527992886,0.0175965708004683,0.0140475679835131,0.92,0.08,450,power_null_N20_T50_rho0.8_xsd1,20,50,0.8,1.0,,,
FE,6,0.001011692695503,0.0183891263072446,0.0146270863714491,0.9177777777777778,0.0822222222222222,450,power_null_N20_T50_rho0.8_xsd1,20,50,0.8,1.0,,,
FE,7,0.0002165638521087,0.0179705549394613,0.0143389182749913,0.9111111111111112,0.0888888888888888,450,power_null_N20_T50_rho0.8_xsd1,20,50,0.8,1.0,,,
FE,8,0.0001349105083973,0.0183729433021135,0.0143439747687497,0.9333333333333332,0.0666666666666666,450,power_null_N20_T50_rho0.8_xsd1,20,50,0.8,1.0,,,
FE,9,0.0001079366638456,0.019674080224497,0.0156475893024454,0.9088888888888887,0.0911111111111111,450,power_null_N20_T50_rho0.8_xsd1,20,50,0.8,1.0,,,
FE,10,0.0001177005925215,0.018933095206947,0.0150392675746196,0.92,0.08,450,power_null_N20_T50_rho0.8_xsd1,20,50,0.8,1.0,,,
HPJ,0,0.0003016015946289,0.0799542734732867,0.0605175552457382,0.3466666666666667,0.6533333333333333,450,power_null_N20_T50_rho0.8_xsd1,20,50,0.8,1.0,,,
HPJ,1,0.002956589246179,0.0521194492711198,0.0402099073625549,0.4933333333333333,0.5066666666666667,450,power_null_N20_T50_rho0.8_xsd1,20,50,0.8,1.0,,,
HPJ,2,0.0025831072766696,0.0522224973918789,0.0413636072780725,0.4222222222222222,0.5777777777777777,450,power_null_N20_T50_rho0.8_xsd1,20,50,0.8,1.0,,,
HPJ,3,0.0020298002128946,0.0537848025819201,0.0424544680310628,0.4533333333333333,0.5466666666666666,450,power_null_N20_T50_rho0.8_xsd1,20,50,0.8,1.0,,,
HPJ,4,0.0016329539254012,0.0546095548652096,0.0424268507974367,0.4733333333333333,0.5266666666666666,450,power_null_N20_T50_rho0.8_xsd1,20,50,0.8,1.0,,,
HPJ,5,-0.0005185982754118,0.0552028990787657,0.0425992951225597,0.4911111111111111,0.5088888888888888,450,power_null_N20_T50_rho0.8_xsd1,20,50,0.8,1.0,,,
HPJ,6,0.0021452924139884,0.0508109092406894,0.0395909584247131,0.5044444444444445,0.4955555555555556,450,power_null_N20_T50_rho0.8_xsd1,20,50,0.8,1.0,,,
HPJ,7,0.0004130406831297,0.0546901664535035,0.0424399859379816,0.4866666666666667,0.5133333333333333,450,power_null_N20_T50_rho0.8_xsd1,20,50,0.8,1.0,,,
HPJ,8,0.0044969184427826,0.0557795893439299,0.0436803420668548,0.4622222222222222,0.5377777777777778,450,power_null_N20_T50_rho0.8_xsd1,20,50,0.8,1.0,,,
HPJ,9,0.0023305182176252,0.0582991453408992,0.0444790313176933,0.4666666666666667,0.5333333333333333,450,power_null_N20_T50_rho0.8_xsd1,20,50,0.8,1.0,,,
HPJ,10,0.0011906290991363,0.0556611363252575,0.0434632825616781,0.4777777777777778,0.5222222222222223,450,power_null_N20_T50_rho0.8_xsd1,20,50,0.8,1.0,,,
SPJ,0,-0.0002662968253118,0.0266860631397911,0.0209938034950633,0.8244444444444444,0.1755555555555555,450,power_null_N20_T50_rho0.8_xsd1,20,50,0.8,1.0,,,
SPJ,1,0.0007709354863971,0.0192986976241206,0.0154853139714823,0.9266666666666666,0.0733333333333333,450,power_null_N20_T50_rho0.8_xsd1,20,50,0.8,1.0,,,
SPJ,2,0.0003081235404289,0.0198640880173421,0.015961633004102,0.9311111111111112,0.0688888888888888,450,power_null_N20_T50_rho0.8_xsd1,20,50,0.8,1.0,,,
SPJ,3,0.0003116305694006,0.0199855552197459,0.0160114597670415,0.9133333333333332,0.0866666666666666,450,power_null_N20_T50_rho0.8_xsd1,20,50,0.8,1.0,,,
SPJ,4,0.0002812340705863,0.0201306745424,0.0160306116977885,0.9466666666666668,0.0533333333333333,450,power_null_N20_T50_rho0.8_xsd1,20,50,0.8,1.0,,,
SPJ,5,0.0005005807800949,0.019665010936327,0.0157454156004464,0.9444444444444444,0.0555555555555555,450,power_null_N20_T50_rho0.8_xsd1,20,50,0.8,1.0,,,
SPJ,6,0.0005337093728084,0.0196869693768401,0.0157065852807913,0.9422222222222222,0.0577777777777777,450,power_null_N20_T50_rho0.8_xsd1,20,50,0.8,1.0,,,
SPJ,7,-0.0004427961771515,0.0203661590226808,0.0159899400710718,0.9266666666666666,0.0733333333333333,450,power_null_N20_T50_rho0.8_xsd1,20,50,0.8,1.0,,,
SPJ,8,-0.0002426050321332,0.0206850888140253,0.0162069539276843,0.9422222222222222,0.0577777777777777,450,power_null_N20_T50_rho0.8_xsd1,20,50,0.8,1.0,,,
SPJ,9,-0.0003582604955335,0.0216442894342287,0.0170988665930709,0.94,0.06,450,power_null_N20_T50_rho0.8_xsd1,20,50,0.8,1.0,,,
SPJ,10,-9.446913987678124e-05,0.0217204049742995,0.0173440997337243,0.9466666666666668,0.0533333333333333,450,power_null_N20_T50_rho0.8_xsd1,20,50,0.8,1.0,,,
CDOLS,0,0.0001272288092015,0.0143808669994676,0.0114887599367175,0.9333333333333332,0.0666666666666666,450,power_null_N200_T50_rho0.2_xsd0,200,50,0.2,0.0,,,
CDOLS,1,0.000545875065943,0.0139227347022843,0.0111009795034583,0.9533333333333334,0.0466666666666666,450,power_null_N200_T50_rho0.2_xsd0,200,50,0.2,0.0,,,
CDOLS,2,-0.0002389647075853,0.0140751732070904,0.0112717473775012,0.9555555555555556,0.0444444444444444,450,power_null_N200_T50_rho0.2_xsd0,200,50,0.2,0.0,,,
CDOLS,3,8.849148109694949e-05,0.0129811918434671,0.0104758458258675,0.9666666666666668,0.0333333333333333,450,power_null_N200_T50_rho0.2_xsd0,200,50,0.2,0.0,,,
CDOLS,4,0.0002461439519963,0.0142183915843639,0.0116828076781864,0.9644444444444444,0.0355555555555555,450,power_null_N200_T50_rho0.2_xsd0,200,50,0.2,0.0,,,
CDOLS,5,0.0005975876208575,0.0144695545852666,0.0116502557577519,0.9555555555555556,0.0444444444444444,450,power_null_N200_T50_rho0.2_xsd0,200,50,0.2,0.0,,,
CDOLS,6,-0.0009821846963096,0.0146259234526,0.0114293810660155,0.9422222222222222,0.0577777777777777,450,power_null_N200_T50_rho0.2_xsd0,200,50,0.2,0.0,,,
CDOLS,7,-0.0008373310092761,0.01441088432474,0.0115539061712282,0.9644444444444444,0.0355555555555555,450,power_null_N200_T50_rho0.2_xsd0,200,50,0.2,0.0,,,
CDOLS,8,0.0005814282400056,0.0149093067541377,0.0117435854020165,0.9377777777777778,0.0622222222222222,450,power_null_N200_T50_rho0.2_xsd0,200,50,0.2,0.0,,,
CDOLS,9,0.0004122509119135,0.0153764100869565,0.0126563725797026,0.96,0.04,450,power_null_N200_T50_rho0.2_xsd0,200,50,0.2,0.0,,,
CDOLS,10,-0.0002660625474296,0.0152438313639108,0.011972022585232,0.9488888888888888,0.0511111111111111,450,power_null_N200_T50_rho0.2_xsd0,200,50,0.2,0.0,,,
DB,0,0.0002266738385784,0.0101515451028798,0.0081734628430303,0.9488888888888888,0.0511111111111111,450,power_null_N200_T50_rho0.2_xsd0,200,50,0.2,0.0,,,
DB,1,0.0005553936180711,0.0104592402036685,0.0083036897150008,0.9222222222222224,0.0777777777777777,450,power_null_N200_T50_rho0.2_xsd0,200,50,0.2,0.0,,,
DB,2,-7.49674450838429e-06,0.0105575244874575,0.0083040297315735,0.9222222222222224,0.0777777777777777,450,power_null_N200_T50_rho0.2_xsd0,200,50,0.2,0.0,,,
DB,3,0.000165834074646,0.0103040056486402,0.0082089697763113,0.9466666666666668,0.0533333333333333,450,power_null_N200_T50_rho0.2_xsd0,200,50,0.2,0.0,,,
DB,4,0.0002756972104355,0.0100566495287164,0.0080541371875943,0.9577777777777776,0.0422222222222222,450,power_null_N200_T50_rho0.2_xsd0,200,50,0.2,0.0,,,
DB,5,0.0002944279534563,0.0109933441516255,0.0087768853331772,0.9422222222222222,0.0577777777777777,450,power_null_N200_T50_rho0.2_xsd0,200,50,0.2,0.0,,,
DB,6,-0.0011039982627091,0.010221562105175,0.0082995559478537,0.9533333333333334,0.0466666666666666,450,power_null_N200_T50_rho0.2_xsd0,200,50,0.2,0.0,,,
DB,7,-0.00047860615787,0.0113719099074293,0.0088976429600648,0.9377777777777778,0.0622222222222222,450,power_null_N200_T50_rho0.2_xsd0,200,50,0.2,0.0,,,
DB,8,0.0008122143738691,0.0114661209328186,0.0091221919182764,0.9355555555555556,0.0644444444444444,450,power_null_N200_T50_rho0.2_xsd0,200,50,0.2,0.0,,,
DB,9,0.0003818152617446,0.0111458435084149,0.0091834486198674,0.9577777777777776,0.0422222222222222,450,power_null_N200_T50_rho0.2_xsd0,200,50,0.2,0.0,,,
DB,10,-0.0001903247304764,0.0113509193173037,0.0090085465677437,0.9511111111111112,0.0488888888888888,450,power_null_N200_T50_rho0.2_xsd0,200,50,0.2,0.0,,,
FE,0,0.0002266738385784,0.0101515451028798,0.0081734628430303,0.9488888888888888,0.0511111111111111,450,power_null_N200_T50_rho0.2_xsd0,200,50,0.2,0.0,,,
FE,1,0.0005500788487991,0.0104283084294737,0.0082697334930345,0.92,0.08,450,power_null_N200_T50_rho0.2_xsd0,200,50,0.2,0.0,,,
FE,2,-1.3766288505302497e-05,0.0105580378829624,0.0083008026347987,0.9222222222222224,0.0777777777777777,450,power_null_N200_T50_rho0.2_xsd0,200,50,0.2,0.0,,,
FE,3,0.0001594037153815,0.0103108866887276,0.0082146242602682,0.9377777777777778,0.0622222222222222,450,power_null_N200_T50_rho0.2_xsd0,200,50,0.2,0.0,,,
FE,4,0.0002692570770524,0.0100725368509409,0.0080494142541312,0.9555555555555556,0.0444444444444444,450,power_null_N200_T50_rho0.2_xsd0,200,50,0.2,0.0,,,
FE,5,0.0002880128764036,0.0109993686767709,0.0087672687466321,0.94,0.06,450,power_null_N200_T50_rho0.2_xsd0,200,50,0.2,0.0,,,
FE,6,-0.0011103738684029,0.0102512100348244,0.00831471707876,0.9533333333333334,0.0466666666666666,450,power_null_N200_T50_rho0.2_xsd0,200,50,0.2,0.0,,,
FE,7,-0.0004849306154769,0.0113729212830695,0.0089077722717745,0.9377777777777778,0.0622222222222222,450,power_null_N200_T50_rho0.2_xsd0,200,50,0.2,0.0,,,
FE,8,0.000805953415579,0.0114647680363904,0.0091168467096314,0.9377777777777778,0.0622222222222222,450,power_null_N200_T50_rho0.2_xsd0,200,50,0.2,0.0,,,
FE,9,0.0003756316348587,0.0111715877608689,0.0092007690904731,0.9577777777777776,0.0422222222222222,450,power_null_N200_T50_rho0.2_xsd0,200,50,0.2,0.0,,,
FE,10,-0.0001964153628835,0.011330042832258,0.0089982278433602,0.9533333333333334,0.0466666666666666,450,power_null_N200_T50_rho0.2_xsd0,200,50,0.2,0.0,,,
HPJ,0,0.002331981727388,0.0254460947532491,0.0204552543713513,0.5644444444444444,0.4355555555555555,450,power_null_N200_T50_rho0.2_xsd0,200,50,0.2,0.0,,,
HPJ,1,0.0006646493277755,0.0275491151551402,0.0222880477900867,0.5111111111111111,0.4888888888888889,450,power_null_N200_T50_rho0.2_xsd0,200,50,0.2,0.0,,,
HPJ,2,0.0008236472822553,0.026121725962827,0.0210143528829979,0.5577777777777778,0.4422222222222222,450,power_null_N200_T50_rho0.2_xsd0,200,50,0.2,0.0,,,
HPJ,3,0.0001226444395952,0.026640746195468,0.0211441305713655,0.5577777777777778,0.4422222222222222,450,power_null_N200_T50_rho0.2_xsd0,200,50,0.2,0.0,,,
HPJ,4,-0.0001104610529097,0.0284331410511084,0.0227905674129113,0.5266666666666666,0.4733333333333333,450,power_null_N200_T50_rho0.2_xsd0,200,50,0.2,0.0,,,
HPJ,5,-0.0016199423596044,0.0290885433926623,0.023029767618946,0.5377777777777778,0.4622222222222222,450,power_null_N200_T50_rho0.2_xsd0,200,50,0.2,0.0,,,
HPJ,6,3.7742032264804014e-05,0.0296272485013449,0.023462357142886,0.5288888888888889,0.4711111111111111,450,power_null_N200_T50_rho0.2_xsd0,200,50,0.2,0.0,,,
HPJ,7,0.0013930799208532,0.0308050007781645,0.0248721886678804,0.4822222222222222,0.5177777777777778,450,power_null_N200_T50_rho0.2_xsd0,200,50,0.2,0.0,,,
HPJ,8,0.0014132872107165,0.0308530887182961,0.0248030524739798,0.5,0.5,450,power_null_N200_T50_rho0.2_xsd0,200,50,0.2,0.0,,,
HPJ,9,-0.0010239504800893,0.0312137972384187,0.0251119499479696,0.4888888888888889,0.5111111111111111,450,power_null_N200_T50_rho0.2_xsd0,200,50,0.2,0.0,,,
HPJ,10,-0.0006413430775467,0.0314359254771001,0.0251100188997061,0.5111111111111111,0.4888888888888889,450,power_null_N200_T50_rho0.2_xsd0,200,50,0.2,0.0,,,
SPJ,0,0.000147101490906,0.0101509504806381,0.008206847858657,0.96,0.04,450,power_null_N200_T50_rho0.2_xsd0,200,50,0.2,0.0,,,
SPJ,1,0.0004512189316399,0.0105105145866698,0.0083363040839995,0.9444444444444444,0.0555555555555555,450,power_null_N200_T50_rho0.2_xsd0,200,50,0.2,0.0,,,
SPJ,2,-5.708655202278344e-05,0.0109047488503475,0.0086114693569797,0.9288888888888888,0.0711111111111111,450,power_null_N200_T50_rho0.2_xsd0,200,50,0.2,0.0,,,
SPJ,3,0.0001041436390814,0.0105714686725853,0.0085212285981395,0.9444444444444444,0.0555555555555555,450,power_null_N200_T50_rho0.2_xsd0,200,50,0.2,0.0,,,
SPJ,4,0.0001717151940836,0.0103781803682004,0.0082512750531496,0.9533333333333334,0.0466666666666666,450,power_null_N200_T50_rho0.2_xsd0,200,50,0.2,0.0,,,
SPJ,5,0.0001728668820554,0.0112061216699103,0.0088713139249737,0.9422222222222222,0.0577777777777777,450,power_null_N200_T50_rho0.2_xsd0,200,50,0.2,0.0,,,
SPJ,6,-0.0011393785802881,0.0105303749104651,0.0084923206436975,0.9577777777777776,0.0422222222222222,450,power_null_N200_T50_rho0.2_xsd0,200,50,0.2,0.0,,,
SPJ,7,-0.0005033164691889,0.011615669485717,0.0091382294591075,0.94,0.06,450,power_null_N200_T50_rho0.2_xsd0,200,50,0.2,0.0,,,
SPJ,8,0.0007409711172486,0.0115511077486523,0.0092684834702451,0.9422222222222222,0.0577777777777777,450,power_null_N200_T50_rho0.2_xsd0,200,50,0.2,0.0,,,
SPJ,9,0.0003281519548845,0.0114457404882301,0.0093909763971596,0.9666666666666668,0.0333333333333333,450,power_null_N200_T50_rho0.2_xsd0,200,50,0.2,0.0,,,
SPJ,10,-0.0002593467957668,0.0114951635218049,0.0090081155185584,0.9511111111111112,0.0488888888888888,450,power_null_N200_T50_rho0.2_xsd0,200,50,0.2,0.0,,,
CDOLS,0,0.0001272288092014,0.0143808669994676,0.0114887599367176,0.9333333333333332,1.0,450,power_power_N200_T50_rho0.2_xsd0,200,50,0.2,0.0,power,,
CDOLS,1,-0.0215179646130812,0.0263758753445999,0.0224786261013428,0.7177777777777777,1.0,450,power_power_N200_T50_rho0.2_xsd0,200,50,0.2,0.0,power,,
CDOLS,2,-0.0263414807422184,0.0302275810420629,0.0267441164394875,0.6333333333333333,0.9111111111111112,450,power_power_N200_T50_rho0.2_xsd0,200,50,0.2,0.0,power,,
CDOLS,3,-0.0261867079362661,0.0298953949781488,0.0264128639722506,0.6333333333333333,0.5,450,power_power_N200_T50_rho0.2_xsd0,200,50,0.2,0.0,power,,
CDOLS,4,-0.0271287445978513,0.0314717455039112,0.0276015729054955,0.5933333333333334,0.4244444444444444,450,power_power_N200_T50_rho0.2_xsd0,200,50,0.2,0.0,power,,
CDOLS,5,-0.0267788225090601,0.0313727585162503,0.0274257953684329,0.5888888888888889,0.4111111111111111,450,power_power_N200_T50_rho0.2_xsd0,200,50,0.2,0.0,power,,
CDOLS,6,-0.0277166980429584,0.032219114281629,0.0282115411488904,0.6088888888888889,0.3911111111111111,450,power_power_N200_T50_rho0.2_xsd0,200,50,0.2,0.0,power,,
CDOLS,7,-0.0286809120903145,0.0324407020843865,0.0292160088325187,0.58,0.42,450,power_power_N200_T50_rho0.2_xsd0,200,50,0.2,0.0,power,,
CDOLS,8,-0.0265640635814988,0.0312050133745573,0.0271061878123255,0.6644444444444444,0.3355555555555555,450,power_power_N200_T50_rho0.2_xsd0,200,50,0.2,0.0,power,,
CDOLS,9,-0.026344607064136,0.0312150696270409,0.0268723348907039,0.6222222222222222,0.3777777777777777,450,power_power_N200_T50_rho0.2_xsd0,200,50,0.2,0.0,power,,
CDOLS,10,-0.0269514846212624,0.0316538569509979,0.0275976927956937,0.66,0.34,450,power_power_N200_T50_rho0.2_xsd0,200,50,0.2,0.0,power,,
DB,0,0.0002266738385783,0.0101515451028798,0.0081734628430303,0.9488888888888888,1.0,450,power_power_N200_T50_rho0.2_xsd0,200,50,0.2,0.0,power,,
DB,1,0.0011375904699539,0.011952518688602,0.0093469629426016,0.9355555555555556,1.0,450,power_power_N200_T50_rho0.2_xsd0,200,50,0.2,0.0,power,,
DB,2,0.0015685535136113,0.011884234287933,0.0093874811514061,0.9511111111111112,0.4933333333333333,450,power_power_N200_T50_rho0.2_xsd0,200,50,0.2,0.0,power,,
DB,3,0.0023715797579407,0.0121124173831742,0.009800372073982,0.9511111111111112,0.0711111111111111,450,power_power_N200_T50_rho0.2_xsd0,200,50,0.2,0.0,power,,
DB,4,0.0016510698446811,0.0123264696860089,0.0096049311665212,0.9311111111111112,0.0622222222222222,450,power_power_N200_T50_rho0.2_xsd0,200,50,0.2,0.0,power,,
DB,5,0.0018454368177512,0.0131741128594073,0.0104426544579162,0.9266666666666666,0.0733333333333333,450,power_power_N200_T50_rho0.2_xsd0,200,50,0.2,0.0,power,,
DB,6,0.000733058474802,0.0120288268956659,0.0096143041369461,0.9533333333333334,0.0466666666666666,450,power_power_N200_T50_rho0.2_xsd0,200,50,0.2,0.0,power,,
DB,7,0.0004822313102691,0.012922179585794,0.0102930117223344,0.9444444444444444,0.0555555555555555,450,power_power_N200_T50_rho0.2_xsd0,200,50,0.2,0.0,power,,
DB,8,0.0024809120463703,0.0136553495334701,0.0110511525740445,0.9311111111111112,0.0688888888888888,450,power_power_N200_T50_rho0.2_xsd0,200,50,0.2,0.0,power,,
DB,9,0.0024787697221802,0.0133424493731924,0.0107350735041767,0.9311111111111112,0.0688888888888888,450,power_power_N200_T50_rho0.2_xsd0,200,50,0.2,0.0,power,,
DB,10,0.0018554400983301,0.0131214230638729,0.0104478023232455,0.9377777777777778,0.0622222222222222,450,power_power_N200_T50_rho0.2_xsd0,200,50,0.2,0.0,power,,
FE,0,0.0002266738385783,0.0101515451028798,0.0081734628430303,0.9488888888888888,1.0,450,power_power_N200_T50_rho0.2_xsd0,200,50,0.2,0.0,power,,
FE,1,0.0151669060402904,0.0192262480814966,0.0164610807297584,0.7422222222222222,1.0,450,power_power_N200_T50_rho0.2_xsd0,200,50,0.2,0.0,power,,
FE,2,0.0180907329071417,0.0215744599275184,0.0186066413062571,0.6777777777777778,0.0755555555555555,450,power_power_N200_T50_rho0.2_xsd0,200,50,0.2,0.0,power,,
FE,3,0.0193061983761874,0.0226817287118291,0.0198428285941365,0.6244444444444445,0.2533333333333333,450,power_power_N200_T50_rho0.2_xsd0,200,50,0.2,0.0,power,,
FE,4,0.0186077133007488,0.0222742984380551,0.0193813774096961,0.6688888888888889,0.3111111111111111,450,power_power_N200_T50_rho0.2_xsd0,200,50,0.2,0.0,power,,
FE,5,0.0187350459985607,0.0228387517300731,0.0196016232013511,0.6644444444444444,0.3333333333333333,450,power_power_N200_T50_rho0.2_xsd0,200,50,0.2,0.0,power,,
FE,6,0.0175184682459638,0.0212620965649569,0.0182208266364256,0.7266666666666667,0.2733333333333333,450,power_power_N200_T50_rho0.2_xsd0,200,50,0.2,0.0,power,,
FE,7,0.0171329111473634,0.0214528699207129,0.018176988387851,0.7244444444444444,0.2755555555555555,450,power_power_N200_T50_rho0.2_xsd0,200,50,0.2,0.0,power,,
FE,8,0.0189643977502326,0.0232285905074238,0.0200792473444326,0.6488888888888888,0.3511111111111111,450,power_power_N200_T50_rho0.2_xsd0,200,50,0.2,0.0,power,,
FE,9,0.0187586579318254,0.0228773539627594,0.0195508094983926,0.6733333333333333,0.3266666666666666,450,power_power_N200_T50_rho0.2_xsd0,200,50,0.2,0.0,power,,
FE,10,0.017890497041648,0.0220850270934153,0.0191204747235303,0.7155555555555555,0.2844444444444444,450,power_power_N200_T50_rho0.2_xsd0,200,50,0.2,0.0,power,,
HPJ,0,0.0023319817273878,0.0254460947532492,0.0204552543713513,0.5644444444444444,1.0,450,power_power_N200_T50_rho0.2_xsd0,200,50,0.2,0.0,power,,
HPJ,1,0.0164189124877816,0.035963329586933,0.0289490054367924,0.4533333333333333,0.9955555555555556,450,power_power_N200_T50_rho0.2_xsd0,200,50,0.2,0.0,power,,
HPJ,2,0.0189188627213753,0.0358056912292462,0.0293824985482878,0.4333333333333333,0.4577777777777778,450,power_power_N200_T50_rho0.2_xsd0,200,50,0.2,0.0,power,,
HPJ,3,0.0194409731581998,0.0382830056810528,0.0306795314233747,0.4466666666666666,0.5022222222222222,450,power_power_N200_T50_rho0.2_xsd0,200,50,0.2,0.0,power,,
HPJ,4,0.0186378096246999,0.0387356802784369,0.0316017428047885,0.4422222222222222,0.5466666666666666,450,power_power_N200_T50_rho0.2_xsd0,200,50,0.2,0.0,power,,
HPJ,5,0.0168117223895573,0.0382909969195965,0.030533486144655,0.4644444444444444,0.5311111111111111,450,power_power_N200_T50_rho0.2_xsd0,200,50,0.2,0.0,power,,
HPJ,6,0.0175626622779912,0.0378319082491691,0.0303800257795478,0.4666666666666667,0.5333333333333333,450,power_power_N200_T50_rho0.2_xsd0,200,50,0.2,0.0,power,,
HPJ,7,0.0188055250679679,0.041253832521113,0.0329853901036438,0.4422222222222222,0.5577777777777778,450,power_power_N200_T50_rho0.2_xsd0,200,50,0.2,0.0,power,,
HPJ,8,0.020668352470987,0.0413771151084379,0.0335384975031592,0.4177777777777778,0.5822222222222222,450,power_power_N200_T50_rho0.2_xsd0,200,50,0.2,0.0,power,,
HPJ,9,0.0187030435340848,0.0408568279500144,0.032323643547294,0.4644444444444444,0.5355555555555556,450,power_power_N200_T50_rho0.2_xsd0,200,50,0.2,0.0,power,,
HPJ,10,0.0186250531712878,0.0407315063938521,0.0326890765232731,0.4533333333333333,0.5466666666666666,450,power_power_N200_T50_rho0.2_xsd0,200,50,0.2,0.0,power,,
SPJ,0,0.0001471014909058,0.0101509504806381,0.008206847858657,0.96,1.0,450,power_power_N200_T50_rho0.2_xsd0,200,50,0.2,0.0,power,,
SPJ,1,0.0002793426827072,0.0120762245582425,0.0094585798083088,0.9422222222222222,1.0,450,power_power_N200_T50_rho0.2_xsd0,200,50,0.2,0.0,power,,
SPJ,2,0.0009697139079112,0.0124818362900846,0.0099470654941268,0.9533333333333334,0.48,450,power_power_N200_T50_rho0.2_xsd0,200,50,0.2,0.0,power,,
SPJ,3,0.0024876138225459,0.0127484132596097,0.0102425556354328,0.9288888888888888,0.0622222222222222,450,power_power_N200_T50_rho0.2_xsd0,200,50,0.2,0.0,power,,
SPJ,4,0.0027428652665264,0.0130339755648249,0.0101697030820218,0.9377777777777778,0.0688888888888888,450,power_power_N200_T50_rho0.2_xsd0,200,50,0.2,0.0,power,,
SPJ,5,0.0039906379737481,0.0140025733166653,0.0111289007393651,0.9222222222222224,0.0777777777777777,450,power_power_N200_T50_rho0.2_xsd0,200,50,0.2,0.0,power,,
SPJ,6,0.0041180638716311,0.013181247499806,0.010562354610858,0.9311111111111112,0.0688888888888888,450,power_power_N200_T50_rho0.2_xsd0,200,50,0.2,0.0,power,,
SPJ,7,0.005210121518768,0.0141713075679327,0.011122721973647,0.9266666666666666,0.0733333333333333,450,power_power_N200_T50_rho0.2_xsd0,200,50,0.2,0.0,power,,
SPJ,8,0.0085503492031307,0.0160807063596407,0.0131363519778505,0.9088888888888887,0.0911111111111111,450,power_power_N200_T50_rho0.2_xsd0,200,50,0.2,0.0,power,,
SPJ,9,0.0101387964067395,0.0169077782051037,0.0136515340006893,0.8733333333333333,0.1266666666666666,450,power_power_N200_T50_rho0.2_xsd0,200,50,0.2,0.0,power,,
SPJ,10,0.0112207362078895,0.0172713505103319,0.0143436333762116,0.8777777777777778,0.1222222222222222,450,power_power_N200_T50_rho0.2_xsd0,200,50,0.2,0.0,power,,
CDOLS,0,0.0031304426901618,0.0271705784200078,0.022127022112045,0.9488888888888888,1.0,450,power_power_N100_T100_rho0.95_xsd1,100,100,0.95,1.0,power,,
CDOLS,1,-0.0085410620740263,0.0348083286431831,0.0277371932855458,0.5177777777777778,1.0,450,power_power_N100_T100_rho0.95_xsd1,100,100,0.95,1.0,power,,
CDOLS,2,-0.0155229490162351,0.0464231716958266,0.0366682792870685,0.4422222222222222,1.0,450,power_power_N100_T100_rho0.95_xsd1,100,100,0.95,1.0,power,,
CDOLS,3,-0.023132062578235,0.0539398412656418,0.0409556767037891,0.4333333333333333,1.0,450,power_power_N100_T100_rho0.95_xsd1,100,100,0.95,1.0,power,,
CDOLS,4,-0.028436203528614,0.0606619237592622,0.0463639111205125,0.4177777777777778,1.0,450,power_power_N100_T100_rho0.95_xsd1,100,100,0.95,1.0,power,,
CDOLS,5,-0.0361765431755952,0.0704363547082285,0.055196801517482,0.3577777777777777,1.0,450,power_power_N100_T100_rho0.95_xsd1,100,100,0.95,1.0,power,,
CDOLS,6,-0.0407568190321732,0.0769202979565111,0.0599413705302129,0.3511111111111111,1.0,450,power_power_N100_T100_rho0.95_xsd1,100,100,0.95,1.0,power,,
CDOLS,7,-0.0478107444437322,0.081818415087026,0.0638487266034198,0.3111111111111111,1.0,450,power_power_N100_T100_rho0.95_xsd1,100,100,0.95,1.0,power,,
CDOLS,8,-0.049796541439356,0.0867014789722597,0.067161157478802,0.3288888888888889,1.0,450,power_power_N100_T100_rho0.95_xsd1,100,100,0.95,1.0,power,,
CDOLS,9,-0.0558978657774247,0.0889324323723982,0.0687333346387823,0.3422222222222222,1.0,450,power_power_N100_T100_rho0.95_xsd1,100,100,0.95,1.0,power,,
CDOLS,10,-0.0601344986096191,0.093893432903793,0.0722321702346982,0.3044444444444444,1.0,450,power_power_N100_T100_rho0.95_xsd1,100,100,0.95,1.0,power,,
DB,0,0.0001558741851556,0.0040094476422641,0.0032676117270358,0.8533333333333334,1.0,450,power_power_N100_T100_rho0.95_xsd1,100,100,0.95,1.0,power,,
DB,1,0.0055150977559112,0.0127118586999423,0.0104185147408487,0.8933333333333333,1.0,450,power_power_N100_T100_rho0.95_xsd1,100,100,0.95,1.0,power,,
DB,2,0.0114588778808659,0.0240347724977062,0.0197115778928532,0.7422222222222222,1.0,450,power_power_N100_T100_rho0.95_xsd1,100,100,0.95,1.0,power,,
DB,3,0.0172034566949576,0.0346144952100515,0.028181430706973,0.62,1.0,450,power_power_N100_T100_rho0.95_xsd1,100,100,0.95,1.0,power,,
DB,4,0.02293825927375,0.0446313721620989,0.0363389159399183,0.56,1.0,450,power_power_N100_T100_rho0.95_xsd1,100,100,0.95,1.0,power,,
DB,5,0.0282361949086942,0.0533612904017431,0.0436041473487819,0.5177777777777778,1.0,450,power_power_N100_T100_rho0.95_xsd1,100,100,0.95,1.0,power,,
DB,6,0.0335554137412042,0.0612145292594614,0.0503128992708094,0.4777777777777778,1.0,450,power_power_N100_T100_rho0.95_xsd1,100,100,0.95,1.0,power,,
DB,7,0.0384762980910956,0.0683855275525681,0.0563961573895814,0.4488888888888889,1.0,450,power_power_N100_T100_rho0.95_xsd1,100,100,0.95,1.0,power,,
DB,8,0.043539962799685,0.0750200770140683,0.0621518935433098,0.42,1.0,450,power_power_N100_T100_rho0.95_xsd1,100,100,0.95,1.0,power,,
DB,9,0.0479451533054674,0.0808459458674532,0.0672754484052421,0.3911111111111111,1.0,450,power_power_N100_T100_rho0.95_xsd1,100,100,0.95,1.0,power,,
DB,10,0.0523949331835507,0.0863933113308482,0.0724086987211191,0.3666666666666666,1.0,450,power_power_N100_T100_rho0.95_xsd1,100,100,0.95,1.0,power,,
FE,0,0.0001558741851556,0.0040094476422641,0.0032676117270358,0.8533333333333334,1.0,450,power_power_N100_T100_rho0.95_xsd1,100,100,0.95,1.0,power,,
FE,1,0.0156354374385399,0.0193863113237545,0.0165486692396841,0.6688888888888889,1.0,450,power_power_N100_T100_rho0.95_xsd1,100,100,0.95,1.0,power,,
FE,2,0.0309654955748924,0.0374251215662827,0.0323150493858086,0.4333333333333333,1.0,450,power_power_N100_T100_rho0.95_xsd1,100,100,0.95,1.0,power,,
FE,3,0.0454121712600878,0.0542715105128379,0.0470789370378058,0.3466666666666667,1.0,450,power_power_N100_T100_rho0.95_xsd1,100,100,0.95,1.0,power,,
FE,4,0.0592105193154861,0.0701826449671383,0.0611339256392573,0.2866666666666667,1.0,450,power_power_N100_T100_rho0.95_xsd1,100,100,0.95,1.0,power,,
FE,5,0.0719751594558098,0.0845256371798712,0.0741098702026312,0.2422222222222222,1.0,450,power_power_N100_T100_rho0.95_xsd1,100,100,0.95,1.0,power,,
FE,6,0.0842023342235811,0.097862679841659,0.0864192854624212,0.2177777777777777,1.0,450,power_power_N100_T100_rho0.95_xsd1,100,100,0.95,1.0,power,,
FE,7,0.0955071740032075,0.1101264026234512,0.0977298879592248,0.1866666666666666,1.0,450,power_power_N100_T100_rho0.95_xsd1,100,100,0.95,1.0,power,,
FE,8,0.1064624457357738,0.1217230639452845,0.1087186419250215,0.1533333333333333,1.0,450,power_power_N100_T100_rho0.95_xsd1,100,100,0.95,1.0,power,,
FE,9,0.1162956761281088,0.1321035844966846,0.11858225719749,0.1355555555555555,1.0,450,power_power_N100_T100_rho0.95_xsd1,100,100,0.95,1.0,power,,
FE,10,0.1257360429572671,0.1419558423351165,0.1280259396060063,0.1244444444444444,1.0,450,power_power_N100_T100_rho0.95_xsd1,100,100,0.95,1.0,power,,
HPJ,0,-6.046507517815966e-06,0.0113551883921127,0.0089308988881673,0.4177777777777778,1.0,450,power_power_N100_T100_rho0.95_xsd1,100,100,0.95,1.0,power,,
HPJ,1,0.0157396927793425,0.0218800188384745,0.0180240714576823,0.6444444444444445,1.0,450,power_power_N100_T100_rho0.95_xsd1,100,100,0.95,1.0,power,,
HPJ,2,0.0309595613973438,0.0400447855304572,0.0336162340637292,0.4555555555555555,1.0,450,power_power_N100_T100_rho0.95_xsd1,100,100,0.95,1.0,power,,
HPJ,3,0.0454615999017736,0.0574917955329095,0.0486820691784223,0.3533333333333333,1.0,450,power_power_N100_T100_rho0.95_xsd1,100,100,0.95,1.0,power,,
HPJ,4,0.0590331311113381,0.0740406239237948,0.0629061091976927,0.2755555555555555,1.0,450,power_power_N100_T100_rho0.95_xsd1,100,100,0.95,1.0,power,,
HPJ,5,0.0719641628991784,0.0893894744405578,0.0761449009681151,0.2511111111111111,1.0,450,power_power_N100_T100_rho0.95_xsd1,100,100,0.95,1.0,power,,
HPJ,6,0.0842940484609148,0.103638337035114,0.0886101361579484,0.2222222222222222,1.0,450,power_power_N100_T100_rho0.95_xsd1,100,100,0.95,1.0,power,,
HPJ,7,0.0956572634596281,0.1167348051827855,0.1002192860965222,0.2044444444444444,1.0,450,power_power_N100_T100_rho0.95_xsd1,100,100,0.95,1.0,power,,
HPJ,8,0.1065949942280382,0.1285587630934943,0.1111328659629381,0.1733333333333333,0.9977777777777778,450,power_power_N100_T100_rho0.95_xsd1,100,100,0.95,1.0,power,,
HPJ,9,0.1167462123498855,0.1394730863349841,0.1212883476181303,0.1577777777777777,0.9955555555555556,450,power_power_N100_T100_rho0.95_xsd1,100,100,0.95,1.0,power,,
HPJ,10,0.1264205341190483,0.1495103468794049,0.13081285304567,0.1377777777777777,0.9955555555555556,450,power_power_N100_T100_rho0.95_xsd1,100,100,0.95,1.0,power,,
SPJ,0,6.612074010309129e-05,0.0042600769593609,0.0034113083636669,0.9311111111111112,1.0,450,power_power_N100_T100_rho0.95_xsd1,100,100,0.95,1.0,power,,
SPJ,1,-0.0020838299835165,0.0159970064778456,0.0122200252309954,0.9488888888888888,1.0,450,power_power_N100_T100_rho0.95_xsd1,100,100,0.95,1.0,power,,
SPJ,2,-0.0029165995936972,0.0298020179780285,0.0230883653180284,0.8088888888888889,1.0,450,power_power_N100_T100_rho0.95_xsd1,100,100,0.95,1.0,power,,
SPJ,3,-0.0028591835680197,0.042310036291094,0.0331693830326322,0.7155555555555555,1.0,450,power_power_N100_T100_rho0.95_xsd1,100,100,0.95,1.0,power,,
SPJ,4,-0.0021086012053241,0.0541382499272159,0.0427585313256764,0.64,1.0,450,power_power_N100_T100_rho0.95_xsd1,100,100,0.95,1.0,power,,
SPJ,5,-0.0005440836033201,0.0641853201694208,0.0512100229000576,0.5733333333333334,1.0,450,power_power_N100_T100_rho0.95_xsd1,100,100,0.95,1.0,power,,
SPJ,6,0.001518200508135,0.0735437913380946,0.0590492094471025,0.5222222222222223,1.0,450,power_power_N100_T100_rho0.95_xsd1,100,100,0.95,1.0,power,,
SPJ,7,0.0043030390764553,0.0820456928037728,0.0661226960433195,0.4777777777777778,1.0,450,power_power_N100_T100_rho0.95_xsd1,100,100,0.95,1.0,power,,
SPJ,8,0.0075944719814116,0.0897763220939574,0.0729494079743593,0.4355555555555555,1.0,450,power_power_N100_T100_rho0.95_xsd1,100,100,0.95,1.0,power,,
SPJ,9,0.0115133593629601,0.0968976856665149,0.0794970761821935,0.3955555555555555,1.0,450,power_power_N100_T100_rho0.95_xsd1,100,100,0.95,1.0,power,,
SPJ,10,0.0161818143203887,0.1034923101085578,0.0856706486000161,0.3666666666666666,1.0,450,power_power_N100_T100_rho0.95_xsd1,100,100,0.95,1.0,power,,
CDOLS,0,0.0031304426901617,0.0271705784200079,0.0221270221120451,0.9488888888888888,0.0511111111111111,450,power_null_N100_T100_rho0.95_xsd1,100,100,0.95,1.0,,,
CDOLS,1,0.0001561205628745,0.0110628594714474,0.0089501015496474,0.9311111111111112,0.0688888888888888,450,power_null_N100_T100_rho0.95_xsd1,100,100,0.95,1.0,,,
CDOLS,2,0.0009919269052812,0.0114053039994897,0.0090224236168079,0.94,0.06,450,power_null_N100_T100_rho0.95_xsd1,100,100,0.95,1.0,,,
CDOLS,3,0.0009304922777619,0.0111703569999777,0.0090568828721827,0.9444444444444444,0.0555555555555555,450,power_null_N100_T100_rho0.95_xsd1,100,100,0.95,1.0,,,
CDOLS,4,0.0010724453749725,0.0107489130214142,0.0085577121401378,0.9466666666666668,0.0533333333333333,450,power_null_N100_T100_rho0.95_xsd1,100,100,0.95,1.0,,,
CDOLS,5,-0.0003409795730159,0.0117561015175557,0.009504793897274,0.94,0.06,450,power_null_N100_T100_rho0.95_xsd1,100,100,0.95,1.0,,,
CDOLS,6,-0.0010096497209017,0.0112070608930779,0.0091684571561469,0.9533333333333334,0.0466666666666666,450,power_null_N100_T100_rho0.95_xsd1,100,100,0.95,1.0,,,
CDOLS,7,9.38477455930996e-05,0.0118711050146518,0.0093248998860189,0.9466666666666668,0.0533333333333333,450,power_null_N100_T100_rho0.95_xsd1,100,100,0.95,1.0,,,
CDOLS,8,0.0005491506297771,0.0117092169794002,0.0092776854726477,0.9355555555555556,0.0644444444444444,450,power_null_N100_T100_rho0.95_xsd1,100,100,0.95,1.0,,,
CDOLS,9,6.12001827615323e-05,0.0116366574502258,0.0093391100352311,0.9377777777777778,0.0622222222222222,450,power_null_N100_T100_rho0.95_xsd1,100,100,0.95,1.0,,,
CDOLS,10,0.0002947050449113,0.011997139806204,0.0094749311522504,0.9377777777777778,0.0622222222222222,450,power_null_N100_T100_rho0.95_xsd1,100,100,0.95,1.0,,,
DB,0,0.0001558741851556,0.0040094476422641,0.0032676117270358,0.8533333333333334,0.1466666666666666,450,power_null_N100_T100_rho0.95_xsd1,100,100,0.95,1.0,,,
DB,1,-0.0003307108526568,0.0032184153798485,0.0025820290612906,0.9311111111111112,0.0688888888888888,450,power_null_N100_T100_rho0.95_xsd1,100,100,0.95,1.0,,,
DB,2,-0.0002837898800543,0.003181913926848,0.0025951448176527,0.94,0.06,450,power_null_N100_T100_rho0.95_xsd1,100,100,0.95,1.0,,,
DB,3,-0.0003366376367945,0.0032587113776733,0.0026525326004637,0.9422222222222222,0.0577777777777777,450,power_null_N100_T100_rho0.95_xsd1,100,100,0.95,1.0,,,
DB,4,-0.0004342939746475,0.0033600380183051,0.0026835928684705,0.9355555555555556,0.0644444444444444,450,power_null_N100_T100_rho0.95_xsd1,100,100,0.95,1.0,,,
DB,5,-0.0005493935200038,0.0034607058512653,0.0028049861376638,0.9288888888888888,0.0711111111111111,450,power_null_N100_T100_rho0.95_xsd1,100,100,0.95,1.0,,,
DB,6,-0.000419252688991,0.0034290858734685,0.0027180214241764,0.9355555555555556,0.0644444444444444,450,power_null_N100_T100_rho0.95_xsd1,100,100,0.95,1.0,,,
DB,7,-0.0002011918409026,0.0034576979369313,0.002753806562283,0.9222222222222224,0.0777777777777777,450,power_null_N100_T100_rho0.95_xsd1,100,100,0.95,1.0,,,
DB,8,-0.0001813635226548,0.0035060278921415,0.0027611607973659,0.9133333333333332,0.0866666666666666,450,power_null_N100_T100_rho0.95_xsd1,100,100,0.95,1.0,,,
DB,9,-0.000179254412968,0.0034518510998335,0.0027277430586284,0.9266666666666666,0.0733333333333333,450,power_null_N100_T100_rho0.95_xsd1,100,100,0.95,1.0,,,
DB,10,-0.0001461421606068,0.0035143876257189,0.0027422175389133,0.9333333333333332,0.0666666666666666,450,power_null_N100_T100_rho0.95_xsd1,100,100,0.95,1.0,,,
FE,0,0.0001558741851556,0.0040094476422641,0.0032676117270358,0.8533333333333334,0.1466666666666666,450,power_null_N100_T100_rho0.95_xsd1,100,100,0.95,1.0,,,
FE,1,-0.0003333177296931,0.0031898187271966,0.0025586972267106,0.9355555555555556,0.0644444444444444,450,power_null_N100_T100_rho0.95_xsd1,100,100,0.95,1.0,,,
FE,2,-0.0002887501705681,0.0031298848277275,0.0025506983611907,0.9444444444444444,0.0555555555555555,450,power_null_N100_T100_rho0.95_xsd1,100,100,0.95,1.0,,,
FE,3,-0.0003437190279776,0.003187174289139,0.002593422420822,0.9466666666666668,0.0533333333333333,450,power_null_N100_T100_rho0.95_xsd1,100,100,0.95,1.0,,,
FE,4,-0.0004432835655805,0.0032859654807588,0.0026180228585321,0.9333333333333332,0.0666666666666666,450,power_null_N100_T100_rho0.95_xsd1,100,100,0.95,1.0,,,
FE,5,-0.0005600962254783,0.0033622560411356,0.0027173724553043,0.9311111111111112,0.0688888888888888,450,power_null_N100_T100_rho0.95_xsd1,100,100,0.95,1.0,,,
FE,6,-0.0004314897740413,0.0033293875605271,0.0026326101654541,0.94,0.06,450,power_null_N100_T100_rho0.95_xsd1,100,100,0.95,1.0,,,
FE,7,-0.0002147995750833,0.0033559021399105,0.0026683500845768,0.9311111111111112,0.0688888888888888,450,power_null_N100_T100_rho0.95_xsd1,100,100,0.95,1.0,,,
FE,8,-0.0001961919440255,0.0034003711725535,0.0027030807437302,0.9244444444444444,0.0755555555555555,450,power_null_N100_T100_rho0.95_xsd1,100,100,0.95,1.0,,,
FE,9,-0.0001951661925911,0.003341001585287,0.0026614097516138,0.9422222222222222,0.0577777777777777,450,power_null_N100_T100_rho0.95_xsd1,100,100,0.95,1.0,,,
FE,10,-0.0001630115591382,0.0033880276347415,0.0026610538106055,0.9444444444444444,0.0555555555555555,450,power_null_N100_T100_rho0.95_xsd1,100,100,0.95,1.0,,,
HPJ,0,-6.046507517795365e-06,0.0113551883921127,0.0089308988881674,0.4177777777777778,0.5822222222222222,450,power_null_N100_T100_rho0.95_xsd1,100,100,0.95,1.0,,,
HPJ,1,-6.294550416583445e-05,0.0083693722501103,0.0064807161169968,0.5511111111111111,0.4488888888888889,450,power_null_N100_T100_rho0.95_xsd1,100,100,0.95,1.0,,,
HPJ,2,-0.0001595818616811,0.0084361728091387,0.0065199520924331,0.5444444444444444,0.4555555555555555,450,power_null_N100_T100_rho0.95_xsd1,100,100,0.95,1.0,,,
HPJ,3,-0.0001072102568593,0.0087002999057209,0.0066904622360384,0.5444444444444444,0.4555555555555555,450,power_null_N100_T100_rho0.95_xsd1,100,100,0.95,1.0,,,
HPJ,4,-0.0003833344790083,0.0087364280184662,0.0067191439128315,0.5444444444444444,0.4555555555555555,450,power_null_N100_T100_rho0.95_xsd1,100,100,0.95,1.0,,,
HPJ,5,-0.0004342777897961,0.0086762015240575,0.0066906026256288,0.5533333333333333,0.4466666666666666,450,power_null_N100_T100_rho0.95_xsd1,100,100,0.95,1.0,,,
HPJ,6,-0.0003625849479025,0.0087967505519004,0.0069268689889423,0.5222222222222223,0.4777777777777778,450,power_null_N100_T100_rho0.95_xsd1,100,100,0.95,1.0,,,
HPJ,7,-0.0004173180811384,0.0089646771339688,0.0070334091596813,0.5288888888888889,0.4711111111111111,450,power_null_N100_T100_rho0.95_xsd1,100,100,0.95,1.0,,,
HPJ,8,-0.000523148603092,0.0089046689623817,0.0069928574854773,0.5266666666666666,0.4733333333333333,450,power_null_N100_T100_rho0.95_xsd1,100,100,0.95,1.0,,,
HPJ,9,-0.0001283683815155,0.0090970409835211,0.0070997343606653,0.5466666666666666,0.4533333333333333,450,power_null_N100_T100_rho0.95_xsd1,100,100,0.95,1.0,,,
HPJ,10,2.1564010961684043e-05,0.0089884694250019,0.0070423015892002,0.5466666666666666,0.4533333333333333,450,power_null_N100_T100_rho0.95_xsd1,100,100,0.95,1.0,,,
SPJ,0,6.612074010309819e-05,0.0042600769593609,0.0034113083636669,0.9311111111111112,0.0688888888888888,450,power_null_N100_T100_rho0.95_xsd1,100,100,0.95,1.0,,,
SPJ,1,-0.0002702598194895,0.0038652708640409,0.0030998961772248,0.9533333333333334,0.0466666666666666,450,power_null_N100_T100_rho0.95_xsd1,100,100,0.95,1.0,,,
SPJ,2,-0.0002399909164321,0.0038723508461644,0.0031324552641553,0.96,0.04,450,power_null_N100_T100_rho0.95_xsd1,100,100,0.95,1.0,,,
SPJ,3,-0.0002450171275375,0.0039310000799181,0.0031957327704441,0.9533333333333334,0.0466666666666666,450,power_null_N100_T100_rho0.95_xsd1,100,100,0.95,1.0,,,
SPJ,4,-0.000318203848843,0.0039970377977412,0.0032597723848864,0.9577777777777776,0.0422222222222222,450,power_null_N100_T100_rho0.95_xsd1,100,100,0.95,1.0,,,
SPJ,5,-0.0003600861854784,0.0040593548536981,0.0032652265734161,0.96,0.04,450,power_null_N100_T100_rho0.95_xsd1,100,100,0.95,1.0,,,
SPJ,6,-0.0003035015473916,0.0040404381198488,0.0032226916416462,0.9555555555555556,0.0444444444444444,450,power_null_N100_T100_rho0.95_xsd1,100,100,0.95,1.0,,,
SPJ,7,-0.0001710413926858,0.0040957383419596,0.0032588168823011,0.9577777777777776,0.0422222222222222,450,power_null_N100_T100_rho0.95_xsd1,100,100,0.95,1.0,,,
SPJ,8,-0.0001879953452034,0.0041544325710178,0.0033419344824757,0.9644444444444444,0.0355555555555555,450,power_null_N100_T100_rho0.95_xsd1,100,100,0.95,1.0,,,
SPJ,9,-0.0001552191725288,0.0041973301858259,0.0033436953966862,0.9688888888888888,0.0311111111111111,450,power_null_N100_T100_rho0.95_xsd1,100,100,0.95,1.0,,,
SPJ,10,-0.0001113610988412,0.0042714505438343,0.0033773889882169,0.9711111111111111,0.0288888888888888,450,power_null_N100_T100_rho0.95_xsd1,100,100,0.95,1.0,,,
CDOLS,0,0.0001133516851914,0.0358657593317412,0.0282090664319492,0.94,1.0,300,hetrho_N50_T30_rho0.5_xsd0,50,30,0.5,0.0,,1.0,0.0
CDOLS,1,-0.0826063284718238,0.0926919929108582,0.0833251509398057,0.5366666666666666,1.0,300,hetrho_N50_T30_rho0.5_xsd0,50,30,0.5,0.0,,1.0,0.0
CDOLS,2,-0.1114779158626168,0.1199242270829639,0.1115593733092582,0.34,1.0,300,hetrho_N50_T30_rho0.5_xsd0,50,30,0.5,0.0,,1.0,0.0
CDOLS,3,-0.1226050775189267,0.1331101425827316,0.1227526788849223,0.3266666666666666,0.9966666666666668,300,hetrho_N50_T30_rho0.5_xsd0,50,30,0.5,0.0,,1.0,0.0
CDOLS,4,-0.1286403343645857,0.1402262567583565,0.1292517044277417,0.35,0.99,300,hetrho_N50_T30_rho0.5_xsd0,50,30,0.5,0.0,,1.0,0.0
CDOLS,5,-0.1328478264839885,0.1462505444628886,0.1338627178580201,0.3633333333333333,0.9733333333333334,300,hetrho_N50_T30_rho0.5_xsd0,50,30,0.5,0.0,,1.0,0.0
CDOLS,6,-0.1330395261791817,0.1479412415066127,0.1335010632185474,0.42,0.9466666666666668,300,hetrho_N50_T30_rho0.5_xsd0,50,30,0.5,0.0,,1.0,0.0
CDOLS,7,-0.1380665883422967,0.1538082267723834,0.1387358332799709,0.44,0.92,300,hetrho_N50_T30_rho0.5_xsd0,50,30,0.5,0.0,,1.0,0.0
CDOLS,8,-0.1404260283345356,0.1571238746982326,0.1408645376920691,0.41,0.8566666666666667,300,hetrho_N50_T30_rho0.5_xsd0,50,30,0.5,0.0,,1.0,0.0
CDOLS,9,-0.1386607493259669,0.158989382511395,0.1403804287868776,0.4833333333333333,0.81,300,hetrho_N50_T30_rho0.5_xsd0,50,30,0.5,0.0,,1.0,0.0
CDOLS,10,-0.13879235274656,0.157930354955029,0.1406326560654956,0.4866666666666667,0.7966666666666666,300,hetrho_N50_T30_rho0.5_xsd0,50,30,0.5,0.0,,1.0,0.0
DB,0,-0.0020487198496911,0.0199814475542139,0.0156112463330966,0.93,1.0,300,hetrho_N50_T30_rho0.5_xsd0,50,30,0.5,0.0,,1.0,0.0
DB,1,-0.0756485078488126,0.0847275960494792,0.0760171985890852,0.2333333333333333,1.0,300,hetrho_N50_T30_rho0.5_xsd0,50,30,0.5,0.0,,1.0,0.0
DB,2,-0.0782248090463203,0.0913380810221906,0.0793949775274266,0.3233333333333333,1.0,300,hetrho_N50_T30_rho0.5_xsd0,50,30,0.5,0.0,,1.0,0.0
DB,3,-0.0647153010130426,0.0847571303826977,0.0695325367111307,0.46,0.9966666666666668,300,hetrho_N50_T30_rho0.5_xsd0,50,30,0.5,0.0,,1.0,0.0
DB,4,-0.0470675429395153,0.0762967145199147,0.0590476547177337,0.6066666666666667,0.9633333333333334,300,hetrho_N50_T30_rho0.5_xsd0,50,30,0.5,0.0,,1.0,0.0
DB,5,-0.0292106547452341,0.0679860333996915,0.0518873399110108,0.6933333333333334,0.84,300,hetrho_N50_T30_rho0.5_xsd0,50,30,0.5,0.0,,1.0,0.0
DB,6,-0.013047280685655,0.0603568471513505,0.0464083741776261,0.7266666666666667,0.7033333333333334,300,hetrho_N50_T30_rho0.5_xsd0,50,30,0.5,0.0,,1.0,0.0
DB,7,4.98149188348052e-05,0.0586154393133571,0.0461977041253539,0.73,0.5533333333333333,300,hetrho_N50_T30_rho0.5_xsd0,50,30,0.5,0.0,,1.0,0.0
DB,8,0.013354432460924,0.0591898097841452,0.0475849996822504,0.7133333333333334,0.43,300,hetrho_N50_T30_rho0.5_xsd0,50,30,0.5,0.0,,1.0,0.0
DB,9,0.0265706422705053,0.0606562929364363,0.0492181244781932,0.6766666666666666,0.3066666666666666,300,hetrho_N50_T30_rho0.5_xsd0,50,30,0.5,0.0,,1.0,0.0
DB,10,0.0352925897073525,0.0630331053858519,0.0508175342602825,0.6566666666666666,0.2466666666666666,300,hetrho_N50_T30_rho0.5_xsd0,50,30,0.5,0.0,,1.0,0.0
FE,0,-0.0020487198496911,0.0199814475542139,0.0156112463330966,0.93,1.0,300,hetrho_N50_T30_rho0.5_xsd0,50,30,0.5,0.0,,1.0,0.0
FE,1,-0.0459758193754,0.0592279164506742,0.0494126996558646,0.55,1.0,300,hetrho_N50_T30_rho0.5_xsd0,50,30,0.5,0.0,,1.0,0.0
FE,2,-0.0311306384562668,0.0546032270367508,0.0418105105912174,0.7,1.0,300,hetrho_N50_T30_rho0.5_xsd0,50,30,0.5,0.0,,1.0,0.0
FE,3,-0.0074838352020511,0.0515277189389271,0.0400675954000527,0.74,0.9566666666666668,300,hetrho_N50_T30_rho0.5_xsd0,50,30,0.5,0.0,,1.0,0.0
FE,4,0.0158327281189949,0.0573524652297655,0.0467016573680003,0.6666666666666666,0.7666666666666667,300,hetrho_N50_T30_rho0.5_xsd0,50,30,0.5,0.0,,1.0,0.0
FE,5,0.0364870758677288,0.0666390585708739,0.0557716027048145,0.6166666666666667,0.5,300,hetrho_N50_T30_rho0.5_xsd0,50,30,0.5,0.0,,1.0,0.0
FE,6,0.0534690627113674,0.0754335837093019,0.0647863064680687,0.5033333333333333,0.31,300,hetrho_N50_T30_rho0.5_xsd0,50,30,0.5,0.0,,1.0,0.0
FE,7,0.0658789019732879,0.0848411896872168,0.0724746053069855,0.44,0.26,300,hetrho_N50_T30_rho0.5_xsd0,50,30,0.5,0.0,,1.0,0.0
FE,8,0.0772017427284631,0.0938255294364855,0.0819988181489655,0.3466666666666667,0.2733333333333333,300,hetrho_N50_T30_rho0.5_xsd0,50,30,0.5,0.0,,1.0,0.0
FE,9,0.0871767076413968,0.100843960844834,0.0901792345235484,0.3,0.31,300,hetrho_N50_T30_rho0.5_xsd0,50,30,0.5,0.0,,1.0,0.0
FE,10,0.0912988551823486,0.1035486561139035,0.0933985798111199,0.2533333333333333,0.31,300,hetrho_N50_T30_rho0.5_xsd0,50,30,0.5,0.0,,1.0,0.0
HPJ,0,-0.0036830008507681,0.0544029773473904,0.0429383026923038,0.5233333333333333,1.0,300,hetrho_N50_T30_rho0.5_xsd0,50,30,0.5,0.0,,1.0,0.0
HPJ,1,-0.0507225551641105,0.1373418509337775,0.1037697857152177,0.31,1.0,300,hetrho_N50_T30_rho0.5_xsd0,50,30,0.5,0.0,,1.0,0.0
HPJ,2,-0.0353307437843515,0.1632857016018923,0.1197480556361699,0.3033333333333333,0.9333333333333332,300,hetrho_N50_T30_rho0.5_xsd0,50,30,0.5,0.0,,1.0,0.0
HPJ,3,-0.0166327241264417,0.1731045858439065,0.128116691526951,0.31,0.7833333333333333,300,hetrho_N50_T30_rho0.5_xsd0,50,30,0.5,0.0,,1.0,0.0
HPJ,4,0.000524538429568,0.1674915710393772,0.1269686498433691,0.2833333333333333,0.7,300,hetrho_N50_T30_rho0.5_xsd0,50,30,0.5,0.0,,1.0,0.0
HPJ,5,0.0207787801024051,0.159963325972776,0.125511477494083,0.26,0.6333333333333333,300,hetrho_N50_T30_rho0.5_xsd0,50,30,0.5,0.0,,1.0,0.0
HPJ,6,0.0439565367893852,0.1601310070486016,0.1279488915165805,0.2466666666666666,0.63,300,hetrho_N50_T30_rho0.5_xsd0,50,30,0.5,0.0,,1.0,0.0
HPJ,7,0.0506351214293279,0.1612145753089578,0.1281683199036214,0.2866666666666667,0.6233333333333333,300,hetrho_N50_T30_rho0.5_xsd0,50,30,0.5,0.0,,1.0,0.0
HPJ,8,0.0647325371904764,0.1635176152296716,0.1316158186661646,0.29,0.6233333333333333,300,hetrho_N50_T30_rho0.5_xsd0,50,30,0.5,0.0,,1.0,0.0
HPJ,9,0.0711719317281057,0.1660255755511581,0.1313365570655271,0.2933333333333333,0.64,300,hetrho_N50_T30_rho0.5_xsd0,50,30,0.5,0.0,,1.0,0.0
HPJ,10,0.0832641097214555,0.1705475034741954,0.136566406214195,0.29,0.7,300,hetrho_N50_T30_rho0.5_xsd0,50,30,0.5,0.0,,1.0,0.0
SPJ,0,-0.0018132793458754,0.0224086835958065,0.0175891551695528,0.9533333333333334,1.0,300,hetrho_N50_T30_rho0.5_xsd0,50,30,0.5,0.0,,1.0,0.0
SPJ,1,-0.1178503611675245,0.1293841688982054,0.1181649858813675,0.1433333333333333,1.0,300,hetrho_N50_T30_rho0.5_xsd0,50,30,0.5,0.0,,1.0,0.0
SPJ,2,-0.1294105832763158,0.1464366983846847,0.1298333637512705,0.1766666666666666,1.0,300,hetrho_N50_T30_rho0.5_xsd0,50,30,0.5,0.0,,1.0,0.0
SPJ,3,-0.1167091005902917,0.1408651519961563,0.1190605863790826,0.3,0.9966666666666668,300,hetrho_N50_T30_rho0.5_xsd0,50,30,0.5,0.0,,1.0,0.0
SPJ,4,-0.092773557189427,0.1259575173668083,0.1007194879338585,0.45,0.96,300,hetrho_N50_T30_rho0.5_xsd0,50,30,0.5,0.0,,1.0,0.0
SPJ,5,-0.0640624780816327,0.1080890088709277,0.0848011455870381,0.5666666666666667,0.8133333333333334,300,hetrho_N50_T30_rho0.5_xsd0,50,30,0.5,0.0,,1.0,0.0
SPJ,6,-0.0329628241135623,0.0909343772560146,0.0707477231279452,0.65,0.6233333333333333,300,hetrho_N50_T30_rho0.5_xsd0,50,30,0.5,0.0,,1.0,0.0
SPJ,7,0.0004515446249958,0.0835198701170596,0.0660133046977483,0.71,0.4566666666666666,300,hetrho_N50_T30_rho0.5_xsd0,50,30,0.5,0.0,,1.0,0.0
SPJ,8,0.0363840892892743,0.0889790015234968,0.0712501927693298,0.6833333333333333,0.31,300,hetrho_N50_T30_rho0.5_xsd0,50,30,0.5,0.0,,1.0,0.0
SPJ,9,0.0738951621857022,0.1072181694088099,0.0900487760474359,0.52,0.3033333333333333,300,hetrho_N50_T30_rho0.5_xsd0,50,30,0.5,0.0,,1.0,0.0
SPJ,10,0.1028930885501471,0.1276728124121801,0.1108804459261081,0.39,0.3933333333333333,300,hetrho_N50_T30_rho0.5_xsd0,50,30,0.5,0.0,,1.0,0.0
CDOLS,0,0.0021289801462579,0.0203588552285196,0.0162236034238129,0.9433333333333334,1.0,300,hetrho_N200_T100_rho0.8_xsd1,200,100,0.8,1.0,,1.0,0.0
CDOLS,1,-0.0706161595632593,0.078052898525234,0.0714502828396857,0.11,1.0,300,hetrho_N200_T100_rho0.8_xsd1,200,100,0.8,1.0,,1.0,0.0
CDOLS,2,-0.1039168825705968,0.1094244484562069,0.1039168825705968,0.0166666666666666,1.0,300,hetrho_N200_T100_rho0.8_xsd1,200,100,0.8,1.0,,1.0,0.0
CDOLS,3,-0.1201551692933328,0.1253231260300531,0.1201551692933328,0.0,1.0,300,hetrho_N200_T100_rho0.8_xsd1,200,100,0.8,1.0,,1.0,0.0
CDOLS,4,-0.13168810553008,0.1367934325248824,0.13168810553008,0.0,1.0,300,hetrho_N200_T100_rho0.8_xsd1,200,100,0.8,1.0,,1.0,0.0
CDOLS,5,-0.1401497726894061,0.1452964446303978,0.1401497726894061,0.0,1.0,300,hetrho_N200_T100_rho0.8_xsd1,200,100,0.8,1.0,,1.0,0.0
CDOLS,6,-0.1471970713285376,0.1523927767262094,0.1471970713285376,0.0,1.0,300,hetrho_N200_T100_rho0.8_xsd1,200,100,0.8,1.0,,1.0,0.0
CDOLS,7,-0.1524971767512655,0.1577403353914254,0.1524971767512655,0.0,1.0,300,hetrho_N200_T100_rho0.8_xsd1,200,100,0.8,1.0,,1.0,0.0
CDOLS,8,-0.1579339971024691,0.1635499019840591,0.1579339971024691,0.0,1.0,300,hetrho_N200_T100_rho0.8_xsd1,200,100,0.8,1.0,,1.0,0.0
CDOLS,9,-0.1590217182231695,0.1649960095392016,0.1590217182231695,0.0,1.0,300,hetrho_N200_T100_rho0.8_xsd1,200,100,0.8,1.0,,1.0,0.0
CDOLS,10,-0.165506916605237,0.1714132022568594,0.165506916605237,0.0,1.0,300,hetrho_N200_T100_rho0.8_xsd1,200,100,0.8,1.0,,1.0,0.0
DB,0,1.3174266259335192e-05,0.0026728163765938,0.002064480803451,0.84,1.0,300,hetrho_N200_T100_rho0.8_xsd1,200,100,0.8,1.0,,1.0,0.0
DB,1,-0.1511291489434396,0.1518205078333894,0.1511291489434396,0.0,1.0,300,hetrho_N200_T100_rho0.8_xsd1,200,100,0.8,1.0,,1.0,0.0
DB,2,-0.1942449053696003,0.1952426093482133,0.1942449053696003,0.0,1.0,300,hetrho_N200_T100_rho0.8_xsd1,200,100,0.8,1.0,,1.0,0.0
DB,3,-0.2102956182866089,0.211665150648449,0.2102956182866089,0.0,1.0,300,hetrho_N200_T100_rho0.8_xsd1,200,100,0.8,1.0,,1.0,0.0
DB,4,-0.2159860164140683,0.2178107847439053,0.2159860164140683,0.0,1.0,300,hetrho_N200_T100_rho0.8_xsd1,200,100,0.8,1.0,,1.0,0.0
DB,5,-0.2165322756119213,0.2188749424951939,0.2165322756119213,0.0,1.0,300,hetrho_N200_T100_rho0.8_xsd1,200,100,0.8,1.0,,1.0,0.0
DB,6,-0.2141774107245975,0.2170958498380586,0.2141774107245975,0.0,1.0,300,hetrho_N200_T100_rho0.8_xsd1,200,100,0.8,1.0,,1.0,0.0
DB,7,-0.20979094934721,0.2134648942555182,0.20979094934721,0.0,1.0,300,hetrho_N200_T100_rho0.8_xsd1,200,100,0.8,1.0,,1.0,0.0
DB,8,-0.204135697275531,0.2085611746105164,0.204135697275531,0.0,1.0,300,hetrho_N200_T100_rho0.8_xsd1,200,100,0.8,1.0,,1.0,0.0
DB,9,-0.1976300670935406,0.2028165116086635,0.1976300670935406,0.0,1.0,300,hetrho_N200_T100_rho0.8_xsd1,200,100,0.8,1.0,,1.0,0.0
DB,10,-0.1909376804520484,0.1970893863134649,0.1909376804520484,0.0,1.0,300,hetrho_N200_T100_rho0.8_xsd1,200,100,0.8,1.0,,1.0,0.0
FE,0,1.3174266259335192e-05,0.0026728163765938,0.002064480803451,0.84,1.0,300,hetrho_N200_T100_rho0.8_xsd1,200,100,0.8,1.0,,1.0,0.0
FE,1,-0.1413965823943145,0.1421273014777433,0.1413965823943145,0.0,1.0,300,hetrho_N200_T100_rho0.8_xsd1,200,100,0.8,1.0,,1.0,0.0
FE,2,-0.1755350161661045,0.1766119854345807,0.1755350161661045,0.0,1.0,300,hetrho_N200_T100_rho0.8_xsd1,200,100,0.8,1.0,,1.0,0.0
FE,3,-0.1833081103257245,0.1848190332232205,0.1833081103257245,0.0,1.0,300,hetrho_N200_T100_rho0.8_xsd1,200,100,0.8,1.0,,1.0,0.0
FE,4,-0.1813699633441249,0.1834292043309308,0.1813699633441249,0.0,1.0,300,hetrho_N200_T100_rho0.8_xsd1,200,100,0.8,1.0,,1.0,0.0
FE,5,-0.1748906211366295,0.1775993632047182,0.1748906211366295,0.0,1.0,300,hetrho_N200_T100_rho0.8_xsd1,200,100,0.8,1.0,,1.0,0.0
FE,6,-0.1660710979533946,0.1695439941687586,0.1660710979533946,0.0,1.0,300,hetrho_N200_T100_rho0.8_xsd1,200,100,0.8,1.0,,1.0,0.0
FE,7,-0.1557427142052445,0.1602529417638707,0.1557427142052445,0.0,1.0,300,hetrho_N200_T100_rho0.8_xsd1,200,100,0.8,1.0,,1.0,0.0
FE,8,-0.144633557855334,0.1502523476968956,0.144633557855334,0.0,1.0,300,hetrho_N200_T100_rho0.8_xsd1,200,100,0.8,1.0,,1.0,0.0
FE,9,-0.1331305380130336,0.139962488586395,0.1331305380130336,0.0066666666666666,1.0,300,hetrho_N200_T100_rho0.8_xsd1,200,100,0.8,1.0,,1.0,0.0
FE,10,-0.1218687387505967,0.1303069014495632,0.1218687387505967,0.02,1.0,300,hetrho_N200_T100_rho0.8_xsd1,200,100,0.8,1.0,,1.0,0.0
HPJ,0,-8.614694293446523e-05,0.0083370176249689,0.0067004516602179,0.3433333333333333,1.0,300,hetrho_N200_T100_rho0.8_xsd1,200,100,0.8,1.0,,1.0,0.0
HPJ,1,-0.1420848237429696,0.1436580347891566,0.1420848237429696,0.0,1.0,300,hetrho_N200_T100_rho0.8_xsd1,200,100,0.8,1.0,,1.0,0.0
HPJ,2,-0.1765337391693447,0.1789159016200513,0.1765337391693447,0.0,1.0,300,hetrho_N200_T100_rho0.8_xsd1,200,100,0.8,1.0,,1.0,0.0
HPJ,3,-0.1845672964256672,0.1879835183539588,0.1845672964256672,0.0,1.0,300,hetrho_N200_T100_rho0.8_xsd1,200,100,0.8,1.0,,1.0,0.0
HPJ,4,-0.1832057386396737,0.1878018549085746,0.1832057386396737,0.0,1.0,300,hetrho_N200_T100_rho0.8_xsd1,200,100,0.8,1.0,,1.0,0.0
HPJ,5,-0.1774520795316567,0.1834730088104032,0.1774520795316567,0.0,1.0,300,hetrho_N200_T100_rho0.8_xsd1,200,100,0.8,1.0,,1.0,0.0
HPJ,6,-0.1691691307810296,0.1767381951600467,0.1691691307810296,0.0,1.0,300,hetrho_N200_T100_rho0.8_xsd1,200,100,0.8,1.0,,1.0,0.0
HPJ,7,-0.1589226569590054,0.1686405711652542,0.1589226569590054,0.0,1.0,300,hetrho_N200_T100_rho0.8_xsd1,200,100,0.8,1.0,,1.0,0.0
HPJ,8,-0.1484772046445796,0.1603649608228951,0.1484969342680922,0.02,1.0,300,hetrho_N200_T100_rho0.8_xsd1,200,100,0.8,1.0,,1.0,0.0
HPJ,9,-0.1372304941031129,0.1515713415647811,0.1376841567360007,0.0366666666666666,1.0,300,hetrho_N200_T100_rho0.8_xsd1,200,100,0.8,1.0,,1.0,0.0
HPJ,10,-0.1263232699085761,0.1434405007050216,0.1275523175553877,0.0633333333333333,1.0,300,hetrho_N200_T100_rho0.8_xsd1,200,100,0.8,1.0,,1.0,0.0
SPJ,0,-0.000125530019317,0.0028515681509127,0.0022154182984808,0.96,1.0,300,hetrho_N200_T100_rho0.8_xsd1,200,100,0.8,1.0,,1.0,0.0
SPJ,1,-0.182544752222449,0.1835086311489364,0.182544752222449,0.0,1.0,300,hetrho_N200_T100_rho0.8_xsd1,200,100,0.8,1.0,,1.0,0.0
SPJ,2,-0.2400912470367137,0.241603489480234,0.2400912470367137,0.0,1.0,300,hetrho_N200_T100_rho0.8_xsd1,200,100,0.8,1.0,,1.0,0.0
SPJ,3,-0.2659888285858243,0.268105133430365,0.2659888285858243,0.0,1.0,300,hetrho_N200_T100_rho0.8_xsd1,200,100,0.8,1.0,,1.0,0.0
SPJ,4,-0.2786096711224304,0.2813833724328741,0.2786096711224304,0.0,1.0,300,hetrho_N200_T100_rho0.8_xsd1,200,100,0.8,1.0,,1.0,0.0
SPJ,5,-0.2846454367959704,0.288109734433429,0.2846454367959704,0.0,1.0,300,hetrho_N200_T100_rho0.8_xsd1,200,100,0.8,1.0,,1.0,0.0
SPJ,6,-0.2866894221406945,0.2909693519192546,0.2866894221406945,0.0,1.0,300,hetrho_N200_T100_rho0.8_xsd1,200,100,0.8,1.0,,1.0,0.0
SPJ,7,-0.285698370671166,0.2908428439045279,0.285698370671166,0.0,1.0,300,hetrho_N200_T100_rho0.8_xsd1,200,100,0.8,1.0,,1.0,0.0
SPJ,8,-0.2827215697115592,0.2889172958646157,0.2827215697115592,0.0,1.0,300,hetrho_N200_T100_rho0.8_xsd1,200,100,0.8,1.0,,1.0,0.0
SPJ,9,-0.2782871460054707,0.2856018967959411,0.2782871460054707,0.0,1.0,300,hetrho_N200_T100_rho0.8_xsd1,200,100,0.8,1.0,,1.0,0.0
SPJ,10,-0.2725912182948959,0.2811665429234886,0.2725912182948959,0.0,1.0,300,hetrho_N200_T100_rho0.8_xsd1,200,100,0.8,1.0,,1.0,0.0
CDOLS,0,0.0041083776324733,0.0383646323637108,0.0298256918288367,0.9866666666666668,1.0,300,hetbeta_N50_T30_rho0.5_xsd0,50,30,0.5,0.0,,0.0,1.0
CDOLS,1,-0.0168622447675282,0.043870490823857,0.035134999568781,0.9566666666666668,1.0,300,hetbeta_N50_T30_rho0.5_xsd0,50,30,0.5,0.0,,0.0,1.0
CDOLS,2,-0.0280743784659621,0.0497090796476754,0.0400728812268997,0.8966666666666666,0.9866666666666668,300,hetbeta_N50_T30_rho0.5_xsd0,50,30,0.5,0.0,,0.0,1.0
CDOLS,3,-0.0354362631138982,0.0563734511275108,0.0463490792823437,0.8766666666666667,0.7233333333333334,300,hetbeta_N50_T30_rho0.5_xsd0,50,30,0.5,0.0,,0.0,1.0
CDOLS,4,-0.0348091055169213,0.0565811935385206,0.0461148827951204,0.8566666666666667,0.3833333333333333,300,hetbeta_N50_T30_rho0.5_xsd0,50,30,0.5,0.0,,0.0,1.0
CDOLS,5,-0.037548768235194,0.0573112709929303,0.0462826129819261,0.86,0.2433333333333333,300,hetbeta_N50_T30_rho0.5_xsd0,50,30,0.5,0.0,,0.0,1.0
CDOLS,6,-0.0353691329770717,0.0581438305312922,0.0469072023016811,0.87,0.1633333333333333,300,hetbeta_N50_T30_rho0.5_xsd0,50,30,0.5,0.0,,0.0,1.0
CDOLS,7,-0.0403310051265792,0.0630379850471087,0.0508374989821644,0.8566666666666667,0.16,300,hetbeta_N50_T30_rho0.5_xsd0,50,30,0.5,0.0,,0.0,1.0
CDOLS,8,-0.039110358586803,0.0612215086952751,0.05038296590125,0.9,0.1033333333333333,300,hetbeta_N50_T30_rho0.5_xsd0,50,30,0.5,0.0,,0.0,1.0
CDOLS,9,-0.0391443397931143,0.0666851320571545,0.0547192376215258,0.8733333333333333,0.1266666666666666,300,hetbeta_N50_T30_rho0.5_xsd0,50,30,0.5,0.0,,0.0,1.0
CDOLS,10,-0.0381117805239248,0.0662026395865927,0.0543210211932538,0.8533333333333334,0.15,300,hetbeta_N50_T30_rho0.5_xsd0,50,30,0.5,0.0,,0.0,1.0
DB,0,0.0026904924941259,0.0286787754126062,0.0229058786889592,0.9133333333333332,1.0,300,hetbeta_N50_T30_rho0.5_xsd0,50,30,0.5,0.0,,0.0,1.0
DB,1,0.0055442043498043,0.0304088364495272,0.0237606646123367,0.9233333333333332,1.0,300,hetbeta_N50_T30_rho0.5_xsd0,50,30,0.5,0.0,,0.0,1.0
DB,2,0.0081293467658115,0.0332554788805871,0.0259688786093388,0.8966666666666666,0.99,300,hetbeta_N50_T30_rho0.5_xsd0,50,30,0.5,0.0,,0.0,1.0
DB,3,0.0095564494315357,0.0359028882555964,0.0291232349591746,0.9,0.5766666666666667,300,hetbeta_N50_T30_rho0.5_xsd0,50,30,0.5,0.0,,0.0,1.0
DB,4,0.0133391596764266,0.0370777937257721,0.0299076235719215,0.91,0.1566666666666666,300,hetbeta_N50_T30_rho0.5_xsd0,50,30,0.5,0.0,,0.0,1.0
DB,5,0.0138500454314235,0.0351169719172447,0.0280139448713238,0.9166666666666666,0.05,300,hetbeta_N50_T30_rho0.5_xsd0,50,30,0.5,0.0,,0.0,1.0
DB,6,0.0148794851547053,0.0371121515462221,0.029645817445488,0.9033333333333332,0.08,300,hetbeta_N50_T30_rho0.5_xsd0,50,30,0.5,0.0,,0.0,1.0
DB,7,0.0118413193771613,0.0366275513349653,0.0293054213907759,0.93,0.0533333333333333,300,hetbeta_N50_T30_rho0.5_xsd0,50,30,0.5,0.0,,0.0,1.0
DB,8,0.0132102940442515,0.0384585381022919,0.0311785197952859,0.9,0.0966666666666666,300,hetbeta_N50_T30_rho0.5_xsd0,50,30,0.5,0.0,,0.0,1.0
DB,9,0.0144555834991203,0.0415940231514607,0.0336310173513698,0.9033333333333332,0.0933333333333333,300,hetbeta_N50_T30_rho0.5_xsd0,50,30,0.5,0.0,,0.0,1.0
DB,10,0.0139667736423607,0.0469891103952487,0.0373647032803521,0.8533333333333334,0.1466666666666666,300,hetbeta_N50_T30_rho0.5_xsd0,50,30,0.5,0.0,,0.0,1.0
FE,0,0.0026904924941259,0.0286787754126062,0.0229058786889592,0.9133333333333332,1.0,300,hetbeta_N50_T30_rho0.5_xsd0,50,30,0.5,0.0,,0.0,1.0
FE,1,0.0336902175880521,0.044476762327739,0.0366990643761634,0.78,1.0,300,hetbeta_N50_T30_rho0.5_xsd0,50,30,0.5,0.0,,0.0,1.0
FE,2,0.0490809850238172,0.0582722121248438,0.0507456906932127,0.66,0.9066666666666666,300,hetbeta_N50_T30_rho0.5_xsd0,50,30,0.5,0.0,,0.0,1.0
FE,3,0.0561525719512741,0.0656729615597379,0.0576330315109009,0.53,0.1233333333333333,300,hetbeta_N50_T30_rho0.5_xsd0,50,30,0.5,0.0,,0.0,1.0
FE,4,0.0621415129414455,0.071004247150335,0.0631503346341662,0.4633333333333333,0.1466666666666666,300,hetbeta_N50_T30_rho0.5_xsd0,50,30,0.5,0.0,,0.0,1.0
FE,5,0.06310199640497,0.0708702956240905,0.0639586074933351,0.49,0.31,300,hetbeta_N50_T30_rho0.5_xsd0,50,30,0.5,0.0,,0.0,1.0
FE,6,0.0635624314715203,0.07224496811444,0.0646569479602229,0.4766666666666667,0.4,300,hetbeta_N50_T30_rho0.5_xsd0,50,30,0.5,0.0,,0.0,1.0
FE,7,0.0592303600324054,0.0689854835111665,0.0608372645056075,0.56,0.39,300,hetbeta_N50_T30_rho0.5_xsd0,50,30,0.5,0.0,,0.0,1.0
FE,8,0.0586557579044286,0.0692875415682549,0.0602308793302519,0.55,0.42,300,hetbeta_N50_T30_rho0.5_xsd0,50,30,0.5,0.0,,0.0,1.0
FE,9,0.0572642463097477,0.0696373851220461,0.0594476542464798,0.56,0.4266666666666667,300,hetbeta_N50_T30_rho0.5_xsd0,50,30,0.5,0.0,,0.0,1.0
FE,10,0.0533231885310593,0.0700434519465514,0.0592618506548975,0.6333333333333333,0.36,300,hetbeta_N50_T30_rho0.5_xsd0,50,30,0.5,0.0,,0.0,1.0
HPJ,0,0.0052822445447707,0.1343033654256242,0.1061619911143052,0.2833333333333333,1.0,300,hetbeta_N50_T30_rho0.5_xsd0,50,30,0.5,0.0,,0.0,1.0
HPJ,1,0.0377708439184414,0.1056699799094079,0.0849058793644467,0.4,0.9833333333333332,300,hetbeta_N50_T30_rho0.5_xsd0,50,30,0.5,0.0,,0.0,1.0
HPJ,2,0.0558115326649576,0.1022156757369162,0.083298549346348,0.4,0.69,300,hetbeta_N50_T30_rho0.5_xsd0,50,30,0.5,0.0,,0.0,1.0
HPJ,3,0.0626034894948597,0.1099774678344529,0.0903659888125767,0.3733333333333333,0.4966666666666666,300,hetbeta_N50_T30_rho0.5_xsd0,50,30,0.5,0.0,,0.0,1.0
HPJ,4,0.0600712149164776,0.1141384867710746,0.0900823699390272,0.4233333333333333,0.5466666666666666,300,hetbeta_N50_T30_rho0.5_xsd0,50,30,0.5,0.0,,0.0,1.0
HPJ,5,0.0665078707380321,0.1205075794966736,0.0951604791594262,0.4266666666666667,0.54,300,hetbeta_N50_T30_rho0.5_xsd0,50,30,0.5,0.0,,0.0,1.0
HPJ,6,0.0731801962782198,0.1313292748472362,0.1039715680384191,0.3966666666666666,0.6066666666666667,300,hetbeta_N50_T30_rho0.5_xsd0,50,30,0.5,0.0,,0.0,1.0
HPJ,7,0.0630349404308539,0.115393271254379,0.0917803583919461,0.39,0.6,300,hetbeta_N50_T30_rho0.5_xsd0,50,30,0.5,0.0,,0.0,1.0
HPJ,8,0.0620732467036273,0.1190435290237588,0.0968557137577017,0.3966666666666666,0.5933333333333334,300,hetbeta_N50_T30_rho0.5_xsd0,50,30,0.5,0.0,,0.0,1.0
HPJ,9,0.0498377912667616,0.1204003517409747,0.0953854207089758,0.4366666666666666,0.5666666666666667,300,hetbeta_N50_T30_rho0.5_xsd0,50,30,0.5,0.0,,0.0,1.0
HPJ,10,0.0468520432070074,0.1203400685015548,0.096400094834436,0.42,0.58,300,hetbeta_N50_T30_rho0.5_xsd0,50,30,0.5,0.0,,0.0,1.0
SPJ,0,0.0036959564028382,0.0300598243779315,0.0243142982711625,0.93,1.0,300,hetbeta_N50_T30_rho0.5_xsd0,50,30,0.5,0.0,,0.0,1.0
SPJ,1,0.000199678192491,0.0312761982004964,0.0246158149177149,0.9566666666666668,1.0,300,hetbeta_N50_T30_rho0.5_xsd0,50,30,0.5,0.0,,0.0,1.0
SPJ,2,0.0009286818508997,0.035452263373198,0.0280983579128519,0.93,0.99,300,hetbeta_N50_T30_rho0.5_xsd0,50,30,0.5,0.0,,0.0,1.0
SPJ,3,0.0040363409423128,0.0385768255299843,0.0313069167446724,0.9266666666666666,0.5333333333333333,300,hetbeta_N50_T30_rho0.5_xsd0,50,30,0.5,0.0,,0.0,1.0
SPJ,4,0.0131304285865229,0.04155993222797,0.0335849430882585,0.9066666666666666,0.12,300,hetbeta_N50_T30_rho0.5_xsd0,50,30,0.5,0.0,,0.0,1.0
SPJ,5,0.0210135779643353,0.0423456530492541,0.0339457022454749,0.8933333333333333,0.0433333333333333,300,hetbeta_N50_T30_rho0.5_xsd0,50,30,0.5,0.0,,0.0,1.0
SPJ,6,0.0315439708142754,0.0494685631625363,0.0397949275864372,0.8766666666666667,0.1033333333333333,300,hetbeta_N50_T30_rho0.5_xsd0,50,30,0.5,0.0,,0.0,1.0
SPJ,7,0.0423622773102742,0.0571627716436994,0.0476860071208234,0.8266666666666667,0.1333333333333333,300,hetbeta_N50_T30_rho0.5_xsd0,50,30,0.5,0.0,,0.0,1.0
SPJ,8,0.0585116345083362,0.0717728107528227,0.0609233935327532,0.71,0.2733333333333333,300,hetbeta_N50_T30_rho0.5_xsd0,50,30,0.5,0.0,,0.0,1.0
SPJ,9,0.0768170636551542,0.0889304462653698,0.0777631634990218,0.5133333333333333,0.4733333333333333,300,hetbeta_N50_T30_rho0.5_xsd0,50,30,0.5,0.0,,0.0,1.0
SPJ,10,0.0898174253571711,0.1034328435627777,0.0913605749812471,0.4233333333333333,0.55,300,hetbeta_N50_T30_rho0.5_xsd0,50,30,0.5,0.0,,0.0,1.0
CDOLS,0,-0.0002123982297877,0.0365065003813694,0.0286579644669607,0.9833333333333332,1.0,300,hetbeta_N100_T50_rho0.8_xsd1,100,50,0.8,1.0,,0.0,1.0
CDOLS,1,-0.0094153275463486,0.0497579148028286,0.0386446027382843,0.84,1.0,300,hetbeta_N100_T50_rho0.8_xsd1,100,50,0.8,1.0,,0.0,1.0
CDOLS,2,-0.018159455182692,0.0598594485395873,0.0467356043629974,0.71,1.0,300,hetbeta_N100_T50_rho0.8_xsd1,100,50,0.8,1.0,,0.0,1.0
CDOLS,3,-0.0296369331776386,0.0676586301938124,0.0533880536342399,0.5933333333333334,1.0,300,hetbeta_N100_T50_rho0.8_xsd1,100,50,0.8,1.0,,0.0,1.0
CDOLS,4,-0.0299207104513117,0.0713393073771016,0.0538264817688204,0.5866666666666667,1.0,300,hetbeta_N100_T50_rho0.8_xsd1,100,50,0.8,1.0,,0.0,1.0
CDOLS,5,-0.0353467954839345,0.0738554656392828,0.0574559543984526,0.5133333333333333,0.9933333333333332,300,hetbeta_N100_T50_rho0.8_xsd1,100,50,0.8,1.0,,0.0,1.0
CDOLS,6,-0.0383158399493251,0.077386472014539,0.061330800722643,0.48,0.99,300,hetbeta_N100_T50_rho0.8_xsd1,100,50,0.8,1.0,,0.0,1.0
CDOLS,7,-0.0396840174028687,0.0795464512361461,0.0630239247830492,0.45,0.96,300,hetbeta_N100_T50_rho0.8_xsd1,100,50,0.8,1.0,,0.0,1.0
CDOLS,8,-0.0356322638363671,0.0753561363278872,0.0587613803107502,0.4866666666666667,0.9066666666666666,300,hetbeta_N100_T50_rho0.8_xsd1,100,50,0.8,1.0,,0.0,1.0
CDOLS,9,-0.0374832939218742,0.0818618403454429,0.0628411952762034,0.4833333333333333,0.8466666666666667,300,hetbeta_N100_T50_rho0.8_xsd1,100,50,0.8,1.0,,0.0,1.0
CDOLS,10,-0.0401748801943,0.0789120260777179,0.0618261540263651,0.4633333333333333,0.8133333333333334,300,hetbeta_N100_T50_rho0.8_xsd1,100,50,0.8,1.0,,0.0,1.0
DB,0,-0.0006028096982085,0.0255669788144561,0.0206125919634934,0.5766666666666667,1.0,300,hetbeta_N100_T50_rho0.8_xsd1,100,50,0.8,1.0,,0.0,1.0
DB,1,0.006864536675928,0.0359580583710945,0.0286658745653412,0.7433333333333333,1.0,300,hetbeta_N100_T50_rho0.8_xsd1,100,50,0.8,1.0,,0.0,1.0
DB,2,0.0122822841581808,0.0522792749130572,0.0420085924835373,0.65,1.0,300,hetbeta_N100_T50_rho0.8_xsd1,100,50,0.8,1.0,,0.0,1.0
DB,3,0.0170119703586061,0.0655861349003184,0.053127660713612,0.56,1.0,300,hetbeta_N100_T50_rho0.8_xsd1,100,50,0.8,1.0,,0.0,1.0
DB,4,0.0232097709863373,0.0754367293083552,0.0606585035693076,0.5133333333333333,0.9933333333333332,300,hetbeta_N100_T50_rho0.8_xsd1,100,50,0.8,1.0,,0.0,1.0
DB,5,0.025865792992704,0.0808885920001426,0.0647283979968122,0.5433333333333333,0.95,300,hetbeta_N100_T50_rho0.8_xsd1,100,50,0.8,1.0,,0.0,1.0
DB,6,0.0291286436534495,0.0852345578365774,0.0681796748808391,0.4666666666666667,0.81,300,hetbeta_N100_T50_rho0.8_xsd1,100,50,0.8,1.0,,0.0,1.0
DB,7,0.0321302365415709,0.0880666173893569,0.0705932008470444,0.47,0.65,300,hetbeta_N100_T50_rho0.8_xsd1,100,50,0.8,1.0,,0.0,1.0
DB,8,0.0353944494751998,0.090119679526725,0.0718827326688296,0.48,0.5533333333333333,300,hetbeta_N100_T50_rho0.8_xsd1,100,50,0.8,1.0,,0.0,1.0
DB,9,0.0350646666149206,0.0894522954921795,0.0716212240410536,0.4833333333333333,0.45,300,hetbeta_N100_T50_rho0.8_xsd1,100,50,0.8,1.0,,0.0,1.0
DB,10,0.0337803373683735,0.0865998741078367,0.069317359847158,0.5433333333333333,0.4133333333333333,300,hetbeta_N100_T50_rho0.8_xsd1,100,50,0.8,1.0,,0.0,1.0
FE,0,-0.0006028096982085,0.0255669788144561,0.0206125919634934,0.5766666666666667,1.0,300,hetbeta_N100_T50_rho0.8_xsd1,100,50,0.8,1.0,,0.0,1.0
FE,1,0.0267136172684635,0.0437051010703869,0.0363327579118348,0.64,1.0,300,hetbeta_N100_T50_rho0.8_xsd1,100,50,0.8,1.0,,0.0,1.0
FE,2,0.0473073338476505,0.0681960299249296,0.0566581278709681,0.49,1.0,300,hetbeta_N100_T50_rho0.8_xsd1,100,50,0.8,1.0,,0.0,1.0
FE,3,0.0636369011097932,0.0879704908984028,0.0728644085841239,0.4266666666666667,1.0,300,hetbeta_N100_T50_rho0.8_xsd1,100,50,0.8,1.0,,0.0,1.0
FE,4,0.0786766778251245,0.1041990092361127,0.0871272720976624,0.3533333333333333,0.96,300,hetbeta_N100_T50_rho0.8_xsd1,100,50,0.8,1.0,,0.0,1.0
FE,5,0.0880277830179507,0.1141600463208852,0.0968075940596982,0.2966666666666667,0.77,300,hetbeta_N100_T50_rho0.8_xsd1,100,50,0.8,1.0,,0.0,1.0
FE,6,0.0962951080231278,0.1224527300617769,0.1058215682553484,0.26,0.5366666666666666,300,hetbeta_N100_T50_rho0.8_xsd1,100,50,0.8,1.0,,0.0,1.0
FE,7,0.1029506000101955,0.128843417056047,0.1132670009019026,0.25,0.42,300,hetbeta_N100_T50_rho0.8_xsd1,100,50,0.8,1.0,,0.0,1.0
FE,8,0.1087702077775685,0.1341544606148634,0.1186806960642951,0.19,0.3966666666666666,300,hetbeta_N100_T50_rho0.8_xsd1,100,50,0.8,1.0,,0.0,1.0
FE,9,0.1100822400405899,0.1351682849613841,0.1190194773180812,0.2,0.4633333333333333,300,hetbeta_N100_T50_rho0.8_xsd1,100,50,0.8,1.0,,0.0,1.0
FE,10,0.1096592304721511,0.133690120118316,0.1174214570550756,0.2233333333333333,0.4933333333333333,300,hetbeta_N100_T50_rho0.8_xsd1,100,50,0.8,1.0,,0.0,1.0
HPJ,0,0.0028042685582552,0.1020268058109485,0.0844636979754514,0.1333333333333333,1.0,300,hetbeta_N100_T50_rho0.8_xsd1,100,50,0.8,1.0,,0.0,1.0
HPJ,1,0.0314575921836015,0.0934434800281268,0.0767828920240327,0.3066666666666666,1.0,300,hetbeta_N100_T50_rho0.8_xsd1,100,50,0.8,1.0,,0.0,1.0
HPJ,2,0.0510102331709221,0.0986567519340419,0.0822442914191435,0.31,1.0,300,hetbeta_N100_T50_rho0.8_xsd1,100,50,0.8,1.0,,0.0,1.0
HPJ,3,0.0692366780205352,0.1112485894397516,0.0934877576772048,0.2933333333333333,0.99,300,hetbeta_N100_T50_rho0.8_xsd1,100,50,0.8,1.0,,0.0,1.0
HPJ,4,0.0853693423489139,0.1231618949577353,0.1043049469793927,0.2766666666666666,0.91,300,hetbeta_N100_T50_rho0.8_xsd1,100,50,0.8,1.0,,0.0,1.0
HPJ,5,0.0959986902699301,0.1310559947519143,0.1116724600524301,0.2533333333333333,0.73,300,hetbeta_N100_T50_rho0.8_xsd1,100,50,0.8,1.0,,0.0,1.0
HPJ,6,0.1024634855903689,0.1369873854506233,0.1174659640800164,0.2233333333333333,0.5566666666666666,300,hetbeta_N100_T50_rho0.8_xsd1,100,50,0.8,1.0,,0.0,1.0
HPJ,7,0.1077132797594764,0.1429038888537315,0.1219539809396448,0.2266666666666666,0.5066666666666667,300,hetbeta_N100_T50_rho0.8_xsd1,100,50,0.8,1.0,,0.0,1.0
HPJ,8,0.111922091085859,0.1495641343050174,0.1261984556620176,0.2166666666666666,0.4833333333333333,300,hetbeta_N100_T50_rho0.8_xsd1,100,50,0.8,1.0,,0.0,1.0
HPJ,9,0.1126180136098075,0.1506254746416266,0.1280480913853904,0.2033333333333333,0.5366666666666666,300,hetbeta_N100_T50_rho0.8_xsd1,100,50,0.8,1.0,,0.0,1.0
HPJ,10,0.1081724551092851,0.1452733763693773,0.1230552147587113,0.21,0.5466666666666666,300,hetbeta_N100_T50_rho0.8_xsd1,100,50,0.8,1.0,,0.0,1.0
SPJ,0,-0.0014005123361958,0.0272723194893052,0.0216292741359308,0.6266666666666667,1.0,300,hetbeta_N100_T50_rho0.8_xsd1,100,50,0.8,1.0,,0.0,1.0
SPJ,1,-0.0050239194688831,0.0444693946984012,0.033342580314882,0.7733333333333333,1.0,300,hetbeta_N100_T50_rho0.8_xsd1,100,50,0.8,1.0,,0.0,1.0
SPJ,2,-0.0060464773357084,0.0678933009172928,0.0516465934274568,0.6666666666666666,1.0,300,hetbeta_N100_T50_rho0.8_xsd1,100,50,0.8,1.0,,0.0,1.0
SPJ,3,-0.0036726662106963,0.0872687083703137,0.0659802325643367,0.5566666666666666,1.0,300,hetbeta_N100_T50_rho0.8_xsd1,100,50,0.8,1.0,,0.0,1.0
SPJ,4,0.0019551374243669,0.101461147855264,0.0769342213925438,0.5366666666666666,0.9933333333333332,300,hetbeta_N100_T50_rho0.8_xsd1,100,50,0.8,1.0,,0.0,1.0
SPJ,5,0.0080698748179672,0.1104551388338865,0.083707201862484,0.5233333333333333,0.91,300,hetbeta_N100_T50_rho0.8_xsd1,100,50,0.8,1.0,,0.0,1.0
SPJ,6,0.0155597862247675,0.1172736802636638,0.089729694343713,0.4666666666666667,0.7366666666666667,300,hetbeta_N100_T50_rho0.8_xsd1,100,50,0.8,1.0,,0.0,1.0
SPJ,7,0.0248901513668686,0.1222932509762781,0.0959150515890587,0.4566666666666666,0.5533333333333333,300,hetbeta_N100_T50_rho0.8_xsd1,100,50,0.8,1.0,,0.0,1.0
SPJ,8,0.0356806619279362,0.1276178835676643,0.1013027720940131,0.4166666666666667,0.4433333333333333,300,hetbeta_N100_T50_rho0.8_xsd1,100,50,0.8,1.0,,0.0,1.0
SPJ,9,0.0446868573827827,0.1299315560147745,0.1040728389136822,0.3966666666666666,0.4433333333333333,300,hetbeta_N100_T50_rho0.8_xsd1,100,50,0.8,1.0,,0.0,1.0
SPJ,10,0.0543476949944453,0.1317407964842285,0.1073879314308357,0.3866666666666666,0.4566666666666666,300,hetbeta_N100_T50_rho0.8_xsd1,100,50,0.8,1.0,,0.0,1.0
