ccode,year,Fd1y,Fd2y,Fd3y,Fd4y,Fd5y,Fd6y,R_B,R_N,L1R_B,L2R_B,L3R_B,L1R_N,L2R_N,L3R_N,D1y,L1D1y,L2D1y,L3D1y,D1d_y,L1D1d_y,L2D1d_y,L3D1d_y
32,1882,0.081698142,0.11470137,0.22785041,0.1933714,0.21179739,0.30559754,0,0,0.0,0.0,0.0,,,,0.20158279,-0.0062539289,-0.04092174,0.01689841,,,,
32,1883,0.033003226,0.14615226,0.11167325,0.13009924,0.22389941,0.24001367,0,0,0.0,0.0,0.0,0.0,,,0.081698142,0.20158279,-0.0062539289,-0.04092174,,,,
32,1884,0.11314904,0.078670025,0.097096011,0.19089618,0.20701045,0.099582538,0,0,0.0,0.0,0.0,0.0,0.0,,0.033003226,0.081698142,0.20158279,-0.0062539289,,,,
32,1885,-0.034479011,-0.016053028,0.077747144,0.093861416,-0.013566494,-0.072381914,0,0,0.0,0.0,0.0,0.0,0.0,0.0,0.11314904,0.033003226,0.081698142,0.20158279,,,,
32,1886,0.018425982,0.11222616,0.12834042,0.020912513,-0.037902903,0.11975348,0,0,0.0,0.0,0.0,0.0,0.0,0.0,-0.034479011,0.11314904,0.033003226,0.081698142,,,,
32,1887,0.093800172,0.10991444,0.0024865344,-0.056328882,0.10132751,0.1377755,0,0,0.0,0.0,0.0,0.0,0.0,0.0,0.018425982,-0.034479011,0.11314904,0.033003226,,,,
32,1888,0.01611427,-0.091313638,-0.15012905,0.0075273365,0.043975323,0.1634441,0,1,0.0,0.0,0.0,0.0,0.0,0.0,0.093800172,0.018425982,-0.034479011,0.11314904,,,,
32,1889,-0.10742791,-0.16624333,-0.0085869431,0.027861044,0.14732981,0.22774263,0,0,0.0,0.0,0.0,1.0,0.0,0.0,0.01611427,0.093800172,0.018425982,-0.034479011,,,,
32,1890,-0.058815416,0.098840967,0.13528895,0.25475773,0.33517057,0.39492413,0,0,0.0,0.0,0.0,0.0,1.0,0.0,-0.10742791,0.01611427,0.093800172,0.018425982,,,,
32,1891,0.15765639,0.19410437,0.31357315,0.39398599,0.45373955,0.21450233,0,1,0.0,0.0,0.0,0.0,0.0,1.0,-0.058815416,-0.10742791,0.01611427,0.093800172,,,,
32,1892,0.036447987,0.15591675,0.23632957,0.29608312,0.056845903,0.1089536,0,0,0.0,0.0,0.0,1.0,0.0,0.0,0.15765639,-0.058815416,-0.10742791,0.01611427,,,,
32,1893,0.11946877,0.19988158,0.25963515,0.020397931,0.072505631,0.20490155,0,0,0.0,0.0,0.0,0.0,1.0,0.0,0.036447987,0.15765639,-0.058815416,-0.10742791,,,,
32,1894,0.08041282,0.14016637,-0.099070847,-0.046963148,0.08543276,-0.080818333,0,0,0.0,0.0,0.0,0.0,0.0,1.0,0.11946877,0.036447987,0.15765639,-0.058815416,,,,
32,1895,0.059753556,-0.17948367,-0.12737596,0.0050199479,-0.16123115,-0.15949352,0,0,0.0,0.0,0.0,0.0,0.0,0.0,0.08041282,0.11946877,0.036447987,0.15765639,,,,
32,1896,-0.23923722,-0.18712953,-0.054733619,-0.22098471,-0.21924709,-0.27750906,0,0,0.0,0.0,0.0,0.0,0.0,0.0,0.059753556,0.08041282,0.11946877,0.036447987,,,,
32,1897,0.052107699,0.18450361,0.018252522,0.019990142,-0.038271822,0.05814191,0,0,0.0,0.0,0.0,0.0,0.0,0.0,-0.23923722,0.059753556,0.08041282,0.11946877,,,,
32,1898,0.13239591,-0.033855185,-0.032117564,-0.090379529,0.0060342029,0.070426486,0,0,0.0,0.0,0.0,0.0,0.0,0.0,0.052107699,-0.23923722,0.059753556,0.08041282,,,,
32,1899,-0.16625109,-0.16451347,-0.22277543,-0.1263617,-0.061969414,0.024441138,0,0,0.0,0.0,0.0,0.0,0.0,0.0,0.13239591,0.052107699,-0.23923722,0.059753556,,,,
32,1900,0.0017376199,-0.056524344,0.039889388,0.10428167,0.19069222,0.20183997,0,0,0.0,0.0,0.0,0.0,0.0,0.0,-0.16625109,0.13239591,0.052107699,-0.23923722,,,,
32,1901,-0.058261964,0.038151767,0.10254405,0.18895461,0.20010236,0.18318924,0,0,0.0,0.0,0.0,0.0,0.0,0.0,0.0017376199,-0.16625109,0.13239591,0.052107699,,,,
32,1902,0.096413732,0.16080602,0.24721657,0.25836432,0.2414512,0.29711482,0,0,0.0,0.0,0.0,0.0,0.0,0.0,-0.058261964,0.0017376199,-0.16625109,0.13239591,-0.079000004,,,
32,1903,0.064392284,0.15080284,0.16195059,0.14503747,0.20070109,0.21212046,0,0,0.0,0.0,0.0,0.0,0.0,0.0,0.096413732,-0.058261964,0.0017376199,-0.16625109,0.013,-0.079000004,,
32,1904,0.086410552,0.097558305,0.080645189,0.13630879,0.14772816,0.1804395,0,0,0.0,0.0,0.0,0.0,0.0,0.0,0.064392284,0.096413732,-0.058261964,0.0017376199,0.033,0.013,-0.079000004,
32,1905,0.011147751,-0.0057653654,0.049898244,0.061317619,0.09402895,0.073943704,0,0,0.0,0.0,0.0,0.0,0.0,0.0,0.086410552,0.064392284,0.096413732,-0.058261964,0.026000001,0.033,0.013,-0.079000004
32,1906,-0.016913116,0.038750492,0.050169867,0.082881197,0.062795952,0.10410902,0,0,0.0,0.0,0.0,0.0,0.0,0.0,0.011147751,0.086410552,0.064392284,0.096413732,0.003,0.026000001,0.033,0.013
32,1907,0.055663608,0.067082979,0.099794313,0.079709068,0.12102214,0.093231745,0,0,0.0,0.0,0.0,0.0,0.0,0.0,-0.016913116,0.011147751,0.086410552,0.064392284,-0.0040000002,0.003,0.026000001,0.033
32,1908,0.011419374,0.044130709,0.024045467,0.065358534,0.037568145,,0,0,0.0,0.0,0.0,0.0,0.0,0.0,0.055663608,-0.016913116,0.011147751,0.086410552,0.0070000002,-0.0040000002,0.003,0.026000001
32,1909,0.032711335,0.012626093,0.053939156,0.026148768,,,0,0,0.0,0.0,0.0,0.0,0.0,0.0,0.011419374,0.055663608,-0.016913116,0.011147751,0.013,0.0070000002,-0.0040000002,0.003
32,1910,-0.020085242,0.021227822,-0.0065625664,,,,0,0,0.0,0.0,0.0,0.0,0.0,0.0,0.032711335,0.011419374,0.055663608,-0.016913116,0.024,0.013,0.0070000002,-0.0040000002
32,1919,0.048977342,0.048401304,0.094842747,0.16442217,0.20390925,0.16979508,0,0,,,,,,,0.018002011,,,,,,,
32,1920,-0.00057603687,0.045865402,0.11544482,0.1549319,0.12081774,0.13977446,0,0,0.0,,,0.0,,,0.048977342,0.018002011,,,0.001,,,
32,1921,0.04644144,0.11602086,0.15550795,0.12139378,0.14035051,0.18011034,0,0,0.0,0.0,,0.0,0.0,,-0.00057603687,0.048977342,0.018002011,,0.07,0.001,,
32,1922,0.069579422,0.10906651,0.074952342,0.093909055,0.1336689,0.16563563,0,0,0.0,0.0,0.0,0.0,0.0,0.0,0.04644144,-0.00057603687,0.048977342,0.018002011,0.0089999996,0.07,0.001,
32,1923,0.039487086,0.0053729191,0.024329634,0.06408947,0.096056201,0.11361267,0,0,0.0,0.0,0.0,0.0,0.0,0.0,0.069579422,0.04644144,-0.00057603687,0.048977342,-0.026000001,0.0089999996,0.07,0.001
32,1924,-0.034114167,-0.015157452,0.024602385,0.056569114,0.07412558,0.0061462969,0,0,0.0,0.0,0.0,0.0,0.0,0.0,0.039487086,0.069579422,0.04644144,-0.00057603687,-0.032000002,-0.026000001,0.0089999996,0.07
32,1925,0.018956715,0.05871655,0.090683281,0.10823975,0.040260464,-0.054265708,0,0,0.0,0.0,0.0,0.0,0.0,0.0,-0.034114167,0.039487086,0.069579422,0.04644144,0.0049999999,-0.032000002,-0.026000001,0.0089999996
32,1926,0.039759837,0.071726568,0.089283034,0.021303751,-0.073222421,-0.12576422,0,0,0.0,0.0,0.0,0.0,0.0,0.0,0.018956715,-0.034114167,0.039487086,0.069579422,0.028999999,0.0049999999,-0.032000002,-0.026000001
32,1927,0.031966731,0.049523197,-0.018456087,-0.11298226,-0.16552407,-0.13780284,0,0,0.0,0.0,0.0,0.0,0.0,0.0,0.039759837,0.018956715,-0.034114167,0.039487086,-0.022,0.028999999,0.0049999999,-0.032000002
32,1928,0.017556468,-0.050422817,-0.14494899,-0.1974908,-0.16976957,-0.1097462,0,0,0.0,0.0,0.0,0.0,0.0,0.0,0.031966731,0.039759837,0.018956715,-0.034114167,-0.017999999,-0.022,0.028999999,0.0049999999
32,1929,-0.067979284,-0.16250545,-0.21504726,-0.18732603,-0.12730266,-0.10036068,0,0,0.0,0.0,0.0,0.0,0.0,0.0,0.017556468,0.031966731,0.039759837,0.018956715,0.030999999,-0.017999999,-0.022,0.028999999
32,1930,-0.094526172,-0.14706798,-0.11934676,-0.059323389,-0.032381415,-0.042048242,0,0,0.0,0.0,0.0,0.0,0.0,0.0,-0.067979284,0.017556468,0.031966731,0.039759837,0.052999999,0.030999999,-0.017999999,-0.022
32,1931,-0.052541804,-0.024820583,0.035202786,0.062144764,0.052477937,0.1054952,1,0,0.0,0.0,0.0,0.0,0.0,0.0,-0.094526172,-0.067979284,0.017556468,0.031966731,0.052000001,0.052999999,0.030999999,-0.017999999
32,1932,0.027721221,0.087744594,0.11468657,0.10501975,0.15803701,0.14510527,1,0,1.0,0.0,0.0,0.0,0.0,0.0,-0.052541804,-0.094526172,-0.067979284,0.017556468,-0.022,0.052000001,0.052999999,0.030999999
32,1933,0.060023371,0.086965345,0.077298522,0.13031578,0.11738404,,1,0,1.0,1.0,0.0,0.0,0.0,0.0,0.027721221,-0.052541804,-0.094526172,-0.067979284,-0.017999999,-0.022,0.052000001,0.052999999
32,1934,0.026941976,0.017275149,0.070292413,0.057360671,,,0,0,1.0,1.0,1.0,0.0,0.0,0.0,0.060023371,0.027721221,-0.052541804,-0.094526172,-0.079999998,-0.017999999,-0.022,0.052000001
32,1935,-0.0096668266,0.04335044,0.030418698,,,,0,0,0.0,1.0,1.0,0.0,0.0,0.0,0.026941976,0.060023371,0.027721221,-0.052541804,-0.064999998,-0.079999998,-0.017999999,-0.022
32,1992,0.059069194,0.1174312,0.088979103,0.14424601,0.22535649,0.26385829,0,1,,,,0.0,1.0,0.0,0.11940775,0.12669711,-0.023989592,-0.074961893,0.029728999,0.00067799998,-0.197796,0.168018
32,1993,0.058362007,0.029909911,0.085176811,0.16628727,0.20478906,0.17093448,0,0,0.0,,,1.0,0.0,1.0,0.059069194,0.11940775,0.12669711,-0.023989592,0.031330001,0.029728999,0.00067799998,-0.197796
32,1994,-0.028452097,0.026814805,0.10792527,0.14642707,0.11257249,0.10468251,0,1,0.0,0.0,,0.0,1.0,0.0,0.058362007,0.059069194,0.11940775,0.12669711,0.021826001,0.031330001,0.029728999,0.00067799998
32,1995,0.055266902,0.13637736,0.17487915,0.14102457,0.13313459,0.089046195,0,0,0.0,0.0,0.0,1.0,0.0,1.0,-0.028452097,0.058362007,0.059069194,0.11940775,-0.00217,0.021826001,0.031330001,0.029728999
32,1996,0.08111047,0.11961226,0.085757688,0.077867702,0.033779304,-0.07516554,0,0,0.0,0.0,0.0,0.0,1.0,0.0,0.055266902,-0.028452097,0.058362007,0.059069194,0.0081519997,-0.00217,0.021826001,0.031330001
32,1997,0.038501788,0.0046472177,-0.0032427721,-0.047331169,-0.15627602,-0.067905605,0,0,0.0,0.0,0.0,0.0,0.0,1.0,0.08111047,0.055266902,-0.028452097,0.058362007,0.018030001,0.0081519997,-0.00217,0.021826001
32,1998,-0.03385457,-0.04174456,-0.085832953,-0.1947778,-0.10640739,-0.016111657,0,0,0.0,0.0,0.0,0.0,0.0,0.0,0.038501788,0.08111047,0.055266902,-0.028452097,0.023740999,0.018030001,0.0081519997,-0.00217
32,1999,-0.0078899898,-0.051978387,-0.16092324,-0.07255283,0.017742902,0.1062595,0,0,0.0,0.0,0.0,0.0,0.0,0.0,-0.03385457,0.038501788,0.08111047,0.055266902,0.007036,0.023740999,0.018030001,0.0081519997
32,2000,-0.044088397,-0.15303324,-0.064662829,0.025632903,0.1141495,0.19462103,1,0,0.0,0.0,0.0,0.0,0.0,0.0,-0.0078899898,-0.03385457,0.038501788,0.08111047,-0.0098839998,0.007036,0.023740999,0.018030001
32,2001,-0.10894485,-0.020574436,0.069721296,0.1582379,0.23870942,0.32878593,1,1,1.0,0.0,0.0,0.0,0.0,0.0,-0.044088397,-0.0078899898,-0.03385457,0.038501788,-0.030466,-0.0098839998,0.007036,0.023740999
32,2002,0.088370413,0.17866614,0.26718274,0.34765425,0.43773076,0.4783031,0,0,1.0,1.0,0.0,1.0,0.0,0.0,-0.10894485,-0.044088397,-0.0078899898,-0.03385457,-0.059347,-0.030466,-0.0098839998,0.007036
32,2003,0.090295732,0.17881233,0.25928384,0.34936035,0.38993269,0.33074743,0,0,0.0,1.0,1.0,0.0,1.0,0.0,0.088370413,-0.10894485,-0.044088397,-0.0078899898,-0.042429999,-0.059347,-0.030466,-0.0098839998
32,2004,0.0885166,0.16898811,0.25906461,0.29963696,0.24045171,0.34170568,0,0,0.0,0.0,1.0,0.0,0.0,1.0,0.090295732,0.088370413,-0.10894485,-0.044088397,-0.0087010004,-0.042429999,-0.059347,-0.030466
32,2005,0.080471516,0.17054802,0.21112035,0.1519351,0.25318909,0.31322861,0,0,0.0,0.0,0.0,0.0,0.0,0.0,0.0885166,0.090295732,0.088370413,-0.10894485,0.011076,-0.0087010004,-0.042429999,-0.059347
32,2006,0.090076514,0.13064885,0.0714636,0.17271759,0.23275711,0.2224929,0,0,0.0,0.0,0.0,0.0,0.0,0.0,0.080471516,0.0885166,0.090295732,0.088370413,0.013083,0.011076,-0.0087010004,-0.042429999
32,2007,0.040572334,-0.018612918,0.082641065,0.14268059,0.13241638,0.15646961,0,0,0.0,0.0,0.0,0.0,0.0,0.0,0.090076514,0.080471516,0.0885166,0.090295732,0.011985,0.013083,0.011076,-0.0087010004
32,2008,-0.059185252,0.042068735,0.10210826,0.091844052,0.11589729,0.090771139,1,1,0.0,0.0,0.0,0.0,0.0,0.0,0.040572334,0.090076514,0.080471516,0.0885166,-0.0077960002,0.011985,0.013083,0.011076
32,2009,0.10125399,0.16129351,0.1510293,0.17508253,0.14995638,0.17642909,0,0,1.0,0.0,0.0,1.0,0.0,0.0,-0.059185252,0.040572334,0.090076514,0.080471516,0.001273,-0.0077960002,0.011985,0.013083
32,2010,0.060039517,0.04977531,0.073828548,0.048702396,0.075175107,0.052193344,0,0,0.0,1.0,0.0,0.0,1.0,0.0,0.10125399,-0.059185252,0.040572334,0.090076514,0.0030070001,0.001273,-0.0077960002,0.011985
32,2011,-0.010264205,0.013789034,-0.011337118,0.015135596,-0.0078461654,,1,0,0.0,0.0,1.0,0.0,0.0,1.0,0.060039517,0.10125399,-0.059185252,0.040572334,0.012934,0.0030070001,0.001273,-0.0077960002
32,2012,0.024053238,-0.0010729134,0.0253998,0.0024180394,,,0,0,1.0,0.0,0.0,0.0,0.0,0.0,-0.010264205,0.060039517,0.10125399,-0.059185252,0.011704,0.012934,0.0030070001,0.001273
32,2013,-0.025126152,0.0013465621,-0.021635199,,,,0,0,0.0,1.0,0.0,0.0,0.0,0.0,0.024053238,-0.010264205,0.060039517,0.10125399,0.005041,0.011704,0.012934,0.0030070001
36,1870,-0.050297324,0.051818114,0.15203387,0.18447071,0.28875723,0.2855283,0,0,,,,,,,0.070592381,,,,,,,
36,1871,0.10211544,0.20233119,0.23476803,0.33905455,0.33582562,0.37663728,0,0,0.0,,,0.0,,,-0.050297324,0.070592381,,,-0.0083830003,,,
36,1872,0.10021575,0.1326526,0.2369391,0.23371017,0.27452183,0.36562318,0,0,0.0,0.0,,0.0,0.0,,0.10211544,-0.050297324,0.070592381,,-0.0085770003,-0.0083830003,,
36,1873,0.032436848,0.13672337,0.13349444,0.17430608,0.26540744,0.27936849,0,0,0.0,0.0,0.0,0.0,0.0,0.0,0.10021575,0.10211544,-0.050297324,0.070592381,-0.00018800001,-0.0085770003,-0.0083830003,
36,1874,0.10428651,0.10105758,0.14186923,0.2329706,0.24693164,0.29825288,0,0,0.0,0.0,0.0,0.0,0.0,0.0,0.032436848,0.10021575,0.10211544,-0.050297324,0.0032589999,-0.00018800001,-0.0085770003,-0.0083830003
36,1875,-0.003228934,0.037582714,0.12868407,0.14264512,0.19396636,0.26498929,0,0,0.0,0.0,0.0,0.0,0.0,0.0,0.10428651,0.032436848,0.10021575,0.10211544,0.017308,0.0032589999,-0.00018800001,-0.0085770003
36,1876,0.040811647,0.13191301,0.14587405,0.19719529,0.26821822,0.21027979,0,0,0.0,0.0,0.0,0.0,0.0,0.0,-0.003228934,0.10428651,0.032436848,0.10021575,0.0111,0.017308,0.0032589999,-0.00018800001
36,1877,0.091101363,0.10506241,0.15638366,0.22740659,0.16946816,0.30751029,0,0,0.0,0.0,0.0,0.0,0.0,0.0,0.040811647,-0.003228934,0.10428651,0.032436848,0.045161001,0.0111,0.017308,0.0032589999
36,1878,0.013961046,0.065282293,0.13630521,0.078366779,0.21640891,0.22087349,0,0,0.0,0.0,0.0,0.0,0.0,0.0,0.091101363,0.040811647,-0.003228934,0.10428651,0.0067369998,0.045161001,0.0111,0.017308
36,1879,0.051321246,0.12234417,0.064405739,0.20244786,0.20691244,0.27022853,0,0,0.0,0.0,0.0,0.0,0.0,0.0,0.013961046,0.091101363,0.040811647,-0.003228934,-0.021698,0.0067369998,0.045161001,0.0111
36,1880,0.071022928,0.013084494,0.15112662,0.1555912,0.2189073,0.23145728,0,0,0.0,0.0,0.0,0.0,0.0,0.0,0.051321246,0.013961046,0.091101363,0.040811647,-0.034132998,-0.021698,0.0067369998,0.045161001
36,1881,-0.057938434,0.080103688,0.084568277,0.14788437,0.16043435,0.26164877,0,0,0.0,0.0,0.0,0.0,0.0,0.0,0.071022928,0.051321246,0.013961046,0.091101363,0.046142001,-0.034132998,-0.021698,0.0067369998
36,1882,0.13804212,0.1425067,0.2058228,0.21837278,0.31958717,0.32520679,0,0,0.0,0.0,0.0,0.0,0.0,0.0,-0.057938434,0.071022928,0.051321246,0.013961046,0.058014002,0.046142001,-0.034132998,-0.021698
36,1883,0.0044645872,0.067780681,0.080330662,0.18154508,0.18716471,0.26997069,0,0,0.0,0.0,0.0,0.0,0.0,0.0,0.13804212,-0.057938434,0.071022928,0.051321246,0.001533,0.058014002,0.046142001,-0.034132998
36,1884,0.063316092,0.075866073,0.17708048,0.18270011,0.26550609,0.23038986,0,0,0.0,0.0,0.0,0.0,0.0,0.0,0.0044645872,0.13804212,-0.057938434,0.071022928,0.0088529997,0.001533,0.058014002,0.046142001
36,1885,0.012549982,0.11376439,0.11938401,0.20218998,0.16707376,0.2410889,0,0,0.0,0.0,0.0,0.0,0.0,0.0,0.063316092,0.0044645872,0.13804212,-0.057938434,0.029185001,0.0088529997,0.001533,0.058014002
36,1886,0.10121441,0.10683403,0.18964002,0.15452379,0.22853893,0.097399354,0,0,0.0,0.0,0.0,0.0,0.0,0.0,0.012549982,0.063316092,0.0044645872,0.13804212,0.0054560001,0.029185001,0.0088529997,0.001533
36,1887,0.0056196232,0.088425599,0.053309381,0.12732452,-0.0038150549,-0.0603486,0,0,0.0,0.0,0.0,0.0,0.0,0.0,0.10121441,0.012549982,0.063316092,0.0044645872,-0.001502,0.0054560001,0.029185001,0.0088529997
36,1888,0.082805976,0.047689758,0.12170489,-0.0094346851,-0.06596823,-0.032401092,0,0,0.0,0.0,0.0,0.0,0.0,0.0,0.0056196232,0.10121441,0.012549982,0.063316092,0.038153999,-0.001502,0.0054560001,0.029185001
36,1889,-0.035116218,0.038898915,-0.092240661,-0.14877421,-0.11520707,-0.17300987,0,0,0.0,0.0,0.0,0.0,0.0,0.0,0.082805976,0.0056196232,0.10121441,0.012549982,0.003394,0.038153999,-0.001502,0.0054560001
36,1890,0.074015133,-0.057124443,-0.11365799,-0.080090851,-0.13789366,-0.064721458,0,0,0.0,0.0,0.0,0.0,0.0,0.0,-0.035116218,0.082805976,0.0056196232,0.10121441,0.0074740001,0.003394,0.038153999,-0.001502
36,1891,-0.13113958,-0.18767312,-0.15410599,-0.2119088,-0.13873661,-0.19563225,0,0,0.0,0.0,0.0,0.0,0.0,0.0,0.074015133,-0.035116218,0.082805976,0.0056196232,0.019397,0.0074740001,0.003394,0.038153999
36,1892,-0.056533545,-0.022966407,-0.080769211,-0.0075970069,-0.064492643,0.080107406,0,0,0.0,0.0,0.0,0.0,0.0,0.0,-0.13113958,0.074015133,-0.035116218,0.082805976,0.038750999,0.019397,0.0074740001,0.003394
36,1893,0.033567138,-0.02423567,0.048936535,-0.0079591051,0.13664094,0.13664094,1,0,0.0,0.0,0.0,0.0,0.0,0.0,-0.056533545,-0.13113958,0.074015133,-0.035116218,0.017667999,0.038750999,0.019397,0.0074740001
36,1894,-0.057802808,0.015369397,-0.041526243,0.10307381,0.10307381,0.16078871,0,0,1.0,0.0,0.0,0.0,0.0,0.0,0.033567138,-0.056533545,-0.13113958,0.074015133,0.011101,0.017667999,0.038750999,0.019397
36,1895,0.073172204,0.016276564,0.16087662,0.16087662,0.21859153,0.18843576,0,0,0.0,1.0,0.0,0.0,0.0,0.0,-0.057802808,0.033567138,-0.056533545,-0.13113958,-0.01756,0.011101,0.017667999,0.038750999
36,1896,-0.05689564,0.087704405,0.087704405,0.14541931,0.11526356,0.12543951,0,0,0.0,0.0,1.0,0.0,0.0,0.0,0.073172204,-0.057802808,0.033567138,-0.056533545,-0.025967,-0.01756,0.011101,0.017667999
36,1897,0.14460005,0.14460005,0.20231496,0.17215919,0.18233514,0.25845528,0,0,0.0,0.0,0.0,0.0,0.0,0.0,-0.05689564,0.073172204,-0.057802808,0.033567138,-0.042721,-0.025967,-0.01756,0.011101
36,1898,0.0,0.057714913,0.027559156,0.037735101,0.11385524,0.17882264,0,0,0.0,0.0,0.0,0.0,0.0,0.0,0.14460005,-0.05689564,0.073172204,-0.057802808,-0.053449001,-0.042721,-0.025967,-0.01756
36,1899,0.057714913,0.027559156,0.037735101,0.11385524,0.17882264,0.19043839,0,0,0.0,0.0,0.0,0.0,0.0,0.0,0.0,0.14460005,-0.05689564,0.073172204,-0.042181998,-0.053449001,-0.042721,-0.025967
36,1900,-0.030155757,-0.019979812,0.056140326,0.12110773,0.13272348,0.19840965,0,0,0.0,0.0,0.0,0.0,0.0,0.0,0.057714913,0.0,0.14460005,-0.05689564,-0.0064420002,-0.042181998,-0.053449001,-0.042721
36,1901,0.010175946,0.086296082,0.15126348,0.16287923,0.22856539,0.26834473,0,0,0.0,0.0,0.0,0.0,0.0,0.0,-0.030155757,0.057714913,0.0,0.14460005,-0.0057109999,-0.0064420002,-0.042181998,-0.053449001
36,1902,0.076120138,0.14108753,0.15270329,0.21838945,0.25816879,0.29146305,0,0,0.0,0.0,0.0,0.0,0.0,0.0,0.010175946,-0.030155757,0.057714913,0.0,-0.02145,-0.0057109999,-0.0064420002,-0.042181998
36,1903,0.064967401,0.076583162,0.14226931,0.18204865,0.21534291,0.29391223,0,0,0.0,0.0,0.0,0.0,0.0,0.0,0.076120138,0.010175946,-0.030155757,0.057714913,0.016535999,-0.02145,-0.0057109999,-0.0064420002
36,1904,0.011615759,0.077301919,0.11708125,0.15037552,0.22894484,0.29636264,0,0,0.0,0.0,0.0,0.0,0.0,0.0,0.064967401,0.076120138,0.010175946,-0.030155757,-0.019818,0.016535999,-0.02145,-0.0057109999
36,1905,0.065686159,0.1054655,0.13875976,0.21732908,0.28474689,0.29235181,0,0,0.0,0.0,0.0,0.0,0.0,0.0,0.011615759,0.064967401,0.076120138,0.010175946,-0.0044840002,-0.019818,0.016535999,-0.02145
36,1906,0.039779339,0.073073596,0.15164292,0.21906073,0.22666566,0.26077908,0,0,0.0,0.0,0.0,0.0,0.0,0.0,0.065686159,0.011615759,0.064967401,0.076120138,-0.017978,-0.0044840002,-0.019818,0.016535999
36,1907,0.033294257,0.11186357,0.17928138,0.18688631,0.22099973,0.26612821,0,0,0.0,0.0,0.0,0.0,0.0,0.0,0.039779339,0.065686159,0.011615759,0.064967401,-0.01495,-0.017978,-0.0044840002,-0.019818
36,1908,0.078569315,0.14598712,0.15359205,0.18770547,0.23283395,,0,0,0.0,0.0,0.0,0.0,0.0,0.0,0.033294257,0.039779339,0.065686159,0.011615759,0.019972,-0.01495,-0.017978,-0.0044840002
36,1909,0.067417815,0.07502275,0.10913618,0.15426466,,,0,0,0.0,0.0,0.0,0.0,0.0,0.0,0.078569315,0.033294257,0.039779339,0.065686159,-0.025913,0.019972,-0.01495,-0.017978
36,1910,0.0076049319,0.041718356,0.086846836,,,,0,0,0.0,0.0,0.0,0.0,0.0,0.0,0.067417815,0.078569315,0.033294257,0.039779339,-0.017585,-0.025913,0.019972,-0.01495
36,1919,0.041827619,0.090890102,0.1420249,0.18888144,0.25256595,0.29838502,0,0,,,,,,,0.055972375,,,,,,,
36,1920,0.049062483,0.10019729,0.14705382,0.21073833,0.2565574,0.28021327,0,0,0.0,,,0.0,,,0.041827619,0.055972375,,,-0.045359001,,,
36,1921,0.051134806,0.097991347,0.16167586,0.20749491,0.23115078,0.2462178,0,0,0.0,0.0,,0.0,0.0,,0.049062483,0.041827619,0.055972375,,0.015729001,-0.045359001,,
36,1922,0.046856541,0.11054105,0.15636012,0.18001598,0.19508301,0.19691779,0,0,0.0,0.0,0.0,0.0,0.0,0.0,0.051134806,0.049062483,0.041827619,0.055972375,-0.0087959999,0.015729001,-0.045359001,
36,1923,0.063684508,0.10950357,0.13315943,0.14822645,0.15006123,0.12930495,0,0,0.0,0.0,0.0,0.0,0.0,0.0,0.046856541,0.051134806,0.049062483,0.041827619,0.00226,-0.0087959999,0.015729001,-0.045359001
36,1924,0.045819066,0.069474928,0.084541954,0.086376734,0.065620437,-0.034400485,0,0,0.0,0.0,0.0,0.0,0.0,0.0,0.063684508,0.046856541,0.051134806,0.049062483,0.0028570001,0.00226,-0.0087959999,0.015729001
36,1925,0.023655862,0.038722888,0.040557671,0.019801376,-0.080219544,-0.14961594,0,0,0.0,0.0,0.0,0.0,0.0,0.0,0.045819066,0.063684508,0.046856541,0.051134806,-0.020515,0.0028570001,0.00226,-0.0087959999
36,1926,0.015067028,0.01690181,-0.0038544852,-0.10387541,-0.17327181,-0.11819367,0,0,0.0,0.0,0.0,0.0,0.0,0.0,0.023655862,0.045819066,0.063684508,0.046856541,0.026590001,-0.020515,0.0028570001,0.00226
36,1927,0.0018347828,-0.018921513,-0.11894244,-0.18833883,-0.1332607,-0.066123627,0,0,0.0,0.0,0.0,0.0,0.0,0.0,0.015067028,0.023655862,0.045819066,0.063684508,0.016259,0.026590001,-0.020515,0.0028570001
36,1928,-0.020756295,-0.12077722,-0.19017361,-0.13509548,-0.067958407,-0.016369298,0,0,0.0,0.0,0.0,0.0,0.0,0.0,0.0018347828,0.015067028,0.023655862,0.045819066,-0.0091540003,0.016259,0.026590001,-0.020515
36,1929,-0.10002092,-0.16941732,-0.11433919,-0.047202118,0.0043869913,0.061522402,0,0,0.0,0.0,0.0,0.0,0.0,0.0,-0.020756295,0.0018347828,0.015067028,0.023655862,0.032350998,-0.0091540003,0.016259,0.026590001
36,1930,-0.069396392,-0.014318254,0.052818816,0.10440792,0.16154334,0.20569628,0,0,0.0,0.0,0.0,0.0,0.0,0.0,-0.10002092,-0.020756295,0.0018347828,0.015067028,0.045538001,0.032350998,-0.0091540003,0.016259
36,1931,0.055078138,0.12221521,0.17380431,0.23093972,0.27509266,0.32442486,0,0,0.0,0.0,0.0,0.0,0.0,0.0,-0.069396392,-0.10002092,-0.020756295,0.0018347828,0.040883999,0.045538001,0.032350998,-0.0091540003
36,1932,0.06713707,0.11872618,0.1758616,0.22001454,0.26934674,0.3027027,0,0,0.0,0.0,0.0,0.0,0.0,0.0,0.055078138,-0.069396392,-0.10002092,-0.020756295,0.0043339999,0.040883999,0.045538001,0.032350998
36,1933,0.051589109,0.10872452,0.15287746,0.20220968,0.23556562,,0,0,0.0,0.0,0.0,0.0,0.0,0.0,0.06713707,0.055078138,-0.069396392,-0.10002092,-0.017658001,0.0043339999,0.040883999,0.045538001
36,1934,0.057135411,0.10128835,0.15062056,0.1839765,,,0,0,0.0,0.0,0.0,0.0,0.0,0.0,0.051589109,0.06713707,0.055078138,-0.069396392,-0.023258001,-0.017658001,0.0043339999,0.040883999
36,1935,0.044152942,0.093485154,0.1268411,,,,0,0,0.0,0.0,0.0,0.0,0.0,0.0,0.057135411,0.051589109,0.06713707,0.055078138,0.00092700002,-0.023258001,-0.017658001,0.0043339999
36,1946,0.024297165,0.086685255,0.15071109,0.21762368,0.25946218,0.26846808,0,0,,,,,,,-0.036227893,,,,,,,
36,1947,0.062388092,0.12641393,0.1933265,0.23516499,0.24417089,0.27488703,0,0,0.0,,,0.0,,,0.024297165,-0.036227893,,,,,,
36,1948,0.064025834,0.13093841,0.17277689,0.1817828,0.21249893,0.27281111,0,0,0.0,0.0,,0.0,0.0,,0.062388092,0.024297165,-0.036227893,,,,,
36,1949,0.066912584,0.10875107,0.11775698,0.14847311,0.2087853,0.26196676,0,0,0.0,0.0,0.0,0.0,0.0,0.0,0.064025834,0.062388092,0.024297165,-0.036227893,-0.0024019999,,,
36,1950,0.041838486,0.05084439,0.081560522,0.1418727,0.19505417,0.22889127,0,0,0.0,0.0,0.0,0.0,0.0,0.0,0.066912584,0.064025834,0.062388092,0.024297165,0.0070750001,-0.0024019999,,
36,1951,0.0090059042,0.039722037,0.10003421,0.15321569,0.18705279,0.20688504,0,0,0.0,0.0,0.0,0.0,0.0,0.0,0.041838486,0.066912584,0.064025834,0.062388092,-0.012744,0.0070750001,-0.0024019999,
36,1952,0.030716132,0.09102831,0.14420979,0.17804688,0.19787914,0.24479049,0,0,0.0,0.0,0.0,0.0,0.0,0.0,0.0090059042,0.041838486,0.066912584,0.064025834,-0.0067380001,-0.012744,0.0070750001,-0.0024019999
36,1953,0.060312178,0.11349365,0.14733075,0.167163,0.21407437,0.27381957,0,0,0.0,0.0,0.0,0.0,0.0,0.0,0.030716132,0.0090059042,0.041838486,0.066912584,-0.0084929997,-0.0067380001,-0.012744,0.0070750001
36,1954,0.053181477,0.087018572,0.10685083,0.15376219,0.2135074,0.25456446,0,0,0.0,0.0,0.0,0.0,0.0,0.0,0.060312178,0.030716132,0.0090059042,0.041838486,0.012607,-0.0084929997,-0.0067380001,-0.012744
36,1955,0.033837095,0.053669348,0.10058071,0.16032591,0.20138299,0.22613265,0,0,0.0,0.0,0.0,0.0,0.0,0.0,0.053181477,0.060312178,0.030716132,0.0090059042,0.018235,0.012607,-0.0084929997,-0.0067380001
36,1956,0.019832255,0.06674362,0.12648883,0.16754591,0.19229557,0.20556222,0,0,0.0,0.0,0.0,0.0,0.0,0.0,0.033837095,0.053181477,0.060312178,0.030716132,-0.014714,0.018235,0.012607,-0.0084929997
36,1957,0.046911366,0.10665657,0.14771365,0.1724633,0.18572995,0.24785966,0,0,0.0,0.0,0.0,0.0,0.0,0.0,0.019832255,0.033837095,0.053181477,0.060312178,-0.015411,-0.014714,0.018235,0.012607
36,1958,0.059745207,0.10080228,0.12555194,0.13881859,0.2009483,0.2707032,0,0,0.0,0.0,0.0,0.0,0.0,0.0,0.046911366,0.019832255,0.033837095,0.053181477,0.011489,-0.015411,-0.014714,0.018235
36,1959,0.041057073,0.065806724,0.07907337,0.14120308,0.21095797,0.27074292,0,0,0.0,0.0,0.0,0.0,0.0,0.0,0.059745207,0.046911366,0.019832255,0.033837095,-0.011527,0.011489,-0.015411,-0.014714
36,1960,0.024749652,0.038016301,0.10014601,0.16990091,0.22968584,0.2533319,0,0,0.0,0.0,0.0,0.0,0.0,0.0,0.041057073,0.059745207,0.046911366,0.019832255,0.001104,-0.011527,0.011489,-0.015411
36,1961,0.013266649,0.075396359,0.14515126,0.20493619,0.22858225,0.29156011,0,0,0.0,0.0,0.0,0.0,0.0,0.0,0.024749652,0.041057073,0.059745207,0.046911366,-0.003431,0.001104,-0.011527,0.011489
36,1962,0.062129714,0.1318846,0.19166954,0.2153156,0.27829346,0.32920933,0,0,0.0,0.0,0.0,0.0,0.0,0.0,0.013266649,0.024749652,0.041057073,0.059745207,0.0048179999,-0.003431,0.001104,-0.011527
36,1963,0.069754899,0.12953983,0.15318589,0.21616375,0.26707962,0.33758619,0,0,0.0,0.0,0.0,0.0,0.0,0.0,0.062129714,0.013266649,0.024749652,0.041057073,0.0027099999,0.0048179999,-0.003431,0.001104
36,1964,0.059784938,0.083430998,0.14640886,0.19732472,0.2678313,0.33950475,0,0,0.0,0.0,0.0,0.0,0.0,0.0,0.069754899,0.062129714,0.013266649,0.024749652,0.00052100001,0.0027099999,0.0048179999,-0.003431
36,1965,0.023646062,0.086623929,0.1375398,0.20804638,0.27971983,0.3197529,0,0,0.0,0.0,0.0,0.0,0.0,0.0,0.059784938,0.069754899,0.062129714,0.013266649,0.0098860003,0.00052100001,0.0027099999,0.0048179999
36,1966,0.062977865,0.11389374,0.18440032,0.25607377,0.29610685,0.33522466,0,0,0.0,0.0,0.0,0.0,0.0,0.0,0.023646062,0.059784938,0.069754899,0.062129714,0.0092489999,0.0098860003,0.00052100001,0.0027099999
36,1967,0.050915875,0.12142245,0.19309589,0.23312898,0.27224681,0.29823995,0,0,0.0,0.0,0.0,0.0,0.0,0.0,0.062977865,0.023646062,0.059784938,0.069754899,0.0022189999,0.0092489999,0.0098860003,0.00052100001
36,1968,0.070506573,0.14218003,0.18221311,0.22133094,0.24732406,0.28829175,0,0,0.0,0.0,0.0,0.0,0.0,0.0,0.050915875,0.062977865,0.023646062,0.059784938,0.010991,0.0022189999,0.0092489999,0.0098860003
36,1969,0.071673453,0.11170654,0.15082437,0.17681749,0.21778518,0.23111381,0,0,0.0,0.0,0.0,0.0,0.0,0.0,0.070506573,0.050915875,0.062977865,0.023646062,-0.0037080001,0.010991,0.0022189999,0.0092489999
36,1970,0.040033083,0.0791509,0.10514402,0.14611171,0.15944034,0.18534985,0,0,0.0,0.0,0.0,0.0,0.0,0.0,0.071673453,0.070506573,0.050915875,0.062977865,-0.0062190001,-0.0037080001,0.010991,0.0022189999
36,1971,0.039117821,0.065110952,0.10607864,0.11940727,0.14531678,0.18139352,0,0,0.0,0.0,0.0,0.0,0.0,0.0,0.040033083,0.071673453,0.070506573,0.050915875,-0.000153,-0.0062190001,-0.0037080001,0.010991
36,1972,0.025993127,0.066960812,0.080289438,0.10619896,0.14227571,0.15125804,0,0,0.0,0.0,0.0,0.0,0.0,0.0,0.039117821,0.040033083,0.071673453,0.070506573,0.00069900003,-0.000153,-0.0062190001,-0.0037080001
36,1973,0.040967688,0.054296315,0.080205835,0.11628258,0.12526491,0.16582456,0,1,0.0,0.0,0.0,0.0,0.0,0.0,0.025993127,0.039117821,0.040033083,0.071673453,0.026549,0.00069900003,-0.000153,-0.0062190001
36,1974,0.013328628,0.039238147,0.075314894,0.084297225,0.12485687,0.15538104,1,1,0.0,0.0,0.0,1.0,0.0,0.0,0.040967688,0.025993127,0.039117821,0.040033083,0.013619,0.026549,0.00069900003,-0.000153
36,1975,0.025909519,0.06198626,0.070968598,0.11152825,0.14205241,0.17561662,0,0,1.0,0.0,0.0,1.0,1.0,0.0,0.013328628,0.040967688,0.025993127,0.039117821,-0.0050249998,0.013619,0.026549,0.00069900003
36,1976,0.036076743,0.045059077,0.085618719,0.11614288,0.14970709,0.18290132,0,0,0.0,1.0,0.0,0.0,1.0,1.0,0.025909519,0.013328628,0.040967688,0.025993127,0.000401,-0.0050249998,0.013619,0.026549
36,1977,0.0089823343,0.04954198,0.080066144,0.11363035,0.14682457,0.12451497,0,0,0.0,0.0,1.0,0.0,0.0,1.0,0.036076743,0.025909519,0.013328628,0.040967688,0.001086,0.000401,-0.0050249998,0.013619
36,1978,0.040559646,0.071083814,0.10464802,0.13784224,0.11553264,0.16184029,0,0,0.0,0.0,0.0,0.0,0.0,0.0,0.0089823343,0.036076743,0.025909519,0.013328628,0.0054120002,0.001086,0.000401,-0.0050249998
36,1979,0.030524168,0.064088374,0.097282596,0.074972995,0.12128066,0.17377415,0,0,0.0,0.0,0.0,0.0,0.0,0.0,0.040559646,0.0089823343,0.036076743,0.025909519,0.006089,0.0054120002,0.001086,0.000401
36,1980,0.03356421,0.066758431,0.04444883,0.090756491,0.14324999,0.18425202,0,0,0.0,0.0,0.0,0.0,0.0,0.0,0.030524168,0.040559646,0.0089823343,0.036076743,-0.0056670001,0.006089,0.0054120002,0.001086
36,1981,0.033194222,0.01088462,0.057192281,0.10968579,0.15068781,0.17647225,0,0,0.0,0.0,0.0,0.0,0.0,0.0,0.03356421,0.030524168,0.040559646,0.0089823343,0.005806,-0.0056670001,0.006089,0.0054120002
36,1982,-0.022309601,0.023998059,0.076491565,0.1174936,0.14327803,0.20104656,0,0,0.0,0.0,0.0,0.0,0.0,0.0,0.033194222,0.03356421,0.030524168,0.040559646,-0.01391,0.005806,-0.0056670001,0.006089
36,1983,0.046307661,0.098801166,0.1398032,0.16558763,0.22335616,0.26216435,0,0,0.0,0.0,0.0,0.0,0.0,0.0,-0.022309601,0.033194222,0.03356421,0.030524168,0.0092350002,-0.01391,0.005806,-0.0056670001
36,1984,0.052493505,0.09349554,0.11927997,0.17704849,0.21585669,0.2511647,0,0,0.0,0.0,0.0,0.0,0.0,0.0,0.046307661,-0.022309601,0.033194222,0.03356421,0.014177,0.0092350002,-0.01391,0.005806
36,1985,0.041002035,0.066786461,0.12455498,0.16336317,0.19867119,0.19491786,0,0,0.0,0.0,0.0,0.0,0.0,0.0,0.052493505,0.046307661,-0.022309601,0.033194222,0.039985001,0.014177,0.0092350002,-0.01391
36,1986,0.025784425,0.083552942,0.12236114,0.15766916,0.15391582,0.15828046,0,0,0.0,0.0,0.0,0.0,0.0,0.0,0.041002035,0.052493505,0.046307661,-0.022309601,0.018041,0.039985001,0.014177,0.0092350002
36,1987,0.05776852,0.09657672,0.13188474,0.1281314,0.13249604,0.17311598,0,0,0.0,0.0,0.0,0.0,0.0,0.0,0.025784425,0.041002035,0.052493505,0.046307661,0.019187,0.018041,0.039985001,0.014177
36,1988,0.038808197,0.074116215,0.070362888,0.074727528,0.11534747,0.15586358,0,0,0.0,0.0,0.0,0.0,0.0,0.0,0.05776852,0.025784425,0.041002035,0.052493505,0.038835999,0.019187,0.018041,0.039985001
36,1989,0.035308015,0.031554684,0.035919324,0.076539263,0.11705537,0.1559487,0,0,0.0,0.0,0.0,0.0,0.0,0.0,0.038808197,0.05776852,0.025784425,0.041002035,0.103456,0.038835999,0.019187,0.018041
36,1990,-0.0037533299,0.00061130919,0.041231249,0.081747353,0.12064068,0.16012876,0,0,0.0,0.0,0.0,0.0,0.0,0.0,0.035308015,0.038808197,0.05776852,0.025784425,0.022946,0.103456,0.038835999,0.019187
36,1991,0.0043646391,0.044984579,0.085500687,0.12439401,0.16388209,0.20335825,0,0,0.0,0.0,0.0,0.0,0.0,0.0,-0.0037533299,0.035308015,0.038808197,0.05776852,0.025397999,0.022946,0.103456,0.038835999
36,1992,0.04061994,0.081136048,0.12002937,0.15951745,0.19899361,0.243395,0,0,0.0,0.0,0.0,0.0,0.0,0.0,0.0043646391,-0.0037533299,0.035308015,0.038808197,0.0078070001,0.025397999,0.022946,0.103456
36,1993,0.040516108,0.079409435,0.11889751,0.15837367,0.20277506,0.25284314,0,0,0.0,0.0,0.0,0.0,0.0,0.0,0.04061994,0.0043646391,-0.0037533299,0.035308015,0.01193,0.0078070001,0.025397999,0.022946
36,1994,0.038893323,0.078381397,0.11785755,0.16225894,0.212327,0.25100571,0,0,0.0,0.0,0.0,0.0,0.0,0.0,0.040516108,0.04061994,0.0043646391,-0.0037533299,0.037836999,0.01193,0.0078070001,0.025397999
36,1995,0.039488073,0.078964226,0.12336563,0.17343369,0.21211238,0.23141292,0,0,0.0,0.0,0.0,0.0,0.0,0.0,0.038893323,0.040516108,0.04061994,0.0043646391,0.030981001,0.037836999,0.01193,0.0078070001
36,1996,0.039476153,0.083877549,0.13394561,0.1726243,0.19192484,0.23045412,0,0,0.0,0.0,0.0,0.0,0.0,0.0,0.039488073,0.038893323,0.040516108,0.04061994,0.018053999,0.030981001,0.037836999,0.01193
36,1997,0.044401396,0.094469465,0.13314816,0.15244871,0.19097799,0.22166103,0,0,0.0,0.0,0.0,0.0,0.0,0.0,0.039476153,0.039488073,0.038893323,0.040516108,0.028760999,0.018053999,0.030981001,0.037836999
36,1998,0.050068069,0.088746756,0.1080473,0.14657657,0.17725962,0.21871634,0,0,0.0,0.0,0.0,0.0,0.0,0.0,0.044401396,0.039476153,0.039488073,0.038893323,0.024831001,0.028760999,0.018053999,0.030981001
36,1999,0.038678691,0.057979234,0.096508503,0.12719154,0.16864826,0.20068374,0,0,0.0,0.0,0.0,0.0,0.0,0.0,0.050068069,0.044401396,0.039476153,0.039488073,0.048367001,0.024831001,0.028760999,0.018053999
36,2000,0.019300543,0.057829812,0.08851286,0.12996957,0.16200505,0.19178559,0,0,0.0,0.0,0.0,0.0,0.0,0.0,0.038678691,0.050068069,0.044401396,0.039476153,0.02743,0.048367001,0.024831001,0.028760999
36,2001,0.038529269,0.069212317,0.11066903,0.14270452,0.17248505,0.20998234,0,0,0.0,0.0,0.0,0.0,0.0,0.0,0.019300543,0.038678691,0.050068069,0.044401396,0.025529999,0.02743,0.048367001,0.024831001
36,2002,0.030683048,0.072139762,0.10417524,0.13395578,0.17145306,0.20843446,0,0,0.0,0.0,0.0,0.0,0.0,0.0,0.038529269,0.019300543,0.038678691,0.050068069,0.062881999,0.025529999,0.02743,0.048367001
36,2003,0.041456714,0.073492199,0.10327274,0.14077002,0.17775142,0.195871,0,0,0.0,0.0,0.0,0.0,0.0,0.0,0.030683048,0.038529269,0.019300543,0.038678691,0.096137002,0.062881999,0.025529999,0.02743
36,2004,0.032035481,0.061816022,0.099313296,0.13629471,0.15441428,0.17447308,0,0,0.0,0.0,0.0,0.0,0.0,0.0,0.041456714,0.030683048,0.038529269,0.019300543,0.061584,0.096137002,0.062881999,0.025529999
36,2005,0.029780542,0.067277819,0.10425922,0.1223788,0.14243759,0.1661658,0,0,0.0,0.0,0.0,0.0,0.0,0.0,0.032035481,0.041456714,0.030683048,0.038529269,0.064286999,0.061584,0.096137002,0.062881999
36,2006,0.037497275,0.074478686,0.092598259,0.11265706,0.13638526,0.17272776,0,0,0.0,0.0,0.0,0.0,0.0,0.0,0.029780542,0.032035481,0.041456714,0.030683048,0.058292001,0.064286999,0.061584,0.096137002
36,2007,0.036981408,0.055100977,0.075159773,0.09888798,0.13523048,0.16092904,0,0,0.0,0.0,0.0,0.0,0.0,0.0,0.037497275,0.029780542,0.032035481,0.041456714,0.117176,0.058292001,0.064286999,0.061584
36,2008,0.018119572,0.038178369,0.061906576,0.098249078,0.12394764,0.15004221,1,1,0.0,0.0,0.0,0.0,0.0,0.0,0.036981408,0.037497275,0.029780542,0.032035481,0.08162,0.117176,0.058292001,0.064286999
36,2009,0.020058796,0.043787003,0.080129504,0.10582806,0.13192263,0.15613873,0,0,1.0,0.0,0.0,1.0,0.0,0.0,0.018119572,0.036981408,0.037497275,0.029780542,0.014483,0.08162,0.117176,0.058292001
36,2010,0.023728207,0.060070705,0.085769266,0.11186384,0.13607994,0.16373767,0,0,0.0,1.0,0.0,0.0,1.0,0.0,0.020058796,0.018119572,0.036981408,0.037497275,0.0074339998,0.014483,0.08162,0.117176
36,2011,0.036342498,0.062041059,0.08813563,0.11235174,0.14000948,,0,0,0.0,0.0,1.0,0.0,0.0,1.0,0.023728207,0.020058796,0.018119572,0.036981408,-0.03878,0.0074339998,0.014483,0.08162
36,2012,0.025698561,0.051793136,0.076009244,0.10366698,,,0,0,0.0,0.0,0.0,0.0,0.0,0.0,0.036342498,0.023728207,0.020058796,0.018119572,-0.013408,-0.03878,0.0074339998,0.014483
36,2013,0.026094574,0.050310679,0.077968419,,,,0,0,0.0,0.0,0.0,0.0,0.0,0.0,0.025698561,0.036342498,0.023728207,0.020058796,0.040277001,-0.013408,-0.03878,0.0074339998
40,1922,-0.010042646,0.099722408,0.1653216,0.18211037,0.21184182,0.2572574,1,1,1.0,1.0,0.0,,,,0.085992187,0.10158691,0.071100585,-0.169765,,,,
40,1923,0.10976505,0.17536426,0.19215302,0.22188447,0.26730004,0.28167644,0,0,1.0,1.0,1.0,1.0,,,-0.010042646,0.085992187,0.10158691,0.071100585,,,,
40,1924,0.065599196,0.082387961,0.11211941,0.15753499,0.17191137,0.1439299,0,1,0.0,1.0,1.0,0.0,1.0,,0.10976505,-0.010042646,0.085992187,0.10158691,,,,
40,1925,0.016788768,0.046520218,0.091935784,0.10631217,0.078330696,-0.0053070933,0,0,0.0,0.0,1.0,1.0,0.0,1.0,0.065599196,0.10976505,-0.010042646,0.085992187,0.0032530001,,,
40,1926,0.029731452,0.075147018,0.089523405,0.06154193,-0.022095859,-0.1310066,0,0,0.0,0.0,0.0,0.0,1.0,0.0,0.016788768,0.065599196,0.10976505,-0.010042646,0.050229002,0.0032530001,,
40,1927,0.045415565,0.059791952,0.031810477,-0.051827312,-0.16073805,-0.19451542,0,0,0.0,0.0,0.0,0.0,0.0,1.0,0.029731452,0.016788768,0.065599196,0.10976505,0.006426,0.050229002,0.0032530001,
40,1928,0.014376389,-0.013605088,-0.097242877,-0.20615363,-0.239931,-0.2313817,0,0,0.0,0.0,0.0,0.0,0.0,0.0,0.045415565,0.029731452,0.016788768,0.065599196,0.003545,0.006426,0.050229002,0.0032530001
40,1929,-0.027981477,-0.11161926,-0.22053,-0.25430736,-0.24575806,-0.22648114,0,0,0.0,0.0,0.0,0.0,0.0,0.0,0.014376389,0.045415565,0.029731452,0.016788768,-0.048919,0.003545,0.006426,0.050229002
40,1930,-0.083637789,-0.19254854,-0.22632591,-0.21777661,-0.19849969,-0.1691018,0,0,0.0,0.0,0.0,0.0,0.0,0.0,-0.027981477,0.014376389,0.045415565,0.029731452,0.050282001,-0.048919,0.003545,0.006426
40,1931,-0.10891075,-0.14268811,-0.13413881,-0.11486189,-0.085464008,-0.03353104,1,0,0.0,0.0,0.0,0.0,0.0,0.0,-0.083637789,-0.027981477,0.014376389,0.045415565,-0.144108,0.050282001,-0.048919,0.003545
40,1932,-0.033777367,-0.025228057,-0.0059511438,0.023446739,0.075379707,0.19548163,0,0,1.0,0.0,0.0,0.0,0.0,0.0,-0.10891075,-0.083637789,-0.027981477,0.014376389,0.051916,-0.144108,0.050282001,-0.048919
40,1933,0.0085493093,0.027826224,0.057224106,0.10915707,0.22925898,,1,0,0.0,1.0,0.0,0.0,0.0,0.0,-0.033777367,-0.10891075,-0.083637789,-0.027981477,-0.012342,0.051916,-0.144108,0.050282001
40,1960,0.055379793,0.081866547,0.12324922,0.18449275,0.2192945,0.27572313,0,0,,,,0.0,0.0,0.0,0.07910531,0.028024817,0.035865232,0.059444949,0.015113,0.015499,0.013514,0.0075500002
40,1961,0.026486753,0.067869425,0.12911296,0.16391471,0.22034332,0.25042379,0,0,0.0,,,0.0,0.0,0.0,0.055379793,0.07910531,0.028024817,0.035865232,0.011572,0.015113,0.015499,0.013514
40,1962,0.041382674,0.10262621,0.13742796,0.19385657,0.22393705,0.26866019,0,0,0.0,0.0,,0.0,0.0,0.0,0.026486753,0.055379793,0.07910531,0.028024817,0.0076779998,0.011572,0.015113,0.015499
40,1963,0.061243538,0.096045285,0.1524739,0.18255438,0.22727752,0.2900362,0,0,0.0,0.0,0.0,0.0,0.0,0.0,0.041382674,0.026486753,0.055379793,0.07910531,0.0086639998,0.0076779998,0.011572,0.015113
40,1964,0.034801751,0.091230363,0.12131085,0.16603398,0.22879265,0.28425294,0,0,0.0,0.0,0.0,0.0,0.0,0.0,0.061243538,0.041382674,0.026486753,0.055379793,0.017029,0.0086639998,0.0076779998,0.011572
40,1965,0.056428615,0.086509094,0.13123223,0.1939909,0.24945119,0.30060089,0,0,0.0,0.0,0.0,0.0,0.0,0.0,0.034801751,0.061243538,0.041382674,0.026486753,0.024048001,0.017029,0.0086639998,0.0076779998
40,1966,0.030080479,0.074803606,0.13756227,0.19302256,0.24417225,0.30625087,0,0,0.0,0.0,0.0,0.0,0.0,0.0,0.056428615,0.034801751,0.061243538,0.041382674,0.019466,0.024048001,0.017029,0.0086639998
40,1967,0.044723131,0.1074818,0.16294208,0.21409178,0.27617037,0.32507473,0,0,0.0,0.0,0.0,0.0,0.0,0.0,0.030080479,0.056428615,0.034801751,0.061243538,0.0080159996,0.019466,0.024048001,0.017029
40,1968,0.062758669,0.11821896,0.16936865,0.23144726,0.28035161,0.31977299,0,1,0.0,0.0,0.0,0.0,0.0,0.0,0.044723131,0.030080479,0.056428615,0.034801751,0.010757,0.0080159996,0.019466,0.024048001
40,1969,0.055460285,0.10660997,0.16868858,0.21759292,0.2570143,0.25337696,0,0,0.0,0.0,0.0,1.0,0.0,0.0,0.062758669,0.044723131,0.030080479,0.056428615,0.022686001,0.010757,0.0080159996,0.019466
40,1970,0.051149689,0.1132283,0.16213265,0.20155403,0.19791667,0.24370113,0,0,0.0,0.0,0.0,0.0,1.0,0.0,0.055460285,0.062758669,0.044723131,0.030080479,0.01475,0.022686001,0.010757,0.0080159996
40,1971,0.06207861,0.11098296,0.15040435,0.14676699,0.19255145,0.24335125,0,0,0.0,0.0,0.0,0.0,0.0,1.0,0.051149689,0.055460285,0.062758669,0.044723131,0.027617,0.01475,0.022686001,0.010757
40,1972,0.048904352,0.088325739,0.08468838,0.13047284,0.18127266,0.17916612,0,0,0.0,0.0,0.0,0.0,0.0,0.0,0.06207861,0.051149689,0.055460285,0.062758669,0.023779999,0.027617,0.01475,0.022686001
40,1973,0.039421383,0.035784028,0.08156848,0.1323683,0.13026176,0.18382877,0,0,0.0,0.0,0.0,0.0,0.0,0.0,0.048904352,0.06207861,0.051149689,0.055460285,-0.0091110002,0.023779999,0.027617,0.01475
40,1974,-0.0036373567,0.0421471,0.092946909,0.090840377,0.14440738,0.16172223,0,0,0.0,0.0,0.0,0.0,0.0,0.0,0.039421383,0.048904352,0.06207861,0.051149689,0.0022760001,-0.0091110002,0.023779999,0.027617
40,1975,0.045784455,0.09658426,0.094477728,0.14804474,0.16535959,0.16391665,0,0,0.0,0.0,0.0,0.0,0.0,0.0,-0.0036373567,0.039421383,0.048904352,0.06207861,0.027981,0.0022760001,-0.0091110002,0.023779999
40,1976,0.050799809,0.048693273,0.10226028,0.11957513,0.11813218,0.13824472,0,0,0.0,0.0,0.0,0.0,0.0,0.0,0.045784455,-0.0036373567,0.039421383,0.048904352,0.033877,0.027981,0.0022760001,-0.0091110002
40,1977,-0.0021065352,0.051460464,0.068775319,0.067332372,0.087444916,0.1171758,0,0,0.0,0.0,0.0,0.0,0.0,0.0,0.050799809,0.045784455,-0.0036373567,0.039421383,0.018452,0.033877,0.027981,0.0022760001
40,1978,0.053567,0.070881851,0.069438905,0.089551449,0.11928233,0.11979508,0,0,0.0,0.0,0.0,0.0,0.0,0.0,-0.0021065352,0.050799809,0.045784455,-0.0036373567,0.044806998,0.018452,0.033877,0.027981
40,1979,0.017314853,0.015871909,0.035984449,0.065715328,0.066228077,0.091214865,0,0,0.0,0.0,0.0,0.0,0.0,0.0,0.053567,-0.0021065352,0.050799809,0.045784455,0.036550999,0.044806998,0.018452,0.033877
40,1980,-0.0014429447,0.018669598,0.048400477,0.048913229,0.073900014,0.096913941,0,0,0.0,0.0,0.0,0.0,0.0,0.0,0.017314853,0.053567,-0.0021065352,0.050799809,0.029425001,0.036550999,0.044806998,0.018452
40,1981,0.020112542,0.049843423,0.050356176,0.075342961,0.098356888,0.11192857,0,0,0.0,0.0,0.0,0.0,0.0,0.0,-0.0014429447,0.017314853,0.053567,-0.0021065352,0.027797,0.029425001,0.036550999,0.044806998
40,1982,0.029730881,0.030243633,0.055230416,0.078244343,0.091816023,0.12477483,0,1,0.0,0.0,0.0,0.0,0.0,0.0,0.020112542,-0.0014429447,0.017314853,0.053567,-0.0067420001,0.027797,0.029425001,0.036550999
40,1983,0.00051275251,0.025499538,0.048513465,0.062085144,0.095043942,0.13391469,0,0,0.0,0.0,0.0,1.0,0.0,0.0,0.029730881,0.020112542,-0.0014429447,0.017314853,-0.014029,-0.0067420001,0.027797,0.029425001
40,1984,0.024986785,0.048000712,0.061572392,0.094531193,0.13340195,0.17685837,0,0,0.0,0.0,0.0,0.0,1.0,0.0,0.00051275251,0.029730881,0.020112542,-0.0014429447,0.019277999,-0.014029,-0.0067420001,0.027797
40,1985,0.023013927,0.036585607,0.069544405,0.10841516,0.15187158,0.18628785,0,0,0.0,0.0,0.0,0.0,0.0,1.0,0.024986785,0.00051275251,0.029730881,0.020112542,0.0096589997,0.019277999,-0.014029,-0.0067420001
40,1986,0.01357168,0.046530481,0.08540123,0.12885764,0.16327392,0.18420917,0,0,0.0,0.0,0.0,0.0,0.0,0.0,0.023013927,0.024986785,0.00051275251,0.029730881,0.012318,0.0096589997,0.019277999,-0.014029
40,1987,0.032958802,0.07182955,0.11528596,0.14970224,0.17063749,0.17590559,0,0,0.0,0.0,0.0,0.0,0.0,0.0,0.01357168,0.023013927,0.024986785,0.00051275251,0.01918,0.012318,0.0096589997,0.019277999
40,1988,0.038870748,0.082327165,0.11674344,0.13767868,0.14294678,0.16696796,0,0,0.0,0.0,0.0,0.0,0.0,0.0,0.032958802,0.01357168,0.023013927,0.024986785,0.003852,0.01918,0.012318,0.0096589997
40,1989,0.043456417,0.077872694,0.098807938,0.10407604,0.12809722,0.15477706,0,0,0.0,0.0,0.0,0.0,0.0,0.0,0.038870748,0.032958802,0.01357168,0.023013927,0.025078001,0.003852,0.01918,0.012318
40,1990,0.034416273,0.055351518,0.060619611,0.084640801,0.11132064,0.13530378,0,0,0.0,0.0,0.0,0.0,0.0,0.0,0.043456417,0.038870748,0.032958802,0.01357168,0.02365,0.025078001,0.003852,0.01918
40,1991,0.020935247,0.026203342,0.050224528,0.076904364,0.10088751,0.1229377,0,0,0.0,0.0,0.0,0.0,0.0,0.0,0.034416273,0.043456417,0.038870748,0.032958802,0.0095830001,0.02365,0.025078001,0.003852
40,1992,0.0052680946,0.029289281,0.055969119,0.079952262,0.10200246,0.13760212,0,1,0.0,0.0,0.0,0.0,0.0,0.0,0.020935247,0.034416273,0.043456417,0.038870748,0.0098379999,0.0095830001,0.02365,0.025078001
40,1993,0.024021186,0.050701022,0.074684165,0.09673436,0.13233402,0.1682339,0,0,0.0,0.0,0.0,1.0,0.0,0.0,0.0052680946,0.020935247,0.034416273,0.043456417,0.0073230001,0.0098379999,0.0095830001,0.02365
40,1994,0.026679838,0.050662979,0.072713174,0.10831285,0.14421272,0.1778968,0,0,0.0,0.0,0.0,0.0,1.0,0.0,0.024021186,0.0052680946,0.020935247,0.034416273,-0.0058490001,0.0073230001,0.0098379999,0.0095830001
40,1995,0.023983143,0.046033338,0.081633002,0.11753288,0.15121695,0.16472211,0,0,0.0,0.0,0.0,0.0,0.0,1.0,0.026679838,0.024021186,0.0052680946,0.020935247,0.018452,-0.0058490001,0.0073230001,0.0098379999
40,1996,0.022050196,0.057649866,0.093549743,0.12723382,0.14073898,0.15729752,0,0,0.0,0.0,0.0,0.0,0.0,0.0,0.023983143,0.026679838,0.024021186,0.0052680946,0.018422,0.018452,-0.0058490001,0.0073230001
40,1997,0.035599668,0.071499541,0.10518362,0.11868878,0.13524732,0.14280888,0,0,0.0,0.0,0.0,0.0,0.0,0.0,0.022050196,0.023983143,0.026679838,0.024021186,0.035388,0.018422,0.018452,-0.0058490001
40,1998,0.035899878,0.069583952,0.083089113,0.099647664,0.10720923,0.13426666,0,0,0.0,0.0,0.0,0.0,0.0,0.0,0.035599668,0.022050196,0.023983143,0.026679838,0.017758001,0.035388,0.018422,0.018452
40,1999,0.033684079,0.047189239,0.063747793,0.071309358,0.09836679,0.11977362,0,0,0.0,0.0,0.0,0.0,0.0,0.0,0.035899878,0.035599668,0.022050196,0.023983143,0.029924,0.017758001,0.035388,0.018422
40,2000,0.013505161,0.030063711,0.037625276,0.064682707,0.086089537,0.11959785,0,0,0.0,0.0,0.0,0.0,0.0,0.0,0.033684079,0.035899878,0.035599668,0.022050196,0.027078999,0.029924,0.017758001,0.035388
40,2001,0.01655855,0.024120117,0.051177546,0.072584376,0.10609269,0.14230779,0,0,0.0,0.0,0.0,0.0,0.0,0.0,0.013505161,0.033684079,0.035899878,0.035599668,0.008994,0.027078999,0.029924,0.017758001
40,2002,0.0075615658,0.034618996,0.056025825,0.089534134,0.12574923,0.14122187,0,0,0.0,0.0,0.0,0.0,0.0,0.0,0.01655855,0.013505161,0.033684079,0.035899878,-0.017844001,0.008994,0.027078999,0.029924
40,2003,0.027057432,0.048464261,0.081972569,0.11818767,0.13366032,0.095669568,0,0,0.0,0.0,0.0,0.0,0.0,0.0,0.0075615658,0.01655855,0.013505161,0.033684079,-0.0088090003,-0.017844001,0.008994,0.027078999
40,2004,0.021406827,0.054915138,0.091130242,0.10660288,0.068612128,0.087898858,0,0,0.0,0.0,0.0,0.0,0.0,0.0,0.027057432,0.0075615658,0.01655855,0.013505161,-0.011142,-0.0088090003,-0.017844001,0.008994
40,2005,0.033508312,0.069723412,0.085196048,0.047205295,0.066492021,0.094572023,0,0,0.0,0.0,0.0,0.0,0.0,0.0,0.021406827,0.027057432,0.0075615658,0.01655855,0.074360996,-0.011142,-0.0088090003,-0.017844001
40,2006,0.036215104,0.051687744,0.013696991,0.03298372,0.061063718,0.068521276,0,0,0.0,0.0,0.0,0.0,0.0,0.0,0.033508312,0.021406827,0.027057432,0.0075615658,-0.0062239999,0.074360996,-0.011142,-0.0088090003
40,2007,0.015472638,-0.022518113,-0.0032313839,0.024848614,0.032306176,0.033548411,0,0,0.0,0.0,0.0,0.0,0.0,0.0,0.036215104,0.033508312,0.021406827,0.027057432,-0.012859,-0.0062239999,0.074360996,-0.011142
40,2008,-0.037990753,-0.018704023,0.0093759745,0.016833536,0.018075772,0.024524219,1,1,0.0,0.0,0.0,0.0,0.0,0.0,0.015472638,0.036215104,0.033508312,0.021406827,0.031468999,-0.012859,-0.0062239999,0.074360996
40,2009,0.019286729,0.047366727,0.054824289,0.056066524,0.062514976,0.072145559,0,0,1.0,0.0,0.0,1.0,0.0,0.0,-0.037990753,0.015472638,0.036215104,0.033508312,0.020065,0.031468999,-0.012859,-0.0062239999
40,2010,0.028079998,0.03553756,0.036779795,0.043228243,0.052858826,0.067666136,0,0,0.0,1.0,0.0,0.0,1.0,0.0,0.019286729,-0.037990753,0.015472638,0.036215104,0.0085540004,0.020065,0.031468999,-0.012859
40,2011,0.0074575609,0.0086997962,0.015148245,0.024778828,0.039586134,,1,0,0.0,0.0,1.0,0.0,0.0,1.0,0.028079998,0.019286729,-0.037990753,0.015472638,-0.024067,0.0085540004,0.020065,0.031468999
40,2012,0.0012422354,0.0076906835,0.017321268,0.032128576,,,0,0,1.0,0.0,0.0,0.0,0.0,0.0,0.0074575609,0.028079998,0.019286729,-0.037990753,-0.016899001,-0.024067,0.0085540004,0.020065
40,2013,0.0064484482,0.016079033,0.030886341,,,,0,0,0.0,1.0,0.0,0.0,0.0,0.0,0.0012422354,0.0074575609,0.028079998,0.019286729,-0.021098001,-0.016899001,-0.024067,0.0085540004
56,1871,0.059242833,0.065858074,0.098293349,0.096163355,0.10887545,0.12142792,0,0,,,,,,,0.0046423138,0.024054876,,,,,,
56,1872,0.0066152392,0.039050516,0.036920525,0.049632628,0.062185094,0.090875521,0,0,0.0,,,0.0,,,0.059242833,0.0046423138,0.024054876,,,,,
56,1873,0.032435276,0.030305283,0.043017384,0.05556985,0.084260277,0.094310679,0,0,0.0,0.0,,0.0,0.0,,0.0066152392,0.059242833,0.0046423138,0.024054876,,,,
56,1874,-0.0021299922,0.010582109,0.023134574,0.051825002,0.061875399,0.1106655,0,0,0.0,0.0,0.0,0.0,0.0,0.0,0.032435276,0.0066152392,0.059242833,0.0046423138,,,,
56,1875,0.012712101,0.025264569,0.053954996,0.064005397,0.1127955,0.12604079,0,0,0.0,0.0,0.0,0.0,0.0,0.0,-0.0021299922,0.032435276,0.0066152392,0.059242833,,,,
56,1876,0.012552466,0.041242898,0.051293295,0.1000834,0.11332868,0.14660347,0,0,0.0,0.0,0.0,0.0,0.0,0.0,0.012712101,-0.0021299922,0.032435276,0.0066152392,,,,
56,1877,0.028690429,0.038740829,0.087530933,0.10077622,0.13405101,0.1484917,0,0,0.0,0.0,0.0,0.0,0.0,0.0,0.012552466,0.012712101,-0.0021299922,0.032435276,,,,
56,1878,0.010050398,0.058840502,0.07208579,0.10536058,0.11980127,0.12872198,0,0,0.0,0.0,0.0,0.0,0.0,0.0,0.028690429,0.012552466,0.012712101,-0.0021299922,,,,
56,1879,0.048790105,0.062035389,0.095310181,0.10975087,0.11867159,0.13102826,0,0,0.0,0.0,0.0,0.0,0.0,0.0,0.010050398,0.028690429,0.012552466,0.012712101,,,,
56,1880,0.013245285,0.046520073,0.060960758,0.069881476,0.082238153,0.094444111,0,0,0.0,0.0,0.0,0.0,0.0,0.0,0.048790105,0.010050398,0.028690429,0.012552466,,,,
56,1881,0.033274788,0.047715474,0.056636196,0.068992876,0.081198834,0.11861806,0,0,0.0,0.0,0.0,0.0,0.0,0.0,0.013245285,0.048790105,0.010050398,0.028690429,,,,
56,1882,0.014440685,0.023361405,0.035718083,0.047924042,0.085343271,0.091998868,0,0,0.0,0.0,0.0,0.0,0.0,0.0,0.033274788,0.013245285,0.048790105,0.010050398,,,,
56,1883,0.0089207208,0.021277398,0.033483356,0.070902586,0.077558182,0.12453043,0,0,0.0,0.0,0.0,0.0,0.0,0.0,0.014440685,0.033274788,0.013245285,0.048790105,,,,
56,1884,0.012356678,0.024562638,0.061981864,0.06863746,0.11560971,0.13751982,0,0,0.0,0.0,0.0,0.0,0.0,0.0,0.0089207208,0.014440685,0.033274788,0.013245285,,,,
56,1885,0.012205959,0.049625184,0.056280784,0.10325304,0.12516315,0.12671,0,0,0.0,0.0,0.0,0.0,0.0,0.0,0.012356678,0.0089207208,0.014440685,0.033274788,,,,
56,1886,0.037419226,0.044074826,0.091047078,0.11295719,0.11450402,0.13893272,0,0,0.0,0.0,0.0,0.0,0.0,0.0,0.012205959,0.012356678,0.0089207208,0.014440685,0.0094680004,,,
56,1887,0.006655599,0.053627849,0.075537957,0.077084795,0.10151349,0.11648383,0,0,0.0,0.0,0.0,0.0,0.0,0.0,0.037419226,0.012205959,0.012356678,0.0089207208,-0.017078999,0.0094680004,,
56,1888,0.046972249,0.068882361,0.070429198,0.094857894,0.10982823,0.12457776,0,0,0.0,0.0,0.0,0.0,0.0,0.0,0.006655599,0.037419226,0.012205959,0.012356678,-0.013894,-0.017078999,0.0094680004,
56,1889,0.02191011,0.02345695,0.047885645,0.062855981,0.077605508,0.10076139,0,0,0.0,0.0,0.0,0.0,0.0,0.0,0.046972249,0.006655599,0.037419226,0.012205959,-0.090815999,-0.013894,-0.017078999,0.0094680004
56,1890,0.0015468386,0.025975535,0.040945873,0.0556954,0.078851283,0.098681875,0,0,0.0,0.0,0.0,0.0,0.0,0.0,0.02191011,0.046972249,0.006655599,0.037419226,0.0075010001,-0.090815999,-0.013894,-0.017078999
56,1891,0.024428695,0.039399035,0.054148562,0.077304445,0.097135037,0.11520368,0,0,0.0,0.0,0.0,0.0,0.0,0.0,0.0015468386,0.02191011,0.046972249,0.006655599,0.010853,0.0075010001,-0.090815999,-0.013894
56,1892,0.014970339,0.029719867,0.05287575,0.072706342,0.090774983,0.10716879,0,0,0.0,0.0,0.0,0.0,0.0,0.0,0.024428695,0.0015468386,0.02191011,0.046972249,0.014653,0.010853,0.0075010001,-0.090815999
56,1893,0.014749529,0.03790541,0.057736002,0.075804636,0.092198446,0.11231989,0,0,0.0,0.0,0.0,0.0,0.0,0.0,0.014970339,0.024428695,0.0015468386,0.02191011,0.001174,0.014653,0.010853,0.0075010001
56,1894,0.023155881,0.042986471,0.061055109,0.077448919,0.09757036,0.12636817,0,0,0.0,0.0,0.0,0.0,0.0,0.0,0.014749529,0.014970339,0.024428695,0.0015468386,-0.000394,0.001174,0.014653,0.010853
56,1895,0.01983059,0.037899226,0.054293036,0.074414477,0.10321227,0.11220395,0,0,0.0,0.0,0.0,0.0,0.0,0.0,0.023155881,0.014749529,0.014970339,0.024428695,-0.0080030002,-0.000394,0.001174,0.014653
56,1896,0.018068638,0.034462448,0.054583892,0.08338169,0.092373364,0.11262722,0,0,0.0,0.0,0.0,0.0,0.0,0.0,0.01983059,0.023155881,0.014749529,0.014970339,0.004061,-0.0080030002,-0.000394,0.001174
56,1897,0.016393811,0.036515255,0.065313056,0.07430473,0.094558589,0.11686435,0,0,0.0,0.0,0.0,0.0,0.0,0.0,0.018068638,0.01983059,0.023155881,0.014749529,0.013452,0.004061,-0.0080030002,-0.000394
56,1898,0.020121444,0.048919246,0.057910919,0.078164779,0.10047054,0.12588021,0,0,0.0,0.0,0.0,0.0,0.0,0.0,0.016393811,0.018068638,0.01983059,0.023155881,0.00027399999,0.013452,0.004061,-0.0080030002
56,1899,0.0287978,0.037789471,0.058043331,0.080349088,0.10575876,0.13402919,0,0,0.0,0.0,0.0,0.0,0.0,0.0,0.020121444,0.016393811,0.018068638,0.01983059,0.0031580001,0.00027399999,0.013452,0.004061
56,1900,0.0089916717,0.029245529,0.051551286,0.076960966,0.1052314,0.1259218,0,0,0.0,0.0,0.0,0.0,0.0,0.0,0.0287978,0.020121444,0.016393811,0.018068638,0.029702,0.0031580001,0.00027399999,0.013452
56,1901,0.020253858,0.042559616,0.067969292,0.096239731,0.11693013,0.13161139,0,0,0.0,0.0,0.0,0.0,0.0,0.0,0.0089916717,0.0287978,0.020121444,0.016393811,0.046509001,0.029702,0.0031580001,0.00027399999
56,1902,0.022305757,0.047715433,0.075985864,0.09667626,0.11135753,0.12139669,0,0,0.0,0.0,0.0,0.0,0.0,0.0,0.020253858,0.0089916717,0.0287978,0.020121444,-0.002541,0.046509001,0.029702,0.0031580001
56,1903,0.025409678,0.053680114,0.074370511,0.089051783,0.099090941,0.11778304,0,0,0.0,0.0,0.0,0.0,0.0,0.0,0.022305757,0.020253858,0.0089916717,0.0287978,-0.025304999,-0.002541,0.046509001,0.029702
56,1904,0.028270435,0.048960827,0.063642099,0.073681258,0.092373356,0.11818124,0,0,0.0,0.0,0.0,0.0,0.0,0.0,0.025409678,0.022305757,0.020253858,0.0089916717,0.001611,-0.025304999,-0.002541,0.046509001
56,1905,0.020690395,0.035371665,0.045410823,0.064102918,0.089910805,0.11299689,0,0,0.0,0.0,0.0,0.0,0.0,0.0,0.028270435,0.025409678,0.022305757,0.020253858,-0.02035,0.001611,-0.025304999,-0.002541
56,1906,0.01468127,0.02472043,0.043412529,0.069220409,0.092306495,0.11588521,0,0,0.0,0.0,0.0,0.0,0.0,0.0,0.020690395,0.028270435,0.025409678,0.022305757,-0.013946,-0.02035,0.001611,-0.025304999
56,1907,0.010039159,0.028731257,0.05453914,0.077625223,0.10120393,0.1142892,0,0,0.0,0.0,0.0,0.0,0.0,0.0,0.01468127,0.020690395,0.028270435,0.025409678,-0.0062950002,-0.013946,-0.02035,0.001611
56,1908,0.018692099,0.044499982,0.067586064,0.091164775,0.10425004,,0,0,0.0,0.0,0.0,0.0,0.0,0.0,0.010039159,0.01468127,0.020690395,0.028270435,0.034926001,-0.0062950002,-0.013946,-0.02035
56,1909,0.025807884,0.048893966,0.072472677,0.085557945,,,0,0,0.0,0.0,0.0,0.0,0.0,0.0,0.018692099,0.010039159,0.01468127,0.020690395,0.011149,0.034926001,-0.0062950002,-0.013946
56,1910,0.023086084,0.046664797,0.059750065,,,,0,0,0.0,0.0,0.0,0.0,0.0,0.0,0.025807884,0.018692099,0.010039159,0.01468127,0.0020049999,0.011149,0.034926001,-0.0062950002
56,1920,0.017149402,0.11042874,0.14562017,0.17780694,0.19307445,0.2263816,0,0,,,,0.0,,,0.14607519,0.16520348,,,,,,
56,1921,0.093279332,0.12847076,0.16065754,0.17592505,0.20923218,0.24563059,0,0,0.0,,,0.0,0.0,,0.017149402,0.14607519,0.16520348,,0.015601,,,
56,1922,0.035191432,0.067378208,0.082645707,0.11595285,0.15235126,0.20339522,0,0,0.0,0.0,,0.0,0.0,0.0,0.093279332,0.017149402,0.14607519,0.16520348,0.023309,0.015601,,
56,1923,0.032186773,0.047454271,0.080761418,0.11715983,0.16820379,0.15947697,0,0,0.0,0.0,0.0,0.0,0.0,0.0,0.035191432,0.093279332,0.017149402,0.14607519,-0.032694999,0.023309,0.015601,
56,1924,0.0152675,0.048574641,0.084973052,0.13601701,0.12729019,0.11768243,0,0,0.0,0.0,0.0,0.0,0.0,0.0,0.032186773,0.035191432,0.093279332,0.017149402,-0.044939,-0.032694999,0.023309,0.015601
56,1925,0.033307143,0.069705546,0.1207495,0.11202268,0.10241491,0.084557347,0,0,0.0,0.0,0.0,0.0,0.0,0.0,0.0152675,0.032186773,0.035191432,0.093279332,0.070009001,-0.044939,-0.032694999,0.023309
56,1926,0.036398407,0.087442368,0.07871554,0.069107778,0.051250212,0.0051591322,0,0,0.0,0.0,0.0,0.0,0.0,0.0,0.033307143,0.0152675,0.032186773,0.035191432,-0.027838999,0.070009001,-0.044939,-0.032694999
56,1927,0.051043961,0.042317137,0.032709375,0.014851809,-0.031239271,-0.010025147,0,0,0.0,0.0,0.0,0.0,0.0,0.0,0.036398407,0.033307143,0.0152675,0.032186773,0.0097930003,-0.027838999,0.070009001,-0.044939
56,1928,-0.008726825,-0.018334586,-0.036192153,-0.082283229,-0.061069105,-0.069500908,0,0,0.0,0.0,0.0,0.0,0.0,0.0,0.051043961,0.036398407,0.033307143,0.0152675,-0.042344,0.0097930003,-0.027838999,0.070009001
56,1929,-0.0096077602,-0.027465327,-0.073556408,-0.052342284,-0.060774088,-0.00079705566,1,1,0.0,0.0,0.0,0.0,0.0,0.0,-0.008726825,0.051043961,0.036398407,0.033307143,0.047268,-0.042344,0.0097930003,-0.027838999
56,1930,-0.017857566,-0.063948646,-0.042734522,-0.051166326,0.0088107064,0.015962131,1,0,1.0,0.0,0.0,1.0,0.0,0.0,-0.0096077602,-0.008726825,0.051043961,0.036398407,0.025609,0.047268,-0.042344,0.0097930003
56,1931,-0.04609108,-0.024876956,-0.033308759,0.026668273,0.033819698,0.047189858,0,0,1.0,1.0,0.0,0.0,1.0,0.0,-0.017857566,-0.0096077602,-0.008726825,0.051043961,-0.0030410001,0.025609,0.047268,-0.042344
56,1932,0.021214124,0.012782319,0.072759353,0.079910778,0.093280941,0.070364073,0,0,0.0,1.0,1.0,0.0,0.0,1.0,-0.04609108,-0.017857566,-0.0096077602,-0.008726825,-0.0040170001,-0.0030410001,0.025609,0.047268
56,1933,-0.0084318053,0.051545225,0.05869665,0.072066814,0.049149942,,1,0,0.0,0.0,1.0,0.0,0.0,0.0,0.021214124,-0.04609108,-0.017857566,-0.0096077602,0.0076660002,-0.0040170001,-0.0030410001,0.025609
56,1934,0.059977032,0.067128457,0.080498621,0.057581749,,,0,0,1.0,0.0,0.0,0.0,0.0,0.0,-0.0084318053,0.021214124,-0.04609108,-0.017857566,-0.056804001,0.0076660002,-0.0040170001,-0.0030410001
56,1935,0.0071514254,0.020521587,-0.0023952853,,,,0,0,0.0,1.0,0.0,0.0,0.0,0.0,0.059977032,-0.0084318053,0.021214124,-0.04609108,-0.064392,-0.056804001,0.0076660002,-0.0040170001
56,1946,0.058284931,0.11637324,0.15620147,0.20956445,0.26488057,0.25706857,0,0,,,,,,,0.05740701,,,,,,,
56,1947,0.05808831,0.097916536,0.15127951,0.20659561,0.19878362,0.2326473,0,1,0.0,,,0.0,,,0.058284931,0.05740701,,,-0.003793,,,
56,1948,0.039828226,0.093191199,0.14850731,0.14069532,0.174559,0.21505105,0,0,0.0,0.0,,1.0,0.0,,0.05808831,0.058284931,0.05740701,,-0.041595001,-0.003793,,
56,1949,0.053362973,0.10867909,0.1008671,0.13473079,0.17522284,0.22223093,0,0,0.0,0.0,0.0,0.0,1.0,0.0,0.039828226,0.05808831,0.058284931,0.05740701,0.0078090001,-0.041595001,-0.003793,
56,1950,0.055316109,0.04750412,0.081367798,0.12185986,0.16886795,0.19742651,0,0,0.0,0.0,0.0,0.0,0.0,1.0,0.053362973,0.039828226,0.05808831,0.058284931,0.041416999,0.0078090001,-0.041595001,-0.003793
56,1951,-0.0078119887,0.026051689,0.06654375,0.11355184,0.14211041,0.16174126,0,0,0.0,0.0,0.0,0.0,0.0,0.0,0.055316109,0.053362973,0.039828226,0.05808831,-0.007402,0.041416999,0.0078090001,-0.041595001
56,1952,0.033863679,0.074355736,0.12136382,0.14992239,0.16955324,0.16713333,0,0,0.0,0.0,0.0,0.0,0.0,0.0,-0.0078119887,0.055316109,0.053362973,0.039828226,0.028298,-0.007402,0.041416999,0.0078090001
56,1953,0.040492062,0.087500148,0.11605871,0.13568956,0.13326965,0.16427268,0,0,0.0,0.0,0.0,0.0,0.0,0.0,0.033863679,-0.0078119887,0.055316109,0.053362973,-0.003756,0.028298,-0.007402,0.041416999
56,1954,0.047008086,0.075566649,0.095197491,0.092777595,0.12378062,0.17985216,0,0,0.0,0.0,0.0,0.0,0.0,0.0,0.040492062,0.033863679,-0.0078119887,0.055316109,0.0044320002,-0.003756,0.028298,-0.007402
56,1955,0.028558563,0.048189409,0.045769513,0.076772541,0.13284408,0.1826283,0,0,0.0,0.0,0.0,0.0,0.0,0.0,0.047008086,0.040492062,0.033863679,-0.0078119887,0.012876,0.0044320002,-0.003756,0.028298
56,1956,0.019630844,0.017210945,0.04821397,0.10428551,0.15406974,0.20618978,0,0,0.0,0.0,0.0,0.0,0.0,0.0,0.028558563,0.047008086,0.040492062,0.033863679,0.001787,0.012876,0.0044320002,-0.003756
56,1957,-0.0024198976,0.028583126,0.084654666,0.1344389,0.18655893,0.23007478,0,0,0.0,0.0,0.0,0.0,0.0,0.0,0.019630844,0.028558563,0.047008086,0.040492062,-0.029846,0.001787,0.012876,0.0044320002
56,1958,0.031003024,0.087074563,0.13685879,0.18897882,0.23249467,0.3020615,0,0,0.0,0.0,0.0,0.0,0.0,0.0,-0.0024198976,0.019630844,0.028558563,0.047008086,0.031982001,-0.029846,0.001787,0.012876
56,1959,0.056071538,0.10585577,0.15797581,0.20149165,0.2710585,0.30666509,0,0,0.0,0.0,0.0,0.0,0.0,0.0,0.031003024,-0.0024198976,0.019630844,0.028558563,0.024806,0.031982001,-0.029846,0.001787
56,1960,0.049784232,0.10190427,0.14542012,0.21498697,0.25059357,0.28215253,0,0,0.0,0.0,0.0,0.0,0.0,0.0,0.056071538,0.031003024,-0.0024198976,0.019630844,0.011261,0.024806,0.031982001,-0.029846
56,1961,0.052120037,0.095635884,0.16520274,0.20080933,0.23236828,0.27104974,0,0,0.0,0.0,0.0,0.0,0.0,0.0,0.049784232,0.056071538,0.031003024,-0.0024198976,0.059154,0.011261,0.024806,0.031982001
56,1962,0.043515846,0.11308269,0.1486893,0.18024825,0.21892971,0.26087099,0,0,0.0,0.0,0.0,0.0,0.0,0.0,0.052120037,0.049784232,0.056071538,0.031003024,0.021025,0.059154,0.011261,0.024806
56,1963,0.069566846,0.10517345,0.1367324,0.17541388,0.21735518,0.28365317,0,0,0.0,0.0,0.0,0.0,0.0,0.0,0.043515846,0.052120037,0.049784232,0.056071538,0.025053,0.021025,0.059154,0.011261
56,1964,0.0356066,0.067165554,0.10584702,0.14778832,0.21408632,0.27365571,0,0,0.0,0.0,0.0,0.0,0.0,0.0,0.069566846,0.043515846,0.052120037,0.049784232,-0.002051,0.025053,0.021025,0.059154
56,1965,0.03155895,0.070240423,0.11218172,0.17847973,0.23804912,0.2779074,0,0,0.0,0.0,0.0,0.0,0.0,0.0,0.0356066,0.069566846,0.043515846,0.052120037,0.0090600001,-0.002051,0.025053,0.021025
56,1966,0.03868147,0.080622762,0.14692077,0.20649016,0.24634843,0.29930446,0,0,0.0,0.0,0.0,0.0,0.0,0.0,0.03155895,0.0356066,0.069566846,0.043515846,0.025691999,0.0090600001,-0.002051,0.025053
56,1967,0.041941296,0.10823929,0.16780868,0.20766695,0.26062298,0.32444,0,0,0.0,0.0,0.0,0.0,0.0,0.0,0.03868147,0.03155895,0.0356066,0.069566846,0.037749998,0.025691999,0.0090600001,-0.002051
56,1968,0.066298001,0.1258674,0.16572566,0.21868171,0.28249872,0.32815129,0,0,0.0,0.0,0.0,0.0,0.0,0.0,0.041941296,0.03868147,0.03155895,0.0356066,0.028574999,0.037749998,0.025691999,0.0090600001
56,1969,0.059569396,0.09942767,0.15238371,0.21620074,0.26185331,0.24219389,0,0,0.0,0.0,0.0,0.0,0.0,0.0,0.066298001,0.041941296,0.03868147,0.03155895,-0.012667,0.028574999,0.037749998,0.025691999
56,1970,0.03985827,0.092814311,0.15663132,0.2022839,0.18262449,0.23915195,0,0,0.0,0.0,0.0,0.0,0.0,0.0,0.059569396,0.066298001,0.041941296,0.03868147,0.00077899999,-0.012667,0.028574999,0.037749998
56,1971,0.052956041,0.11677305,0.16242564,0.14276622,0.19929367,0.20555522,0,0,0.0,0.0,0.0,0.0,0.0,0.0,0.03985827,0.059569396,0.066298001,0.041941296,0.0078670001,0.00077899999,-0.012667,0.028574999
56,1972,0.063817017,0.10946959,0.089810178,0.14633763,0.15259917,0.18101814,0,0,0.0,0.0,0.0,0.0,0.0,0.0,0.052956041,0.03985827,0.059569396,0.066298001,0.00071499997,0.0078670001,0.00077899999,-0.012667
56,1973,0.04565258,0.025993165,0.082520619,0.088782169,0.11720113,0.14061186,0,0,0.0,0.0,0.0,0.0,0.0,0.0,0.063817017,0.052956041,0.03985827,0.059569396,0.0063840002,0.00071499997,0.0078670001,0.00077899999
56,1974,-0.019659415,0.036868043,0.043129593,0.071548559,0.094959289,0.13939983,0,1,0.0,0.0,0.0,0.0,0.0,0.0,0.04565258,0.063817017,0.052956041,0.03985827,-0.028168,0.0063840002,0.00071499997,0.0078670001
56,1975,0.056527458,0.062789008,0.091207974,0.1146187,0.15905924,0.15626641,0,0,0.0,0.0,0.0,1.0,0.0,0.0,-0.019659415,0.04565258,0.063817017,0.052956041,0.018353,-0.028168,0.0063840002,0.00071499997
56,1976,0.0062615485,0.034680516,0.058091246,0.10253179,0.099738955,0.10568883,0,0,0.0,0.0,0.0,0.0,1.0,0.0,0.056527458,-0.019659415,0.04565258,0.063817017,0.001269,0.018353,-0.028168,0.0063840002
56,1977,0.028418966,0.051829696,0.096270233,0.093477398,0.099427268,0.10254569,0,0,0.0,0.0,0.0,0.0,0.0,1.0,0.0062615485,0.056527458,-0.019659415,0.04565258,0.031693,0.001269,0.018353,-0.028168
56,1978,0.02341073,0.067851275,0.06505844,0.07100831,0.074126735,0.098790564,0,0,0.0,0.0,0.0,0.0,0.0,0.0,0.028418966,0.0062615485,0.056527458,-0.019659415,0.031558,0.031693,0.001269,0.018353
56,1979,0.044440541,0.041647706,0.047597576,0.050716005,0.075379834,0.091897763,0,0,0.0,0.0,0.0,0.0,0.0,0.0,0.02341073,0.028418966,0.0062615485,0.056527458,0.048030999,0.031558,0.031693,0.001269
56,1980,-0.0027928364,0.0031570329,0.0062754606,0.030939288,0.047457218,0.06568484,0,0,0.0,0.0,0.0,0.0,0.0,0.0,0.044440541,0.02341073,0.028418966,0.0062615485,0.056265999,0.048030999,0.031558,0.031693
56,1981,0.0059498693,0.0090682972,0.033732124,0.050250053,0.068477675,0.091544271,0,0,0.0,0.0,0.0,0.0,0.0,0.0,-0.0027928364,0.044440541,0.02341073,0.028418966,0.033615999,0.056265999,0.048030999,0.031558
56,1982,0.0031184277,0.027782256,0.044300184,0.062527806,0.085594401,0.13282649,0,0,0.0,0.0,0.0,0.0,0.0,0.0,0.0059498693,-0.0027928364,0.044440541,0.02341073,-0.011549,0.033615999,0.056265999,0.048030999
56,1983,0.024663828,0.041181758,0.05940938,0.082475975,0.12970807,0.16439974,0,0,0.0,0.0,0.0,0.0,0.0,0.0,0.0031184277,0.0059498693,-0.0027928364,0.044440541,-0.020714,-0.011549,0.033615999,0.056265999
56,1984,0.01651793,0.034745552,0.057812147,0.10504423,0.13973591,0.17110993,0,0,0.0,0.0,0.0,0.0,0.0,0.0,0.024663828,0.0031184277,0.0059498693,-0.0027928364,-0.030649999,-0.020714,-0.011549,0.033615999
56,1985,0.018227622,0.041294217,0.088526309,0.12321798,0.15459201,0.17292275,0,0,0.0,0.0,0.0,0.0,0.0,0.0,0.01651793,0.024663828,0.0031184277,0.0059498693,-0.020117,-0.030649999,-0.020714,-0.011549
56,1986,0.023066595,0.070298687,0.10499036,0.13636439,0.15469512,0.17000167,0,0,0.0,0.0,0.0,0.0,0.0,0.0,0.018227622,0.01651793,0.024663828,0.0031184277,-0.0043850001,-0.020117,-0.030649999,-0.020714
56,1987,0.047232088,0.081923753,0.11329778,0.13162851,0.14693506,0.13731633,0,0,0.0,0.0,0.0,0.0,0.0,0.0,0.023066595,0.018227622,0.01651793,0.024663828,0.029038001,-0.0043850001,-0.020117,-0.030649999
56,1988,0.034691669,0.066065699,0.084396444,0.099702992,0.090084262,0.12235397,0,0,0.0,0.0,0.0,0.0,0.0,0.0,0.047232088,0.023066595,0.018227622,0.01651793,0.045921002,0.029038001,-0.0043850001,-0.020117
56,1989,0.031374026,0.049704768,0.065011315,0.055392586,0.087662295,0.11150987,0,0,0.0,0.0,0.0,0.0,0.0,0.0,0.034691669,0.047232088,0.023066595,0.018227622,0.060392998,0.045921002,0.029038001,-0.0043850001
56,1990,0.018330744,0.033637293,0.024018561,0.056288272,0.080135845,0.096071556,0,0,0.0,0.0,0.0,0.0,0.0,0.0,0.031374026,0.034691669,0.047232088,0.023066595,0.022588,0.060392998,0.045921002,0.029038001
56,1991,0.015306548,0.005687817,0.03795753,0.061805103,0.077740818,0.11484279,0,0,0.0,0.0,0.0,0.0,0.0,0.0,0.018330744,0.031374026,0.034691669,0.047232088,0.030412,0.022588,0.060392998,0.045921002
56,1992,-0.0096187312,0.022650981,0.046498552,0.062434264,0.099536233,0.11929135,0,0,0.0,0.0,0.0,0.0,0.0,0.0,0.015306548,0.018330744,0.031374026,0.034691669,-0.047398001,0.030412,0.022588,0.060392998
56,1993,0.032269713,0.056117285,0.072053,0.10915497,0.12891008,0.16454102,0,0,0.0,0.0,0.0,0.0,0.0,0.0,-0.0096187312,0.015306548,0.018330744,0.031374026,-0.01019,-0.047398001,0.030412,0.022588
56,1994,0.023847573,0.039783284,0.076885253,0.096640371,0.1322713,0.16860971,0,0,0.0,0.0,0.0,0.0,0.0,0.0,0.032269713,-0.0096187312,0.015306548,0.018330744,-0.017037001,-0.01019,-0.047398001,0.030412
56,1995,0.015935713,0.053037681,0.072792798,0.10842374,0.14476216,0.1528786,0,0,0.0,0.0,0.0,0.0,0.0,0.0,0.023847573,0.032269713,-0.0096187312,0.015306548,-0.033806998,-0.017037001,-0.01019,-0.047398001
56,1996,0.037101969,0.056857087,0.092488021,0.12882644,0.13694288,0.15474541,0,0,0.0,0.0,0.0,0.0,0.0,0.0,0.015935713,0.023847573,0.032269713,-0.0096187312,0.024033001,-0.033806998,-0.017037001,-0.01019
56,1997,0.019755116,0.055386052,0.091724463,0.099840902,0.11764343,0.12538841,0,0,0.0,0.0,0.0,0.0,0.0,0.0,0.037101969,0.015935713,0.023847573,0.032269713,0.026652001,0.024033001,-0.033806998,-0.017037001
56,1998,0.035630938,0.071969345,0.080085784,0.097888313,0.1056333,0.14198107,0,0,0.0,0.0,0.0,0.0,0.0,0.0,0.019755116,0.037101969,0.015935713,0.023847573,-0.043772999,0.026652001,0.024033001,-0.033806998
56,1999,0.036338411,0.04445485,0.062257379,0.070002362,0.10635012,0.12729497,0,0,0.0,0.0,0.0,0.0,0.0,0.0,0.035630938,0.019755116,0.037101969,0.015935713,0.021249,-0.043772999,0.026652001,0.024033001
56,2000,0.0081164408,0.025918972,0.033663955,0.07001172,0.090956569,0.11594792,0,0,0.0,0.0,0.0,0.0,0.0,0.0,0.036338411,0.035630938,0.019755116,0.037101969,-0.0069309999,0.021249,-0.043772999,0.026652001
56,2001,0.017802531,0.025547514,0.061895281,0.08284013,0.10783148,0.14180641,0,0,0.0,0.0,0.0,0.0,0.0,0.0,0.0081164408,0.036338411,0.035630938,0.019755116,-0.011812,-0.0069309999,0.021249,-0.043772999
56,2002,0.0077449824,0.044092748,0.065037601,0.090028949,0.12400388,0.13147672,0,0,0.0,0.0,0.0,0.0,0.0,0.0,0.017802531,0.0081164408,0.036338411,0.035630938,-0.013487,-0.011812,-0.0069309999,0.021249
56,2003,0.036347765,0.057292618,0.082283966,0.1162589,0.12373174,0.10088061,0,0,0.0,0.0,0.0,0.0,0.0,0.0,0.0077449824,0.017802531,0.0081164408,0.036338411,-0.018962,-0.013487,-0.011812,-0.0069309999
56,2004,0.020944851,0.045936201,0.079911128,0.087383971,0.064532846,0.091484293,0,0,0.0,0.0,0.0,0.0,0.0,0.0,0.036347765,0.0077449824,0.017802531,0.0081164408,0.0064980001,-0.018962,-0.013487,-0.011812
56,2005,0.02499135,0.058966279,0.066439122,0.043587994,0.070539445,0.088505745,0,0,0.0,0.0,0.0,0.0,0.0,0.0,0.020944851,0.036347765,0.0077449824,0.017802531,0.003214,0.0064980001,-0.018962,-0.013487
56,2006,0.033974931,0.041447774,0.018596645,0.045548093,0.063514397,0.064884916,0,0,0.0,0.0,0.0,0.0,0.0,0.0,0.02499135,0.020944851,0.036347765,0.0077449824,0.020141,0.003214,0.0064980001,-0.018962
56,2007,0.0074728415,-0.015378287,0.01157316,0.02953946,0.030909978,0.030286485,0,0,0.0,0.0,0.0,0.0,0.0,0.0,0.033974931,0.02499135,0.020944851,0.036347765,0.066400997,0.020141,0.003214,0.0064980001
56,2008,-0.022851128,0.004100319,0.022066619,0.023437135,0.022813642,0.039275475,1,0,0.0,0.0,0.0,0.0,0.0,0.0,0.0074728415,0.033974931,0.02499135,0.020944851,0.032508999,0.066400997,0.020141,0.003214
56,2009,0.026951447,0.044917747,0.046288263,0.045664772,0.062126607,0.076887198,0,0,1.0,0.0,0.0,0.0,0.0,0.0,-0.022851128,0.0074728415,0.033974931,0.02499135,-0.0031900001,0.032508999,0.066400997,0.020141
56,2010,0.0179663,0.019336816,0.018713323,0.03517516,0.049935751,0.061865538,0,0,0.0,1.0,0.0,0.0,0.0,0.0,0.026951447,-0.022851128,0.0074728415,0.033974931,-0.0098449998,-0.0031900001,0.032508999,0.066400997
56,2011,0.0013705166,0.00074702443,0.017208859,0.03196945,0.043899238,,1,0,0.0,0.0,1.0,0.0,0.0,0.0,0.0179663,0.026951447,-0.022851128,0.0074728415,0.016604999,-0.0098449998,-0.0031900001,0.032508999
56,2012,-0.00062349217,0.015838342,0.030598931,0.042528719,,,0,0,1.0,0.0,0.0,0.0,0.0,0.0,0.0013705166,0.0179663,0.026951447,-0.022851128,0.0057310001,0.016604999,-0.0098449998,-0.0031900001
56,2013,0.016461834,0.031222424,0.043152213,,,,0,0,0.0,1.0,0.0,0.0,0.0,0.0,-0.00062349217,0.0013705166,0.0179663,0.026951447,0.012682,0.0057310001,0.016604999,-0.0098449998
76,1873,0.02396428,0.047875948,0.07172545,0.09562511,0.11955829,0.14350943,0,0,0.0,0.0,0.0,,,,0.023870056,0.023894515,0.023906648,-0.036717582,,,,
76,1874,0.023911668,0.047761172,0.071660832,0.095594004,0.11954515,0.14338703,0,0,0.0,0.0,0.0,0.0,,,0.02396428,0.023870056,0.023894515,0.023906648,,,,
76,1875,0.023849504,0.047749165,0.071682341,0.095633484,0.11947537,0.1434226,0,0,0.0,0.0,0.0,0.0,0.0,,0.023911668,0.02396428,0.023870056,0.023894515,,,,
76,1876,0.023899661,0.047832839,0.071783982,0.09562587,0.11957311,0.14349769,0,0,0.0,0.0,0.0,0.0,0.0,0.0,0.023849504,0.023911668,0.02396428,0.023870056,,,,
76,1877,0.023933176,0.047884315,0.071726203,0.095673442,0.11959803,0.14348832,0,0,0.0,0.0,0.0,0.0,0.0,0.0,0.023899661,0.023849504,0.023911668,0.02396428,,,,
76,1878,0.023951141,0.047793027,0.071740262,0.095664844,0.11955513,0.14340034,0,0,0.0,0.0,0.0,0.0,0.0,0.0,0.023933176,0.023899661,0.023849504,0.023911668,,,,
76,1879,0.023841886,0.047789123,0.071713708,0.095604002,0.11944921,0.14343943,0,0,0.0,0.0,0.0,0.0,0.0,0.0,0.023951141,0.023933176,0.023899661,0.023849504,,,,
76,1880,0.023947237,0.047871821,0.071762115,0.095607325,0.11959755,0.1435141,0,0,0.0,0.0,0.0,0.0,0.0,0.0,0.023841886,0.023951141,0.023933176,0.023899661,,,,
76,1881,0.023924585,0.047814876,0.071660087,0.095650308,0.11956686,0.14340164,0,0,0.0,0.0,0.0,0.0,0.0,0.0,0.023947237,0.023841886,0.023951141,0.023933176,,,,
76,1882,0.02389029,0.047735501,0.071725719,0.095642269,0.11947705,0.14340885,0,0,0.0,0.0,0.0,0.0,0.0,0.0,0.023924585,0.023947237,0.023841886,0.023951141,,,,
76,1883,0.023845211,0.047835432,0.071751982,0.095586762,0.11951856,0.14343655,0,0,0.0,0.0,0.0,0.0,0.0,0.0,0.02389029,0.023924585,0.023947237,0.023841886,,,,
76,1884,0.023990219,0.047906764,0.071741536,0.095673338,0.11959132,0.14348324,0,0,0.0,0.0,0.0,0.0,0.0,0.0,0.023845211,0.02389029,0.023924585,0.023947237,,,,
76,1885,0.023916546,0.047751322,0.071683124,0.095601104,0.11949302,0.11638177,0,0,0.0,0.0,0.0,0.0,0.0,0.0,0.023990219,0.023845211,0.02389029,0.023924585,,,,
76,1886,0.023834776,0.047766574,0.071684554,0.09557648,0.092465229,0.059244994,0,0,0.0,0.0,0.0,0.0,0.0,0.0,0.023916546,0.023990219,0.023845211,0.02389029,,,,
76,1887,0.023931799,0.047849782,0.0717417,0.068630449,0.035410214,-0.10158519,0,0,0.0,0.0,0.0,0.0,0.0,0.0,0.023834776,0.023916546,0.023990219,0.023845211,,,,
76,1888,0.023917982,0.047809906,0.044698656,0.01147842,-0.12551698,-0.1024579,0,0,0.0,0.0,0.0,0.0,0.0,0.0,0.023931799,0.023834776,0.023916546,0.023990219,,,,
76,1889,0.023891922,0.02078067,-0.012439566,-0.14943497,-0.12637588,0.12926131,0,0,0.0,0.0,0.0,0.0,0.0,0.0,0.023917982,0.023931799,0.023834776,0.023916546,,,,
76,1890,-0.0031112519,-0.036331486,-0.17332689,-0.15026781,0.10536939,0.030505359,0,0,0.0,0.0,0.0,0.0,0.0,0.0,0.023891922,0.023917982,0.023931799,0.023834776,,,,
76,1891,-0.033220235,-0.17021564,-0.14715655,0.10848065,0.033616617,0.041847117,0,0,0.0,0.0,0.0,0.0,0.0,0.0,-0.0031112519,0.023891922,0.023917982,0.023931799,,,,
76,1892,-0.1369954,-0.11393632,0.14170088,0.066836849,0.075067349,0.12405266,0,0,0.0,0.0,0.0,0.0,0.0,0.0,-0.033220235,-0.0031112519,0.023891922,0.023917982,,,,
76,1893,0.023059085,0.2786963,0.20383227,0.21206276,0.26104808,0.26486194,0,0,0.0,0.0,0.0,0.0,0.0,0.0,-0.1369954,-0.033220235,-0.0031112519,0.023891922,,,,
76,1894,0.2556372,0.18077317,0.18900366,0.23798896,0.24180283,0.22990762,0,0,0.0,0.0,0.0,0.0,0.0,0.0,0.023059085,-0.1369954,-0.033220235,-0.0031112519,,,,
76,1895,-0.07486403,-0.06663353,-0.017648224,-0.013834368,-0.025729571,0.069871157,0,0,0.0,0.0,0.0,0.0,0.0,0.0,0.2556372,0.023059085,-0.1369954,-0.033220235,,,,
76,1896,0.008230499,0.057215806,0.061029661,0.049134459,0.14473519,0.14473519,0,0,0.0,0.0,0.0,0.0,0.0,0.0,-0.07486403,0.2556372,0.023059085,-0.1369954,,,,
76,1897,0.048985306,0.052799162,0.040903959,0.13650468,0.13650468,0.15627079,0,0,0.0,0.0,0.0,0.0,0.0,0.0,0.008230499,-0.07486403,0.2556372,0.023059085,,,,
76,1898,0.0038138563,-0.0080813468,0.087519377,0.087519377,0.10728549,0.12666847,0,0,0.0,0.0,0.0,0.0,0.0,0.0,0.048985306,0.008230499,-0.07486403,0.2556372,,,,
76,1899,-0.011895203,0.083705522,0.083705522,0.10347164,0.12285461,0.15138158,0,0,0.0,0.0,0.0,0.0,0.0,0.0,0.0038138563,0.048985306,0.008230499,-0.07486403,,,,
76,1900,0.095600724,0.095600724,0.11536684,0.13474981,0.16327678,0.25436962,0,0,0.0,0.0,0.0,0.0,0.0,0.0,-0.011895203,0.0038138563,0.048985306,0.008230499,,,,
76,1901,0.0,0.019766113,0.039149087,0.067676052,0.15876889,0.15997566,0,0,0.0,0.0,0.0,0.0,0.0,0.0,0.095600724,-0.011895203,0.0038138563,0.048985306,,,,
76,1902,0.019766113,0.039149087,0.067676052,0.15876889,0.15997566,0.15264915,0,0,0.0,0.0,0.0,0.0,0.0,0.0,0.0,0.095600724,-0.011895203,0.0038138563,,,,
76,1903,0.019382974,0.047909938,0.13900277,0.14020954,0.13288303,0.20960011,0,0,0.0,0.0,0.0,0.0,0.0,0.0,0.019766113,0.0,0.095600724,-0.011895203,,,,
76,1904,0.028526964,0.1196198,0.12082657,0.11350007,0.19021714,0.20152335,0,0,0.0,0.0,0.0,0.0,0.0,0.0,0.019382974,0.019766113,0.0,0.095600724,,,,
76,1905,0.09109284,0.09229961,0.084973104,0.16169018,0.17299639,0.27748406,0,0,0.0,0.0,0.0,0.0,0.0,0.0,0.028526964,0.019382974,0.019766113,0.0,,,,
76,1906,0.0012067708,-0.0061197365,0.070597343,0.081903554,0.18639122,0.17514621,0,0,0.0,0.0,0.0,0.0,0.0,0.0,0.09109284,0.028526964,0.019382974,0.019766113,,,,
76,1907,-0.007326507,0.069390573,0.080696784,0.18518445,0.17393944,0.19719078,0,0,0.0,0.0,0.0,0.0,0.0,0.0,0.0012067708,0.09109284,0.028526964,0.019382974,0.031353999,,,
76,1908,0.076717079,0.08802329,0.19251096,0.18126595,0.20451729,,0,0,0.0,0.0,0.0,0.0,0.0,0.0,-0.007326507,0.0012067708,0.09109284,0.028526964,0.026733,0.031353999,,
76,1909,0.011306209,0.11579388,0.10454886,0.12780021,,,0,0,0.0,0.0,0.0,0.0,0.0,0.0,0.076717079,-0.007326507,0.0012067708,0.09109284,0.00051400001,0.026733,0.031353999,
76,1910,0.10448766,0.093242653,0.116494,,,,0,0,0.0,0.0,0.0,0.0,0.0,0.0,0.011306209,0.076717079,-0.007326507,0.0012067708,-0.0099989995,0.00051400001,0.026733,0.031353999
76,1919,0.09404549,0.11470731,0.18135679,0.23716402,0.23650707,0.24050774,0,0,,,,,,,0.12396783,,,,,,,
76,1920,0.020661814,0.08731129,0.14311853,0.14246158,0.14646225,0.16763973,0,0,0.0,,,0.0,,,0.09404549,0.12396783,,,-0.014251,,,
76,1921,0.066649474,0.12245671,0.12179977,0.12580043,0.14697792,0.21706812,0,0,0.0,0.0,,0.0,0.0,,0.020661814,0.09404549,0.12396783,,0.085780002,-0.014251,,
76,1922,0.05580724,0.055150297,0.059150957,0.08032845,0.15041865,0.25946754,0,0,0.0,0.0,0.0,0.0,0.0,0.0,0.066649474,0.020661814,0.09404549,0.12396783,-0.0088830004,0.085780002,-0.014251,
76,1923,-0.00065694394,0.003343717,0.024521207,0.094611414,0.20366031,0.20585436,0,0,0.0,0.0,0.0,0.0,0.0,0.0,0.05580724,0.066649474,0.020661814,0.09404549,-0.021353999,-0.0088830004,0.085780002,-0.014251
76,1995,0.022075355,0.056025639,0.059409201,0.064099863,0.10522552,0.11912419,0,0,,,,0.0,0.0,0.0,0.044167314,0.053345516,0.046651687,-0.0046691322,,,,
76,1996,0.033950284,0.037333846,0.042024512,0.083150163,0.097048834,0.12758186,0,0,0.0,,,0.0,0.0,0.0,0.022075355,0.044167314,0.053345516,0.046651687,-0.03703,,,
76,1997,0.0033835617,0.0080742277,0.049199879,0.06309855,0.093631588,0.10504166,0,0,0.0,0.0,,0.0,0.0,0.0,0.033950284,0.022075355,0.044167314,0.053345516,0.0047590001,-0.03703,,
76,1998,0.0046906658,0.045816317,0.059714988,0.090248026,0.1016581,0.15925686,1,1,0.0,0.0,0.0,0.0,0.0,0.0,0.0033835617,0.033950284,0.022075355,0.044167314,0.016469,0.0047590001,-0.03703,
76,1999,0.041125651,0.055024322,0.085557356,0.096967429,0.15456618,0.18658754,0,0,1.0,0.0,0.0,1.0,0.0,0.0,0.0046906658,0.0033835617,0.033950284,0.022075355,-0.018007001,0.016469,0.0047590001,-0.03703
76,2000,0.013898672,0.044431709,0.055841781,0.11344054,0.1454619,0.18508093,0,0,0.0,1.0,0.0,0.0,1.0,0.0,0.041125651,0.0046906658,0.0033835617,0.033950284,-0.0023089999,-0.018007001,0.016469,0.0047590001
76,2001,0.030533038,0.041943111,0.099541873,0.13156323,0.17118226,0.23188099,0,0,0.0,0.0,1.0,0.0,0.0,1.0,0.013898672,0.041125651,0.0046906658,0.0033835617,-0.005742,-0.0023089999,-0.018007001,0.016469
76,2002,0.011410071,0.069008827,0.10103019,0.14064921,0.20134795,0.25229138,0,0,0.0,0.0,0.0,0.0,0.0,0.0,0.030533038,0.013898672,0.041125651,0.0046906658,-0.0054120002,-0.005742,-0.0023089999,-0.018007001
76,2003,0.057598758,0.089620113,0.12923914,0.18993787,0.24088129,0.23962256,0,0,0.0,0.0,0.0,0.0,0.0,0.0,0.011410071,0.030533038,0.013898672,0.041125651,0.0010010001,-0.0054120002,-0.005742,-0.0023089999
76,2004,0.032021355,0.07164038,0.13233911,0.18328252,0.18202379,0.25730604,0,0,0.0,0.0,0.0,0.0,0.0,0.0,0.057598758,0.011410071,0.030533038,0.013898672,-0.0093729999,0.0010010001,-0.0054120002,-0.005742
76,2005,0.039619025,0.10031775,0.15126118,0.15000245,0.2252847,0.26502895,0,0,0.0,0.0,0.0,0.0,0.0,0.0,0.032021355,0.057598758,0.011410071,0.030533038,0.025672,-0.0093729999,0.0010010001,-0.0054120002
76,2006,0.060698729,0.11164215,0.11038342,0.18566567,0.22540992,0.24462143,0,0,0.0,0.0,0.0,0.0,0.0,0.0,0.039619025,0.032021355,0.057598758,0.011410071,0.045405,0.025672,-0.0093729999,0.0010010001
76,2007,0.050943423,0.049684692,0.12496693,0.16471119,0.18392269,0.21397135,0,0,0.0,0.0,0.0,0.0,0.0,0.0,0.060698729,0.039619025,0.032021355,0.057598758,0.048654001,0.045405,0.025672,-0.0093729999
76,2008,-0.0012587305,0.074023508,0.11376776,0.13297926,0.16302791,0.16806753,1,1,0.0,0.0,0.0,0.0,0.0,0.0,0.050943423,0.060698729,0.039619025,0.032021355,0.055638999,0.048654001,0.045405,0.025672
76,2009,0.075282238,0.11502649,0.13423799,0.16428664,0.16932626,0.13163373,0,0,1.0,0.0,0.0,1.0,0.0,0.0,-0.0012587305,0.050943423,0.060698729,0.039619025,0.017114,0.055638999,0.048654001,0.045405
76,2010,0.039744254,0.058955759,0.089004412,0.09404403,0.056351501,0.020404108,0,0,0.0,1.0,0.0,0.0,1.0,0.0,0.075282238,-0.0012587305,0.050943423,0.060698729,0.059384,0.017114,0.055638999,0.048654001
76,2011,0.019211503,0.049260154,0.054299772,0.016607244,-0.01934015,,0,0,0.0,0.0,1.0,0.0,0.0,1.0,0.039744254,0.075282238,-0.0012587305,0.050943423,0.065444998,0.059384,0.017114,0.055638999
76,2012,0.030048653,0.035088271,-0.0026042573,-0.038551651,,,0,0,0.0,0.0,0.0,0.0,0.0,0.0,0.019211503,0.039744254,0.075282238,-0.0012587305,0.074394003,0.065444998,0.059384,0.017114
76,2013,0.0050396179,-0.032652911,-0.068600304,,,,0,0,0.0,0.0,0.0,0.0,0.0,0.0,0.030048653,0.019211503,0.039744254,0.075282238,0.018828999,0.074394003,0.065444998,0.059384
124,1870,0.040072184,0.029545771,0.12533684,0.14909093,0.12533684,0.055656917,0,0,,,,,,,,,,,,,,
124,1871,-0.010526413,0.085264653,0.10901874,0.085264653,0.01558473,0.080445364,0,0,0.0,,,0.0,,,0.040072184,,,,0.030665001,,,
124,1872,0.095791064,0.11954515,0.095791057,0.026111133,0.090971768,0.051557798,0,0,0.0,0.0,,0.0,0.0,,-0.010526413,0.040072184,,,0.0385,0.030665001,,
124,1873,0.023754086,0.0,-0.069679923,-0.0048192888,-0.044233259,0.046956982,0,0,0.0,0.0,0.0,0.0,0.0,0.0,0.095791064,-0.010526413,0.040072184,,0.0043390002,0.0385,0.030665001,
124,1874,-0.023754086,-0.093434006,-0.028573371,-0.067987338,0.023202904,0.068053469,0,0,0.0,0.0,0.0,0.0,0.0,0.0,0.023754086,0.095791064,-0.010526413,0.040072184,0.057140999,0.0043390002,0.0385,0.030665001
124,1875,-0.069679923,-0.0048192888,-0.044233259,0.046956982,0.091807544,0.22314355,0,0,0.0,0.0,0.0,0.0,0.0,0.0,-0.023754086,0.023754086,0.095791064,-0.010526413,-0.010773,0.057140999,0.0043390002,0.0385
124,1876,0.064860635,0.025446665,0.1166369,0.16148746,0.29282346,0.33794391,0,0,0.0,0.0,0.0,0.0,0.0,0.0,-0.069679923,-0.023754086,0.023754086,0.095791064,0.041832,-0.010773,0.057140999,0.0043390002
124,1877,-0.03941397,0.051776271,0.096626833,0.22796284,0.27308327,0.27675301,0,0,0.0,0.0,0.0,0.0,0.0,0.0,0.064860635,-0.069679923,-0.023754086,0.023754086,-0.020195,0.041832,-0.010773,0.057140999
124,1878,0.091190241,0.13604081,0.26737681,0.31249726,0.316167,0.39367056,0,0,0.0,0.0,0.0,0.0,0.0,0.0,-0.03941397,0.064860635,-0.069679923,-0.023754086,0.041003998,-0.020195,0.041832,-0.010773
124,1879,0.044850565,0.17618656,0.22130699,0.22497672,0.30248028,0.23952243,0,0,0.0,0.0,0.0,0.0,0.0,0.0,0.091190241,-0.03941397,0.064860635,-0.069679923,-0.076144002,0.041003998,-0.020195,0.041832
124,1880,0.131336,0.17645644,0.18012616,0.25762972,0.19467187,0.20544396,0,0,0.0,0.0,0.0,0.0,0.0,0.0,0.044850565,0.091190241,-0.03941397,0.064860635,0.038631,-0.076144002,0.041003998,-0.020195
124,1881,0.045120437,0.048790164,0.12629372,0.063335866,0.07410796,0.10574505,0,0,0.0,0.0,0.0,0.0,0.0,0.0,0.131336,0.044850565,0.091190241,-0.03941397,0.00269,0.038631,-0.076144002,0.041003998
124,1882,0.003669729,0.081173293,0.01821544,0.028987538,0.060624622,0.13077024,0,0,0.0,0.0,0.0,0.0,0.0,0.0,0.045120437,0.131336,0.044850565,0.091190241,0.025477,0.00269,0.038631,-0.076144002
124,1883,0.077503562,0.014545709,0.025317807,0.05695489,0.1271005,0.13353139,0,0,0.0,0.0,0.0,0.0,0.0,0.0,0.003669729,0.045120437,0.131336,0.044850565,-0.015915001,0.025477,0.00269,0.038631
124,1884,-0.062957853,-0.052185755,-0.020548671,0.049596936,0.056027826,0.12715517,0,0,0.0,0.0,0.0,0.0,0.0,0.0,0.077503562,0.003669729,0.045120437,0.131336,0.008471,-0.015915001,0.025477,0.00269
124,1885,0.010772097,0.042409182,0.11255479,0.11898568,0.19011304,0.21371296,0,0,0.0,0.0,0.0,0.0,0.0,0.0,-0.062957853,0.077503562,0.003669729,0.045120437,0.033711001,0.008471,-0.015915001,0.025477
124,1886,0.031637084,0.10178269,0.10821359,0.17934093,0.20294085,0.19709288,0,0,0.0,0.0,0.0,0.0,0.0,0.0,0.010772097,-0.062957853,0.077503562,0.003669729,0.0076919999,0.033711001,0.008471,-0.015915001
124,1887,0.070145607,0.076576501,0.14770386,0.17130378,0.1654558,0.15957344,0,0,0.0,0.0,0.0,0.0,0.0,0.0,0.031637084,0.010772097,-0.062957853,0.077503562,-0.01232,0.0076919999,0.033711001,0.008471
124,1888,0.0064308904,0.077558234,0.10115815,0.095310181,0.089427814,0.13554549,0,0,0.0,0.0,0.0,0.0,0.0,0.0,0.070145607,0.031637084,0.010772097,-0.062957853,0.016734,-0.01232,0.0076919999,0.033711001
124,1889,0.071127348,0.094727263,0.088879295,0.082996927,0.12911461,0.11778305,0,0,0.0,0.0,0.0,0.0,0.0,0.0,0.0064308904,0.070145607,0.031637084,0.010772097,0.0072369999,0.016734,-0.01232,0.0076919999
124,1890,0.023599915,0.017751945,0.011869576,0.057987258,0.046655692,0.020680206,0,0,0.0,0.0,0.0,0.0,0.0,0.0,0.071127348,0.0064308904,0.070145607,0.031637084,0.00099500001,0.0072369999,0.016734,-0.01232
124,1891,-0.00584797,-0.011730339,0.034387343,0.023055777,-0.0029197093,0.099805757,0,0,0.0,0.0,0.0,0.0,0.0,0.0,0.023599915,0.071127348,0.0064308904,0.070145607,-0.020372,0.00099500001,0.0072369999,0.016734
124,1892,-0.0058823698,0.040235311,0.028903745,0.0029282589,0.10565373,0.14446835,0,0,0.0,0.0,0.0,0.0,0.0,0.0,-0.00584797,0.023599915,0.071127348,0.0064308904,0.023767,-0.020372,0.00099500001,0.0072369999
124,1893,0.046117682,0.034786116,0.0088106301,0.1115361,0.15035073,0.24010792,0,0,0.0,0.0,0.0,0.0,0.0,0.0,-0.0058823698,-0.00584797,0.023599915,0.071127348,0.015943,0.023767,-0.020372,0.00099500001
124,1894,-0.011331566,-0.037307054,0.065418415,0.10423304,0.19399023,0.24817969,0,0,0.0,0.0,0.0,0.0,0.0,0.0,0.046117682,-0.0058823698,-0.00584797,0.023599915,0.023695,0.015943,0.023767,-0.020372
124,1895,-0.025975486,0.07674998,0.11556461,0.2053218,0.25951126,0.33565789,0,0,0.0,0.0,0.0,0.0,0.0,0.0,-0.011331566,0.046117682,-0.0058823698,-0.00584797,0.022143001,0.023695,0.015943,0.023767
124,1896,0.10272547,0.1415401,0.23129728,0.28548676,0.36163342,0.45490485,0,0,0.0,0.0,0.0,0.0,0.0,0.0,-0.025975486,-0.011331566,0.046117682,-0.0058823698,0.0070509999,0.022143001,0.023695,0.015943
124,1897,0.03881463,0.12857182,0.18276128,0.25890791,0.35217935,0.38143188,0,0,0.0,0.0,0.0,0.0,0.0,0.0,0.10272547,-0.025975486,-0.011331566,0.046117682,-0.066359997,0.0070509999,0.022143001,0.023695
124,1898,0.089757189,0.14394665,0.22009329,0.31336474,0.34261727,0.3569288,0,0,0.0,0.0,0.0,0.0,0.0,0.0,0.03881463,0.10272547,-0.025975486,-0.011331566,0.00074500003,-0.066359997,0.0070509999,0.022143001
124,1899,0.054189458,0.13033611,0.22360754,0.25286007,0.26717159,0.37802321,0,0,0.0,0.0,0.0,0.0,0.0,0.0,0.089757189,0.03881463,0.10272547,-0.025975486,0.014611,0.00074500003,-0.066359997,0.0070509999
124,1900,0.076146647,0.1694181,0.19867064,0.21298215,0.32383376,0.41928846,0,0,0.0,0.0,0.0,0.0,0.0,0.0,0.054189458,0.089757189,0.03881463,0.10272547,-0.030158,0.014611,0.00074500003,-0.066359997
124,1901,0.093271442,0.12252399,0.1368355,0.24768713,0.34314182,0.3993364,0,0,0.0,0.0,0.0,0.0,0.0,0.0,0.076146647,0.054189458,0.089757189,0.03881463,-0.021645,-0.030158,0.014611,0.00074500003
124,1902,0.029252542,0.043564059,0.1544157,0.24987039,0.30606496,0.25706986,0,0,0.0,0.0,0.0,0.0,0.0,0.0,0.093271442,0.076146647,0.054189458,0.089757189,-0.012377,-0.021645,-0.030158,0.014611
124,1903,0.014311515,0.12516314,0.22061783,0.27681237,0.22781727,0.32872021,0,0,0.0,0.0,0.0,0.0,0.0,0.0,0.029252542,0.093271442,0.076146647,0.054189458,-0.049587999,-0.012377,-0.021645,-0.030158
124,1904,0.11085163,0.20630634,0.26250088,0.21350577,0.31440872,0.39654443,0,0,0.0,0.0,0.0,0.0,0.0,0.0,0.014311515,0.029252542,0.093271442,0.076146647,0.104363,-0.049587999,-0.012377,-0.021645
124,1905,0.0954547,0.15164927,0.10265416,0.20355712,0.28569281,0.35157451,0,0,0.0,0.0,0.0,0.0,0.0,0.0,0.11085163,0.014311515,0.029252542,0.093271442,-0.0083309999,0.104363,-0.049587999,-0.012377
124,1906,0.056194559,0.0071994551,0.10810241,0.19023812,0.25611982,0.32002896,0,0,0.0,0.0,0.0,0.0,0.0,0.0,0.0954547,0.11085163,0.014311515,0.029252542,0.016107,-0.0083309999,0.104363,-0.049587999
124,1907,-0.048995104,0.051907856,0.13404356,0.19992527,0.26383442,0.31197479,0,0,0.0,0.0,0.0,0.0,0.0,0.0,0.056194559,0.0954547,0.11085163,0.014311515,-0.044374,0.016107,-0.0083309999,0.104363
124,1908,0.10090296,0.18303865,0.24892035,0.31282949,0.36096987,,0,0,0.0,0.0,0.0,0.0,0.0,0.0,-0.048995104,0.056194559,0.0954547,0.11085163,-0.0048250002,-0.044374,0.016107,-0.0083309999
124,1909,0.0821357,0.14801741,0.21192653,0.26006693,,,0,0,0.0,0.0,0.0,0.0,0.0,0.0,0.10090296,-0.048995104,0.056194559,0.0954547,0.013434,-0.0048250002,-0.044374,0.016107
124,1910,0.065881707,0.12979084,0.17793122,,,,0,0,0.0,0.0,0.0,0.0,0.0,0.0,0.0821357,0.10090296,-0.048995104,0.056194559,0.015048,0.013434,-0.0048250002,-0.044374
124,1919,-0.011241815,-0.12543418,0.011116847,0.068721838,0.083788037,0.18755841,0,0,,,,,,,-0.079104178,,,,,,,
124,1920,-0.11419237,0.022358656,0.079963647,0.095029846,0.19880021,0.25131443,0,0,0.0,,,0.0,,,-0.011241815,-0.079104178,,,-0.017251,,,
124,1921,0.13655102,0.19415602,0.20922221,0.31299257,0.3655068,0.46001729,0,0,0.0,0.0,,0.0,0.0,,-0.11419237,-0.011241815,-0.079104178,,0.060249001,-0.017251,,
124,1922,0.057604991,0.07267119,0.17644155,0.22895576,0.32346627,0.40847564,0,0,0.0,0.0,0.0,0.0,0.0,0.0,0.13655102,-0.11419237,-0.011241815,-0.079104178,-0.040922001,0.060249001,-0.017251,
124,1923,0.015066198,0.11883657,0.17135078,0.26586127,0.35087064,0.34953374,0,0,0.0,0.0,0.0,0.0,0.0,0.0,0.057604991,0.13655102,-0.11419237,-0.011241815,-0.013952,-0.040922001,0.060249001,-0.017251
124,1924,0.10377037,0.15628459,0.2507951,0.33580446,0.33446756,0.30045068,0,0,0.0,0.0,0.0,0.0,0.0,0.0,0.015066198,0.057604991,0.13655102,-0.11419237,-0.029030001,-0.013952,-0.040922001,0.060249001
124,1925,0.052514214,0.14702472,0.23203409,0.23069718,0.19668031,0.029059842,0,0,0.0,0.0,0.0,0.0,0.0,0.0,0.10377037,0.015066198,0.057604991,0.13655102,-0.029848,-0.029030001,-0.013952,-0.040922001
124,1926,0.094510503,0.17951988,0.17818297,0.14416608,-0.023454383,-0.097310595,0,0,0.0,0.0,0.0,0.0,0.0,0.0,0.052514214,0.10377037,0.015066198,0.057604991,0.007218,-0.029848,-0.029030001,-0.013952
124,1927,0.085009374,0.083672479,0.049655594,-0.11796487,-0.19182108,-0.26586127,0,0,0.0,0.0,0.0,0.0,0.0,0.0,0.094510503,0.052514214,0.10377037,0.015066198,0.035286002,0.007218,-0.029848,-0.029030001
124,1928,-0.0013368985,-0.035353784,-0.20297424,-0.27683046,-0.35087067,-0.24988404,0,0,0.0,0.0,0.0,0.0,0.0,0.0,0.085009374,0.094510503,0.052514214,0.10377037,0.0052660001,0.035286002,0.007218,-0.029848
124,1929,-0.034016885,-0.20163736,-0.27549356,-0.34953377,-0.24854714,-0.1710145,0,0,0.0,0.0,0.0,0.0,0.0,0.0,-0.0013368985,0.085009374,0.094510503,0.052514214,0.025408,0.0052660001,0.035286002,0.007218
124,1930,-0.16762047,-0.24147668,-0.31551689,-0.21453026,-0.13699763,-0.084435299,0,1,0.0,0.0,0.0,0.0,0.0,0.0,-0.034016885,-0.0013368985,0.085009374,0.094510503,-0.024521001,0.025408,0.0052660001,0.035286002
124,1931,-0.073856212,-0.14789641,-0.046909772,0.030622862,0.083185196,0.1731416,0,1,0.0,0.0,0.0,1.0,0.0,0.0,-0.16762047,-0.034016885,-0.0013368985,0.085009374,0.059032999,-0.024521001,0.025408,0.0052660001
124,1932,-0.074040204,0.026946433,0.10447907,0.1570414,0.2469978,0.27281436,0,0,0.0,0.0,0.0,1.0,1.0,0.0,-0.073856212,-0.16762047,-0.034016885,-0.0013368985,0.041886002,0.059032999,-0.024521001,0.025408
124,1933,0.10098664,0.17851928,0.2310816,0.32103801,0.34685457,,0,0,0.0,0.0,0.0,0.0,1.0,1.0,-0.074040204,-0.073856212,-0.16762047,-0.034016885,0.016938001,0.041886002,0.059032999,-0.024521001
124,1934,0.077532634,0.13009496,0.22005138,0.24586795,,,0,0,0.0,0.0,0.0,0.0,0.0,1.0,0.10098664,-0.074040204,-0.073856212,-0.16762047,-0.073707998,0.016938001,0.041886002,0.059032999
124,1935,0.05256233,0.14251874,0.16833532,,,,0,0,0.0,0.0,0.0,0.0,0.0,0.0,0.077532634,0.10098664,-0.074040204,-0.073856212,-0.044107001,-0.073707998,0.016938001,0.041886002
124,1946,0.043306898,0.061468665,0.082982846,0.1541484,0.20932961,0.27957165,0,0,,,,,,,-0.010313459,,,,,,,
124,1947,0.018161766,0.039675951,0.11084151,0.16602272,0.23626475,0.28193569,0,0,0.0,,,0.0,,,0.043306898,-0.010313459,,,0.017565001,,,
124,1948,0.021514183,0.092679746,0.14786096,0.21810299,0.26377395,0.25683737,0,0,0.0,0.0,,0.0,0.0,,0.018161766,0.043306898,-0.010313459,,-0.012647,0.017565001,,
124,1949,0.071165562,0.12634677,0.1965888,0.24225976,0.23532316,0.32460433,0,0,0.0,0.0,0.0,0.0,0.0,0.0,0.021514183,0.018161766,0.043306898,-0.010313459,-3.7000002e-05,-0.012647,0.017565001,
124,1950,0.055181209,0.12542324,0.17109419,0.1641576,0.25343877,0.33123189,0,0,0.0,0.0,0.0,0.0,0.0,0.0,0.071165562,0.021514183,0.018161766,0.043306898,0.013051,-3.7000002e-05,-0.012647,0.017565001
124,1951,0.070242032,0.11591299,0.10897639,0.19825758,0.27605072,0.30459565,0,0,0.0,0.0,0.0,0.0,0.0,0.0,0.055181209,0.071165562,0.021514183,0.018161766,-0.013858,0.013051,-3.7000002e-05,-0.012647
124,1952,0.045670953,0.038734358,0.12801555,0.20580867,0.2343536,0.25208452,0,0,0.0,0.0,0.0,0.0,0.0,0.0,0.070242032,0.055181209,0.071165562,0.021514183,-0.003156,-0.013858,0.013051,-3.7000002e-05
124,1953,-0.0069365948,0.082344592,0.16013771,0.18868265,0.20641357,0.24615143,0,0,0.0,0.0,0.0,0.0,0.0,0.0,0.045670953,0.070242032,0.055181209,0.071165562,0.018224999,-0.003156,-0.013858,0.013051
124,1954,0.089281186,0.16707432,0.19561926,0.21335018,0.25308803,0.28368703,0,0,0.0,0.0,0.0,0.0,0.0,0.0,-0.0069365948,0.045670953,0.070242032,0.055181209,0.0025450001,0.018224999,-0.003156,-0.013858
124,1955,0.077793129,0.10633805,0.12406898,0.16380684,0.19440584,0.22603875,0,0,0.0,0.0,0.0,0.0,0.0,0.0,0.089281186,-0.0069365948,0.045670953,0.070242032,0.013329,0.0025450001,0.018224999,-0.003156
124,1956,0.028544927,0.04627585,0.086013712,0.11661272,0.14824563,0.21941343,0,0,0.0,0.0,0.0,0.0,0.0,0.0,0.077793129,0.089281186,-0.0069365948,0.045670953,-0.0069109998,0.013329,0.0025450001,0.018224999
124,1957,0.017730923,0.057468787,0.088067792,0.11970071,0.1908685,0.24268626,0,0,0.0,0.0,0.0,0.0,0.0,0.0,0.028544927,0.077793129,0.089281186,-0.0069365948,-0.004679,-0.0069109998,0.013329,0.0025450001
124,1958,0.039737862,0.070336863,0.10196978,0.17313758,0.22495534,0.2919499,0,0,0.0,0.0,0.0,0.0,0.0,0.0,0.017730923,0.028544927,0.077793129,0.089281186,-0.0027300001,-0.004679,-0.0069109998,0.013329
124,1959,0.030599004,0.062231921,0.13339972,0.18521748,0.25221205,0.3185775,0,0,0.0,0.0,0.0,0.0,0.0,0.0,0.039737862,0.017730923,0.028544927,0.077793129,0.012544,-0.0027300001,-0.004679,-0.0069109998
124,1960,0.031632915,0.10280071,0.15461847,0.22161305,0.2879785,0.35382816,0,0,0.0,0.0,0.0,0.0,0.0,0.0,0.030599004,0.039737862,0.017730923,0.028544927,0.004739,0.012544,-0.0027300001,-0.004679
124,1961,0.071167797,0.12298556,0.18998012,0.25634557,0.32219523,0.35134834,0,0,0.0,0.0,0.0,0.0,0.0,0.0,0.031632915,0.030599004,0.039737862,0.017730923,0.048675999,0.004739,0.012544,-0.0027300001
124,1962,0.05181776,0.11881233,0.18517777,0.25102744,0.28018054,0.33313397,0,0,0.0,0.0,0.0,0.0,0.0,0.0,0.071167797,0.031632915,0.030599004,0.039737862,0.01243,0.048675999,0.004739,0.012544
124,1963,0.06699457,0.13336003,0.19920969,0.2283628,0.28131622,0.33391622,0,0,0.0,0.0,0.0,0.0,0.0,0.0,0.05181776,0.071167797,0.031632915,0.030599004,0.024259999,0.01243,0.048675999,0.004739
124,1964,0.066365451,0.13221511,0.16136822,0.21432164,0.26692164,0.29947779,0,0,0.0,0.0,0.0,0.0,0.0,0.0,0.06699457,0.05181776,0.071167797,0.031632915,0.015726,0.024259999,0.01243,0.048675999
124,1965,0.065849654,0.095002756,0.14795618,0.20055619,0.23311232,0.27428889,0,0,0.0,0.0,0.0,0.0,0.0,0.0,0.066365451,0.06699457,0.05181776,0.071167797,0.030588999,0.015726,0.024259999,0.01243
124,1966,0.029153103,0.082106523,0.13470653,0.16726266,0.20843923,0.26289779,0,0,0.0,0.0,0.0,0.0,0.0,0.0,0.065849654,0.066365451,0.06699457,0.05181776,-0.012184,0.030588999,0.015726,0.024259999
124,1967,0.052953418,0.10555343,0.13810956,0.17928614,0.2337447,0.30338672,0,0,0.0,0.0,0.0,0.0,0.0,0.0,0.029153103,0.065849654,0.066365451,0.06699457,0.012485,-0.012184,0.030588999,0.015726
124,1968,0.052600008,0.085156143,0.12633272,0.18079127,0.2504333,0.28734317,0,0,0.0,0.0,0.0,0.0,0.0,0.0,0.052953418,0.029153103,0.065849654,0.066365451,0.0083269998,0.012485,-0.012184,0.030588999
124,1969,0.032556135,0.073732711,0.12819126,0.1978333,0.23474318,0.2529729,0,0,0.0,0.0,0.0,0.0,0.0,0.0,0.052600008,0.052953418,0.029153103,0.065849654,0.010248,0.0083269998,0.012485,-0.012184
124,1970,0.041176576,0.095635131,0.16527715,0.20218703,0.22041675,0.2724098,0,0,0.0,0.0,0.0,0.0,0.0,0.0,0.032556135,0.052600008,0.052953418,0.029153103,-0.00044599999,0.010248,0.0083269998,0.012485
124,1971,0.054458555,0.12410058,0.16101046,0.1792402,0.23123322,0.26581553,0,0,0.0,0.0,0.0,0.0,0.0,0.0,0.041176576,0.032556135,0.052600008,0.052953418,0.027891999,-0.00044599999,0.010248,0.0083269998
124,1972,0.06964203,0.1065519,0.12478163,0.17677465,0.21135695,0.25089288,0,0,0.0,0.0,0.0,0.0,0.0,0.0,0.054458555,0.041176576,0.032556135,0.052600008,0.035897002,0.027891999,-0.00044599999,0.010248
124,1973,0.036909875,0.055139605,0.10713263,0.14171493,0.18125084,0.21930006,0,0,0.0,0.0,0.0,0.0,0.0,0.0,0.06964203,0.054458555,0.041176576,0.032556135,0.035415001,0.035897002,0.027891999,-0.00044599999
124,1974,0.01822973,0.070222758,0.10480507,0.14434098,0.18239021,0.20401639,0,1,0.0,0.0,0.0,0.0,0.0,0.0,0.036909875,0.06964203,0.054458555,0.041176576,0.012043,0.035415001,0.035897002,0.027891999
124,1975,0.051993027,0.086575329,0.12611124,0.16416046,0.18578663,0.22081783,0,0,0.0,0.0,0.0,1.0,0.0,0.0,0.01822973,0.036909875,0.06964203,0.054458555,0.026533,0.012043,0.035415001,0.035897002
124,1976,0.034582306,0.074118219,0.11216745,0.13379362,0.16882482,0.13680458,0,0,0.0,0.0,0.0,0.0,1.0,0.0,0.051993027,0.01822973,0.036909875,0.06964203,0.025102001,0.026533,0.012043,0.035415001
124,1977,0.039535914,0.077585146,0.099211313,0.1342425,0.10222226,0.12820798,0,0,0.0,0.0,0.0,0.0,0.0,1.0,0.034582306,0.051993027,0.01822973,0.036909875,0.032719001,0.025102001,0.026533,0.012043
124,1978,0.038049228,0.059675395,0.094706595,0.062686346,0.088672072,0.14792557,0,0,0.0,0.0,0.0,0.0,0.0,0.0,0.039535914,0.034582306,0.051993027,0.01822973,0.037776999,0.032719001,0.025102001,0.026533
124,1979,0.021626169,0.056657366,0.024637118,0.050622843,0.10987635,0.15721717,0,0,0.0,0.0,0.0,0.0,0.0,0.0,0.038049228,0.039535914,0.034582306,0.051993027,0.036231,0.037776999,0.032719001,0.025102001
124,1980,0.035031196,0.0030109473,0.028996674,0.088250175,0.135591,0.15720916,0,0,0.0,0.0,0.0,0.0,0.0,0.0,0.021626169,0.038049228,0.039535914,0.034582306,0.021718999,0.036231,0.037776999,0.032719001
124,1981,-0.032020248,-0.0060345214,0.053218983,0.10055981,0.12217797,0.16314262,0,0,0.0,0.0,0.0,0.0,0.0,0.0,0.035031196,0.021626169,0.038049228,0.039535914,0.046083,0.021718999,0.036231,0.037776999
124,1982,0.025985727,0.085239232,0.13258006,0.15419821,0.19516286,0.23945688,0,0,0.0,0.0,0.0,0.0,0.0,0.0,-0.032020248,0.035031196,0.021626169,0.038049228,-0.038038999,0.046083,0.021718999,0.036231
124,1983,0.059253503,0.10659432,0.12821248,0.16917713,0.21347114,0.23671088,0,0,0.0,0.0,0.0,0.0,0.0,0.0,0.025985727,-0.032020248,0.035031196,0.021626169,-0.051548,-0.038038999,0.046083,0.021718999
124,1984,0.047340825,0.068958983,0.10992363,0.15421765,0.17745739,0.17900085,0,0,0.0,0.0,0.0,0.0,0.0,0.0,0.059253503,0.025985727,-0.032020248,0.035031196,0.00082299998,-0.051548,-0.038038999,0.046083
124,1985,0.021618156,0.062582806,0.10687682,0.13011655,0.13166001,0.11040309,0,0,0.0,0.0,0.0,0.0,0.0,0.0,0.047340825,0.059253503,0.025985727,-0.032020248,0.0092270002,0.00082299998,-0.051548,-0.038038999
124,1986,0.040964648,0.085258663,0.1084984,0.11004186,0.088784941,0.097614698,0,0,0.0,0.0,0.0,0.0,0.0,0.0,0.021618156,0.047340825,0.059253503,0.025985727,-0.001578,0.0092270002,0.00082299998,-0.051548
124,1987,0.044294011,0.067533746,0.069077209,0.047820285,0.056650046,0.083202407,0,0,0.0,0.0,0.0,0.0,0.0,0.0,0.040964648,0.021618156,0.047340825,0.059253503,0.012861,-0.001578,0.0092270002,0.00082299998
124,1988,0.023239739,0.0247832,0.0035262778,0.012356038,0.038908396,0.083843142,0,0,0.0,0.0,0.0,0.0,0.0,0.0,0.044294011,0.040964648,0.021618156,0.047340825,0.023231,0.012861,-0.001578,0.0092270002
124,1989,0.0015434603,-0.019713461,-0.010883701,0.015668657,0.060603403,0.087380484,0,0,0.0,0.0,0.0,0.0,0.0,0.0,0.023239739,0.044294011,0.040964648,0.021618156,0.033337999,0.023231,0.012861,-0.001578
124,1990,-0.021256922,-0.012427161,0.014125195,0.05905994,0.085837021,0.1019475,0,0,0.0,0.0,0.0,0.0,0.0,0.0,0.0015434603,0.023239739,0.044294011,0.040964648,0.025012,0.033337999,0.023231,0.012861
124,1991,0.0088297604,0.035382118,0.080316864,0.10709395,0.12320442,0.16600254,0,0,0.0,0.0,0.0,0.0,0.0,0.0,-0.021256922,0.0015434603,0.023239739,0.044294011,0.032195002,0.025012,0.033337999,0.023231
124,1992,0.026552357,0.071487099,0.09826418,0.11437466,0.15717278,0.19599038,0,0,0.0,0.0,0.0,0.0,0.0,0.0,0.0088297604,-0.021256922,0.0015434603,0.023239739,0.017979,0.032195002,0.025012,0.033337999
124,1993,0.044934746,0.071711831,0.087822311,0.13062043,0.16943803,0.22107014,0,0,0.0,0.0,0.0,0.0,0.0,0.0,0.026552357,0.0088297604,-0.021256922,0.0015434603,-0.001312,0.017979,0.032195002,0.025012
124,1994,0.026777083,0.042887561,0.085685685,0.12450328,0.17613539,0.22796229,0,0,0.0,0.0,0.0,0.0,0.0,0.0,0.044934746,0.026552357,0.0088297604,-0.021256922,-0.015986999,-0.001312,0.017979,0.032195002
124,1995,0.01611048,0.058908604,0.097726196,0.1493583,0.2011852,0.21889338,0,0,0.0,0.0,0.0,0.0,0.0,0.0,0.026777083,0.044934746,0.026552357,0.0088297604,-0.033128999,-0.015986999,-0.001312,0.017979
124,1996,0.042798124,0.081615716,0.13324782,0.18507472,0.2027829,0.23288307,0,0,0.0,0.0,0.0,0.0,0.0,0.0,0.01611048,0.026777083,0.044934746,0.026552357,0.008169,-0.033128999,-0.015986999,-0.001312
124,1997,0.038817592,0.090449706,0.14227661,0.1599848,0.19008496,0.20810769,0,0,0.0,0.0,0.0,0.0,0.0,0.0,0.042798124,0.01611048,0.026777083,0.044934746,-0.00082299998,0.008169,-0.033128999,-0.015986999
124,1998,0.05163211,0.10345902,0.12116721,0.15126736,0.1692901,0.20014971,0,0,0.0,0.0,0.0,0.0,0.0,0.0,0.038817592,0.042798124,0.01611048,0.026777083,0.024594,-0.00082299998,0.008169,-0.033128999
124,1999,0.051826902,0.069535092,0.099635251,0.11765798,0.14851759,0.18053141,0,0,0.0,0.0,0.0,0.0,0.0,0.0,0.05163211,0.038817592,0.042798124,0.01611048,-0.044872999,0.024594,-0.00082299998,0.008169
124,2000,0.01770819,0.047808349,0.06583108,0.096690692,0.12870452,0.15493864,0,0,0.0,0.0,0.0,0.0,0.0,0.0,0.051826902,0.05163211,0.038817592,0.042798124,-0.037106,-0.044872999,0.024594,-0.00082299998
124,2001,0.030100161,0.048122894,0.078982502,0.11099632,0.13723044,0.15785792,0,1,0.0,0.0,0.0,0.0,0.0,0.0,0.01770819,0.051826902,0.05163211,0.038817592,0.012427,-0.037106,-0.044872999,0.024594
124,2002,0.018022733,0.048882343,0.080896169,0.1071303,0.12775777,0.13776138,0,1,0.0,0.0,0.0,1.0,0.0,0.0,0.030100161,0.01770819,0.051826902,0.05163211,0.00058599998,0.012427,-0.037106,-0.044872999
124,2003,0.030859612,0.062873438,0.089107566,0.10973504,0.11973865,0.090242773,0,0,0.0,0.0,0.0,1.0,1.0,0.0,0.018022733,0.030100161,0.01770819,0.051826902,-0.0064340001,0.00058599998,0.012427,-0.037106
124,2004,0.032013822,0.058247946,0.078875422,0.088879034,0.059383158,0.090218298,0,0,0.0,0.0,0.0,0.0,1.0,1.0,0.030859612,0.018022733,0.030100161,0.01770819,0.013571,-0.0064340001,0.00058599998,0.012427
124,2005,0.026234126,0.046861604,0.056865215,0.027369339,0.05820448,0.089616671,0,0,0.0,0.0,0.0,0.0,0.0,1.0,0.032013822,0.030859612,0.018022733,0.030100161,0.015137,0.013571,-0.0064340001,0.00058599998
124,2006,0.020627476,0.030631086,0.0011352096,0.031970352,0.063382536,0.080837257,0,0,0.0,0.0,0.0,0.0,0.0,0.0,0.026234126,0.032013822,0.030859612,0.018022733,0.021204,0.015137,0.013571,-0.0064340001
124,2007,0.01000361,-0.019492267,0.011342876,0.042755064,0.060209788,0.084959805,0,0,0.0,0.0,0.0,0.0,0.0,0.0,0.020627476,0.026234126,0.032013822,0.030859612,0.030384,0.021204,0.015137,0.013571
124,2008,-0.029495876,0.0013392661,0.032751456,0.050206177,0.074956194,0.10060918,1,0,0.0,0.0,0.0,0.0,0.0,0.0,0.01000361,0.020627476,0.026234126,0.032013822,0.029736999,0.030384,0.021204,0.015137
124,2009,0.030835142,0.062247328,0.079702049,0.10445207,0.13010506,0.13952182,0,0,1.0,0.0,0.0,0.0,0.0,0.0,-0.029495876,0.01000361,0.020627476,0.026234126,0.055039998,0.029736999,0.030384,0.021204
124,2010,0.031412188,0.048866913,0.073616929,0.099269927,0.10868669,0.12336416,0,0,0.0,1.0,0.0,0.0,0.0,0.0,0.030835142,-0.029495876,0.01000361,0.020627476,0.0067719999,0.055039998,0.029736999,0.030384
124,2011,0.017454723,0.042204741,0.067857735,0.077274494,0.091951966,,0,0,0.0,0.0,1.0,0.0,0.0,0.0,0.031412188,0.030835142,-0.029495876,0.01000361,0.028545,0.0067719999,0.055039998,0.029736999
124,2012,0.024750018,0.050403014,0.059819773,0.074497245,,,0,0,0.0,0.0,0.0,0.0,0.0,0.0,0.017454723,0.031412188,0.030835142,-0.029495876,0.035106,0.028545,0.0067719999,0.055039998
124,2013,0.025652993,0.035069752,0.049747221,,,,0,0,0.0,0.0,0.0,0.0,0.0,0.0,0.024750018,0.017454723,0.031412188,0.030835142,0.002965,0.035106,0.028545,0.0067719999
152,1895,0.005620609,-0.016782932,0.097628519,0.10385395,0.077900223,0.102633,0,0,0.0,0.0,0.0,,,,0.06782832,-0.016594356,0.048481658,-0.020200757,,,,
152,1896,-0.02240354,0.092007913,0.098233342,0.072279617,0.097012386,0.1397644,0,0,0.0,0.0,0.0,0.0,,,0.005620609,0.06782832,-0.016594356,0.048481658,,,,
152,1897,0.11441145,0.12063688,0.094683155,0.11941592,0.16216794,0.10432978,0,0,0.0,0.0,0.0,0.0,0.0,,-0.02240354,0.005620609,0.06782832,-0.016594356,,,,
152,1898,0.0062254281,-0.019728297,0.0050044749,0.047756478,-0.010081675,0.068633169,0,0,0.0,0.0,0.0,0.0,0.0,0.0,0.11441145,-0.02240354,0.005620609,0.06782832,,,,
152,1899,-0.025953725,-0.0012209527,0.041531052,-0.016307101,0.062407739,0.0613948,0,0,0.0,0.0,0.0,0.0,0.0,0.0,0.0062254281,0.11441145,-0.02240354,0.005620609,,,,
152,1900,0.024732772,0.067484781,0.0096466281,0.088361472,0.087348536,0.16261759,0,0,0.0,0.0,0.0,0.0,0.0,0.0,-0.025953725,0.0062254281,0.11441145,-0.02240354,,,,
152,1901,0.042752005,-0.015086148,0.063628688,0.062615752,0.13788481,0.1894047,0,0,0.0,0.0,0.0,0.0,0.0,0.0,0.024732772,-0.025953725,0.0062254281,0.11441145,,,,
152,1927,0.20290062,0.25389165,0.07941559,-0.15907082,-0.32753116,-0.118689,0,0,,,,0.0,0.0,0.0,-0.018306524,-0.086971425,0.042615552,0.072682418,-0.005376,0.014416,-0.032912001,-0.018792
152,1928,0.050991021,-0.12348504,-0.36197144,-0.53043181,-0.32158965,-0.1332664,0,0,0.0,,,0.0,0.0,0.0,0.20290062,-0.018306524,-0.086971425,0.042615552,-0.027946001,-0.005376,0.014416,-0.032912001
152,1929,-0.17447606,-0.41296247,-0.58142281,-0.37258065,-0.1842574,-0.12830089,0,0,0.0,0.0,,0.0,0.0,0.0,0.050991021,0.20290062,-0.018306524,-0.086971425,-0.0081059998,-0.027946001,-0.005376,0.014416
152,1930,-0.23848641,-0.40694678,-0.19810462,-0.0097813755,0.046175137,0.094155483,0,1,0.0,0.0,0.0,0.0,0.0,0.0,-0.17447606,0.050991021,0.20290062,-0.018306524,0.036644999,-0.0081059998,-0.027946001,-0.005376
152,1931,-0.16846035,0.040381804,0.22870505,0.28466156,0.3326419,0.46105248,1,0,0.0,0.0,0.0,1.0,0.0,0.0,-0.23848641,-0.17447606,0.050991021,0.20290062,-0.001519,0.036644999,-0.0081059998,-0.027946001
152,1932,0.20884216,0.39716542,0.45312193,0.50110227,0.62951285,0.64095378,0,0,1.0,0.0,0.0,0.0,1.0,0.0,-0.16846035,-0.23848641,-0.17447606,0.050991021,-0.0085589997,-0.001519,0.036644999,-0.0081059998
152,1933,0.18832324,0.24427976,0.29226011,0.42067069,0.43211162,,0,0,0.0,1.0,0.0,0.0,0.0,1.0,0.20884216,-0.16846035,-0.23848641,-0.17447606,-0.025942,-0.0085589997,-0.001519,0.036644999
152,1934,0.055956513,0.10393686,0.23234743,0.24378836,,,0,0,0.0,0.0,1.0,0.0,0.0,0.0,0.18832324,0.20884216,-0.16846035,-0.23848641,0.0039229998,-0.025942,-0.0085589997,-0.001519
152,1935,0.047980346,0.17639092,0.18783185,,,,0,0,0.0,0.0,0.0,0.0,0.0,0.0,0.055956513,0.18832324,0.20884216,-0.16846035,0.009606,0.0039229998,-0.025942,-0.0085589997
152,1946,-0.11420038,0.039699242,0.017898938,0.065981358,0.10863884,0.17105864,0,0,,,,,,,0.08214771,,,,,,,
152,1947,0.15389962,0.13209932,0.18018174,0.22283922,0.28525901,0.35790473,0,0,0.0,,,0.0,,,-0.11420038,0.08214771,,,0.0036180001,,,
152,1948,-0.021800304,0.026282115,0.068939589,0.1313594,0.20400512,0.17111704,0,0,0.0,0.0,,0.0,0.0,,0.15389962,-0.11420038,0.08214771,,-0.004586,0.0036180001,,
152,1949,0.048082419,0.090739891,0.15315969,0.22580542,0.19291733,0.22984233,0,0,0.0,0.0,0.0,0.0,0.0,0.0,-0.021800304,0.15389962,-0.11420038,0.08214771,0.0067340001,-0.004586,0.0036180001,
152,1950,0.042657476,0.10507728,0.17772301,0.14483492,0.18175992,0.19843286,0,0,0.0,0.0,0.0,0.0,0.0,0.0,0.048082419,-0.021800304,0.15389962,-0.11420038,-0.021423001,0.0067340001,-0.004586,0.0036180001
152,1951,0.062419802,0.13506553,0.10217744,0.13910244,0.15577538,0.25349465,0,0,0.0,0.0,0.0,0.0,0.0,0.0,0.042657476,0.048082419,-0.021800304,0.15389962,-0.0056409999,-0.021423001,0.0067340001,-0.004586
152,1952,0.072645724,0.039757639,0.076682642,0.093355581,0.19107485,0.24452496,0,0,0.0,0.0,0.0,0.0,0.0,0.0,0.062419802,0.042657476,0.048082419,-0.021800304,-0.013322,-0.0056409999,-0.021423001,0.0067340001
152,1953,-0.032888085,0.0040369183,0.020709859,0.11842912,0.17187923,0.11357638,0,0,0.0,0.0,0.0,0.0,0.0,0.0,0.072645724,0.062419802,0.042657476,0.048082419,0.018273,-0.013322,-0.0056409999,-0.021423001
152,1954,0.036925003,0.053597942,0.15131721,0.20476732,0.14646447,0.22615427,0,0,0.0,0.0,0.0,0.0,0.0,0.0,-0.032888085,0.072645724,0.062419802,0.042657476,-0.02458,0.018273,-0.013322,-0.0056409999
152,1955,0.016672941,0.1143922,0.16784231,0.10953946,0.18922925,0.24168196,0,0,0.0,0.0,0.0,0.0,0.0,0.0,0.036925003,-0.032888085,0.072645724,0.062419802,-0.023143999,-0.02458,0.018273,-0.013322
152,1956,0.09771926,0.15116937,0.092866525,0.17255631,0.22500902,0.2652759,0,1,0.0,0.0,0.0,0.0,0.0,0.0,0.016672941,0.036925003,-0.032888085,0.072645724,-0.008928,-0.023143999,-0.02458,0.018273
152,1957,0.053450111,-0.0048527345,0.074837059,0.12728977,0.16755663,0.22595803,0,0,0.0,0.0,0.0,1.0,0.0,0.0,0.09771926,0.016672941,0.036925003,-0.032888085,0.002296,-0.008928,-0.023143999,-0.02458
152,1958,-0.058302846,0.021386947,0.073839664,0.11410652,0.17250793,0.19808014,0,0,0.0,0.0,0.0,0.0,1.0,0.0,0.053450111,0.09771926,0.016672941,0.036925003,-0.0052200002,0.002296,-0.008928,-0.023143999
152,1959,0.079689793,0.13214251,0.17240937,0.23081078,0.25638297,0.26588571,0,0,0.0,0.0,0.0,0.0,0.0,1.0,-0.058302846,0.053450111,0.09771926,0.016672941,0.025527,-0.0052200002,0.002296,-0.008928
152,1960,0.052452717,0.09271957,0.15112098,0.17669319,0.18619591,0.29855832,0,0,0.0,0.0,0.0,0.0,0.0,0.0,0.079689793,-0.058302846,0.053450111,0.09771926,0.0099250004,0.025527,-0.0052200002,0.002296
152,1961,0.040266857,0.098668262,0.12424047,0.1337432,0.24610561,0.2822656,0,0,0.0,0.0,0.0,0.0,0.0,0.0,0.052452717,0.079689793,-0.058302846,0.053450111,0.015436,0.0099250004,0.025527,-0.0052200002
152,1962,0.058401402,0.083973609,0.093476333,0.20583875,0.24199876,0.27791891,0,0,0.0,0.0,0.0,0.0,0.0,0.0,0.040266857,0.052452717,0.079689793,-0.058302846,0.012187,0.015436,0.0099250004,0.025527
152,1963,0.025572205,0.035074931,0.14743735,0.18359736,0.21951748,0.2588973,0,0,0.0,0.0,0.0,0.0,0.0,0.0,0.058401402,0.040266857,0.052452717,0.079689793,-0.025141001,0.012187,0.015436,0.0099250004
152,1964,0.0095027247,0.12186515,0.15802515,0.19394527,0.23332511,0.25161478,1,0,0.0,0.0,0.0,0.0,0.0,0.0,0.025572205,0.058401402,0.040266857,0.052452717,-0.007187,-0.025141001,0.012187,0.015436
152,1965,0.11236242,0.14852242,0.18444255,0.22382239,0.24211206,0.33633894,0,1,1.0,0.0,0.0,0.0,0.0,0.0,0.0095027247,0.025572205,0.058401402,0.040266857,-0.004431,-0.007187,-0.025141001,0.012187
152,1966,0.03616,0.072080135,0.11145997,0.12974964,0.22397651,0.21377704,0,0,0.0,1.0,0.0,1.0,0.0,0.0,0.11236242,0.0095027247,0.025572205,0.058401402,-0.0093160002,-0.004431,-0.007187,-0.025141001
152,1967,0.035920132,0.075299963,0.093589634,0.1878165,0.17761703,0.12732455,0,0,0.0,0.0,1.0,0.0,1.0,0.0,0.03616,0.11236242,0.0095027247,0.025572205,2.9999999e-05,-0.0093160002,-0.004431,-0.007187
152,1968,0.039379831,0.057669502,0.15189637,0.1416969,0.091404423,0.11522591,0,0,0.0,0.0,0.0,0.0,0.0,1.0,0.035920132,0.03616,0.11236242,0.0095027247,-0.001806,2.9999999e-05,-0.0093160002,-0.004431
152,1969,0.01828967,0.11251654,0.10231706,0.052024577,0.075846069,-0.053274937,0,0,0.0,0.0,0.0,0.0,0.0,0.0,0.039379831,0.035920132,0.03616,0.11236242,-0.011058,-0.001806,2.9999999e-05,-0.0093160002
152,1970,0.094226867,0.084027387,0.033734906,0.057556398,-0.071564607,-0.033238769,1,1,0.0,0.0,0.0,0.0,0.0,0.0,0.01828967,0.039379831,0.035920132,0.03616,-0.0056619998,-0.011058,-0.001806,2.9999999e-05
152,1971,-0.010199478,-0.060491957,-0.036670465,-0.16579147,-0.12746564,-0.023018777,0,0,1.0,0.0,0.0,1.0,0.0,0.0,0.094226867,0.01828967,0.039379831,0.035920132,0.010187,-0.0056619998,-0.011058,-0.001806
152,1972,-0.050292481,-0.026470989,-0.15559199,-0.11726616,-0.012819298,0.064191736,1,1,0.0,1.0,0.0,0.0,1.0,0.0,-0.010199478,0.094226867,0.01828967,0.039379831,0.0036319999,0.010187,-0.0056619998,-0.011058
152,1973,0.023821492,-0.10529952,-0.066973679,0.037473179,0.11448421,0.19866726,0,0,1.0,0.0,1.0,1.0,0.0,1.0,-0.050292481,-0.010199478,0.094226867,0.01828967,-0.044188999,0.0036319999,0.010187,-0.0056619998
152,1974,-0.12912101,-0.090795167,0.013651691,0.090662725,0.17484577,0.25471199,0,0,0.0,1.0,0.0,0.0,1.0,0.0,0.023821492,-0.050292481,-0.010199478,0.094226867,0.012796,-0.044188999,0.0036319999,0.010187
152,1975,0.038325839,0.1427727,0.21978374,0.30396679,0.38383299,0.4490867,0,0,0.0,0.0,1.0,0.0,0.0,1.0,-0.12912101,0.023821492,-0.050292481,-0.010199478,0.023305999,0.012796,-0.044188999,0.0036319999
152,1976,0.10444686,0.18145789,0.26564094,0.34550714,0.41076085,0.30061781,0,0,0.0,0.0,0.0,0.0,0.0,0.0,0.038325839,-0.12912101,0.023821492,-0.050292481,0.015312,0.023305999,0.012796,-0.044188999
152,1977,0.077011034,0.16119409,0.24106029,0.30631399,0.19617094,0.14599673,0,0,0.0,0.0,0.0,0.0,0.0,0.0,0.10444686,0.038325839,-0.12912101,0.023821492,0.070629999,0.015312,0.023305999,0.012796
152,1978,0.084183045,0.16404925,0.22930296,0.11915991,0.068985701,0.11002253,0,0,0.0,0.0,0.0,0.0,0.0,0.0,0.077011034,0.10444686,0.038325839,-0.12912101,0.062151,0.070629999,0.015312,0.023305999
152,1979,0.079866208,0.14511991,0.034976855,-0.015197348,0.025839485,0.065938652,0,0,0.0,0.0,0.0,0.0,0.0,0.0,0.084183045,0.077011034,0.10444686,0.038325839,0.025474001,0.062151,0.070629999,0.015312
152,1980,0.065253705,-0.044889346,-0.095063552,-0.054026719,-0.013927557,0.039849367,0,0,0.0,0.0,0.0,0.0,0.0,0.0,0.079866208,0.084183045,0.077011034,0.10444686,0.095582001,0.025474001,0.062151,0.070629999
152,1981,-0.11014305,-0.16031726,-0.11928043,-0.079181269,-0.025404345,0.039200339,0,1,0.0,0.0,0.0,0.0,0.0,0.0,0.065253705,0.079866208,0.084183045,0.077011034,0.062192,0.095582001,0.025474001,0.062151
152,1982,-0.050174203,-0.0091373697,0.030961793,0.084738716,0.1493434,0.2227945,1,0,0.0,0.0,0.0,1.0,0.0,0.0,-0.11014305,0.065253705,0.079866208,0.084183045,0.29166701,0.062192,0.095582001,0.025474001
152,1983,0.041036833,0.081135996,0.13491292,0.19951761,0.27296871,0.37220255,0,0,1.0,0.0,0.0,0.0,1.0,0.0,-0.050174203,-0.11014305,0.065253705,0.079866208,-0.095829003,0.29166701,0.062192,0.095582001
152,1984,0.040099163,0.093876086,0.15848076,0.23193187,0.3311657,0.36450136,0,0,0.0,1.0,0.0,0.0,0.0,1.0,0.041036833,-0.050174203,-0.11014305,0.065253705,0.018619001,-0.095829003,0.29166701,0.062192
152,1985,0.053776924,0.1183816,0.19183271,0.29106653,0.32440218,0.40244609,0,0,0.0,0.0,1.0,0.0,0.0,0.0,0.040099163,0.041036833,-0.050174203,-0.11014305,-0.079582997,0.018619001,-0.095829003,0.29166701
152,1986,0.064604685,0.13805579,0.23728961,0.27062526,0.34866917,0.46033627,0,0,0.0,0.0,0.0,0.0,0.0,0.0,0.053776924,0.040099163,0.041036833,-0.050174203,-0.053698,-0.079582997,0.018619001,-0.095829003
152,1987,0.073451102,0.17268494,0.20602059,0.28406453,0.39573163,0.46161947,1,0,0.0,0.0,0.0,0.0,0.0,0.0,0.064604685,0.053776924,0.040099163,0.041036833,-0.030516,-0.053698,-0.079582997,0.018619001
152,1988,0.099233828,0.13256949,0.21061341,0.3222805,0.38816833,0.4384703,0,0,1.0,0.0,0.0,0.0,0.0,0.0,0.073451102,0.064604685,0.053776924,0.040099163,-0.016890001,-0.030516,-0.053698,-0.079582997
152,1989,0.033335656,0.11137958,0.22304666,0.2889345,0.33923647,0.42856944,0,0,0.0,1.0,0.0,0.0,0.0,0.0,0.099233828,0.073451102,0.064604685,0.053776924,0.03334,-0.016890001,-0.030516,-0.053698
152,1990,0.078043923,0.189711,0.25559884,0.30590081,0.39523378,0.46326295,0,0,0.0,0.0,1.0,0.0,0.0,0.0,0.033335656,0.099233828,0.073451102,0.064604685,-0.018579001,0.03334,-0.016890001,-0.030516
152,1991,0.11166708,0.17755492,0.2278569,0.31718987,0.38521904,0.45949793,0,0,0.0,0.0,0.0,0.0,0.0,0.0,0.078043923,0.033335656,0.099233828,0.073451102,-0.025682,-0.018579001,0.03334,-0.016890001
152,1992,0.065887839,0.11618982,0.20552278,0.27355194,0.34783083,0.39107662,0,0,0.0,0.0,0.0,0.0,0.0,0.0,0.11166708,0.078043923,0.033335656,0.099233828,0.033907998,-0.025682,-0.018579001,0.03334
152,1993,0.05030198,0.13963494,0.2076641,0.28194299,0.32518879,0.32106781,0,0,0.0,0.0,0.0,0.0,0.0,0.0,0.065887839,0.11166708,0.078043923,0.033335656,0.045019999,0.033907998,-0.025682,-0.018579001
152,1994,0.089332961,0.15736213,0.23164102,0.27488682,0.27076584,0.32403523,0,0,0.0,0.0,0.0,0.0,0.0,0.0,0.05030198,0.065887839,0.11166708,0.078043923,-0.013477,0.045019999,0.033907998,-0.025682
152,1995,0.068029165,0.14230806,0.18555385,0.18143289,0.23470227,0.26773274,0,0,0.0,0.0,0.0,0.0,0.0,0.0,0.089332961,0.05030198,0.065887839,0.11166708,-0.032182001,-0.013477,0.045019999,0.033907998
152,1996,0.074278899,0.1175247,0.11340374,0.16667312,0.1997036,0.23077331,0,0,0.0,0.0,0.0,0.0,0.0,0.0,0.068029165,0.089332961,0.05030198,0.065887839,0.052196998,-0.032182001,-0.013477,0.045019999
152,1997,0.043245796,0.039124835,0.092394218,0.12542468,0.15649439,0.19740488,0,0,0.0,0.0,0.0,0.0,0.0,0.0,0.074278899,0.068029165,0.089332961,0.05030198,0.050670002,0.052196998,-0.032182001,-0.013477
152,1998,-0.0041209618,0.049148425,0.082178898,0.1132486,0.15415908,0.22625449,1,0,0.0,0.0,0.0,0.0,0.0,0.0,0.043245796,0.074278899,0.068029165,0.089332961,0.0084499996,0.050670002,0.052196998,-0.032182001
152,1999,0.053269386,0.086299859,0.11736956,0.15828004,0.23037544,0.28780374,0,0,1.0,0.0,0.0,0.0,0.0,0.0,-0.0041209618,0.043245796,0.074278899,0.068029165,0.040952001,0.0084499996,0.050670002,0.052196998
152,2000,0.033030473,0.064100176,0.10501066,0.17710605,0.23453435,0.29770613,0,0,0.0,1.0,0.0,0.0,0.0,0.0,0.053269386,-0.0041209618,0.043245796,0.074278899,0.0049709999,0.040952001,0.0084499996,0.050670002
152,2001,0.031069705,0.071980186,0.14407559,0.20150389,0.26467565,0.3137289,0,0,0.0,0.0,1.0,0.0,0.0,0.0,0.033030473,0.053269386,-0.0041209618,0.043245796,-0.001386,0.0049709999,0.040952001,0.0084499996
152,2002,0.040910479,0.11300588,0.17043418,0.23360595,0.2826592,0.31795451,0,0,0.0,0.0,0.0,0.0,0.0,0.0,0.031069705,0.033030473,0.053269386,-0.0041209618,0.0026130001,-0.001386,0.0049709999,0.040952001
152,2003,0.072095402,0.12952371,0.19269547,0.24174872,0.27704403,0.26140162,0,0,0.0,0.0,0.0,0.0,0.0,0.0,0.040910479,0.031069705,0.033030473,0.053269386,-0.024403,0.0026130001,-0.001386,0.0049709999
152,2004,0.057428304,0.12060007,0.16965333,0.20494863,0.18930624,0.24774802,0,0,0.0,0.0,0.0,0.0,0.0,0.0,0.072095402,0.040910479,0.031069705,0.033030473,0.001187,-0.024403,0.0026130001,-0.001386
152,2005,0.063171767,0.11222501,0.14752032,0.13187793,0.1903197,0.2514289,0,0,0.0,0.0,0.0,0.0,0.0,0.0,0.057428304,0.072095402,0.040910479,0.031069705,0.016578,0.001187,-0.024403,0.0026130001
152,2006,0.049053244,0.084348544,0.068706147,0.12714791,0.1882571,0.24144338,0,0,0.0,0.0,0.0,0.0,0.0,0.0,0.063171767,0.057428304,0.072095402,0.040910479,-0.012368,0.016578,0.001187,-0.024403
152,2007,0.035295304,0.019652909,0.078094684,0.13920388,0.19239016,0.23284021,0,0,0.0,0.0,0.0,0.0,0.0,0.0,0.049053244,0.063171767,0.057428304,0.072095402,0.050891001,-0.012368,0.016578,0.001187
152,2008,-0.015642395,0.042799376,0.10390857,0.15709485,0.1975449,0.21664184,0,1,0.0,0.0,0.0,0.0,0.0,0.0,0.035295304,0.049053244,0.063171767,0.057428304,0.079401001,0.050891001,-0.012368,0.016578
152,2009,0.058441773,0.11955096,0.17273724,0.21318728,0.23228422,0.25480959,0,0,0.0,0.0,0.0,1.0,0.0,0.0,-0.015642395,0.035295304,0.049053244,0.063171767,-0.010522,0.079401001,0.050891001,-0.012368
152,2010,0.061109189,0.11429547,0.15474552,0.17384246,0.19636783,0.21225806,0,0,0.0,0.0,0.0,0.0,1.0,0.0,0.058441773,-0.015642395,0.035295304,0.049053244,-0.045844,-0.010522,0.079401001,0.050891001
152,2011,0.053186279,0.093636319,0.11273325,0.13525862,0.15114884,,0,1,0.0,0.0,0.0,0.0,0.0,1.0,0.061109189,0.058441773,-0.015642395,0.035295304,0.029666999,-0.045844,-0.010522,0.079401001
152,2012,0.040450044,0.059546977,0.082072347,0.097962573,,,0,0,0.0,0.0,0.0,1.0,0.0,0.0,0.053186279,0.061109189,0.058441773,-0.015642395,0.039427001,0.029666999,-0.045844,-0.010522
152,2013,0.019096933,0.041622303,0.057512529,,,,0,0,0.0,0.0,0.0,0.0,1.0,0.0,0.040450044,0.053186279,0.061109189,0.058441773,0.02867,0.039427001,0.029666999,-0.045844
157,1987,0.045260068,0.12438013,0.17691413,0.2497322,0.32194284,0.38973609,0,0,,,,0.0,0.0,0.0,0.15014608,0.11012832,0.048339225,0.10074366,,,,
157,1988,0.079120062,0.13165407,0.20447214,0.27668279,0.34447604,0.41313422,0,0,0.0,,,0.0,0.0,0.0,0.045260068,0.15014608,0.11012832,0.048339225,,,,
157,1989,0.052534003,0.12535207,0.19756271,0.26535594,0.33401412,0.39627379,0,0,0.0,0.0,,0.0,0.0,0.0,0.079120062,0.045260068,0.15014608,0.11012832,,,,
157,1990,0.072818071,0.14502871,0.21282196,0.28148013,0.34373981,0.40297294,1,1,0.0,0.0,0.0,0.0,0.0,0.0,0.052534003,0.079120062,0.045260068,0.15014608,,,,
157,1991,0.07221064,0.14000389,0.20866206,0.27092174,0.3301549,0.39479405,0,0,1.0,0.0,0.0,1.0,0.0,0.0,0.072818071,0.052534003,0.079120062,0.045260068,,,,
157,1992,0.067793243,0.13645141,0.19871108,0.25794423,0.32258338,0.3672733,1,0,0.0,1.0,0.0,0.0,1.0,0.0,0.07221064,0.072818071,0.052534003,0.079120062,,,,
157,1993,0.068658166,0.13091783,0.19015098,0.25479013,0.29948005,0.35230047,0,0,1.0,0.0,1.0,0.0,0.0,1.0,0.067793243,0.07221064,0.072818071,0.052534003,,,,
157,1994,0.06225967,0.12149282,0.18613197,0.23082188,0.28364229,0.34057233,0,0,0.0,1.0,0.0,0.0,0.0,0.0,0.068658166,0.067793243,0.07221064,0.072818071,,,,
157,1995,0.059233144,0.1238723,0.1685622,0.22138262,0.27831265,0.25622758,1,0,0.0,0.0,1.0,0.0,0.0,0.0,0.06225967,0.068658166,0.067793243,0.07221064,,,,
157,1996,0.064639151,0.10932907,0.16214949,0.21907952,0.19699445,0.2322688,0,0,1.0,0.0,0.0,0.0,0.0,0.0,0.059233144,0.06225967,0.068658166,0.067793243,,,,
157,1997,0.044689916,0.097510338,0.15444037,0.1323553,0.16762964,0.20106323,0,0,0.0,1.0,0.0,0.0,0.0,0.0,0.064639151,0.059233144,0.06225967,0.068658166,,,,
157,1998,0.052820418,0.10975046,0.087665386,0.12293974,0.15637332,0.21558538,1,0,0.0,0.0,1.0,0.0,0.0,0.0,0.044689916,0.064639151,0.059233144,0.06225967,,,,
157,1999,0.056930039,0.034844965,0.070119306,0.10355289,0.16276494,0.20390601,0,0,1.0,0.0,0.0,0.0,0.0,0.0,0.052820418,0.044689916,0.064639151,0.059233144,,,,
157,2000,-0.022085072,0.013189273,0.046622865,0.10583492,0.14697599,0.19385953,0,1,0.0,1.0,0.0,0.0,0.0,0.0,0.056930039,0.052820418,0.044689916,0.064639151,,,,
157,2001,0.035274345,0.068707936,0.12791999,0.16906106,0.2159446,0.27138019,0,0,0.0,0.0,1.0,1.0,0.0,0.0,-0.022085072,0.056930039,0.052820418,0.044689916,,,,
157,2002,0.03343359,0.092645645,0.13378672,0.18067026,0.23610584,0.237105,0,1,0.0,0.0,0.0,0.0,1.0,0.0,0.035274345,-0.022085072,0.056930039,0.052820418,,,,
157,2003,0.059212051,0.10035312,0.14723666,0.20267224,0.2036714,0.18540281,0,0,0.0,0.0,0.0,1.0,0.0,1.0,0.03343359,0.035274345,-0.022085072,0.056930039,,,,
157,2004,0.041141074,0.088024609,0.14346018,0.14445934,0.12619075,0.22839031,0,0,0.0,0.0,0.0,0.0,1.0,0.0,0.059212051,0.03343359,0.035274345,-0.022085072,,,,
157,2005,0.046883535,0.10231911,0.10331827,0.085049681,0.18724924,0.22709757,0,0,0.0,0.0,0.0,0.0,0.0,1.0,0.041141074,0.059212051,0.03343359,0.035274345,,,,
157,2006,0.055435579,0.056434732,0.038166147,0.1403657,0.18021403,0.19335376,0,0,0.0,0.0,0.0,0.0,0.0,0.0,0.046883535,0.041141074,0.059212051,0.03343359,,,,
157,2007,0.00099915429,-0.017269431,0.084930122,0.12477845,0.13791817,,0,0,0.0,0.0,0.0,0.0,0.0,0.0,0.055435579,0.046883535,0.041141074,0.059212051,,,,
157,2008,-0.018268585,0.083930969,0.1237793,0.13691902,,,1,1,0.0,0.0,0.0,0.0,0.0,0.0,0.00099915429,0.055435579,0.046883535,0.041141074,,,,
157,2009,0.10219955,0.14204788,0.15518761,,,,0,0,1.0,0.0,0.0,1.0,0.0,0.0,-0.018268585,0.00099915429,0.055435579,0.046883535,,,,
170,1927,0.070856832,0.10639679,0.097631656,0.09155266,0.14597434,0.20056072,0,0,,,,0.0,0.0,0.0,0.086125232,0.091349714,0.025482435,0.025445472,0.072233997,-0.022916,0.034279998,
170,1928,0.035539962,0.026774827,0.020695833,0.075117506,0.12970388,0.10863319,0,0,0.0,,,0.0,0.0,0.0,0.070856832,0.086125232,0.091349714,0.025482435,0.012331,0.072233997,-0.022916,0.034279998
170,1929,-0.0087651359,-0.01484413,0.03957754,0.094163917,0.073093228,0.17931746,0,0,0.0,0.0,,0.0,0.0,0.0,0.035539962,0.070856832,0.086125232,0.091349714,-0.012376,0.012331,0.072233997,-0.022916
170,1930,-0.0060789939,0.048342675,0.10292906,0.081858367,0.18808261,0.2396234,0,0,0.0,0.0,0.0,0.0,0.0,0.0,-0.0087651359,0.035539962,0.070856832,0.086125232,-0.001501,-0.012376,0.012331,0.072233997
170,1931,0.054421671,0.10900804,0.087937355,0.19416159,0.24570239,0.2611714,1,1,0.0,0.0,0.0,0.0,0.0,0.0,-0.0060789939,-0.0087651359,0.035539962,0.070856832,0.011956,-0.001501,-0.012376,0.012331
170,1932,0.054586377,0.033515692,0.13973993,0.19128072,0.20674972,0.26995519,0,0,1.0,0.0,0.0,1.0,0.0,0.0,0.054421671,-0.0060789939,-0.0087651359,0.035539962,-0.053316001,0.011956,-0.001501,-0.012376
170,1933,-0.021070687,0.085153542,0.13669433,0.15216333,0.21536881,,0,0,0.0,1.0,0.0,0.0,1.0,0.0,0.054586377,0.054421671,-0.0060789939,-0.0087651359,0.024303,-0.053316001,0.011956,-0.001501
170,1934,0.10622423,0.15776502,0.17323402,0.2364395,,,0,0,0.0,0.0,1.0,0.0,0.0,1.0,-0.021070687,0.054586377,0.054421671,-0.0060789939,-0.037131,0.024303,-0.053316001,0.011956
170,1935,0.051540785,0.067009792,0.13021526,,,,0,0,0.0,0.0,0.0,0.0,0.0,0.0,0.10622423,-0.021070687,0.054586377,0.054421671,-0.025413999,-0.037131,0.024303,-0.053316001
170,1946,0.038628742,0.069210239,0.12300333,0.14063329,0.17106123,0.23227561,0,0,,,,,,,0.086550668,,,,,,,
170,1947,0.030581499,0.084374592,0.10200454,0.13243249,0.19364686,0.25312233,0,1,0.0,,,0.0,,,0.038628742,0.086550668,,,-0.061815001,,,
170,1948,0.053793095,0.071423054,0.101851,0.16306537,0.22254083,0.28968996,0,0,0.0,0.0,,1.0,0.0,,0.030581499,0.038628742,0.086550668,,-0.001912,-0.061815001,,
170,1949,0.017629955,0.048057906,0.10927229,0.16874774,0.23589689,0.27382571,0,0,0.0,0.0,0.0,0.0,1.0,0.0,0.053793095,0.030581499,0.038628742,0.086550668,-0.012256,-0.001912,-0.061815001,
170,1950,0.030427951,0.091642328,0.15111777,0.21826692,0.25619575,0.29563475,0,0,0.0,0.0,0.0,0.0,0.0,1.0,0.017629955,0.053793095,0.030581499,0.038628742,0.029836001,-0.012256,-0.001912,-0.061815001
170,1951,0.061214376,0.12068982,0.18783897,0.22576779,0.26520678,0.30113775,0,0,0.0,0.0,0.0,0.0,0.0,0.0,0.030427951,0.017629955,0.053793095,0.030581499,-0.018758001,0.029836001,-0.012256,-0.001912
170,1952,0.059475452,0.1266246,0.16455342,0.20399241,0.23992337,0.26472402,0,0,0.0,0.0,0.0,0.0,0.0,0.0,0.061214376,0.030427951,0.017629955,0.053793095,0.0066189999,-0.018758001,0.029836001,-0.012256
170,1953,0.067149147,0.10507797,0.14451696,0.18044792,0.20524856,0.27482677,0,0,0.0,0.0,0.0,0.0,0.0,0.0,0.059475452,0.061214376,0.030427951,0.017629955,0.003302,0.0066189999,-0.018758001,0.029836001
170,1954,0.037928823,0.077367812,0.11329877,0.13809942,0.20767762,0.24930438,0,0,0.0,0.0,0.0,0.0,0.0,0.0,0.067149147,0.059475452,0.061214376,0.030427951,-0.018789999,0.003302,0.0066189999,-0.018758001
170,1955,0.039438989,0.075369947,0.1001706,0.1697488,0.21137556,0.26402929,0,0,0.0,0.0,0.0,0.0,0.0,0.0,0.037928823,0.067149147,0.059475452,0.061214376,0.017758001,-0.018789999,0.003302,0.0066189999
170,1956,0.035930958,0.060731605,0.13030981,0.17193657,0.2245903,0.2792553,0,0,0.0,0.0,0.0,0.0,0.0,0.0,0.039438989,0.037928823,0.067149147,0.059475452,0.029947,0.017758001,-0.018789999,0.003302
170,1957,0.024800647,0.094378844,0.13600561,0.18865934,0.24332434,0.27236548,0,0,0.0,0.0,0.0,0.0,0.0,0.0,0.035930958,0.039438989,0.037928823,0.067149147,0.007096,0.029947,0.017758001,-0.018789999
170,1958,0.069578201,0.11120496,0.16385868,0.21852368,0.24756482,0.31358823,0,0,0.0,0.0,0.0,0.0,0.0,0.0,0.024800647,0.035930958,0.039438989,0.037928823,-0.017752999,0.007096,0.029947,0.017758001
170,1959,0.041626759,0.094280481,0.14894548,0.17798662,0.24401003,0.2741349,0,0,0.0,0.0,0.0,0.0,0.0,0.0,0.069578201,0.024800647,0.035930958,0.039438989,-0.0096580004,-0.017752999,0.007096,0.029947
170,1960,0.052653722,0.10731873,0.13635987,0.20238328,0.23250815,0.28573182,0,0,0.0,0.0,0.0,0.0,0.0,0.0,0.041626759,0.069578201,0.024800647,0.035930958,0.035500001,-0.0096580004,-0.017752999,0.007096
170,1961,0.054665003,0.083706148,0.14972956,0.17985444,0.23307812,0.27498448,0,0,0.0,0.0,0.0,0.0,0.0,0.0,0.052653722,0.041626759,0.069578201,0.024800647,0.012106,0.035500001,-0.0096580004,-0.017752999
170,1962,0.029041147,0.095064566,0.12518944,0.17841312,0.22031948,0.28459394,0,0,0.0,0.0,0.0,0.0,0.0,0.0,0.054665003,0.052653722,0.041626759,0.069578201,0.0070759999,0.012106,0.035500001,-0.0096580004
170,1963,0.066023417,0.09614829,0.14937197,0.19127832,0.25555277,0.32076213,0,0,0.0,0.0,0.0,0.0,0.0,0.0,0.029041147,0.054665003,0.052653722,0.041626759,-0.010038,0.0070759999,0.012106,0.035500001
170,1964,0.030124871,0.08334855,0.1252549,0.18952934,0.25473869,0.32430384,0,0,0.0,0.0,0.0,0.0,0.0,0.0,0.066023417,0.029041147,0.054665003,0.052653722,-0.02414,-0.010038,0.0070759999,0.012106
170,1965,0.053223681,0.095130041,0.15940449,0.22461385,0.29417899,0.35369122,0,0,0.0,0.0,0.0,0.0,0.0,0.0,0.030124871,0.066023417,0.029041147,0.054665003,5.9999998e-05,-0.02414,-0.010038,0.0070759999
170,1966,0.041906357,0.1061808,0.17139015,0.24095529,0.30046752,0.37720168,0,0,0.0,0.0,0.0,0.0,0.0,0.0,0.053223681,0.030124871,0.066023417,0.029041147,-0.002941,5.9999998e-05,-0.02414,-0.010038
170,1967,0.064274445,0.12948379,0.19904894,0.25856116,0.33529532,0.40257013,0,0,0.0,0.0,0.0,0.0,0.0,0.0,0.041906357,0.053223681,0.030124871,0.066023417,0.011888,-0.002941,5.9999998e-05,-0.02414
170,1968,0.065209351,0.13477451,0.19428673,0.27102089,0.3382957,0.39572093,0,0,0.0,0.0,0.0,0.0,0.0,0.0,0.064274445,0.041906357,0.053223681,0.030124871,0.016973,0.011888,-0.002941,5.9999998e-05
170,1969,0.069565155,0.12907737,0.20581153,0.27308634,0.33051157,0.35299203,0,0,0.0,0.0,0.0,0.0,0.0,0.0,0.065209351,0.064274445,0.041906357,0.053223681,0.013085,0.016973,0.011888,-0.002941
170,1970,0.059512228,0.13624638,0.20352119,0.26094642,0.28342688,0.33159876,0,0,0.0,0.0,0.0,0.0,0.0,0.0,0.069565155,0.065209351,0.064274445,0.041906357,-0.00098799996,0.013085,0.016973,0.011888
170,1971,0.076734148,0.14400896,0.2014342,0.22391467,0.27208653,0.31356665,0,1,0.0,0.0,0.0,0.0,0.0,0.0,0.059512228,0.069565155,0.065209351,0.064274445,-0.0085819997,-0.00098799996,0.013085,0.016973
170,1972,0.067274816,0.12470004,0.14718051,0.19535239,0.23683253,0.32146704,0,0,0.0,0.0,0.0,1.0,0.0,0.0,0.076734148,0.059512228,0.069565155,0.065209351,-0.020147,-0.0085819997,-0.00098799996,0.013085
170,1973,0.057425223,0.079905696,0.12807757,0.16955771,0.2541922,0.30802074,0,0,0.0,0.0,0.0,0.0,1.0,0.0,0.067274816,0.076734148,0.059512228,0.069565155,-0.023807,-0.020147,-0.0085819997,-0.00098799996
170,1974,0.022480471,0.070652343,0.11213247,0.19676697,0.25059551,0.29157752,0,1,0.0,0.0,0.0,0.0,0.0,1.0,0.057425223,0.067274816,0.076734148,0.059512228,0.11386,-0.023807,-0.020147,-0.0085819997
170,1975,0.048171874,0.089652009,0.17428651,0.22811505,0.26909703,0.29172921,0,0,0.0,0.0,0.0,1.0,0.0,0.0,0.022480471,0.057425223,0.067274816,0.076734148,0.00028599999,0.11386,-0.023807,-0.020147
170,1976,0.041480135,0.12611464,0.17994317,0.22092517,0.24355733,0.25304213,0,0,0.0,0.0,0.0,0.0,1.0,0.0,0.048171874,0.022480471,0.057425223,0.067274816,-0.0092439996,0.00028599999,0.11386,-0.023807
170,1977,0.084634505,0.13846304,0.17944503,0.2020772,0.21156199,0.22740576,0,0,0.0,0.0,0.0,0.0,0.0,1.0,0.041480135,0.048171874,0.022480471,0.057425223,-0.011855,-0.0092439996,0.00028599999,0.11386
170,1978,0.053828534,0.094810531,0.1174427,0.1269275,0.14277126,0.17632227,0,0,0.0,0.0,0.0,0.0,0.0,0.0,0.084634505,0.041480135,0.048171874,0.022480471,0.0046580001,-0.011855,-0.0092439996,0.00028599999
170,1979,0.040981993,0.06361416,0.073098965,0.088942729,0.12249374,0.15337639,0,0,0.0,0.0,0.0,0.0,0.0,0.0,0.053828534,0.084634505,0.041480135,0.048171874,-0.0064599998,0.0046580001,-0.011855,-0.0092439996
170,1980,0.022632167,0.032116972,0.047960736,0.081511751,0.1123944,0.17077732,0,1,0.0,0.0,0.0,0.0,0.0,0.0,0.040981993,0.053828534,0.084634505,0.041480135,0.034561999,-0.0064599998,0.0046580001,-0.011855
170,1981,0.0094848033,0.025328567,0.058879577,0.089762226,0.14814515,0.20186022,0,0,0.0,0.0,0.0,1.0,0.0,0.0,0.022632167,0.040981993,0.053828534,0.084634505,0.022988001,0.034561999,-0.0064599998,0.0046580001
170,1982,0.015843764,0.049394775,0.080277421,0.13866034,0.19237541,0.23297362,1,0,0.0,0.0,0.0,0.0,1.0,0.0,0.0094848033,0.022632167,0.040981993,0.053828534,0.013395,0.022988001,0.034561999,-0.0064599998
170,1983,0.033551011,0.064433657,0.12281658,0.17653164,0.21712986,0.25130412,0,1,1.0,0.0,0.0,0.0,0.0,1.0,0.015843764,0.0094848033,0.022632167,0.040981993,0.025054,0.013395,0.022988001,0.034561999
170,1984,0.030882647,0.08926557,0.14298064,0.18357885,0.21775311,0.27817351,1,1,0.0,1.0,0.0,1.0,0.0,0.0,0.033551011,0.015843764,0.0094848033,0.022632167,0.0071020001,0.025054,0.013395,0.022988001
170,1985,0.058382925,0.11209799,0.15269621,0.18687047,0.24729085,0.27006316,1,0,1.0,0.0,1.0,1.0,1.0,0.0,0.030882647,0.033551011,0.015843764,0.0094848033,-0.022224,0.0071020001,0.025054,0.013395
170,1986,0.053715065,0.094313279,0.12848754,0.18890792,0.21168023,0.262007,0,0,1.0,1.0,0.0,0.0,1.0,1.0,0.058382925,0.030882647,0.033551011,0.015843764,,-0.022224,0.0071020001,0.025054
170,1987,0.04059821,0.074772477,0.13519286,0.15796517,0.20829195,0.23194845,0,0,0.0,1.0,1.0,0.0,0.0,1.0,0.053715065,0.058382925,0.030882647,0.033551011,,,-0.022224,0.0071020001
170,1988,0.034174267,0.09459465,0.11736696,0.16769373,0.19135024,0.24970835,0,1,0.0,0.0,1.0,0.0,0.0,0.0,0.04059821,0.053715065,0.058382925,0.030882647,-0.023542,,,-0.022224
170,1989,0.060420383,0.083192699,0.13351947,0.15717597,0.21553409,0.26755846,0,0,0.0,0.0,0.0,1.0,0.0,0.0,0.034174267,0.04059821,0.053715065,0.058382925,,-0.023542,,
170,1990,0.022772314,0.073099092,0.096755594,0.15511371,0.20713809,0.22769664,0,0,0.0,0.0,0.0,0.0,1.0,0.0,0.060420383,0.034174267,0.04059821,0.053715065,,,-0.023542,
170,1991,0.050326776,0.073983282,0.1323414,0.18436578,0.20492433,0.23922727,0,0,0.0,0.0,0.0,0.0,0.0,1.0,0.022772314,0.060420383,0.034174267,0.04059821,-0.028632,,,-0.023542
170,1992,0.023656506,0.08201462,0.134039,0.15459755,0.18890049,0.19459833,0,0,0.0,0.0,0.0,0.0,0.0,0.0,0.050326776,0.022772314,0.060420383,0.034174267,0.020160999,-0.028632,,
170,1993,0.058358118,0.1103825,0.13094105,0.16524398,0.17094183,0.12890168,0,0,0.0,0.0,0.0,0.0,0.0,0.0,0.023656506,0.050326776,0.022772314,0.060420383,0.042162001,0.020160999,-0.028632,
170,1994,0.052024376,0.072582923,0.10688586,0.1125837,0.070543543,0.11474347,0,0,0.0,0.0,0.0,0.0,0.0,0.0,0.058358118,0.023656506,0.050326776,0.022772314,-0.031300001,0.042162001,0.020160999,-0.028632
170,1995,0.020558547,0.054861482,0.060559325,0.018519171,0.062719099,0.079498082,0,0,0.0,0.0,0.0,0.0,0.0,0.0,0.052024376,0.058358118,0.023656506,0.050326776,0.025705,-0.031300001,0.042162001,0.020160999
170,1996,0.034302935,0.040000774,-0.0020393804,0.042160548,0.058939531,0.083979338,0,0,0.0,0.0,0.0,0.0,0.0,0.0,0.020558547,0.052024376,0.058358118,0.023656506,0.016516,0.025705,-0.031300001,0.042162001
170,1997,0.0056978408,-0.036342315,0.0078576133,0.024636596,0.0496764,0.088859119,0,0,0.0,0.0,0.0,0.0,0.0,0.0,0.034302935,0.020558547,0.052024376,0.058358118,0.01152,0.016516,0.025705,-0.031300001
170,1998,-0.042040154,0.0021597743,0.018938757,0.043978561,0.08316128,0.13649151,1,1,0.0,0.0,0.0,0.0,0.0,0.0,0.0056978408,0.034302935,0.020558547,0.052024376,-0.015354,0.01152,0.016516,0.025705
170,1999,0.044199929,0.060978912,0.086018711,0.12520143,0.17853165,0.2255972,0,0,1.0,0.0,0.0,1.0,0.0,0.0,-0.042040154,0.0056978408,0.034302935,0.020558547,-0.035379998,-0.015354,0.01152,0.016516
170,2000,0.016778983,0.041818786,0.081001505,0.13433173,0.18139729,0.24837244,1,1,0.0,1.0,0.0,0.0,1.0,0.0,0.044199929,-0.042040154,0.0056978408,0.034302935,-0.105402,-0.035379998,-0.015354,0.01152
170,2001,0.025039803,0.064222522,0.11755274,0.1646183,0.23159346,0.30059975,0,1,1.0,0.0,1.0,1.0,0.0,1.0,0.016778983,0.044199929,-0.042040154,0.0056978408,0.010554,-0.105402,-0.035379998,-0.015354
170,2002,0.039182719,0.092512935,0.13957849,0.20655364,0.2755599,0.31102794,0,0,0.0,1.0,0.0,1.0,1.0,0.0,0.025039803,0.016778983,0.044199929,-0.042040154,-0.0037750001,0.010554,-0.105402,-0.035379998
170,2003,0.05333022,0.10039578,0.16737095,0.23637722,0.27184528,0.28836077,0,0,0.0,0.0,1.0,0.0,1.0,1.0,0.039182719,0.025039803,0.016778983,0.044199929,-0.004367,-0.0037750001,0.010554,-0.105402
170,2004,0.04706556,0.11404072,0.183047,0.21851504,0.23503053,0.27474853,0,0,0.0,0.0,0.0,0.0,0.0,1.0,0.05333022,0.039182719,0.025039803,0.016778983,0.011471,-0.004367,-0.0037750001,0.010554
170,2005,0.066975154,0.13598144,0.17144948,0.18796498,0.22768298,0.29357809,0,0,0.0,0.0,0.0,0.0,0.0,0.0,0.04706556,0.05333022,0.039182719,0.025039803,0.0041209999,0.011471,-0.004367,-0.0037750001
170,2006,0.069006279,0.10447433,0.12098982,0.16070783,0.22660294,0.26704237,0,0,0.0,0.0,0.0,0.0,0.0,0.0,0.066975154,0.04706556,0.05333022,0.039182719,0.04566,0.0041209999,0.011471,-0.004367
170,2007,0.035468049,0.051983543,0.091701552,0.15759666,0.1980361,0.24677676,0,0,0.0,0.0,0.0,0.0,0.0,0.0,0.069006279,0.066975154,0.04706556,0.05333022,0.032272998,0.04566,0.0041209999,0.011471
170,2008,0.016515492,0.056233503,0.12212861,0.16256805,0.2113087,0.25524479,1,1,0.0,0.0,0.0,0.0,0.0,0.0,0.035468049,0.069006279,0.066975154,0.04706556,0.007307,0.032272998,0.04566,0.0041209999
170,2009,0.03971801,0.10561312,0.14605255,0.19479321,0.2387293,0.26924947,0,0,1.0,0.0,0.0,1.0,0.0,0.0,0.016515492,0.035468049,0.069006279,0.066975154,-0.012358,0.007307,0.032272998,0.04566
170,2010,0.06589511,0.10633455,0.15507521,0.1990113,0.22953147,0.24913196,0,0,0.0,1.0,0.0,0.0,1.0,0.0,0.03971801,0.016515492,0.035468049,0.069006279,0.024276,-0.012358,0.007307,0.032272998
170,2011,0.040439438,0.089180097,0.13311619,0.16363636,0.18323685,,0,0,0.0,0.0,1.0,0.0,0.0,1.0,0.06589511,0.03971801,0.016515492,0.035468049,0.026093001,0.024276,-0.012358,0.007307
170,2012,0.048740655,0.092676744,0.12319691,0.14279741,,,0,0,0.0,0.0,0.0,0.0,0.0,0.0,0.040439438,0.06589511,0.03971801,0.016515492,0.029669,0.026093001,0.024276,-0.012358
170,2013,0.043936085,0.074456252,0.094056755,,,,0,0,0.0,0.0,0.0,0.0,0.0,0.0,0.048740655,0.040439438,0.06589511,0.03971801,0.018057,0.029669,0.026093001,0.024276
203,1922,0.079800792,0.1786342,0.29004711,0.2861048,0.35846305,0.44295949,0,0,,,,,,,-0.026974773,0.077659294,,,,,,
203,1923,0.098833404,0.21024632,0.20630401,0.27866226,0.3631587,0.39038423,0,0,0.0,,,0.0,,,0.079800792,-0.026974773,0.077659294,,,,,
203,1924,0.11141291,0.1074706,0.17982885,0.26432529,0.29155082,0.25822976,0,0,0.0,0.0,,0.0,0.0,,0.098833404,0.079800792,-0.026974773,0.077659294,,,,
203,1925,-0.0039423131,0.06841594,0.15291238,0.18013789,0.14681683,0.11225843,0,0,0.0,0.0,0.0,0.0,0.0,0.0,0.11141291,0.098833404,0.079800792,-0.026974773,,,,
203,1926,0.072358251,0.15685469,0.1840802,0.15075915,0.11620075,0.075292394,0,0,0.0,0.0,0.0,0.0,0.0,0.0,-0.0039423131,0.11141291,0.098833404,0.079800792,,,,
203,1927,0.084496431,0.11172194,0.078400888,0.043842483,0.002934128,-0.040485408,0,0,0.0,0.0,0.0,0.0,0.0,0.0,0.072358251,-0.0039423131,0.11141291,0.098833404,,,,
203,1928,0.027225511,-0.0060955416,-0.040653944,-0.081562296,-0.12498184,-0.1639891,0,0,0.0,0.0,0.0,0.0,0.0,0.0,0.084496431,0.072358251,-0.0039423131,0.11141291,,,,
203,1929,-0.033321053,-0.067879453,-0.1087878,-0.15220734,-0.19121461,-0.200808,0,0,0.0,0.0,0.0,0.0,0.0,0.0,0.027225511,0.084496431,0.072358251,-0.0039423131,,,,
203,1930,-0.034558404,-0.07546676,-0.11888629,-0.15789355,-0.16748695,-0.088741325,0,0,0.0,0.0,0.0,0.0,0.0,0.0,-0.033321053,0.027225511,0.084496431,0.072358251,,,,
203,1931,-0.040908355,-0.084327891,-0.12333515,-0.13292855,-0.054182924,0.052068688,0,0,0.0,0.0,0.0,0.0,0.0,0.0,-0.034558404,-0.033321053,0.027225511,0.084496431,,,,
203,1932,-0.043419536,-0.082426801,-0.092020199,-0.013274573,0.09297704,,0,0,0.0,0.0,0.0,0.0,0.0,0.0,-0.040908355,-0.034558404,-0.033321053,0.027225511,,,,
203,1933,-0.039007265,-0.048600666,0.03014496,0.13639657,,,0,0,0.0,0.0,0.0,0.0,0.0,0.0,-0.043419536,-0.040908355,-0.034558404,-0.033321053,,,,
203,1934,-0.0095934011,0.069152221,0.17540383,,,,0,0,0.0,0.0,0.0,0.0,0.0,0.0,-0.039007265,-0.043419536,-0.040908355,-0.034558404,,,,
203,1995,0.042827994,0.036085282,0.032924954,0.047305457,0.090246819,0.12076204,1,0,,,,0.0,0.0,,0.062214062,0.029093094,0.00061904249,-0.0050654234,-0.007214,0.042822,,
203,1996,-0.0067427121,-0.0099030389,0.0044774637,0.047418825,0.077934042,0.094403535,0,0,1.0,,,0.0,0.0,0.0,0.042827994,0.062214062,0.029093094,0.00061904249,-0.019432001,-0.007214,0.042822,
203,1997,-0.0031603267,0.011220176,0.054161537,0.08467675,0.10114625,0.13716468,1,0,0.0,1.0,,0.0,0.0,0.0,-0.0067427121,0.042827994,0.062214062,0.029093094,0.003544,-0.019432001,-0.007214,0.042822
203,1998,0.014380503,0.057321865,0.087837078,0.10430658,0.14032501,0.18979958,1,0,1.0,0.0,1.0,0.0,0.0,0.0,-0.0031603267,-0.0067427121,0.042827994,0.062214062,-0.091151997,0.003544,-0.019432001,-0.007214
203,1999,0.042941362,0.073456571,0.089926064,0.1259445,0.17541906,0.23984168,0,0,1.0,1.0,0.0,0.0,0.0,0.0,0.014380503,-0.0031603267,-0.0067427121,0.042827994,-0.058010001,-0.091151997,0.003544,-0.019432001
203,2000,0.030515213,0.04698471,0.083003134,0.1324777,0.19690032,0.26566577,0,0,0.0,1.0,1.0,0.0,0.0,0.0,0.042941362,0.014380503,-0.0031603267,-0.0067427121,-0.056908,-0.058010001,-0.091151997,0.003544
203,2001,0.016469497,0.052487925,0.10196249,0.16638511,0.23515056,0.29044321,0,0,0.0,0.0,1.0,0.0,0.0,0.0,0.030515213,0.042941362,0.014380503,-0.0031603267,-0.076490998,-0.056908,-0.058010001,-0.091151997
203,2002,0.036018427,0.085492991,0.14991561,0.21868105,0.2739737,0.30108327,0,0,0.0,0.0,0.0,0.0,0.0,0.0,0.016469497,0.030515213,0.042941362,0.014380503,-0.119735,-0.076490998,-0.056908,-0.058010001
203,2003,0.049474563,0.11389719,0.18266264,0.2379553,0.26506487,0.21664701,0,0,0.0,0.0,0.0,0.0,0.0,0.0,0.036018427,0.016469497,0.030515213,0.042941362,0.007222,-0.119735,-0.076490998,-0.056908
203,2004,0.064422622,0.13318807,0.18848073,0.2155903,0.16717245,0.19012335,0,0,0.0,0.0,0.0,0.0,0.0,0.0,0.049474563,0.036018427,0.016469497,0.030515213,0.013346,0.007222,-0.119735,-0.076490998
203,2005,0.068765447,0.12405811,0.15116766,0.10274981,0.12570071,0.14574775,0,0,0.0,0.0,0.0,0.0,0.0,0.0,0.064422622,0.049474563,0.036018427,0.016469497,0.036141999,0.013346,0.007222,-0.119735
203,2006,0.055292662,0.082402214,0.033984359,0.056935258,0.076982297,0.068983853,0,0,0.0,0.0,0.0,0.0,0.0,0.0,0.068765447,0.064422622,0.049474563,0.036018427,0.045998,0.036141999,0.013346,0.007222
203,2007,0.027109556,-0.021308299,0.0016425978,0.021689638,0.013691196,0.008854486,0,0,0.0,0.0,0.0,0.0,0.0,0.0,0.055292662,0.068765447,0.064422622,0.049474563,0.048928998,0.045998,0.036141999,0.013346
203,2008,-0.048417855,-0.025466958,-0.0054199174,-0.01341836,-0.01825507,0.0088960901,0,0,0.0,0.0,0.0,0.0,0.0,0.0,0.027109556,0.055292662,0.068765447,0.064422622,0.045620002,0.048928998,0.045998,0.036141999
203,2009,0.022950897,0.042997938,0.034999497,0.030162787,0.057313949,0.10267024,0,0,0.0,0.0,0.0,0.0,0.0,0.0,-0.048417855,0.027109556,0.055292662,0.068765447,0.018255999,0.045620002,0.048928998,0.045998
203,2010,0.020047041,0.012048598,0.0072118882,0.034363046,0.079719335,0.10397966,0,0,0.0,0.0,0.0,0.0,0.0,0.0,0.022950897,-0.048417855,0.027109556,0.055292662,0.014407,0.018255999,0.045620002,0.048928998
203,2011,-0.0079984423,-0.012835152,0.014316007,0.059672296,0.083932623,,0,0,0.0,0.0,0.0,0.0,0.0,0.0,0.020047041,0.022950897,-0.048417855,0.027109556,0.018786,0.014407,0.018255999,0.045620002
203,2012,-0.0048367102,0.02231445,0.06767074,0.091931075,,,0,0,0.0,0.0,0.0,0.0,0.0,0.0,-0.0079984423,0.020047041,0.022950897,-0.048417855,0.010968,0.018786,0.014407,0.018255999
203,2013,0.02715116,0.072507448,0.096767783,,,,0,0,0.0,0.0,0.0,0.0,0.0,0.0,-0.0048367102,-0.0079984423,0.020047041,0.022950897,0.014037,0.010968,0.018786,0.014407
208,1875,0.019418085,-0.0084388703,0.030347154,0.062435467,0.085843556,0.096073821,0,0,0.0,0.0,0.0,,,,0.01694962,0.028903622,-0.0058478448,0.053905204,0.039861999,0.034720998,0.021887001,0.016249999
208,1876,-0.027856955,0.010929069,0.04301738,0.066425472,0.076655738,0.11165931,0,0,0.0,0.0,0.0,0.0,,,0.019418085,0.01694962,0.028903622,-0.0058478448,0.023719,0.039861999,0.034720998,0.021887001
208,1877,0.038786024,0.070874333,0.094282426,0.10451269,0.13951626,0.17333591,0,0,0.0,0.0,0.0,0.0,0.0,,-0.027856955,0.019418085,0.01694962,0.028903622,0.031631,0.023719,0.039861999,0.034720998
208,1878,0.032088313,0.055496402,0.065726668,0.10073024,0.13454989,0.13928923,0,0,0.0,0.0,0.0,0.0,0.0,0.0,0.038786024,-0.027856955,0.019418085,0.01694962,0.0096540004,0.031631,0.023719,0.039861999
208,1879,0.023408091,0.033638358,0.068641931,0.10246158,0.10720092,0.11426809,0,0,0.0,0.0,0.0,0.0,0.0,0.0,0.032088313,0.038786024,-0.027856955,0.019418085,0.021313,0.0096540004,0.031631,0.023719
208,1883,0.0047393455,0.011806512,0.050936937,0.086417377,0.09293206,0.10583547,0,0,0.0,0.0,0.0,,,,0.033819649,0.035003573,0.010230268,0.023408091,0.031270001,0.065819003,0.052223999,-0.003849
208,1884,0.0070671672,0.046197589,0.081678033,0.088192716,0.10109612,0.15920375,0,0,0.0,0.0,0.0,0.0,,,0.0047393455,0.033819649,0.035003573,0.010230268,0.082378,0.031270001,0.065819003,0.052223999
208,1885,0.039130423,0.074610859,0.081125543,0.09402895,0.15213658,0.17209741,0,0,0.0,0.0,0.0,0.0,0.0,,0.0070671672,0.0047393455,0.033819649,0.035003573,0.072907999,0.082378,0.031270001,0.065819003
208,1886,0.03548044,0.041995119,0.054898523,0.11300615,0.13296698,0.15640555,0,0,0.0,0.0,0.0,0.0,0.0,0.0,0.039130423,0.0070671672,0.0047393455,0.033819649,0.039848,0.072907999,0.082378,0.031270001
208,1887,0.006514681,0.019418085,0.077525713,0.097486541,0.12092511,0.14004607,0,0,0.0,0.0,0.0,0.0,0.0,0.0,0.03548044,0.039130423,0.0070671672,0.0047393455,0.012568,0.039848,0.072907999,0.082378
208,1893,0.020619208,0.074784152,0.11102626,0.13447791,0.15089864,0.19237195,0,0,0.0,0.0,0.0,,,,0.01912096,0.023438571,0.019960828,0.058107629,0.033406001,0.037859999,-0.011986,-0.015642
208,1894,0.054164942,0.090407044,0.11385871,0.13027944,0.17175275,0.20555,0,0,0.0,0.0,0.0,0.0,,,0.020619208,0.01912096,0.023438571,0.019960828,0.056224,0.033406001,0.037859999,-0.011986
208,1895,0.036242101,0.059693761,0.076114491,0.1175878,0.15138505,0.1928111,0,0,0.0,0.0,0.0,0.0,0.0,,0.054164942,0.020619208,0.01912096,0.023438571,0.006635,0.056224,0.033406001,0.037859999
208,1896,0.023451662,0.039872393,0.081345707,0.11514296,0.156569,0.17949265,0,0,0.0,0.0,0.0,0.0,0.0,0.0,0.036242101,0.054164942,0.020619208,0.01912096,0.068412997,0.006635,0.056224,0.033406001
208,1897,0.016420729,0.057894044,0.091691293,0.13311733,0.15604097,0.21382877,0,0,0.0,0.0,0.0,0.0,0.0,0.0,0.023451662,0.036242101,0.054164942,0.020619208,0.041797001,0.068412997,0.006635,0.056224
208,1898,0.041473314,0.075270563,0.11669661,0.13962024,0.19740805,0.21857285,0,0,0.0,0.0,0.0,0.0,0.0,0.0,0.016420729,0.023451662,0.036242101,0.054164942,-0.004251,0.041797001,0.068412997,0.006635
208,1899,0.033797249,0.075223297,0.098146938,0.15593474,0.17709954,0.1939721,0,0,0.0,0.0,0.0,0.0,0.0,0.0,0.041473314,0.016420729,0.023451662,0.036242101,0.020276001,-0.004251,0.041797001,0.068412997
208,1900,0.041426044,0.064349681,0.12213749,0.14330229,0.16017485,0.18809545,0,0,0.0,0.0,0.0,0.0,0.0,0.0,0.033797249,0.041473314,0.016420729,0.023451662,-0.022264,0.020276001,-0.004251,0.041797001
208,1901,0.022923641,0.080711439,0.10187625,0.11874881,0.14666942,0.18352863,0,0,0.0,0.0,0.0,0.0,0.0,0.0,0.041426044,0.033797249,0.041473314,0.016420729,0.021729,-0.022264,0.020276001,-0.004251
208,1902,0.057787802,0.07895261,0.095825173,0.12374577,0.16060498,0.1914863,0,0,0.0,0.0,0.0,0.0,0.0,0.0,0.022923641,0.041426044,0.033797249,0.041473314,0.054448999,0.021729,-0.022264,0.020276001
208,1903,0.02116481,0.038037371,0.065957963,0.10281718,0.13369849,0.17156877,0,0,0.0,0.0,0.0,0.0,0.0,0.0,0.057787802,0.022923641,0.041426044,0.033797249,0.066974998,0.054448999,0.021729,-0.022264
208,1904,0.016872561,0.044793159,0.081652373,0.11253369,0.15040396,0.18035628,0,0,0.0,0.0,0.0,0.0,0.0,0.0,0.02116481,0.057787802,0.022923641,0.041426044,0.080770999,0.066974998,0.054448999,0.021729
208,1905,0.027920596,0.064779803,0.095661119,0.13353139,0.16348371,0.21565095,0,0,0.0,0.0,0.0,0.0,0.0,0.0,0.016872561,0.02116481,0.057787802,0.022923641,0.012706,0.080770999,0.066974998,0.054448999
208,1906,0.036859211,0.067740522,0.1056108,0.13556312,0.18773034,0.18773034,0,0,0.0,0.0,0.0,0.0,0.0,0.0,0.027920596,0.016872561,0.02116481,0.057787802,0.056860998,0.012706,0.080770999,0.066974998
208,1907,0.030881314,0.068751588,0.098703913,0.15087114,0.15087114,0.18753512,0,0,0.0,0.0,0.0,0.0,0.0,0.0,0.036859211,0.027920596,0.016872561,0.02116481,0.090589002,0.056860998,0.012706,0.080770999
208,1908,0.037870273,0.067822598,0.11998983,0.11998983,0.15665381,,0,0,0.0,0.0,0.0,0.0,0.0,0.0,0.030881314,0.036859211,0.027920596,0.016872561,0.11574,0.090589002,0.056860998,0.012706
208,1909,0.029952323,0.082119554,0.082119554,0.11878353,,,0,0,0.0,0.0,0.0,0.0,0.0,0.0,0.037870273,0.030881314,0.036859211,0.027920596,-0.050359,0.11574,0.090589002,0.056860998
208,1910,0.052167229,0.052167229,0.088831216,,,,0,0,0.0,0.0,0.0,0.0,0.0,0.0,0.029952323,0.037870273,0.030881314,0.036859211,-0.00042,-0.050359,0.11574,0.090589002
208,1919,0.046133641,0.016854331,0.11326123,0.21346512,0.21651165,0.19343357,0,0,,,,,,,0.1213304,,,,,,,
208,1920,-0.02927931,0.067127585,0.16733149,0.17037801,0.14729993,0.20402598,0,0,0.0,,,0.0,,,0.046133641,0.1213304,,,-0.100997,,,
208,1921,0.096406899,0.19661081,0.19965734,0.17657925,0.23330531,0.25296375,0,0,0.0,0.0,,0.0,0.0,,-0.02927931,0.046133641,0.1213304,,0.26881301,-0.100997,,
208,1922,0.1002039,0.10325043,0.080172352,0.1368984,0.15655684,0.1898815,0,0,0.0,0.0,0.0,0.0,0.0,0.0,0.096406899,-0.02927931,0.046133641,0.1213304,-0.027106,0.26881301,-0.100997,
208,1923,0.0030465261,-0.020031553,0.036694497,0.056352936,0.089677595,0.15447754,0,0,0.0,0.0,0.0,0.0,0.0,0.0,0.1002039,0.096406899,-0.02927931,0.046133641,0.019022999,-0.027106,0.26881301,-0.100997
208,1924,-0.023078078,0.033647969,0.053306408,0.086631067,0.15143099,0.20920651,0,0,0.0,0.0,0.0,0.0,0.0,0.0,0.0030465261,0.1002039,0.096406899,-0.02927931,-0.11556,0.019022999,-0.027106,0.26881301
208,1925,0.05672605,0.076384492,0.10970915,0.17450908,0.23228459,0.24332765,0,0,0.0,0.0,0.0,0.0,0.0,0.0,-0.023078078,0.0030465261,0.1002039,0.096406899,0.015328,-0.11556,0.019022999,-0.027106
208,1926,0.019658441,0.052983098,0.11778303,0.17555854,0.18660159,0.16001579,0,0,0.0,0.0,0.0,0.0,0.0,0.0,0.05672605,-0.023078078,0.0030465261,0.1002039,0.13626,0.015328,-0.11556,0.019022999
208,1927,0.033324659,0.098124593,0.15590011,0.16694316,0.14035736,0.17181231,0,0,0.0,0.0,0.0,0.0,0.0,0.0,0.019658441,0.05672605,-0.023078078,0.0030465261,0.070556998,0.13626,0.015328,-0.11556
208,1928,0.064799935,0.12257545,0.1336185,0.1070327,0.13848765,0.16839419,0,0,0.0,0.0,0.0,0.0,0.0,0.0,0.033324659,0.019658441,0.05672605,-0.023078078,-0.039501,0.070556998,0.13626,0.015328
208,1929,0.057775509,0.068818569,0.042232767,0.073687717,0.10359425,0.12573968,0,0,0.0,0.0,0.0,0.0,0.0,0.0,0.064799935,0.033324659,0.019658441,0.05672605,-0.022468001,-0.039501,0.070556998,0.13626
208,1930,0.011043057,-0.015542744,0.015912207,0.045818742,0.067964166,0.092445888,0,0,0.0,0.0,0.0,0.0,0.0,0.0,0.057775509,0.064799935,0.033324659,0.019658441,0.078074001,-0.022468001,-0.039501,0.070556998
208,1931,-0.026585801,0.00486915,0.034775686,0.056921113,0.081402838,0.1052995,0,0,0.0,0.0,0.0,0.0,0.0,0.0,0.011043057,0.057775509,0.064799935,0.033324659,0.158924,0.078074001,-0.022468001,-0.039501
208,1932,0.031454951,0.061361484,0.083506912,0.10798863,0.13188529,0.15576054,0,0,0.0,0.0,0.0,0.0,0.0,0.0,-0.026585801,0.011043057,0.057775509,0.064799935,0.059703,0.158924,0.078074001,-0.022468001
208,1933,0.029906536,0.052051961,0.076533683,0.10043035,0.1243056,,0,0,0.0,0.0,0.0,0.0,0.0,0.0,0.031454951,-0.026585801,0.011043057,0.057775509,-0.093620002,0.059703,0.158924,0.078074001
208,1934,0.022145428,0.046627149,0.070523813,0.094399065,,,0,0,0.0,0.0,0.0,0.0,0.0,0.0,0.029906536,0.031454951,-0.026585801,0.011043057,-0.064825997,-0.093620002,0.059703,0.158924
208,1935,0.024481723,0.048378386,0.072253637,,,,0,0,0.0,0.0,0.0,0.0,0.0,0.0,0.022145428,0.029906536,0.031454951,-0.026585801,-0.036102001,-0.064825997,-0.093620002,0.059703
208,1946,0.054637451,0.081330247,0.14808021,0.22453979,0.2311946,0.24092866,0,0,,,,,,,0.1449973,,,,,,,
208,1947,0.026692795,0.09344276,0.16990232,0.17655714,0.1862912,0.24162516,0,0,0.0,,,0.0,,,0.054637451,0.1449973,,,-0.0030110001,,,
208,1948,0.066749968,0.14320955,0.14986436,0.15959843,0.21493238,0.23417547,0,0,0.0,0.0,,0.0,0.0,,0.026692795,0.054637451,0.1449973,,0.0035339999,-0.0030110001,,
208,1949,0.076459572,0.083114386,0.092848442,0.14818239,0.16742548,0.17814435,0,0,0.0,0.0,0.0,0.0,0.0,0.0,0.066749968,0.026692795,0.054637451,0.1449973,-0.021365,0.0035339999,-0.0030110001,
208,1950,0.0066548157,0.016388875,0.071722835,0.090965919,0.10168479,0.11370565,0,0,0.0,0.0,0.0,0.0,0.0,0.0,0.076459572,0.066749968,0.026692795,0.054637451,-0.062512003,-0.021365,0.0035339999,-0.0030110001
208,1951,0.0097340588,0.065068014,0.084311098,0.095029972,0.10705083,0.18018654,0,0,0.0,0.0,0.0,0.0,0.0,0.0,0.0066548157,0.076459572,0.066749968,0.026692795,-0.012767,-0.062512003,-0.021365,0.0035339999
208,1952,0.055333957,0.074577041,0.085295916,0.097316772,0.17045248,0.19272265,0,0,0.0,0.0,0.0,0.0,0.0,0.0,0.0097340588,0.0066548157,0.076459572,0.066749968,-0.018013,-0.012767,-0.062512003,-0.021365
208,1953,0.019243084,0.029961957,0.041982811,0.11511852,0.13738869,0.20914111,0,0,0.0,0.0,0.0,0.0,0.0,0.0,0.055333957,0.0097340588,0.0066548157,0.076459572,-0.012821,-0.018013,-0.012767,-0.062512003
208,1954,0.010718873,0.022739727,0.095875442,0.11814561,0.18989804,0.21744969,0,0,0.0,0.0,0.0,0.0,0.0,0.0,0.019243084,0.055333957,0.0097340588,0.0066548157,0.00088800001,-0.012821,-0.018013,-0.012767
208,1955,0.012020855,0.085156567,0.10742674,0.17917916,0.20673081,0.27051914,0,0,0.0,0.0,0.0,0.0,0.0,0.0,0.010718873,0.019243084,0.055333957,0.0097340588,-0.000107,0.00088800001,-0.012821,-0.018013
208,1956,0.073135711,0.095405884,0.16715831,0.19470996,0.25849828,0.3151665,0,0,0.0,0.0,0.0,0.0,0.0,0.0,0.012020855,0.010718873,0.019243084,0.055333957,-0.0093350001,-0.000107,0.00088800001,-0.012821
208,1957,0.022270171,0.094022594,0.12157425,0.18536258,0.2420308,0.24840102,0,0,0.0,0.0,0.0,0.0,0.0,0.0,0.073135711,0.012020855,0.010718873,0.019243084,-0.0069479998,-0.0093350001,-0.000107,0.00088800001
208,1958,0.071752422,0.099304073,0.1630924,0.21976063,0.22613084,0.31883022,0,0,0.0,0.0,0.0,0.0,0.0,0.0,0.022270171,0.073135711,0.012020855,0.010718873,0.024770999,-0.0069479998,-0.0093350001,-0.000107
208,1959,0.027551649,0.091339976,0.1480082,0.15437841,0.24707779,0.29263034,0,0,0.0,0.0,0.0,0.0,0.0,0.0,0.071752422,0.022270171,0.073135711,0.012020855,0.019484,0.024770999,-0.0069479998,-0.0093350001
208,1960,0.063788325,0.12045655,0.12682676,0.21952614,0.26507869,0.2924878,0,0,0.0,0.0,0.0,0.0,0.0,0.0,0.027551649,0.071752422,0.022270171,0.073135711,0.042454999,0.019484,0.024770999,-0.0069479998
208,1961,0.056668218,0.063038431,0.15573782,0.20129037,0.22869948,0.26291552,0,0,0.0,0.0,0.0,0.0,0.0,0.0,0.063788325,0.027551649,0.071752422,0.022270171,0.0034940001,0.042454999,0.019484,0.024770999
208,1962,0.0063702124,0.099069595,0.14462215,0.17203125,0.2062473,0.24599677,0,0,0.0,0.0,0.0,0.0,0.0,0.0,0.056668218,0.063788325,0.027551649,0.071752422,0.0031570001,0.0034940001,0.042454999,0.019484
208,1963,0.092699386,0.13825193,0.16566104,0.19987708,0.23962656,0.30285141,0,0,0.0,0.0,0.0,0.0,0.0,0.0,0.0063702124,0.056668218,0.063788325,0.027551649,0.054435,0.0031570001,0.0034940001,0.042454999
208,1964,0.045552548,0.072961651,0.1071777,0.14692718,0.21015203,0.23750421,0,0,0.0,0.0,0.0,0.0,0.0,0.0,0.092699386,0.0063702124,0.056668218,0.063788325,0.011402,0.054435,0.0031570001,0.0034940001
208,1965,0.027409101,0.061625153,0.10137463,0.16459948,0.19195166,0.222002,0,0,0.0,0.0,0.0,0.0,0.0,0.0,0.045552548,0.092699386,0.0063702124,0.056668218,0.024538999,0.011402,0.054435,0.0031570001
208,1966,0.03421605,0.073965527,0.13719037,0.16454256,0.19459289,0.23388633,0,0,0.0,0.0,0.0,0.0,0.0,0.0,0.027409101,0.045552548,0.092699386,0.0063702124,0.024528001,0.024538999,0.011402,0.054435
208,1967,0.039749477,0.10297433,0.13032651,0.16037685,0.19967028,0.24059954,0,0,0.0,0.0,0.0,0.0,0.0,0.0,0.03421605,0.027409101,0.045552548,0.092699386,0.020483,0.024528001,0.024538999,0.011402
208,1968,0.063224852,0.090577036,0.12062737,0.15992081,0.20085007,0.18962595,0,0,0.0,0.0,0.0,0.0,0.0,0.0,0.039749477,0.03421605,0.027409101,0.045552548,0.017929001,0.020483,0.024528001,0.024538999
208,1969,0.02735218,0.05740251,0.096695945,0.13762519,0.12640107,0.11183565,0,0,0.0,0.0,0.0,0.0,0.0,0.0,0.063224852,0.039749477,0.03421605,0.027409101,0.026141999,0.017929001,0.020483,0.024528001
208,1970,0.03005033,0.069343768,0.11027302,0.099048905,0.084483489,0.14372924,0,0,0.0,0.0,0.0,0.0,0.0,0.0,0.02735218,0.063224852,0.039749477,0.03421605,0.017122,0.026141999,0.017929001,0.020483
208,1971,0.039293438,0.080222689,0.068998575,0.05443316,0.1136789,0.1323818,0,0,0.0,0.0,0.0,0.0,0.0,0.0,0.03005033,0.02735218,0.063224852,0.039749477,-0.007799,0.017122,0.026141999,0.017929001
208,1972,0.04092925,0.029705133,0.015139716,0.074385457,0.093088344,0.11535143,0,0,0.0,0.0,0.0,0.0,0.0,0.0,0.039293438,0.03005033,0.02735218,0.063224852,0.02141,-0.007799,0.017122,0.026141999
208,1973,-0.011224116,-0.025789533,0.03345621,0.052159097,0.074422181,0.11311275,0,0,0.0,0.0,0.0,0.0,0.0,0.0,0.04092925,0.039293438,0.03005033,0.02735218,0.058352001,0.02141,-0.007799,0.017122
208,1974,-0.014565418,0.044680327,0.063383214,0.085646302,0.12433687,0.11950695,0,0,0.0,0.0,0.0,0.0,0.0,0.0,-0.011224116,0.04092925,0.039293438,0.03005033,0.034495998,0.058352001,0.02141,-0.007799
208,1975,0.059245743,0.07794863,0.10021172,0.13890228,0.13407235,0.12741102,0,0,0.0,0.0,0.0,0.0,0.0,0.0,-0.014565418,-0.011224116,0.04092925,0.039293438,0.013217,0.034495998,0.058352001,0.02141
208,1976,0.018702887,0.040965974,0.079656541,0.074826621,0.068165287,0.10501179,0,0,0.0,0.0,0.0,0.0,0.0,0.0,0.059245743,-0.014565418,-0.011224116,0.04092925,-0.038040001,0.013217,0.034495998,0.058352001
208,1977,0.022263085,0.060953647,0.056123726,0.049462397,0.086308904,0.11226952,0,0,0.0,0.0,0.0,0.0,0.0,0.0,0.018702887,0.059245743,-0.014565418,-0.011224116,-0.0050639999,-0.038040001,0.013217,0.034495998
208,1978,0.038690563,0.033860639,0.027199309,0.064045817,0.090006426,0.13166794,0,0,0.0,0.0,0.0,0.0,0.0,0.0,0.022263085,0.018702887,0.059245743,-0.014565418,-0.0136,-0.0050639999,-0.038040001,0.013217
208,1979,-0.0048299227,-0.011491253,0.025355253,0.051315866,0.092977375,0.13301423,0,0,0.0,0.0,0.0,0.0,0.0,0.0,0.038690563,0.022263085,0.018702887,0.059245743,-0.0049000001,-0.0136,-0.0050639999,-0.038040001
208,1980,-0.0066613303,0.030185178,0.056145791,0.097807303,0.13784416,0.18688668,0,0,0.0,0.0,0.0,0.0,0.0,0.0,-0.0048299227,0.038690563,0.022263085,0.018702887,-0.001049,-0.0049000001,-0.0136,-0.0050639999
208,1981,0.036846507,0.06280712,0.10446863,0.14450549,0.19354801,0.19609027,0,0,0.0,0.0,0.0,0.0,0.0,0.0,-0.0066613303,-0.0048299227,0.038690563,0.022263085,-0.007518,-0.001049,-0.0049000001,-0.0136
208,1982,0.025960613,0.067622125,0.10765898,0.15670151,0.15924376,0.15910746,0,0,0.0,0.0,0.0,0.0,0.0,0.0,0.036846507,-0.0066613303,-0.0048299227,0.038690563,-0.050035,-0.007518,-0.001049,-0.0049000001
208,1983,0.041661512,0.081698366,0.1307409,0.13328315,0.13314685,0.139599,0,0,0.0,0.0,0.0,0.0,0.0,0.0,0.025960613,0.036846507,-0.0066613303,-0.0048299227,0.021973999,-0.050035,-0.007518,-0.001049
208,1984,0.040036853,0.08907938,0.091621645,0.091485344,0.097937495,0.11268994,0,0,0.0,0.0,0.0,0.0,0.0,0.0,0.041661512,0.025960613,0.036846507,-0.0066613303,0.044066001,0.021973999,-0.050035,-0.007518
208,1985,0.049042527,0.051584788,0.051448487,0.057900637,0.072653085,0.086589649,0,0,0.0,0.0,0.0,0.0,0.0,0.0,0.040036853,0.041661512,0.025960613,0.036846507,0.093194999,0.044066001,0.021973999,-0.050035
208,1986,0.0025422613,0.0024059613,0.0088581108,0.023610558,0.037547119,0.057117235,0,0,0.0,0.0,0.0,0.0,0.0,0.0,0.049042527,0.040036853,0.041661512,0.025960613,0.103081,0.093194999,0.044066001,0.021973999
208,1987,-0.00013630002,0.0063158497,0.021068297,0.035004858,0.054574974,0.054681569,0,0,0.0,0.0,0.0,0.0,0.0,0.0,0.0025422613,0.049042527,0.040036853,0.041661512,0.061266001,0.103081,0.093194999,0.044066001
208,1988,0.0064521497,0.021204598,0.035141159,0.054711275,0.05481787,0.10814235,0,0,0.0,0.0,0.0,0.0,0.0,0.0,-0.00013630002,0.0025422613,0.049042527,0.040036853,0.011864,0.061266001,0.103081,0.093194999
208,1989,0.014752448,0.028689008,0.048259124,0.04836572,0.1016902,0.13196655,0,0,0.0,0.0,0.0,0.0,0.0,0.0,0.0064521497,-0.00013630002,0.0025422613,0.049042527,-0.0044339998,0.011864,0.061266001,0.103081
208,1990,0.013936561,0.033506677,0.033613272,0.086937755,0.1172141,0.14621478,0,0,0.0,0.0,0.0,0.0,0.0,0.0,0.014752448,0.0064521497,-0.00013630002,0.0025422613,-0.031709999,-0.0044339998,0.011864,0.061266001
208,1991,0.019570116,0.01967671,0.073001191,0.10327753,0.13227822,0.16488701,0,0,0.0,0.0,0.0,0.0,0.0,0.0,0.013936561,0.014752448,0.0064521497,-0.00013630002,-0.046078,-0.031709999,-0.0044339998,0.011864
208,1992,0.00010659429,0.053431079,0.083707422,0.11270811,0.1453169,0.16749851,0,0,0.0,0.0,0.0,0.0,0.0,0.0,0.019570116,0.013936561,0.014752448,0.0064521497,-0.036474001,-0.046078,-0.031709999,-0.0044339998
208,1993,0.053324483,0.083600827,0.11260151,0.14521031,0.16739193,0.196872,0,0,0.0,0.0,0.0,0.0,0.0,0.0,0.00010659429,0.019570116,0.013936561,0.014752448,-0.006633,-0.036474001,-0.046078,-0.031709999
208,1994,0.030276341,0.059277024,0.09188582,0.11406744,0.14354751,0.1810165,0,0,0.0,0.0,0.0,0.0,0.0,0.0,0.053324483,0.00010659429,0.019570116,0.013936561,-0.089408003,-0.006633,-0.036474001,-0.046078
208,1995,0.029000683,0.061609477,0.083791092,0.11327116,0.15074016,0.15897165,0,0,0.0,0.0,0.0,0.0,0.0,0.0,0.030276341,0.053324483,0.00010659429,0.019570116,-0.002695,-0.089408003,-0.006633,-0.036474001
208,1996,0.032608796,0.054790415,0.084270485,0.12173949,0.12997098,0.13463444,0,0,0.0,0.0,0.0,0.0,0.0,0.0,0.029000683,0.030276341,0.053324483,0.00010659429,0.0066979998,-0.002695,-0.089408003,-0.006633
208,1997,0.022181619,0.051661693,0.0891307,0.09736219,0.10202564,0.10592638,0,0,0.0,0.0,0.0,0.0,0.0,0.0,0.032608796,0.029000683,0.030276341,0.053324483,0.025983,0.0066979998,-0.002695,-0.089408003
208,1998,0.029480072,0.066949077,0.075180568,0.07984402,0.083744757,0.11042669,0,0,0.0,0.0,0.0,0.0,0.0,0.0,0.022181619,0.032608796,0.029000683,0.030276341,0.067565002,0.025983,0.0066979998,-0.002695
208,1999,0.037469003,0.045700498,0.050363947,0.054264687,0.080946624,0.10431327,0,0,0.0,0.0,0.0,0.0,0.0,0.0,0.029480072,0.022181619,0.032608796,0.029000683,0.020321,0.067565002,0.025983,0.0066979998
208,2000,0.0082314936,0.012894943,0.016795682,0.043477617,0.066844262,0.10597406,0,0,0.0,0.0,0.0,0.0,0.0,0.0,0.037469003,0.029480072,0.022181619,0.032608796,0.061687998,0.020321,0.067565002,0.025983
208,2001,0.0046634492,0.0085641881,0.035246123,0.058612768,0.097742572,0.1068351,0,1,0.0,0.0,0.0,0.0,0.0,0.0,0.0082314936,0.037469003,0.029480072,0.022181619,0.079372004,0.061687998,0.020321,0.067565002
208,2002,0.0039007387,0.030582672,0.053949319,0.09307912,0.10217165,0.097051397,0,1,0.0,0.0,0.0,1.0,0.0,0.0,0.0046634492,0.0082314936,0.037469003,0.029480072,0.039719999,0.079372004,0.061687998,0.020321
208,2003,0.026681934,0.050048579,0.089178383,0.098270915,0.09315066,0.044085406,0,0,0.0,0.0,0.0,1.0,1.0,0.0,0.0039007387,0.0046634492,0.0082314936,0.037469003,0.062190998,0.039719999,0.079372004,0.061687998
208,2004,0.023366645,0.062496446,0.071588978,0.066468723,0.017403468,0.036113396,0,0,0.0,0.0,0.0,0.0,1.0,1.0,0.026681934,0.0039007387,0.0046634492,0.0082314936,0.060623001,0.062190998,0.039719999,0.079372004
208,2005,0.039129801,0.048222333,0.043102082,-0.0059631728,0.012746753,0.026114501,0,0,0.0,0.0,0.0,0.0,0.0,1.0,0.023366645,0.026681934,0.0039007387,0.0046634492,0.136859,0.060623001,0.062190998,0.039719999
208,2006,0.0090925302,0.003972278,-0.045092978,-0.026383052,-0.013015305,-0.01075062,0,0,0.0,0.0,0.0,0.0,0.0,0.0,0.039129801,0.023366645,0.026681934,0.0039007387,0.12232,0.136859,0.060623001,0.062190998
208,2007,-0.0051202523,-0.054185506,-0.035475582,-0.022107836,-0.019843152,-0.010509659,0,0,0.0,0.0,0.0,0.0,0.0,0.0,0.0090925302,0.039129801,0.023366645,0.026681934,0.150336,0.12232,0.136859,0.060623001
208,2008,-0.049065255,-0.030355329,-0.016987581,-0.014722896,-0.0053894026,0.011369941,1,1,0.0,0.0,0.0,0.0,0.0,0.0,-0.0051202523,0.0090925302,0.039129801,0.023366645,0.076442003,0.150336,0.12232,0.136859
208,2009,0.018709926,0.032077674,0.03434236,0.043675855,0.060435198,0.076496057,0,0,1.0,0.0,0.0,1.0,0.0,0.0,-0.049065255,-0.0051202523,0.0090925302,0.039129801,0.124791,0.076442003,0.150336,0.12232
208,2010,0.013367747,0.015632432,0.024965925,0.04172527,0.057786129,0.070661761,0,0,0.0,1.0,0.0,0.0,1.0,0.0,0.018709926,-0.049065255,-0.0051202523,0.0090925302,-0.093456,0.124791,0.076442003,0.150336
208,2011,0.0022646848,0.011598178,0.028357521,0.04441838,0.057294015,,1,0,0.0,0.0,1.0,0.0,0.0,1.0,0.013367747,0.018709926,-0.049065255,-0.0051202523,-0.043786999,-0.093456,0.124791,0.076442003
208,2012,0.0093334932,0.026092837,0.042153697,0.055029333,,,0,0,1.0,0.0,0.0,0.0,0.0,0.0,0.0022646848,0.013367747,0.018709926,-0.049065255,-0.040959999,-0.043786999,-0.093456,0.124791
208,2013,0.016759343,0.032820202,0.045695838,,,,0,0,0.0,1.0,0.0,0.0,0.0,0.0,0.0093334932,0.0022646848,0.013367747,0.018709926,-0.020035001,-0.040959999,-0.043786999,-0.093456
246,1919,0.1164645,0.1517188,0.25060031,0.32079452,0.34611678,0.40274826,0,0,,,,,,,0.19195074,,,,,,,
246,1920,0.035254292,0.13413581,0.20433003,0.22965229,0.28628376,0.32315466,0,0,0.0,,,0.0,,,0.1164645,0.19195074,,,-0.110854,,,
246,1921,0.09888152,0.16907574,0.194398,0.25102946,0.28790036,0.36227298,1,1,0.0,0.0,,0.0,0.0,,0.035254292,0.1164645,0.19195074,,-0.04087,-0.110854,,
246,1922,0.070194222,0.095516473,0.15214795,0.18901886,0.26339149,0.32971349,0,0,1.0,0.0,0.0,1.0,0.0,0.0,0.09888152,0.035254292,0.1164645,0.19195074,-0.0037680001,-0.04087,-0.110854,
246,1923,0.025322255,0.081953719,0.11882463,0.19319725,0.25951925,0.26982895,0,0,0.0,1.0,0.0,0.0,1.0,0.0,0.070194222,0.09888152,0.035254292,0.1164645,0.014289,-0.0037680001,-0.04087,-0.110854
246,1924,0.056631468,0.093502373,0.16787499,0.23419699,0.24450669,0.23343155,0,0,0.0,0.0,1.0,0.0,0.0,1.0,0.025322255,0.070194222,0.09888152,0.035254292,-0.0075980001,0.014289,-0.0037680001,-0.04087
246,1925,0.036870908,0.11124353,0.17756552,0.18787521,0.17680007,0.15211757,0,0,0.0,0.0,0.0,0.0,0.0,0.0,0.056631468,0.025322255,0.070194222,0.09888152,-0.015665,-0.0075980001,0.014289,-0.0037680001
246,1926,0.074372627,0.14069462,0.15100431,0.13992918,0.11524667,0.11076336,0,0,0.0,0.0,0.0,0.0,0.0,0.0,0.036870908,0.056631468,0.025322255,0.070194222,0.038927,-0.015665,-0.0075980001,0.014289
246,1927,0.066321991,0.076631695,0.065556549,0.040874042,0.036390729,0.10009256,0,0,0.0,0.0,0.0,0.0,0.0,0.0,0.074372627,0.036870908,0.056631468,0.025322255,0.021493999,0.038927,-0.015665,-0.0075980001
246,1928,0.0103097,-0.00076544657,-0.025447952,-0.029931266,0.033770565,0.1416835,0,0,0.0,0.0,0.0,0.0,0.0,0.0,0.066321991,0.074372627,0.036870908,0.056631468,0.051098999,0.021493999,0.038927,-0.015665
246,1929,-0.011075146,-0.035757653,-0.040240966,0.023460865,0.13137379,0.17350732,0,0,0.0,0.0,0.0,0.0,0.0,0.0,0.0103097,0.066321991,0.074372627,0.036870908,0.027938999,0.051098999,0.021493999,0.038927
246,1930,-0.024682505,-0.029165819,0.034536012,0.14244895,0.18458247,0.24935205,0,0,0.0,0.0,0.0,0.0,0.0,0.0,-0.011075146,0.0103097,0.066321991,0.074372627,0.040406,0.027938999,0.051098999,0.021493999
246,1931,-0.0044833133,0.059218518,0.16713145,0.20926498,0.27403456,0.33004493,0,0,0.0,0.0,0.0,0.0,0.0,0.0,-0.024682505,-0.011075146,0.0103097,0.066321991,0.051966,0.040406,0.027938999,0.051098999
246,1932,0.063701831,0.17161477,0.21374829,0.27851787,0.33452821,0.38543627,0,0,0.0,0.0,0.0,0.0,0.0,0.0,-0.0044833133,-0.024682505,-0.011075146,0.0103097,-0.023189001,0.051966,0.040406,0.027938999
246,1933,0.10791294,0.15004645,0.21481603,0.2708264,0.32173446,,0,0,0.0,0.0,0.0,0.0,0.0,0.0,0.063701831,-0.0044833133,-0.024682505,-0.011075146,-0.065121002,-0.023189001,0.051966,0.040406
246,1934,0.042133521,0.10690311,0.16291346,0.21382152,,,0,0,0.0,0.0,0.0,0.0,0.0,0.0,0.10791294,0.063701831,-0.0044833133,-0.024682505,-0.081540003,-0.065121002,-0.023189001,0.051966
246,1935,0.064769581,0.12077993,0.17168799,,,,0,0,0.0,0.0,0.0,0.0,0.0,0.0,0.042133521,0.10791294,0.063701831,-0.0044833133,0.005411,-0.081540003,-0.065121002,-0.023189001
246,1946,0.022679316,0.098775879,0.15737933,0.19401762,0.27472955,0.30966532,1,1,,,,,,,0.079727724,,,,,,,
246,1947,0.076096565,0.13470003,0.17133832,0.25205025,0.28698602,0.29329064,0,0,1.0,,,1.0,,,0.022679316,0.079727724,,,0.00095199997,,,
246,1948,0.058603458,0.09524174,0.17595366,0.21088943,0.21719405,0.30132604,1,1,0.0,1.0,,0.0,1.0,,0.076096565,0.022679316,0.079727724,,-0.004224,0.00095199997,,
246,1949,0.036638282,0.11735021,0.15228598,0.1585906,0.24272257,0.29220861,0,0,1.0,0.0,1.0,1.0,0.0,1.0,0.058603458,0.076096565,0.022679316,0.079727724,0.051878002,-0.004224,0.00095199997,
246,1950,0.080711924,0.1156477,0.12195231,0.20608428,0.25557035,0.28515327,0,0,0.0,1.0,0.0,0.0,1.0,0.0,0.036638282,0.058603458,0.076096565,0.022679316,-0.014497,0.051878002,-0.004224,0.00095199997
246,1951,0.034935772,0.041240387,0.12537235,0.17485841,0.20444132,0.24942598,0,0,0.0,0.0,1.0,0.0,0.0,1.0,0.080711924,0.036638282,0.058603458,0.076096565,-0.0244,-0.014497,0.051878002,-0.004224
246,1952,0.0063046161,0.090436585,0.13992265,0.16950557,0.21449023,0.21922012,0,0,0.0,0.0,0.0,0.0,0.0,0.0,0.034935772,0.080711924,0.036638282,0.058603458,0.049752999,-0.0244,-0.014497,0.051878002
246,1953,0.084131971,0.13361803,0.16320094,0.20818561,0.2129155,0.27101538,0,0,0.0,0.0,0.0,0.0,0.0,0.0,0.0063046161,0.034935772,0.080711924,0.036638282,0.024363,0.049752999,-0.0244,-0.014497
246,1954,0.049486056,0.079068974,0.12405363,0.12878351,0.18688339,0.27399498,0,0,0.0,0.0,0.0,0.0,0.0,0.0,0.084131971,0.0063046161,0.034935772,0.080711924,0.020609001,0.024363,0.049752999,-0.0244
246,1955,0.029582914,0.074567571,0.079297446,0.13739732,0.22450891,0.30055562,0,0,0.0,0.0,0.0,0.0,0.0,0.0,0.049486056,0.084131971,0.0063046161,0.034935772,0.013447,0.020609001,0.024363,0.049752999
246,1956,0.044984661,0.049714539,0.10781442,0.19492599,0.2709727,0.30079216,0,0,0.0,0.0,0.0,0.0,0.0,0.0,0.029582914,0.049486056,0.084131971,0.0063046161,-0.012949,0.013447,0.020609001,0.024363
246,1957,0.0047298768,0.062829755,0.14994134,0.22598805,0.25580749,0.2886585,0,0,0.0,0.0,0.0,0.0,0.0,0.0,0.044984661,0.029582914,0.049486056,0.084131971,-0.026479,-0.012949,0.013447,0.020609001
246,1958,0.058099877,0.14521146,0.22125816,0.25107762,0.28392863,0.33631551,0,0,0.0,0.0,0.0,0.0,0.0,0.0,0.0047298768,0.044984661,0.029582914,0.049486056,0.0063590002,-0.026479,-0.012949,0.013447
246,1959,0.087111585,0.1631583,0.19297776,0.22582875,0.27821562,0.3312442,0,0,0.0,0.0,0.0,0.0,0.0,0.0,0.058099877,0.0047298768,0.044984661,0.029582914,0.019512,0.0063590002,-0.026479,-0.012949
246,1960,0.076046705,0.10586616,0.13871716,0.19110402,0.24413261,0.26786083,0,0,0.0,0.0,0.0,0.0,0.0,0.0,0.087111585,0.058099877,0.0047298768,0.044984661,0.020431001,0.019512,0.0063590002,-0.026479
246,1961,0.029819455,0.062670454,0.11505732,0.1680859,0.19181412,0.21350241,0,0,0.0,0.0,0.0,0.0,0.0,0.0,0.076046705,0.087111585,0.058099877,0.0047298768,0.015171,0.020431001,0.019512,0.0063590002
246,1962,0.032850996,0.085237861,0.13826644,0.16199467,0.18368295,0.20671585,0,0,0.0,0.0,0.0,0.0,0.0,0.0,0.029819455,0.076046705,0.087111585,0.058099877,0.011796,0.015171,0.020431001,0.019512
246,1963,0.052386865,0.10541545,0.12914369,0.15083197,0.17386487,0.26979774,0,0,0.0,0.0,0.0,0.0,0.0,0.0,0.032850996,0.029819455,0.076046705,0.087111585,-0.0022179999,0.011796,0.015171,0.020431001
246,1964,0.05302858,0.076756805,0.098445095,0.12147799,0.21741086,0.27074993,0,0,0.0,0.0,0.0,0.0,0.0,0.0,0.052386865,0.032850996,0.029819455,0.076046705,-0.0083870003,-0.0022179999,0.011796,0.015171
246,1965,0.023728229,0.045416519,0.068449415,0.16438228,0.21772136,0.24129055,0,0,0.0,0.0,0.0,0.0,0.0,0.0,0.05302858,0.052386865,0.032850996,0.029819455,-4.5000001e-05,-0.0083870003,-0.0022179999,0.011796
246,1966,0.02168829,0.044721186,0.14065406,0.19399314,0.21756233,0.2949172,0,0,0.0,0.0,0.0,0.0,0.0,0.0,0.023728229,0.05302858,0.052386865,0.032850996,0.017167,-4.5000001e-05,-0.0083870003,-0.0022179999
246,1967,0.023032898,0.11896577,0.17230484,0.19587404,0.27322888,0.34306717,0,0,0.0,0.0,0.0,0.0,0.0,0.0,0.02168829,0.023728229,0.05302858,0.052386865,-0.0046629999,0.017167,-4.5000001e-05,-0.0083870003
246,1968,0.095932871,0.14927195,0.17284115,0.25019601,0.3200343,0.35239965,0,0,0.0,0.0,0.0,0.0,0.0,0.0,0.023032898,0.02168829,0.023728229,0.05302858,-0.019742001,-0.0046629999,0.017167,-4.5000001e-05
246,1969,0.053339075,0.076908275,0.15426314,0.22410142,0.25646675,0.27451572,0,0,0.0,0.0,0.0,0.0,0.0,0.0,0.095932871,0.023032898,0.02168829,0.023728229,0.001756,-0.019742001,-0.0046629999,0.017167
246,1970,0.023569202,0.10092406,0.17076233,0.20312767,0.22117664,0.22462046,0,0,0.0,0.0,0.0,0.0,0.0,0.0,0.053339075,0.095932871,0.023032898,0.02168829,0.018993,0.001756,-0.019742001,-0.0046629999
246,1971,0.077354856,0.14719313,0.17955847,0.19760744,0.20105127,0.20344637,0,0,0.0,0.0,0.0,0.0,0.0,0.0,0.023569202,0.053339075,0.095932871,0.023032898,0.020640999,0.018993,0.001756,-0.019742001
246,1972,0.069838278,0.10220362,0.12025259,0.12369642,0.12609152,0.15528861,0,0,0.0,0.0,0.0,0.0,0.0,0.0,0.077354856,0.023569202,0.053339075,0.095932871,-0.0053829998,0.020640999,0.018993,0.001756
246,1973,0.032365337,0.050414316,0.053858146,0.056253251,0.085450329,0.15666959,0,0,0.0,0.0,0.0,0.0,0.0,0.0,0.069838278,0.077354856,0.023569202,0.053339075,0.013245,-0.0053829998,0.020640999,0.018993
246,1974,0.018048977,0.021492807,0.023887912,0.053084992,0.12430426,0.17819473,1,0,0.0,0.0,0.0,0.0,0.0,0.0,0.032365337,0.069838278,0.077354856,0.023569202,0.001254,0.013245,-0.0053829998,0.020640999
246,1975,0.0034438297,0.0058389334,0.035036013,0.10625528,0.16014576,0.1730935,0,0,1.0,0.0,0.0,0.0,0.0,0.0,0.018048977,0.032365337,0.069838278,0.077354856,-0.001365,0.001254,0.013245,-0.0053829998
246,1976,0.0023951039,0.031592183,0.10281145,0.15670192,0.16964966,0.2005232,0,0,0.0,1.0,0.0,0.0,0.0,0.0,0.0034438297,0.018048977,0.032365337,0.069838278,-0.0094419997,-0.001365,0.001254,0.013245
246,1977,0.02919708,0.10041635,0.15430683,0.16725457,0.1981281,0.22933868,0,0,0.0,0.0,1.0,0.0,0.0,0.0,0.0023951039,0.0034438297,0.018048977,0.032365337,0.010405,-0.0094419997,-0.001365,0.001254
246,1978,0.071219265,0.12510975,0.13805749,0.16893102,0.20014159,0.23228288,0,0,0.0,0.0,0.0,0.0,0.0,0.0,0.02919708,0.0023951039,0.0034438297,0.018048977,-0.0035910001,0.010405,-0.0094419997,-0.001365
246,1979,0.053890478,0.06683822,0.097711764,0.12892234,0.16106363,0.19643056,0,0,0.0,0.0,0.0,0.0,0.0,0.0,0.071219265,0.02919708,0.0023951039,0.0034438297,6.1999999e-05,-0.0035910001,0.010405,-0.0094419997
246,1980,0.012947744,0.043821286,0.075031862,0.10717314,0.14254007,0.16980144,0,0,0.0,0.0,0.0,0.0,0.0,0.0,0.053890478,0.071219265,0.02919708,0.0023951039,0.010222,6.1999999e-05,-0.0035910001,0.010405
246,1981,0.030873543,0.062084116,0.094225392,0.12959233,0.15685371,0.19244467,0,0,0.0,0.0,0.0,0.0,0.0,0.0,0.012947744,0.053890478,0.071219265,0.02919708,0.006395,0.010222,6.1999999e-05,-0.0035910001
246,1982,0.031210573,0.063351855,0.098718785,0.12598017,0.16157113,0.21366972,0,0,0.0,0.0,0.0,0.0,0.0,0.0,0.030873543,0.012947744,0.053890478,0.071219265,0.019506,0.006395,0.010222,6.1999999e-05
246,1983,0.032141279,0.067508206,0.09476959,0.13036054,0.18245913,0.23333615,0,0,0.0,0.0,0.0,0.0,0.0,0.0,0.031210573,0.030873543,0.012947744,0.053890478,0.011645,0.019506,0.006395,0.010222
246,1984,0.03536693,0.062628314,0.098219275,0.15031786,0.20119488,0.20795272,0,0,0.0,0.0,0.0,0.0,0.0,0.0,0.032141279,0.031210573,0.030873543,0.012947744,0.0098670004,0.011645,0.019506,0.006395
246,1985,0.027261382,0.062852338,0.11495093,0.16582794,0.17258579,0.11344153,0,0,0.0,0.0,0.0,0.0,0.0,0.0,0.03536693,0.032141279,0.031210573,0.030873543,0.038770001,0.0098670004,0.011645,0.019506
246,1986,0.035590958,0.087689549,0.13856657,0.14532441,0.086180151,0.052933857,0,0,0.0,0.0,0.0,0.0,0.0,0.0,0.027261382,0.03536693,0.032141279,0.031210573,0.019029999,0.038770001,0.0098670004,0.011645
246,1987,0.052098587,0.10297561,0.10973344,0.050589181,0.017342888,0.0099979546,0,0,0.0,0.0,0.0,0.0,0.0,0.0,0.035590958,0.027261382,0.03536693,0.032141279,0.058017999,0.019029999,0.038770001,0.0098670004
246,1988,0.05087702,0.057634853,-0.0015094057,-0.034755699,-0.042100631,-0.0027080216,0,0,0.0,0.0,0.0,0.0,0.0,0.0,0.052098587,0.035590958,0.027261382,0.03536693,0.088799998,0.058017999,0.019029999,0.038770001
246,1989,0.0067578349,-0.052386425,-0.085632719,-0.09297765,-0.053585041,-0.011513732,0,0,0.0,0.0,0.0,0.0,0.0,0.0,0.05087702,0.052098587,0.035590958,0.027261382,0.030544,0.088799998,0.058017999,0.019029999
246,1990,-0.059144258,-0.092390552,-0.099735484,-0.060342874,-0.018271565,0.018316764,1,1,0.0,0.0,0.0,0.0,0.0,0.0,0.0067578349,0.05087702,0.052098587,0.035590958,0.026787,0.030544,0.088799998,0.058017999
246,1991,-0.033246294,-0.040591225,-0.0011986159,0.040872693,0.077461019,0.13997909,1,0,1.0,0.0,0.0,1.0,0.0,0.0,-0.059144258,0.0067578349,0.05087702,0.052098587,0.042323001,0.026787,0.030544,0.088799998
246,1992,-0.0073449332,0.032047674,0.074118987,0.11070731,0.17322539,0.22751051,1,0,1.0,1.0,0.0,0.0,1.0,0.0,-0.033246294,-0.059144258,0.0067578349,0.05087702,-0.034058001,0.042323001,0.026787,0.030544
246,1993,0.039392609,0.081463918,0.11805224,0.18057032,0.23485544,0.27929679,0,0,1.0,1.0,1.0,0.0,0.0,1.0,-0.0073449332,-0.033246294,-0.059144258,0.0067578349,-0.074952997,-0.034058001,0.042323001,0.026787
246,1994,0.042071309,0.078659639,0.14117771,0.19546284,0.23990418,0.29625267,0,0,0.0,1.0,1.0,0.0,0.0,0.0,0.039392609,-0.0073449332,-0.033246294,-0.059144258,-0.135757,-0.074952997,-0.034058001,0.042323001
246,1995,0.03658833,0.099106401,0.15339153,0.19783287,0.25418136,0.27998927,0,0,0.0,0.0,1.0,0.0,0.0,0.0,0.042071309,0.039392609,-0.0073449332,-0.033246294,-0.038125001,-0.135757,-0.074952997,-0.034058001
246,1996,0.062518075,0.1168032,0.16124454,0.21759301,0.24340093,0.2602042,0,0,0.0,0.0,0.0,0.0,0.0,0.0,0.03658833,0.042071309,0.039392609,-0.0073449332,-0.025226001,-0.038125001,-0.135757,-0.074952997
246,1997,0.054285124,0.098726466,0.15507494,0.18088286,0.19768611,0.21762595,0,0,0.0,0.0,0.0,0.0,0.0,0.0,0.062518075,0.03658833,0.042071309,0.039392609,-0.035772,-0.025226001,-0.038125001,-0.135757
246,1998,0.044441342,0.10078982,0.12659773,0.14340098,0.16334082,0.20260139,0,0,0.0,0.0,0.0,0.0,0.0,0.0,0.054285124,0.062518075,0.03658833,0.042071309,0.013983,-0.035772,-0.025226001,-0.038125001
246,1999,0.056348477,0.082156397,0.098959647,0.11889949,0.15816006,0.18595961,0,0,0.0,0.0,0.0,0.0,0.0,0.0,0.044441342,0.054285124,0.062518075,0.03658833,0.060431998,0.013983,-0.035772,-0.025226001
246,2000,0.025807923,0.042611174,0.062551014,0.10181159,0.12961113,0.17016311,0,0,0.0,0.0,0.0,0.0,0.0,0.0,0.056348477,0.044441342,0.054285124,0.062518075,0.002597,0.060431998,0.013983,-0.035772
246,2001,0.01680325,0.03674309,0.076003656,0.10380321,0.14435518,0.19620319,0,0,0.0,0.0,0.0,0.0,0.0,0.0,0.025807923,0.056348477,0.044441342,0.054285124,0.037356999,0.002597,0.060431998,0.013983
246,2002,0.019939842,0.059200414,0.086999968,0.12755194,0.17939995,0.18660663,0,0,0.0,0.0,0.0,0.0,0.0,0.0,0.01680325,0.025807923,0.056348477,0.044441342,0.030941,0.037356999,0.002597,0.060431998
246,2003,0.03926057,0.06706012,0.10761209,0.1594601,0.16666678,0.08397641,0,0,0.0,0.0,0.0,0.0,0.0,0.0,0.019939842,0.01680325,0.025807923,0.056348477,0.047444999,0.030941,0.037356999,0.002597
246,2004,0.027799552,0.068351522,0.12019953,0.12740621,0.044715844,0.074639216,0,0,0.0,0.0,0.0,0.0,0.0,0.0,0.03926057,0.019939842,0.01680325,0.025807923,0.034254,0.047444999,0.030941,0.037356999
246,2005,0.040551972,0.092399977,0.099606663,0.016916297,0.046839669,0.072547846,0,0,0.0,0.0,0.0,0.0,0.0,0.0,0.027799552,0.03926057,0.019939842,0.01680325,0.054487001,0.034254,0.047444999,0.030941
246,2006,0.051848006,0.059054691,-0.023635674,0.0062876996,0.031995878,0.017733984,0,0,0.0,0.0,0.0,0.0,0.0,0.0,0.040551972,0.027799552,0.03926057,0.019939842,0.042133,0.054487001,0.034254,0.047444999
246,2007,0.0072066849,-0.07548368,-0.045560308,-0.019852132,-0.034114026,-0.041694388,0,0,0.0,0.0,0.0,0.0,0.0,0.0,0.051848006,0.040551972,0.027799552,0.03926057,0.024677999,0.042133,0.054487001,0.034254
246,2008,-0.082690366,-0.052766994,-0.027058817,-0.041320711,-0.048901074,-0.055218354,1,1,0.0,0.0,0.0,0.0,0.0,0.0,0.0072066849,0.051848006,0.040551972,0.027799552,0.057367999,0.024677999,0.042133,0.054487001
246,2009,0.029923374,0.055631548,0.041369654,0.033789292,0.027472012,0.030157575,0,0,1.0,0.0,0.0,1.0,0.0,0.0,-0.082690366,0.0072066849,0.051848006,0.040551972,0.067592002,0.057367999,0.024677999,0.042133
246,2010,0.025708176,0.011446283,0.00386592,-0.0024513612,0.00023420271,0.014107201,0,0,0.0,1.0,0.0,0.0,1.0,0.0,0.029923374,-0.082690366,0.0072066849,0.051848006,0.024764,0.067592002,0.057367999,0.024677999
246,2011,-0.014261893,-0.021842256,-0.028159536,-0.025473973,-0.011600974,,0,0,0.0,0.0,1.0,0.0,0.0,1.0,0.025708176,0.029923374,-0.082690366,0.0072066849,0.013567,0.024764,0.067592002,0.057367999
246,2012,-0.0075803632,-0.013897644,-0.011212081,0.002660918,,,0,0,0.0,0.0,0.0,0.0,0.0,0.0,-0.014261893,0.025708176,0.029923374,-0.082690366,0.034402002,0.013567,0.024764,0.067592002
246,2013,-0.0063172812,-0.0036317173,0.010241281,,,,0,0,0.0,0.0,0.0,0.0,0.0,0.0,-0.0075803632,-0.014261893,0.025708176,0.029923374,0.015636001,0.034402002,0.013567,0.024764
251,1871,0.088690102,0.016000345,0.13554549,0.16844887,0.083139613,0.13554549,0,0,,,,,,,-0.0060301274,,,,,,,
251,1872,-0.072689757,0.046855398,0.079758763,-0.0055504888,0.046855398,0.034454871,0,0,0.0,,,0.0,,,0.088690102,-0.0060301274,,,,,,
251,1873,0.11954515,0.15244852,0.067139268,0.11954515,0.10714463,0.042724974,0,0,0.0,0.0,,0.0,0.0,,-0.072689757,0.088690102,-0.0060301274,,,,,
251,1874,0.032903366,-0.052405886,0.0,-0.012400526,-0.07682018,0.008764334,0,0,0.0,0.0,0.0,0.0,0.0,0.0,0.11954515,-0.072689757,0.088690102,-0.0060301274,,,,
251,1875,-0.085309252,-0.032903366,-0.045303892,-0.10972355,-0.024139039,0.01353658,0,0,0.0,0.0,0.0,0.0,0.0,0.0,0.032903366,0.11954515,-0.072689757,0.088690102,,,,
251,1876,0.052405886,0.04000536,-0.024414297,0.061170217,0.09884584,0.144831,0,0,0.0,0.0,0.0,0.0,0.0,0.0,-0.085309252,0.032903366,0.11954515,-0.072689757,,,,
251,1877,-0.012400526,-0.07682018,0.008764334,0.046439953,0.092425108,0.095630214,0,0,0.0,0.0,0.0,0.0,0.0,0.0,0.052405886,-0.085309252,0.032903366,0.11954515,,,,
251,1878,-0.064419657,0.021164857,0.058840476,0.10482563,0.10803074,0.09676753,0,0,0.0,0.0,0.0,0.0,0.0,0.0,-0.012400526,0.052405886,-0.085309252,0.032903366,,,,
251,1879,0.085584514,0.12326013,0.16924529,0.17245039,0.16118719,0.14322755,0,0,0.0,0.0,0.0,0.0,0.0,0.0,-0.064419657,-0.012400526,0.052405886,-0.085309252,,,,
251,1880,0.037675619,0.083660781,0.086865887,0.07560268,0.057643048,0.073983259,0,0,0.0,0.0,0.0,0.0,0.0,0.0,0.085584514,-0.064419657,-0.012400526,0.052405886,,,,
251,1881,0.045985159,0.049190268,0.037927065,0.019967433,0.036307644,0.042769656,0,0,0.0,0.0,0.0,0.0,0.0,0.0,0.037675619,0.085584514,-0.064419657,-0.012400526,,,,
251,1882,0.0032051087,-0.0080580954,-0.026017727,-0.0096775163,-0.0032155029,0.006399978,1,0,0.0,0.0,0.0,0.0,0.0,0.0,0.045985159,0.037675619,0.085584514,-0.064419657,,,,
251,1883,-0.011263204,-0.029222835,-0.012882624,-0.0064206105,0.0031948704,0.02839314,0,0,1.0,0.0,0.0,0.0,0.0,0.0,0.0032051087,0.045985159,0.037675619,0.085584514,,,,
251,1884,-0.017959632,-0.0016194209,0.0048425924,0.014458073,0.039656341,0.062716469,0,0,0.0,1.0,0.0,0.0,0.0,0.0,-0.011263204,0.0032051087,0.045985159,0.037675619,,,,
251,1885,0.016340211,0.022802224,0.032417707,0.057615977,0.080676109,0.10321651,0,0,0.0,0.0,1.0,0.0,0.0,0.0,-0.017959632,-0.011263204,0.0032051087,0.045985159,,,,
251,1886,0.0064620133,0.016077494,0.041275762,0.064335898,0.086876303,0.11182264,0,0,0.0,0.0,0.0,0.0,0.0,0.0,0.016340211,-0.017959632,-0.011263204,0.0032051087,,,,
251,1887,0.0096154809,0.034813751,0.057873882,0.080414295,0.10536063,0.1226024,0,0,0.0,0.0,0.0,0.0,0.0,0.0,0.0064620133,0.016340211,-0.017959632,-0.011263204,,,,
251,1888,0.02519827,0.048258401,0.070798814,0.095745154,0.11298692,0.14935455,0,0,0.0,0.0,0.0,0.0,0.0,0.0,0.0096154809,0.0064620133,0.016340211,-0.017959632,,,,
251,1889,0.023060132,0.045600541,0.07054688,0.087788649,0.12415627,0.10333671,0,0,0.0,0.0,0.0,0.0,0.0,0.0,0.02519827,0.0096154809,0.0064620133,0.016340211,,,,
251,1890,0.022540409,0.047486745,0.064728513,0.10109614,0.080276579,0.12686025,0,0,0.0,0.0,0.0,0.0,0.0,0.0,0.023060132,0.02519827,0.0096154809,0.0064620133,,,,
251,1891,0.024946338,0.042188104,0.078555733,0.057736173,0.10431984,0.090842567,0,0,0.0,0.0,0.0,0.0,0.0,0.0,0.022540409,0.023060132,0.02519827,0.0096154809,,,,
251,1892,0.017241767,0.053609394,0.032789834,0.079373501,0.065896228,0.11358742,0,0,0.0,0.0,0.0,0.0,0.0,0.0,0.024946338,0.022540409,0.023060132,0.02519827,,,,
251,1893,0.036367625,0.015548065,0.062131733,0.048654459,0.096345648,0.15170565,0,0,0.0,0.0,0.0,0.0,0.0,0.0,0.017241767,0.024946338,0.022540409,0.023060132,,,,
251,1894,-0.02081956,0.025764108,0.012286833,0.059978027,0.11533804,0.10426101,0,0,0.0,0.0,0.0,0.0,0.0,0.0,0.036367625,0.017241767,0.024946338,0.022540409,,,,
251,1895,0.046583667,0.033106394,0.080797583,0.1361576,0.12508057,0.1088606,0,0,0.0,0.0,0.0,0.0,0.0,0.0,-0.02081956,0.036367625,0.017241767,0.024946338,,,,
251,1896,-0.013477274,0.034213919,0.089573935,0.078496903,0.062276933,0.045789532,0,0,0.0,0.0,0.0,0.0,0.0,0.0,0.046583667,-0.02081956,0.036367625,0.017241767,,,,
251,1897,0.047691192,0.1030512,0.091974169,0.075754195,0.059266794,0.080773063,0,0,0.0,0.0,0.0,0.0,0.0,0.0,-0.013477274,0.046583667,-0.02081956,0.036367625,,,,
251,1898,0.055360012,0.044282984,0.028063014,0.011575613,0.033081882,0.040563162,0,0,0.0,0.0,0.0,0.0,0.0,0.0,0.047691192,-0.013477274,0.046583667,-0.02081956,,,,
251,1899,-0.011077028,-0.027296998,-0.043784399,-0.022278132,-0.014796852,0.0024449723,0,0,0.0,0.0,0.0,0.0,0.0,0.0,0.055360012,0.047691192,-0.013477274,0.046583667,,,,
251,1900,-0.01621997,-0.032707371,-0.011201104,-0.0037198244,0.013522,0.031671394,0,0,0.0,0.0,0.0,0.0,0.0,0.0,-0.011077028,0.055360012,0.047691192,-0.013477274,,,,
251,1901,-0.016487401,0.0050188657,0.012500145,0.029741969,0.047891364,0.090151139,0,0,0.0,0.0,0.0,0.0,0.0,0.0,-0.01621997,-0.011077028,0.055360012,0.047691192,0.014562,,,
251,1902,0.021506267,0.028987546,0.04622937,0.064378768,0.10663854,0.10087481,0,0,0.0,0.0,0.0,0.0,0.0,0.0,-0.016487401,-0.01621997,-0.011077028,0.055360012,0.0081540002,0.014562,,
251,1903,0.0074812798,0.024723105,0.0428725,0.085132271,0.079368539,0.12014426,0,0,0.0,0.0,0.0,0.0,0.0,0.0,0.021506267,-0.016487401,-0.01621997,-0.011077028,0.0024959999,0.0081540002,0.014562,
251,1904,0.017241824,0.035391219,0.077650994,0.071887262,0.11266299,0.049677141,0,0,0.0,0.0,0.0,0.0,0.0,0.0,0.0074812798,0.021506267,-0.016487401,-0.01621997,0.034189001,0.0024959999,0.0081540002,0.014562
251,1905,0.018149395,0.06040917,0.054645441,0.095421165,0.03243532,0.12602474,0,0,0.0,0.0,0.0,0.0,0.0,0.0,0.017241824,0.0074812798,0.021506267,-0.016487401,-0.012882,0.034189001,0.0024959999,0.0081540002
251,1906,0.042259775,0.036496047,0.077271767,0.014285922,0.10787534,0.1875039,0,0,0.0,0.0,0.0,0.0,0.0,0.0,0.018149395,0.017241824,0.0074812798,0.021506267,0.021521,-0.012882,0.034189001,0.0024959999
251,1907,-0.0057637286,0.035011992,-0.027973853,0.065615565,0.14524414,0.13926199,0,0,0.0,0.0,0.0,0.0,0.0,0.0,0.042259775,0.018149395,0.017241824,0.0074812798,-0.036961999,0.021521,-0.012882,0.034189001
251,1908,0.04077572,-0.022210125,0.071379289,0.15100786,0.14502572,,0,0,0.0,0.0,0.0,0.0,0.0,0.0,-0.0057637286,0.042259775,0.018149395,0.017241824,0.033053,-0.036961999,0.021521,-0.012882
251,1909,-0.062985845,0.030603573,0.11023214,0.10425001,,,0,0,0.0,0.0,0.0,0.0,0.0,0.0,0.04077572,-0.0057637286,0.042259775,0.018149395,0.011218,0.033053,-0.036961999,0.021521
251,1910,0.093589418,0.17321798,0.16723584,,,,0,0,0.0,0.0,0.0,0.0,0.0,0.0,-0.062985845,0.04077572,-0.0057637286,0.042259775,0.044721,0.011218,0.033053,-0.036961999
251,1919,0.1455767,0.10336648,0.26857641,0.31905723,0.43726915,0.44154817,0,0,,,,,,,0.16416076,,,,,,,
251,1920,-0.042210221,0.12299971,0.17348053,0.29169247,0.29597148,0.32210028,1,1,0.0,,,0.0,,,0.1455767,0.16416076,,,-0.051444001,,,
251,1921,0.16520993,0.21569075,0.33390269,0.3381817,0.3643105,0.3432925,0,0,1.0,0.0,,1.0,0.0,,-0.042210221,0.1455767,0.16416076,,0.040013,-0.051444001,,
251,1922,0.050480817,0.16869275,0.17297177,0.19910057,0.17808257,0.24543139,0,0,0.0,1.0,0.0,0.0,1.0,0.0,0.16520993,-0.042210221,0.1455767,0.16416076,-0.012816,0.040013,-0.051444001,
251,1923,0.11821193,0.12249095,0.14861976,0.12760176,0.19495058,0.26028308,0,0,0.0,0.0,1.0,0.0,0.0,1.0,0.050480817,0.16520993,-0.042210221,0.1455767,-0.0053269998,-0.012816,0.040013,-0.051444001
251,1924,0.0042790142,0.030407816,0.0093898159,0.076738641,0.14207114,0.11262402,0,0,0.0,0.0,0.0,0.0,0.0,0.0,0.11821193,0.050480817,0.16520993,-0.042210221,-0.011875,-0.0053269998,-0.012816,0.040013
251,1925,0.026128802,0.0051108021,0.072459623,0.13779213,0.108345,0.04671403,0,0,0.0,0.0,0.0,0.0,0.0,0.0,0.0042790142,0.11821193,0.050480817,0.16520993,0.015593,-0.011875,-0.0053269998,-0.012816
251,1926,-0.021018,0.046330824,0.11166333,0.082216203,0.020585231,-0.046837099,0,0,0.0,0.0,0.0,0.0,0.0,0.0,0.026128802,0.0042790142,0.11821193,0.050480817,-0.018585,0.015593,-0.011875,-0.0053269998
251,1927,0.067348823,0.13268133,0.1032342,0.04160323,-0.0258191,0.043231972,0,0,0.0,0.0,0.0,0.0,0.0,0.0,-0.021018,0.026128802,0.0042790142,0.11821193,0.004673,-0.018585,0.015593,-0.011875
251,1928,0.065332502,0.035885379,-0.025745593,-0.093167923,-0.024116851,-0.03392889,0,0,0.0,0.0,0.0,0.0,0.0,0.0,0.067348823,-0.021018,0.026128802,0.0042790142,0.102074,0.004673,-0.018585,0.015593
251,1929,-0.029447122,-0.091078095,-0.15850043,-0.089449361,-0.099261403,-0.12506397,0,0,0.0,0.0,0.0,0.0,0.0,0.0,0.065332502,0.067348823,-0.021018,0.026128802,0.026617,0.102074,0.004673,-0.018585
251,1930,-0.061630972,-0.12905329,-0.060002223,-0.069814265,-0.095616832,-0.058376312,0,1,0.0,0.0,0.0,0.0,0.0,0.0,-0.029447122,0.065332502,0.067348823,-0.021018,-0.0065239999,0.026617,0.102074,0.004673
251,1931,-0.06742233,0.0016287416,-0.0081832968,-0.033985861,0.0032546595,0.059329364,1,0,0.0,0.0,0.0,1.0,0.0,0.0,-0.061630972,-0.029447122,0.065332502,0.067348823,-0.023585999,-0.0065239999,0.026617,0.102074
251,1932,0.069051072,0.059239034,0.03343647,0.07067699,0.12675169,0.12290404,0,0,1.0,0.0,0.0,0.0,1.0,0.0,-0.06742233,-0.061630972,-0.029447122,0.065332502,-0.0042949999,-0.023585999,-0.0065239999,0.026617
251,1933,-0.0098120384,-0.035614602,0.0016259179,0.057700623,0.053852968,,0,0,0.0,1.0,0.0,0.0,0.0,1.0,0.069051072,-0.06742233,-0.061630972,-0.029447122,-0.013953,-0.0042949999,-0.023585999,-0.0065239999
251,1934,-0.025802566,0.011437954,0.067512661,0.06366501,,,0,0,0.0,0.0,1.0,0.0,0.0,0.0,-0.0098120384,0.069051072,-0.06742233,-0.061630972,0.0018,-0.013953,-0.0042949999,-0.023585999
251,1935,0.03724052,0.093315229,0.089467578,,,,0,0,0.0,0.0,0.0,0.0,0.0,0.0,-0.025802566,-0.0098120384,0.069051072,-0.06742233,-0.012247,0.0018,-0.013953,-0.0042949999
251,1946,0.080400564,0.15082295,0.27833629,0.35033745,0.41011333,0.43631005,0,0,,,,,,,0.41904524,,,,,,,
251,1947,0.070422389,0.19793573,0.26993686,0.32971275,0.35590947,0.38436624,1,1,0.0,,,0.0,,,0.080400564,0.41904524,,,-0.016848,,,
251,1948,0.12751335,0.19951449,0.2592904,0.28548712,0.31394389,0.36131096,1,1,1.0,0.0,,1.0,0.0,,0.070422389,0.080400564,0.41904524,,0.017387999,-0.016848,,
251,1949,0.072001144,0.13177703,0.15797374,0.18643053,0.23379759,0.28962538,0,0,1.0,1.0,0.0,1.0,1.0,0.0,0.12751335,0.070422389,0.080400564,0.41904524,0.039081998,0.017387999,-0.016848,
251,1950,0.059775893,0.0859726,0.11442938,0.16179645,0.21762423,0.26699138,0,0,0.0,1.0,1.0,0.0,1.0,1.0,0.072001144,0.12751335,0.070422389,0.080400564,0.017385,0.039081998,0.017387999,-0.016848
251,1951,0.026196705,0.054653492,0.10202056,0.15784834,0.2072155,0.2656838,0,0,0.0,0.0,1.0,0.0,0.0,1.0,0.059775893,0.072001144,0.12751335,0.070422389,-0.020041,0.017385,0.039081998,0.017387999
251,1952,0.028456787,0.075823858,0.13165164,0.1810188,0.2394871,0.2642605,0,0,0.0,0.0,0.0,0.0,0.0,0.0,0.026196705,0.059775893,0.072001144,0.12751335,-0.010158,-0.020041,0.017385,0.039081998
251,1953,0.04736707,0.10319486,0.15256202,0.21103032,0.23580372,0.2640247,0,0,0.0,0.0,0.0,0.0,0.0,0.0,0.028456787,0.026196705,0.059775893,0.072001144,0.039138999,-0.010158,-0.020041,0.017385
251,1954,0.055827785,0.10519494,0.16366324,0.18843664,0.21665762,0.28475255,0,0,0.0,0.0,0.0,0.0,0.0,0.0,0.04736707,0.028456787,0.026196705,0.059775893,0.030394999,0.039138999,-0.010158,-0.020041
251,1955,0.04936716,0.10783546,0.13260886,0.16082984,0.22892477,0.28398749,0,0,0.0,0.0,0.0,0.0,0.0,0.0,0.055827785,0.04736707,0.028456787,0.026196705,0.039891001,0.030394999,0.039138999,-0.010158
251,1956,0.058468297,0.083241701,0.11146268,0.17955761,0.23462033,0.30134207,0,0,0.0,0.0,0.0,0.0,0.0,0.0,0.04936716,0.055827785,0.04736707,0.028456787,-0.018952999,0.039891001,0.030394999,0.039138999
251,1957,0.024773404,0.052994389,0.12108931,0.17615204,0.24287379,0.29634553,0,0,0.0,0.0,0.0,0.0,0.0,0.0,0.058468297,0.04936716,0.055827785,0.04736707,0.025251999,-0.018952999,0.039891001,0.030394999
251,1958,0.028220985,0.096315905,0.15137863,0.21810037,0.27157211,0.33675548,0,0,0.0,0.0,0.0,0.0,0.0,0.0,0.024773404,0.058468297,0.04936716,0.055827785,-0.024538999,0.025251999,-0.018952999,0.039891001
251,1959,0.068094924,0.12315765,0.18987939,0.24335113,0.3085345,0.35631484,0,0,0.0,0.0,0.0,0.0,0.0,0.0,0.028220985,0.024773404,0.058468297,0.04936716,0.031711001,-0.024538999,0.025251999,-0.018952999
251,1960,0.055062722,0.12178446,0.17525619,0.24043956,0.28821993,0.34036002,0,0,0.0,0.0,0.0,0.0,0.0,0.0,0.068094924,0.028220985,0.024773404,0.058468297,0.030270999,0.031711001,-0.024538999,0.025251999
251,1961,0.066721745,0.12019348,0.18537685,0.2331572,0.28529727,0.33217886,0,0,0.0,0.0,0.0,0.0,0.0,0.0,0.055062722,0.068094924,0.028220985,0.024773404,0.035475999,0.030270999,0.031711001,-0.024538999
251,1962,0.053471737,0.11865512,0.16643547,0.21857554,0.26545712,0.30804735,0,0,0.0,0.0,0.0,0.0,0.0,0.0,0.066721745,0.055062722,0.068094924,0.028220985,0.015225,0.035475999,0.030270999,0.031711001
251,1963,0.065183379,0.11296373,0.16510381,0.21198539,0.25457564,0.32448095,0,0,0.0,0.0,0.0,0.0,0.0,0.0,0.053471737,0.066721745,0.055062722,0.068094924,-0.055071,0.015225,0.035475999,0.030270999
251,1964,0.04778035,0.099920429,0.14680202,0.18939227,0.25929758,0.31656876,0,0,0.0,0.0,0.0,0.0,0.0,0.0,0.065183379,0.053471737,0.066721745,0.055062722,0.018539,-0.055071,0.015225,0.035475999
251,1965,0.052140079,0.099021673,0.14161192,0.21151721,0.2687884,0.32224551,0,0,0.0,0.0,0.0,0.0,0.0,0.0,0.04778035,0.065183379,0.053471737,0.066721745,0.024862001,0.018539,-0.055071,0.015225
251,1966,0.04688159,0.089471832,0.15937713,0.21664831,0.27010542,0.31552121,0,0,0.0,0.0,0.0,0.0,0.0,0.0,0.052140079,0.04778035,0.065183379,0.053471737,0.030045001,0.024862001,0.018539,-0.055071
251,1967,0.042590246,0.11249555,0.16976674,0.22322387,0.26863965,0.33174416,0,0,0.0,0.0,0.0,0.0,0.0,0.0,0.04688159,0.052140079,0.04778035,0.065183379,0.038523,0.030045001,0.024862001,0.018539
251,1968,0.069905303,0.12717649,0.1806336,0.22604939,0.2891539,0.33206743,0,0,0.0,0.0,0.0,0.0,0.0,0.0,0.042590246,0.04688159,0.052140079,0.04778035,0.030427,0.038523,0.030045001,0.024862001
251,1969,0.057271186,0.11072831,0.1561441,0.21924859,0.26216212,0.25236049,0,0,0.0,0.0,0.0,0.0,0.0,0.0,0.069905303,0.042590246,0.04688159,0.052140079,-0.0051060002,0.030427,0.038523,0.030045001
251,1970,0.053457119,0.098872907,0.16197741,0.20489094,0.19508931,0.23823178,0,0,0.0,0.0,0.0,0.0,0.0,0.0,0.057271186,0.069905303,0.042590246,0.04688159,0.014597,-0.0051060002,0.030427,0.038523
251,1971,0.045415789,0.10852029,0.15143381,0.14163218,0.18477464,0.21928832,0,0,0.0,0.0,0.0,0.0,0.0,0.0,0.053457119,0.057271186,0.069905303,0.042590246,0.041776001,0.014597,-0.0051060002,0.030427
251,1972,0.063104503,0.10601802,0.096216395,0.13935885,0.17387253,0.21366058,0,0,0.0,0.0,0.0,0.0,0.0,0.0,0.045415789,0.053457119,0.057271186,0.069905303,0.043719999,0.041776001,0.014597,-0.0051060002
251,1973,0.042913519,0.033111896,0.076254353,0.11076804,0.1505561,0.18614723,0,0,0.0,0.0,0.0,0.0,0.0,0.0,0.063104503,0.045415789,0.053457119,0.057271186,0.011031,0.043719999,0.041776001,0.014597
251,1974,-0.0098016225,0.033340838,0.067854524,0.10764258,0.1432337,0.1591156,1,1,0.0,0.0,0.0,0.0,0.0,0.0,0.042913519,0.063104503,0.045415789,0.053457119,0.001621,0.011031,0.043719999,0.041776001
251,1975,0.04314246,0.07765615,0.1174442,0.15303533,0.16891722,0.17969467,0,0,1.0,0.0,0.0,1.0,0.0,0.0,-0.0098016225,0.042913519,0.063104503,0.045415789,0.082831003,0.001621,0.011031,0.043719999
251,1976,0.03451369,0.074301749,0.10989287,0.12577477,0.13655221,0.16163753,0,0,0.0,1.0,0.0,0.0,1.0,0.0,0.04314246,-0.0098016225,0.042913519,0.063104503,-0.00042900001,0.082831003,0.001621,0.011031
251,1977,0.039788056,0.075379178,0.091261066,0.10203851,0.12712382,0.13968678,0,0,0.0,0.0,1.0,0.0,0.0,1.0,0.03451369,0.04314246,-0.0098016225,0.042913519,-0.011524,-0.00042900001,0.082831003,0.001621
251,1978,0.035591122,0.051473014,0.062250461,0.087335773,0.099898741,0.11514343,0,0,0.0,0.0,0.0,0.0,0.0,0.0,0.039788056,0.03451369,0.04314246,-0.0098016225,-0.039783001,-0.011524,-0.00042900001,0.082831003
251,1979,0.01588189,0.026659336,0.051744647,0.064307615,0.079552308,0.095784754,0,0,0.0,0.0,0.0,0.0,0.0,0.0,0.035591122,0.039788056,0.03451369,0.04314246,0.001539,-0.039783001,-0.011524,-0.00042900001
251,1980,0.010777446,0.035862759,0.048425723,0.063670419,0.079902865,0.10341529,0,0,0.0,0.0,0.0,0.0,0.0,0.0,0.01588189,0.035591122,0.039788056,0.03451369,-0.077476002,0.001539,-0.039783001,-0.011524
251,1981,0.025085313,0.037648279,0.052892972,0.069125414,0.092637837,0.11841106,0,1,0.0,0.0,0.0,0.0,0.0,0.0,0.010777446,0.01588189,0.035591122,0.039788056,0.006056,-0.077476002,0.001539,-0.039783001
251,1982,0.012562965,0.027807659,0.044040106,0.067552529,0.093325749,0.14066529,0,0,0.0,0.0,0.0,1.0,0.0,0.0,0.025085313,0.010777446,0.01588189,0.035591122,-0.001375,0.006056,-0.077476002,0.001539
251,1983,0.015244693,0.031477138,0.054989561,0.080762781,0.12810233,0.17163464,0,0,0.0,0.0,0.0,0.0,1.0,0.0,0.012562965,0.025085313,0.010777446,0.01588189,0.0091019999,-0.001375,0.006056,-0.077476002
251,1984,0.016232446,0.039744869,0.065518089,0.11285763,0.15638994,0.18553004,0,0,0.0,0.0,0.0,0.0,0.0,1.0,0.015244693,0.012562965,0.025085313,0.010777446,0.014208,0.0091019999,-0.001375,0.006056
251,1985,0.023512423,0.049285643,0.096625187,0.14015749,0.16929759,0.17968865,0,0,0.0,0.0,0.0,0.0,0.0,0.0,0.016232446,0.015244693,0.012562965,0.025085313,0.017667999,0.014208,0.0091019999,-0.001375
251,1986,0.02577322,0.073112763,0.11664507,0.14578517,0.15617622,0.17217293,0,0,0.0,0.0,0.0,0.0,0.0,0.0,0.023512423,0.016232446,0.015244693,0.012562965,-0.00024199999,0.017667999,0.014208,0.0091019999
251,1987,0.047339544,0.090871856,0.12001196,0.13040301,0.14639972,0.1402732,1,1,0.0,0.0,0.0,0.0,0.0,0.0,0.02577322,0.023512423,0.016232446,0.015244693,0.022700001,-0.00024199999,0.017667999,0.014208
251,1988,0.043532308,0.072672404,0.083063453,0.099060163,0.092933632,0.11638749,0,0,1.0,0.0,0.0,1.0,0.0,0.0,0.047339544,0.02577322,0.023512423,0.016232446,0.024141001,0.022700001,-0.00024199999,0.017667999
251,1989,0.029140098,0.039531149,0.055527862,0.049401335,0.072855189,0.093706034,0,0,0.0,1.0,0.0,0.0,1.0,0.0,0.043532308,0.047339544,0.02577322,0.023512423,0.032430001,0.024141001,0.022700001,-0.00024199999
251,1990,0.010391053,0.026387766,0.020261237,0.043715093,0.064565942,0.078445986,0,0,0.0,0.0,1.0,0.0,0.0,1.0,0.029140098,0.043532308,0.047339544,0.02577322,0.023703,0.032430001,0.024141001,0.022700001
251,1991,0.015996713,0.0098701846,0.03332404,0.054174885,0.068054929,0.091428265,0,0,0.0,0.0,0.0,0.0,0.0,0.0,0.010391053,0.029140098,0.043532308,0.047339544,-0.0086549995,0.023703,0.032430001,0.024141001
251,1992,-0.0061265286,0.017327327,0.038178172,0.052058212,0.075431548,0.11099356,0,0,0.0,0.0,0.0,0.0,0.0,0.0,0.015996713,0.010391053,0.029140098,0.043532308,-0.020850001,-0.0086549995,0.023703,0.032430001
251,1993,0.023453856,0.044304699,0.058184739,0.081558071,0.11712009,0.15119109,0,0,0.0,0.0,0.0,0.0,0.0,0.0,-0.0061265286,0.015996713,0.010391053,0.029140098,-0.0028840001,-0.020850001,-0.0086549995,0.023703
251,1994,0.020850845,0.034730885,0.058104217,0.093666226,0.12773722,0.16648886,0,0,0.0,0.0,0.0,0.0,0.0,0.0,0.023453856,-0.0061265286,0.015996713,0.010391053,-0.03748,-0.0028840001,-0.020850001,-0.0086549995
251,1995,0.01388004,0.037253372,0.072815388,0.10688638,0.145638,0.1651825,0,0,0.0,0.0,0.0,0.0,0.0,0.0,0.020850845,0.023453856,-0.0061265286,0.015996713,-0.018793,-0.03748,-0.0028840001,-0.020850001
251,1996,0.023373334,0.058935344,0.093006335,0.13175796,0.15130246,0.16248703,0,0,0.0,0.0,0.0,0.0,0.0,0.0,0.01388004,0.020850845,0.023453856,-0.0061265286,-0.014955,-0.018793,-0.03748,-0.0028840001
251,1997,0.035562012,0.069633007,0.10838463,0.12792912,0.13911369,0.14730901,0,0,0.0,0.0,0.0,0.0,0.0,0.0,0.023373334,0.01388004,0.020850845,0.023453856,-0.015598,-0.014955,-0.018793,-0.03748
251,1998,0.034070991,0.072822616,0.092367113,0.10355168,0.111747,0.13961124,0,0,0.0,0.0,0.0,0.0,0.0,0.0,0.035562012,0.023373334,0.01388004,0.020850845,-0.001989,-0.015598,-0.014955,-0.018793
251,1999,0.038751625,0.058296118,0.069480687,0.077676006,0.10554025,0.12161738,0,0,0.0,0.0,0.0,0.0,0.0,0.0,0.034070991,0.035562012,0.023373334,0.01388004,-0.0079739997,-0.001989,-0.015598,-0.014955
251,2000,0.019544493,0.030729063,0.038924381,0.066788621,0.08286576,0.10661523,0,0,0.0,0.0,0.0,0.0,0.0,0.0,0.038751625,0.034070991,0.035562012,0.023373334,0.018594,-0.0079739997,-0.001989,-0.015598
251,2001,0.011184569,0.019379884,0.047244124,0.063321263,0.087070733,0.11068572,0,0,0.0,0.0,0.0,0.0,0.0,0.0,0.019544493,0.038751625,0.034070991,0.035562012,0.030099999,0.018594,-0.0079739997,-0.001989
251,2002,0.0081953164,0.036059558,0.052136697,0.075886168,0.099501155,0.1014541,0,1,0.0,0.0,0.0,0.0,0.0,0.0,0.011184569,0.019544493,0.038751625,0.034070991,0.0048230002,0.030099999,0.018594,-0.0079739997
251,2003,0.027864242,0.043941379,0.067690849,0.091305837,0.093258783,0.063845374,0,0,0.0,0.0,0.0,1.0,0.0,0.0,0.0081953164,0.011184569,0.019544493,0.038751625,-0.00471,0.0048230002,0.030099999,0.018594
251,2004,0.016077138,0.039826609,0.063441597,0.065394543,0.035981134,0.05563771,0,0,0.0,0.0,0.0,0.0,1.0,0.0,0.027864242,0.0081953164,0.011184569,0.019544493,0.0093989996,-0.00471,0.0048230002,0.030099999
251,2005,0.023749469,0.047364458,0.049317405,0.019903993,0.039560568,0.060352858,0,0,0.0,0.0,0.0,0.0,0.0,1.0,0.016077138,0.027864242,0.0081953164,0.011184569,0.029594,0.0093989996,-0.00471,0.0048230002
251,2006,0.023614988,0.025567936,-0.0038454756,0.015811099,0.036603391,0.038430322,0,0,0.0,0.0,0.0,0.0,0.0,0.0,0.023749469,0.016077138,0.027864242,0.0081953164,0.046998002,0.029594,0.0093989996,-0.00471
251,2007,0.0019529477,-0.027460463,-0.007803889,0.012988402,0.014815332,0.020577747,0,0,0.0,0.0,0.0,0.0,0.0,0.0,0.023614988,0.023749469,0.016077138,0.027864242,0.052326001,0.046998002,0.029594,0.0093989996
251,2008,-0.029413411,-0.009756837,0.011035454,0.012862384,0.018624799,0.028100664,1,1,0.0,0.0,0.0,0.0,0.0,0.0,0.0019529477,0.023614988,0.023749469,0.016077138,0.065853998,0.052326001,0.046998002,0.029594
251,2009,0.019656574,0.040448867,0.042275798,0.048038214,0.057514079,0.068188697,0,0,1.0,0.0,0.0,1.0,0.0,0.0,-0.029413411,0.0019529477,0.023614988,0.023749469,0.032906,0.065853998,0.052326001,0.046998002
251,2010,0.020792291,0.022619221,0.028381636,0.037857503,0.048532121,0.060408622,0,0,0.0,1.0,0.0,0.0,1.0,0.0,0.019656574,-0.029413411,0.0019529477,0.023614988,0.001897,0.032906,0.065853998,0.052326001
251,2011,0.0018269303,0.0075893458,0.01706521,0.027739827,0.039616331,,1,0,0.0,0.0,1.0,0.0,0.0,1.0,0.020792291,0.019656574,-0.029413411,0.0019529477,0.031264,0.001897,0.032906,0.065853998
251,2012,0.0057624155,0.015238279,0.025912896,0.037789397,,,0,0,1.0,0.0,0.0,0.0,0.0,0.0,0.0018269303,0.020792291,0.019656574,-0.029413411,0.000772,0.031264,0.001897,0.032906
251,2013,0.0094758645,0.020150481,0.032026984,,,,0,0,0.0,1.0,0.0,0.0,0.0,0.0,0.0057624155,0.0018269303,0.020792291,0.019656574,0.001101,0.000772,0.031264,0.001897
276,1872,0.042318974,0.11364838,0.12033072,0.11304498,0.1072177,0.15308248,0,0,,,,0.0,,,0.066954255,-0.0076008062,,,,,,
276,1873,0.071329407,0.078011744,0.070726007,0.064898722,0.11076349,0.086313978,0,0,0.0,,,0.0,0.0,,0.042318974,0.066954255,-0.0076008062,,,,,
276,1874,0.0066823391,-0.00060340017,-0.0064306888,0.039434083,0.01498457,0.006565378,0,0,0.0,0.0,,0.0,0.0,0.0,0.071329407,0.042318974,0.066954255,-0.0076008062,,,,
276,1876,-0.0058272886,0.040037483,0.015587971,0.0071687782,0.031351373,0.047170613,0,0,,0.0,0.0,0.0,0.0,0.0,-0.0072857393,0.0066823391,0.071329407,0.042318974,,,,
276,1878,-0.024449512,-0.032868706,-0.0086861104,0.00713313,0.060801066,0.084019713,0,0,,0.0,,0.0,0.0,0.0,0.045864772,-0.0058272886,-0.0072857393,0.0066823391,,,,
276,1879,-0.0084191924,0.015763402,0.031582642,0.085250579,0.10846923,0.13362974,0,0,0.0,,0.0,0.0,0.0,0.0,-0.024449512,0.045864772,-0.0058272886,-0.0072857393,,,,
276,1880,0.024182595,0.040001836,0.093669772,0.11688842,0.14204893,0.14834011,0,0,0.0,0.0,,0.0,0.0,0.0,-0.0084191924,-0.024449512,0.045864772,-0.0058272886,,,,
276,1881,0.01581924,0.069487177,0.092705823,0.11786633,0.1241575,0.16186288,0,0,0.0,0.0,0.0,0.0,0.0,0.0,0.024182595,-0.0084191924,-0.024449512,0.045864772,,,,
276,1882,0.053667936,0.076886579,0.10204709,0.10833827,0.14604366,0.18448904,0,0,0.0,0.0,0.0,0.0,0.0,0.0,0.01581924,0.024182595,-0.0084191924,-0.024449512,,,,
276,1884,0.025160506,0.031451683,0.069157064,0.10760245,0.13408193,0.16917408,0,0,,0.0,0.0,0.0,0.0,0.0,0.023218645,0.053667936,0.01581924,0.024182595,0.006978,,,
276,1885,0.0062911771,0.043996561,0.082441941,0.10892142,0.14401358,0.14171916,0,0,0.0,,0.0,0.0,0.0,0.0,0.025160506,0.023218645,0.053667936,0.01581924,0.0084659997,0.006978,,
276,1886,0.037705384,0.07615076,0.10263024,0.1377224,0.13542798,0.175574,0,0,0.0,0.0,,0.0,0.0,0.0,0.0062911771,0.025160506,0.023218645,0.053667936,0.012845,0.0084659997,0.006978,
276,1887,0.03844538,0.064924859,0.10001701,0.097722583,0.13786861,0.1859446,0,0,0.0,0.0,0.0,0.0,0.0,0.0,0.037705384,0.0062911771,0.025160506,0.023218645,0.013253,0.012845,0.0084659997,0.006978
276,1888,0.026479481,0.061571635,0.059277207,0.09942323,0.14749922,0.17093597,0,0,0.0,0.0,0.0,0.0,0.0,0.0,0.03844538,0.037705384,0.0062911771,0.025160506,0.011119,0.013253,0.012845,0.0084659997
276,1889,0.035092153,0.032797724,0.072943747,0.12101974,0.14445649,0.19076437,0,0,0.0,0.0,0.0,0.0,0.0,0.0,0.026479481,0.03844538,0.037705384,0.0062911771,0.049536999,0.011119,0.013253,0.012845
276,1890,-0.0022944275,0.037851594,0.085927583,0.10936434,0.15567222,0.18977325,0,0,0.0,0.0,0.0,0.0,0.0,0.0,0.035092153,0.026479481,0.03844538,0.037705384,0.011525,0.049536999,0.011119,0.013253
276,1891,0.040146023,0.088222012,0.11165877,0.15796664,0.19206767,0.2197267,0,0,0.0,0.0,0.0,0.0,0.0,0.0,-0.0022944275,0.035092153,0.026479481,0.03844538,0.013774,0.011525,0.049536999,0.011119
276,1892,0.048075989,0.071512744,0.11782062,0.15192164,0.17958067,0.22150236,0,0,0.0,0.0,0.0,0.0,0.0,0.0,0.040146023,-0.0022944275,0.035092153,0.026479481,0.019316999,0.013774,0.011525,0.049536999
276,1893,0.023436753,0.069744632,0.10384566,0.13150468,0.17342637,0.20869535,0,0,0.0,0.0,0.0,0.0,0.0,0.0,0.048075989,0.040146023,-0.0022944275,0.035092153,-0.010864,0.019316999,0.013774,0.011525
276,1894,0.046307877,0.080408901,0.10806793,0.14998962,0.1852586,0.22665258,0,0,0.0,0.0,0.0,0.0,0.0,0.0,0.023436753,0.048075989,0.040146023,-0.0022944275,0.030603001,-0.010864,0.019316999,0.013774
276,1895,0.034101021,0.061760053,0.10368174,0.13895071,0.18034469,0.15626743,0,0,0.0,0.0,0.0,0.0,0.0,0.0,0.046307877,0.023436753,0.048075989,0.040146023,0.031160001,0.030603001,-0.010864,0.019316999
276,1896,0.027659032,0.069580719,0.10484969,0.14624368,0.12216643,0.14542499,0,0,0.0,0.0,0.0,0.0,0.0,0.0,0.034101021,0.046307877,0.023436753,0.048075989,0.019111,0.031160001,0.030603001,-0.010864
276,1897,0.041921686,0.077190652,0.11858463,0.094507389,0.11776595,0.17145011,0,0,0.0,0.0,0.0,0.0,0.0,0.0,0.027659032,0.034101021,0.046307877,0.023436753,0.02746,0.019111,0.031160001,0.030603001
276,1898,0.03526897,0.076662958,0.052585714,0.075844273,0.12952843,0.16854489,0,0,0.0,0.0,0.0,0.0,0.0,0.0,0.041921686,0.027659032,0.034101021,0.046307877,0.021553,0.02746,0.019111,0.031160001
276,1899,0.041393984,0.01731674,0.040575303,0.094259456,0.13327593,0.15397254,0,0,0.0,0.0,0.0,0.0,0.0,0.0,0.03526897,0.041921686,0.027659032,0.034101021,0.048121002,0.021553,0.02746,0.019111
276,1900,-0.024077244,-0.00081868097,0.052865475,0.091881938,0.11257856,0.14176768,0,0,0.0,0.0,0.0,0.0,0.0,0.0,0.041393984,0.03526897,0.041921686,0.027659032,0.017896,0.048121002,0.021553,0.02746
276,1901,0.023258563,0.07694272,0.11595918,0.13665579,0.16584492,0.20880564,0,0,0.0,0.0,0.0,0.0,0.0,0.0,-0.024077244,0.041393984,0.03526897,0.041921686,0.013021,0.017896,0.048121002,0.021553
276,1902,0.053684156,0.092700616,0.11339723,0.14258635,0.18554707,0.20206521,0,0,0.0,0.0,0.0,0.0,0.0,0.0,0.023258563,-0.024077244,0.041393984,0.03526897,0.027995,0.013021,0.017896,0.048121002
276,1903,0.039016463,0.059713077,0.088902198,0.13186291,0.14838105,0.16812205,0,0,0.0,0.0,0.0,0.0,0.0,0.0,0.053684156,0.023258563,-0.024077244,0.041393984,0.020073,0.027995,0.013021,0.017896
276,1904,0.020696614,0.049885735,0.092846453,0.1093646,0.1291056,0.16440298,0,0,0.0,0.0,0.0,0.0,0.0,0.0,0.039016463,0.053684156,0.023258563,-0.024077244,0.031615,0.020073,0.027995,0.013021
276,1905,0.029189121,0.072149843,0.088667989,0.10840899,0.14370637,0.17386903,0,0,0.0,0.0,0.0,0.0,0.0,0.0,0.020696614,0.039016463,0.053684156,0.023258563,0.032389,0.031615,0.020073,0.027995
276,1906,0.042960718,0.059478864,0.079219863,0.11451724,0.1446799,0.18991461,0,0,0.0,0.0,0.0,0.0,0.0,0.0,0.029189121,0.020696614,0.039016463,0.053684156,0.065652996,0.032389,0.031615,0.020073
276,1907,0.016518144,0.036259145,0.071556523,0.10171919,0.14695388,0.19412473,0,0,0.0,0.0,0.0,0.0,0.0,0.0,0.042960718,0.029189121,0.020696614,0.039016463,0.0087869996,0.065652996,0.032389,0.031615
276,1908,0.019740999,0.055038381,0.08520104,0.13043573,0.17760658,,0,0,0.0,0.0,0.0,0.0,0.0,0.0,0.016518144,0.042960718,0.029189121,0.020696614,0.0043600001,0.0087869996,0.065652996,0.032389
276,1909,0.035297383,0.065460041,0.11069474,0.1578656,,,0,0,0.0,0.0,0.0,0.0,0.0,0.0,0.019740999,0.016518144,0.042960718,0.029189121,0.051151998,0.0043600001,0.0087869996,0.065652996
276,1910,0.03016266,0.075397365,0.12256822,,,,0,0,0.0,0.0,0.0,0.0,0.0,0.0,0.035297383,0.019740999,0.016518144,0.042960718,0.05046,0.051151998,0.0043600001,0.0087869996
276,1919,0.063044362,0.16724229,0.22545436,0.040020227,0.19744508,0.30379891,0,1,,,,,,,-0.20313416,,,,,,,
276,1920,0.10419793,0.16241001,-0.023024127,0.13440073,0.24075457,0.26846611,1,1,0.0,,,1.0,,,0.063044362,-0.20313416,,,-0.387292,,,
276,1921,0.058212075,-0.12722206,0.030202791,0.13655664,0.16426817,0.2596283,0,1,1.0,0.0,,1.0,1.0,,0.10419793,0.063044362,-0.20313416,,,-0.387292,,
276,1922,-0.18543413,-0.028009281,0.078344569,0.10605609,0.20141624,0.24426977,0,1,0.0,1.0,0.0,1.0,1.0,1.0,0.058212075,0.10419793,0.063044362,-0.20313416,,,-0.387292,
276,1925,0.027711529,0.12307167,0.1659252,0.16176032,0.14756297,0.068321235,0,1,,,0.0,1.0,1.0,1.0,0.10635385,0.15742485,-0.18543413,0.058212075,0.031608,,,
276,1926,0.095360145,0.13821368,0.13404879,0.11985143,0.040609702,-0.037769139,0,0,0.0,,,1.0,1.0,1.0,0.027711529,0.10635385,0.15742485,-0.18543413,0.069352999,0.031608,,
276,1927,0.042853534,0.038688641,0.024491286,-0.054750443,-0.13312928,-0.072274275,0,0,0.0,0.0,,0.0,1.0,1.0,0.095360145,0.027711529,0.10635385,0.15742485,0.051773999,0.069352999,0.031608,
276,1928,-0.0041648927,-0.018362248,-0.097603977,-0.17598282,-0.11512781,-0.027736679,0,0,0.0,0.0,0.0,0.0,0.0,1.0,0.042853534,0.095360145,0.027711529,0.10635385,0.059671,0.051773999,0.069352999,0.031608
276,1929,-0.014197355,-0.093439087,-0.17181793,-0.11096292,-0.023571789,0.061298013,0,0,0.0,0.0,0.0,0.0,0.0,0.0,-0.0041648927,0.042853534,0.095360145,0.027711529,0.044542,0.059671,0.051773999,0.069352999
276,1930,-0.07924173,-0.15762058,-0.09676557,-0.0093744397,0.075495362,0.15988103,0,0,0.0,0.0,0.0,0.0,0.0,0.0,-0.014197355,-0.0041648927,0.042853534,0.095360145,0.071405999,0.044542,0.059671,0.051773999
276,1931,-0.078378841,-0.017523833,0.069867298,0.1547371,0.23912276,0.29753277,0,1,0.0,0.0,0.0,0.0,0.0,0.0,-0.07924173,-0.014197355,-0.0041648927,0.042853534,0.070366003,0.071405999,0.044542,0.059671
276,1932,0.060855009,0.14824614,0.23311594,0.3175016,0.37591162,0.44842291,0,0,0.0,0.0,0.0,1.0,0.0,0.0,-0.078378841,-0.07924173,-0.014197355,-0.0041648927,0.092657998,0.070366003,0.071405999,0.044542
276,1933,0.087391131,0.17226094,0.2566466,0.31505662,0.38756788,,0,0,0.0,0.0,0.0,0.0,1.0,0.0,0.060855009,-0.078378841,-0.07924173,-0.014197355,0.009846,0.092657998,0.070366003,0.071405999
276,1934,0.084869802,0.16925547,0.22766548,0.30017674,,,0,0,0.0,0.0,0.0,0.0,0.0,1.0,0.087391131,0.060855009,-0.078378841,-0.07924173,-0.031349,0.009846,0.092657998,0.070366003
276,1935,0.084385663,0.14279568,0.21530695,,,,0,0,0.0,0.0,0.0,0.0,0.0,0.0,0.084869802,0.087391131,0.060855009,-0.078378841,-0.012349,-0.031349,0.009846,0.092657998
276,1946,0.09284769,0.24653988,0.40716058,0.59074366,0.67816985,0.76623702,0,0,,,,,,,-1.0019454,,,,,,,
276,1947,0.15369219,0.31431291,0.49789602,0.5853222,0.67338938,0.75831431,0,0,0.0,,,0.0,,,0.09284769,-1.0019454,,,-0.0040449998,,,
276,1948,0.16062072,0.34420383,0.43163002,0.51969719,0.60462213,0.68183285,1,1,0.0,0.0,,0.0,0.0,,0.15369219,0.09284769,-1.0019454,,-0.0049109999,-0.0040449998,,
276,1949,0.1835831,0.27100927,0.35907644,0.44400138,0.5212121,0.61261624,0,0,1.0,0.0,0.0,1.0,0.0,0.0,0.16062072,0.15369219,0.09284769,-1.0019454,0.053771,-0.0049109999,-0.0040449998,
276,1950,0.087426186,0.17549337,0.2604183,0.33762902,0.42903316,0.5245387,0,0,0.0,1.0,0.0,0.0,1.0,0.0,0.1835831,0.16062072,0.15369219,0.09284769,0.070104003,0.053771,-0.0049109999,-0.0040449998
276,1951,0.088067189,0.17299211,0.25020283,0.34160697,0.43711251,0.50031424,0,0,0.0,0.0,1.0,0.0,0.0,1.0,0.087426186,0.1835831,0.16062072,0.15369219,0.011302,0.070104003,0.053771,-0.0049109999
276,1952,0.084924929,0.16213566,0.2535398,0.34904534,0.41224706,0.46077427,0,0,0.0,0.0,0.0,0.0,0.0,0.0,0.088067189,0.087426186,0.1835831,0.16062072,0.025718,0.011302,0.070104003,0.053771
276,1953,0.077210724,0.16861486,0.2641204,0.32732213,0.37584934,0.45186669,0,0,0.0,0.0,0.0,0.0,0.0,0.0,0.084924929,0.088067189,0.087426186,0.1835831,0.037989002,0.025718,0.011302,0.070104003
276,1954,0.09140414,0.18690969,0.2501114,0.29863861,0.37465596,0.43550533,0,0,0.0,0.0,0.0,0.0,0.0,0.0,0.077210724,0.084924929,0.088067189,0.087426186,0.041423,0.037989002,0.025718,0.011302
276,1955,0.095505551,0.15870726,0.20723447,0.28325182,0.34410119,0.3891198,0,0,0.0,0.0,0.0,0.0,0.0,0.0,0.09140414,0.077210724,0.084924929,0.088067189,0.020109,0.041423,0.037989002,0.025718
276,1956,0.063201718,0.11172894,0.18774629,0.24859567,0.2936143,0.33853674,0,0,0.0,0.0,0.0,0.0,0.0,0.0,0.095505551,0.09140414,0.077210724,0.084924929,0.0073060002,0.020109,0.041423,0.037989002
276,1957,0.048527215,0.12454456,0.18539394,0.23041257,0.27533501,0.30467859,0,0,0.0,0.0,0.0,0.0,0.0,0.0,0.063201718,0.095505551,0.09140414,0.077210724,0.0033130001,0.0073060002,0.020109,0.041423
276,1958,0.07601735,0.13686673,0.18188536,0.2268078,0.25615138,0.31702346,0,0,0.0,0.0,0.0,0.0,0.0,0.0,0.048527215,0.063201718,0.095505551,0.09140414,0.0085030003,0.0033130001,0.0073060002,0.020109
276,1959,0.060849383,0.10586801,0.15079045,0.18013401,0.24100608,0.29248461,0,0,0.0,0.0,0.0,0.0,0.0,0.0,0.07601735,0.048527215,0.063201718,0.095505551,0.026396001,0.0085030003,0.0033130001,0.0073060002
276,1960,0.045018628,0.089941069,0.11928464,0.18015671,0.23163524,0.26235744,0,0,0.0,0.0,0.0,0.0,0.0,0.0,0.060849383,0.07601735,0.048527215,0.063201718,0.054412998,0.026396001,0.0085030003,0.0033130001
276,1961,0.044922441,0.074266009,0.13513808,0.18661661,0.21733882,0.2206362,0,0,0.0,0.0,0.0,0.0,0.0,0.0,0.045018628,0.060849383,0.07601735,0.048527215,0.025126001,0.054412998,0.026396001,0.0085030003
276,1962,0.029343566,0.090215638,0.14169417,0.17241637,0.17571376,0.22789782,1,0,0.0,0.0,0.0,0.0,0.0,0.0,0.044922441,0.045018628,0.060849383,0.07601735,0.019045999,0.025126001,0.054412998,0.026396001
276,1963,0.06087207,0.11235061,0.14307281,0.1463702,0.19855426,0.26478028,0,0,1.0,0.0,0.0,0.0,0.0,0.0,0.029343566,0.044922441,0.045018628,0.060849383,0.027310001,0.019045999,0.025126001,0.054412998
276,1964,0.051478535,0.082200736,0.085498117,0.13768218,0.20390822,0.25106871,0,0,0.0,1.0,0.0,0.0,0.0,0.0,0.06087207,0.029343566,0.044922441,0.045018628,0.011089,0.027310001,0.019045999,0.025126001
276,1965,0.030722201,0.034019586,0.08620365,0.15242968,0.19959019,0.23091719,0,0,0.0,0.0,1.0,0.0,0.0,0.0,0.051478535,0.06087207,0.029343566,0.044922441,0.012894,0.011089,0.027310001,0.019045999
276,1966,0.0032973846,0.055481449,0.12170748,0.16886799,0.20019498,0.24319839,0,0,0.0,0.0,0.0,0.0,0.0,0.0,0.030722201,0.051478535,0.06087207,0.029343566,0.011142,0.012894,0.011089,0.027310001
276,1967,0.052184064,0.1184101,0.1655706,0.1968976,0.23990101,0.28767586,0,0,0.0,0.0,0.0,0.0,0.0,0.0,0.0032973846,0.030722201,0.051478535,0.06087207,0.027532,0.011142,0.012894,0.011089
276,1968,0.066226035,0.11338654,0.14471354,0.18771695,0.23549181,0.2443925,0,0,0.0,0.0,0.0,0.0,0.0,0.0,0.052184064,0.0032973846,0.030722201,0.051478535,0.019396,0.027532,0.011142,0.012894
276,1969,0.047160506,0.078487501,0.12149091,0.16926578,0.17816646,0.16949907,0,0,0.0,0.0,0.0,0.0,0.0,0.0,0.066226035,0.052184064,0.0032973846,0.030722201,0.018188,0.019396,0.027532,0.011142
276,1970,0.031326998,0.074330404,0.12210527,0.13100596,0.12233857,0.17183116,0,0,0.0,0.0,0.0,0.0,0.0,0.0,0.047160506,0.066226035,0.052184064,0.0032973846,-0.006668,0.018188,0.019396,0.027532
276,1971,0.04300341,0.090778276,0.099678963,0.091011576,0.14050415,0.17397633,0,0,0.0,0.0,0.0,0.0,0.0,0.0,0.031326998,0.047160506,0.066226035,0.052184064,0.017665001,-0.006668,0.018188,0.019396
276,1972,0.047774866,0.056675553,0.048008166,0.097500749,0.13097292,0.16105786,0,0,0.0,0.0,0.0,0.0,0.0,0.0,0.04300341,0.031326998,0.047160506,0.066226035,0.041753002,0.017665001,-0.006668,0.018188
276,1973,0.0089006871,0.00023329817,0.049725883,0.083198063,0.11328299,0.15478663,0,0,0.0,0.0,0.0,0.0,0.0,0.0,0.047774866,0.04300341,0.031326998,0.047160506,-0.0020359999,0.041753002,0.017665001,-0.006668
276,1974,-0.0086673889,0.040825196,0.074297376,0.10438231,0.14588594,0.15997423,0,0,0.0,0.0,0.0,0.0,0.0,0.0,0.0089006871,0.047774866,0.04300341,0.031326998,-0.010086,-0.0020359999,0.041753002,0.017665001
276,1975,0.049492583,0.082964763,0.11304969,0.15455332,0.16864161,0.17393401,0,0,0.0,0.0,0.0,0.0,0.0,0.0,-0.0086673889,0.0089006871,0.047774866,0.04300341,0.001422,-0.010086,-0.0020359999,0.041753002
276,1976,0.03347218,0.063557111,0.10506074,0.11914903,0.12444144,0.12049303,0,0,0.0,0.0,0.0,0.0,0.0,0.0,0.049492583,-0.0086673889,0.0089006871,0.047774866,0.0043219998,0.001422,-0.010086,-0.0020359999
276,1977,0.03008493,0.071588561,0.085676849,0.090969257,0.087020852,0.10274495,0,0,0.0,0.0,0.0,0.0,0.0,0.0,0.03347218,0.049492583,-0.0086673889,0.0089006871,0.014828,0.0043219998,0.001422,-0.010086
276,1978,0.041503634,0.055591919,0.060884323,0.056935914,0.072660014,0.10088949,0,0,0.0,0.0,0.0,0.0,0.0,0.0,0.03008493,0.03347218,0.049492583,-0.0086673889,0.025392,0.014828,0.0043219998,0.001422
276,1979,0.014088286,0.019380692,0.015432285,0.031156385,0.059385862,0.082665212,0,0,0.0,0.0,0.0,0.0,0.0,0.0,0.041503634,0.03008493,0.03347218,0.049492583,0.024630001,0.025392,0.014828,0.0043219998
276,1980,0.0052924054,0.0013439981,0.017068099,0.045297578,0.068576932,0.091450326,0,0,0.0,0.0,0.0,0.0,0.0,0.0,0.014088286,0.041503634,0.03008493,0.03347218,0.018917,0.024630001,0.025392,0.014828
276,1981,-0.0039484072,0.011775693,0.04000517,0.063284524,0.086157918,0.10017943,0,0,0.0,0.0,0.0,0.0,0.0,0.0,0.0052924054,0.014088286,0.041503634,0.03008493,0.018898999,0.018917,0.024630001,0.025392
276,1982,0.0157241,0.043953575,0.067232929,0.090106323,0.10412784,0.1412002,0,0,0.0,0.0,0.0,0.0,0.0,0.0,-0.0039484072,0.0052924054,0.014088286,0.041503634,0.0085509997,0.018898999,0.018917,0.024630001
276,1983,0.028229477,0.051508829,0.074382223,0.088403739,0.12547609,0.16444162,0,0,0.0,0.0,0.0,0.0,0.0,0.0,0.0157241,-0.0039484072,0.0052924054,0.014088286,0.019265,0.0085509997,0.018898999,0.018917
276,1984,0.023279352,0.046152744,0.06017426,0.097246617,0.13621214,0.1887622,0,0,0.0,0.0,0.0,0.0,0.0,0.0,0.028229477,0.0157241,-0.0039484072,0.0052924054,0.010962,0.019265,0.0085509997,0.018898999
276,1985,0.022873392,0.03689491,0.073967263,0.11293278,0.16548285,0.21656546,0,0,0.0,0.0,0.0,0.0,0.0,0.0,0.023279352,0.028229477,0.0157241,-0.0039484072,0.018514,0.010962,0.019265,0.0085509997
276,1986,0.014021516,0.051093873,0.090059385,0.14260945,0.19369206,0.21293013,0,0,0.0,0.0,0.0,0.0,0.0,0.0,0.022873392,0.023279352,0.028229477,0.0157241,-0.0079859998,0.018514,0.010962,0.019265
276,1987,0.037072357,0.076037869,0.12858793,0.17967054,0.19890861,0.18934695,1,1,0.0,0.0,0.0,0.0,0.0,0.0,0.014021516,0.022873392,0.023279352,0.028229477,0.0035949999,-0.0079859998,0.018514,0.010962
276,1988,0.038965516,0.091515578,0.1425982,0.16183627,0.15227461,0.17684832,0,0,1.0,0.0,0.0,1.0,0.0,0.0,0.037072357,0.014021516,0.022873392,0.023279352,-0.001165,0.0035949999,-0.0079859998,0.018514
276,1989,0.052550063,0.10363267,0.12287074,0.11330909,0.13788281,0.15525922,0,0,0.0,1.0,0.0,0.0,1.0,0.0,0.038965516,0.037072357,0.014021516,0.022873392,0.0028319999,-0.001165,0.0035949999,-0.0079859998
276,1990,0.051082615,0.070320681,0.060759027,0.085332744,0.10270915,0.11088813,0,0,0.0,0.0,1.0,0.0,0.0,1.0,0.052550063,0.038965516,0.037072357,0.014021516,0.066944003,0.0028319999,-0.001165,0.0035949999
276,1991,0.01923807,0.0096764164,0.034250133,0.051626541,0.059805516,0.078297526,0,0,0.0,0.0,0.0,0.0,0.0,0.0,0.051082615,0.052550063,0.038965516,0.037072357,-0.051217999,0.066944003,0.0028319999,-0.001165
276,1992,-0.0095616532,0.015012064,0.032388471,0.040567447,0.059059456,0.078855641,0,0,0.0,0.0,0.0,0.0,0.0,0.0,0.01923807,0.051082615,0.052550063,0.038965516,0.0055049998,-0.051217999,0.066944003,0.0028319999
276,1993,0.024573717,0.041950122,0.050129097,0.068621106,0.088417292,0.10828864,0,0,0.0,0.0,0.0,0.0,0.0,0.0,-0.0095616532,0.01923807,0.051082615,0.052550063,0.037248001,0.0055049998,-0.051217999,0.066944003
276,1994,0.017376406,0.025555383,0.044047393,0.063843578,0.083714925,0.11333538,0,0,0.0,0.0,0.0,0.0,0.0,0.0,0.024573717,-0.0095616532,0.01923807,0.051082615,0.0039070002,0.037248001,0.0055049998,-0.051217999
276,1995,0.0081789764,0.026670985,0.04646717,0.066338517,0.09595897,0.11291368,0,0,0.0,0.0,0.0,0.0,0.0,0.0,0.017376406,0.024573717,-0.0095616532,0.01923807,0.01504,0.0039070002,0.037248001,0.0055049998
276,1996,0.018492008,0.038288191,0.058159538,0.087779991,0.1047347,0.1047347,0,0,0.0,0.0,0.0,0.0,0.0,0.0,0.0081789764,0.017376406,0.024573717,-0.0095616532,0.052834,0.01504,0.0039070002,0.037248001
276,1997,0.019796185,0.039667532,0.069287986,0.086242698,0.086242698,0.079143636,0,0,0.0,0.0,0.0,0.0,0.0,0.0,0.018492008,0.0081789764,0.017376406,0.024573717,0.033349,0.052834,0.01504,0.0039070002
276,1998,0.019871349,0.0494918,0.066446513,0.066446513,0.059347451,0.071047157,0,0,0.0,0.0,0.0,0.0,0.0,0.0,0.019796185,0.018492008,0.0081789764,0.017376406,0.037119001,0.033349,0.052834,0.01504
276,1999,0.029620454,0.046575166,0.046575166,0.039476104,0.051175807,0.058242947,0,0,0.0,0.0,0.0,0.0,0.0,0.0,0.019871349,0.019796185,0.018492008,0.0081789764,0.047424,0.037119001,0.033349,0.052834
276,2000,0.016954714,0.016954714,0.0098556522,0.021555357,0.028622497,0.065624088,0,0,0.0,0.0,0.0,0.0,0.0,0.0,0.029620454,0.019871349,0.019796185,0.018492008,0.018835999,0.047424,0.037119001,0.033349
276,2001,0.0,-0.0070990617,0.0046006418,0.011667782,0.048669375,0.081274733,0,0,0.0,0.0,0.0,0.0,0.0,0.0,0.016954714,0.029620454,0.019871349,0.019796185,-0.0056130001,0.018835999,0.047424,0.037119001
276,2002,-0.0070990617,0.0046006418,0.011667782,0.048669375,0.081274733,0.092097886,1,1,0.0,0.0,0.0,0.0,0.0,0.0,0.0,0.016954714,0.029620454,0.019871349,-0.013055,-0.0056130001,0.018835999,0.047424
276,2003,0.011699704,0.018766843,0.055768438,0.088373795,0.099196948,0.043008346,0,0,1.0,0.0,0.0,1.0,0.0,0.0,-0.0070990617,0.0,0.016954714,0.029620454,-0.0071140002,-0.013055,-0.0056130001,0.018835999
276,2004,0.0070671397,0.044068735,0.076674089,0.087497242,0.03130864,0.072107971,0,0,0.0,1.0,0.0,0.0,1.0,0.0,0.011699704,-0.0070990617,0.0,0.016954714,-0.026138,-0.0071140002,-0.013055,-0.0056130001
276,2005,0.037001595,0.069606945,0.080430098,0.024241496,0.065040827,0.10164083,0,0,0.0,0.0,1.0,0.0,0.0,1.0,0.0070671397,0.011699704,-0.0070990617,0.0,-0.013707,-0.026138,-0.0071140002,-0.013055
276,2006,0.032605354,0.04342851,-0.012760092,0.028039239,0.064639241,0.069559172,0,0,0.0,0.0,0.0,0.0,0.0,0.0,0.037001595,0.0070671397,0.011699704,-0.0070990617,-0.033711001,-0.013707,-0.026138,-0.0071140002
276,2007,0.010823155,-0.045365445,-0.0045661144,0.032033887,0.036953814,0.041849658,0,0,0.0,0.0,0.0,0.0,0.0,0.0,0.032605354,0.037001595,0.0070671397,0.011699704,-0.027527001,-0.033711001,-0.013707,-0.026138
276,2008,-0.056188602,-0.015389271,0.02121073,0.026130658,0.031026503,0.046979882,1,1,0.0,0.0,0.0,0.0,0.0,0.0,0.010823155,0.032605354,0.037001595,0.0070671397,0.013034,-0.027527001,-0.033711001,-0.013707
276,2009,0.040799331,0.077399328,0.08231926,0.087215103,0.10316849,0.12037583,0,0,1.0,0.0,0.0,1.0,0.0,0.0,-0.056188602,0.010823155,0.032605354,0.037001595,0.039485998,0.013034,-0.027527001,-0.033711001
276,2010,0.036600001,0.041519929,0.046415772,0.062369153,0.079576492,0.098249078,0,0,0.0,1.0,0.0,0.0,1.0,0.0,0.040799331,-0.056188602,0.010823155,0.032605354,-0.048636001,0.039485998,0.013034,-0.027527001
276,2011,0.0049199285,0.009815773,0.025769154,0.042976491,0.061649073,,1,0,0.0,0.0,1.0,0.0,0.0,1.0,0.036600001,0.040799331,-0.056188602,0.010823155,-0.018097,-0.048636001,0.039485998,0.013034
276,2012,0.004895845,0.020849226,0.03805656,0.056729142,,,0,0,1.0,0.0,0.0,0.0,0.0,0.0,0.0049199285,0.036600001,0.040799331,-0.056188602,-0.013957,-0.018097,-0.048636001,0.039485998
276,2013,0.015953381,0.033160716,0.051833298,,,,0,0,0.0,1.0,0.0,0.0,0.0,0.0,0.004895845,0.0049199285,0.036600001,0.040799331,-0.054540001,-0.013957,-0.018097,-0.048636001
300,1929,-0.036525801,-0.093007118,-0.022890233,0.022377957,0.031935476,0.057253286,1,0,0.0,0.0,0.0,,,,0.047211565,0.0062865047,0.018182319,0.018519048,0.055208001,0.14809801,0.094770998,-0.0141
300,1930,-0.056481313,0.013635572,0.058903761,0.068461284,0.093779095,0.083647296,0,0,1.0,0.0,0.0,0.0,,,-0.036525801,0.047211565,0.0062865047,0.018182319,0.090747997,0.055208001,0.14809801,0.094770998
300,1931,0.070116885,0.11538507,0.12494259,0.1502604,0.14012861,0.26048809,1,0,0.0,1.0,0.0,0.0,0.0,,-0.056481313,-0.036525801,0.047211565,0.0062865047,-0.0062179998,0.090747997,0.055208001,0.14809801
300,1932,0.045268189,0.054825708,0.080143519,0.07001172,0.1903712,0.15658173,0,1,1.0,0.0,1.0,0.0,0.0,0.0,0.070116885,-0.056481313,-0.036525801,0.047211565,-0.072540998,-0.0062179998,0.090747997,0.055208001
300,1933,0.009557521,0.03487533,0.024743531,0.14510301,0.11131353,,0,0,0.0,1.0,0.0,1.0,0.0,0.0,0.045268189,0.070116885,-0.056481313,-0.036525801,-0.050521001,-0.072540998,-0.0062179998,0.090747997
300,1953,0.020999271,0.085060582,0.158657,0.21365738,0.24938774,0.27504298,0,0,0.0,,,,,,0.11751239,-0.0043742475,0.073958762,0.024314094,,,,
300,1954,0.064061306,0.13765773,0.19265811,0.22838846,0.2540437,0.28831798,0,0,0.0,0.0,,0.0,,,0.020999271,0.11751239,-0.0043742475,0.073958762,,,,
300,1955,0.073596418,0.1285968,0.16432714,0.18998238,0.22425666,0.33575204,0,0,0.0,0.0,0.0,0.0,0.0,,0.064061306,0.020999271,0.11751239,-0.0043742475,,,,
300,1956,0.055000383,0.090730742,0.11638599,0.15066028,0.26215565,0.27749085,0,0,0.0,0.0,0.0,0.0,0.0,0.0,0.073596418,0.064061306,0.020999271,0.11751239,,,,
300,1957,0.035730354,0.061385602,0.095659889,0.20715526,0.22249044,0.32385099,0,0,0.0,0.0,0.0,0.0,0.0,0.0,0.055000383,0.073596418,0.064061306,0.020999271,,,,
300,1958,0.025655247,0.059929535,0.1714249,0.18676008,0.28812063,0.37070403,0,0,0.0,0.0,0.0,0.0,0.0,0.0,0.035730354,0.055000383,0.073596418,0.064061306,,,,
300,1959,0.034274288,0.14576966,0.16110484,0.26246539,0.34504879,0.43897539,0,0,0.0,0.0,0.0,0.0,0.0,0.0,0.025655247,0.035730354,0.055000383,0.073596418,,,,
300,1960,0.11149537,0.12683056,0.22819111,0.31077451,0.40470111,0.46568957,0,0,0.0,0.0,0.0,0.0,0.0,0.0,0.034274288,0.025655247,0.035730354,0.055000383,,,,
300,1961,0.015335189,0.11669574,0.19927913,0.29320574,0.35419419,0.40900856,0,0,0.0,0.0,0.0,0.0,0.0,0.0,0.11149537,0.034274288,0.025655247,0.035730354,0.00038899999,,,
300,1962,0.10136055,0.18394396,0.27787057,0.33885902,0.39367339,0.46031448,0,0,0.0,0.0,0.0,0.0,0.0,0.0,0.015335189,0.11149537,0.034274288,0.025655247,0.019278999,0.00038899999,,
300,1963,0.082583398,0.17651001,0.23749846,0.29231283,0.35895392,0.45795122,0,0,0.0,0.0,0.0,0.0,0.0,0.0,0.10136055,0.015335189,0.11149537,0.034274288,0.019804001,0.019278999,0.00038899999,
300,1964,0.093926609,0.15491506,0.20972943,0.27637053,0.37536782,0.45488051,0,0,0.0,0.0,0.0,0.0,0.0,0.0,0.082583398,0.10136055,0.015335189,0.11149537,-0.0039420002,0.019804001,0.019278999,0.00038899999
300,1965,0.060988463,0.11580284,0.18244393,0.28144121,0.3609539,0.43936568,0,0,0.0,0.0,0.0,0.0,0.0,0.0,0.093926609,0.082583398,0.10136055,0.015335189,-0.015281,-0.0039420002,0.019804001,0.019278999
300,1966,0.054814372,0.12145546,0.22045276,0.29996544,0.3783772,0.47997871,0,0,0.0,0.0,0.0,0.0,0.0,0.0,0.060988463,0.093926609,0.082583398,0.10136055,0.001336,-0.015281,-0.0039420002,0.019804001
300,1967,0.066641092,0.16563839,0.24515107,0.32356286,0.42516437,0.50608814,0,0,0.0,0.0,0.0,0.0,0.0,0.0,0.054814372,0.060988463,0.093926609,0.082583398,0.014056,0.001336,-0.015281,-0.0039420002
300,1968,0.098997295,0.17850998,0.25692177,0.35852328,0.43944708,0.37506467,0,0,0.0,0.0,0.0,0.0,0.0,0.0,0.066641092,0.054814372,0.060988463,0.093926609,0.0069940002,0.014056,0.001336,-0.015281
300,1969,0.079512693,0.15792447,0.25952598,0.34044978,0.27606738,0.33973545,0,0,0.0,0.0,0.0,0.0,0.0,0.0,0.098997295,0.066641092,0.054814372,0.060988463,0.006298,0.0069940002,0.014056,0.001336
300,1970,0.078411773,0.18001328,0.26093706,0.19655466,0.26022273,0.32874173,0,0,0.0,0.0,0.0,0.0,0.0,0.0,0.079512693,0.098997295,0.066641092,0.054814372,0.003368,0.006298,0.0069940002,0.014056
300,1971,0.10160151,0.18252531,0.1181429,0.18181099,0.25032997,0.27973998,0,0,0.0,0.0,0.0,0.0,0.0,0.0,0.078411773,0.079512693,0.098997295,0.066641092,0.016906001,0.003368,0.006298,0.0069940002
300,1972,0.080923788,0.016541384,0.080209471,0.14872846,0.17813848,0.2506071,0,0,0.0,0.0,0.0,0.0,0.0,0.0,0.10160151,0.078411773,0.079512693,0.098997295,0.015432,0.016906001,0.003368,0.006298
300,1973,-0.064382404,-0.00071431696,0.067804664,0.097214684,0.16968331,0.20250411,1,0,0.0,0.0,0.0,0.0,0.0,0.0,0.080923788,0.10160151,0.078411773,0.079512693,-0.026637999,0.015432,0.016906001,0.003368
300,1974,0.063668087,0.13218707,0.16159709,0.23406571,0.2668865,0.2736578,0,0,1.0,0.0,0.0,0.0,0.0,0.0,-0.064382404,0.080923788,0.10160151,0.078411773,0.0089159999,-0.026637999,0.015432,0.016906001
300,1975,0.068518981,0.097929001,0.17039764,0.20321845,0.20998976,0.19445254,0,0,0.0,1.0,0.0,0.0,0.0,0.0,0.063668087,-0.064382404,0.080923788,0.10160151,0.016819,0.0089159999,-0.026637999,0.015432
300,1976,0.029410016,0.10187864,0.13469945,0.14147076,0.12593354,0.11460707,0,0,0.0,0.0,1.0,0.0,0.0,0.0,0.068518981,0.063668087,-0.064382404,0.080923788,0.0099290004,0.016819,0.0089159999,-0.026637999
300,1977,0.072468631,0.10528943,0.11206074,0.096523523,0.085197046,0.074410826,0,0,0.0,0.0,0.0,0.0,0.0,0.0,0.029410016,0.068518981,0.063668087,-0.064382404,0.013983,0.0099290004,0.016819,0.0089159999
300,1978,0.032820802,0.039592113,0.0240549,0.012728425,0.0019422015,0.022048004,0,0,0.0,0.0,0.0,0.0,0.0,0.0,0.072468631,0.029410016,0.068518981,0.063668087,0.171571,0.013983,0.0099290004,0.016819
300,1979,0.0067713107,-0.0087659024,-0.020092377,-0.0308786,-0.010772796,0.014322769,0,0,0.0,0.0,0.0,0.0,0.0,0.0,0.032820802,0.072468631,0.029410016,0.068518981,-0.018625,0.171571,0.013983,0.0099290004
300,1980,-0.015537214,-0.026863689,-0.037649911,-0.017544108,0.0075514577,0.012728059,1,0,0.0,0.0,0.0,0.0,0.0,0.0,0.0067713107,0.032820802,0.072468631,0.029410016,0.00016900001,-0.018625,0.171571,0.013983
300,1981,-0.011326475,-0.022112697,-0.002006894,0.023088671,0.028265271,0.0056766365,0,0,1.0,0.0,0.0,0.0,0.0,0.0,-0.015537214,0.0067713107,0.032820802,0.072468631,0.017996,0.00016900001,-0.018625,0.171571
300,1982,-0.010786223,0.0093195802,0.034415144,0.039591745,0.01700311,0.059881724,0,0,0.0,1.0,0.0,0.0,0.0,0.0,-0.011326475,-0.015537214,0.0067713107,0.032820802,-0.003394,0.017996,0.00016900001,-0.018625
300,1983,0.020105803,0.045201369,0.050377969,0.027789334,0.070667952,0.10866795,1,1,0.0,0.0,1.0,0.0,0.0,0.0,-0.010786223,-0.011326475,-0.015537214,0.0067713107,-0.0084480001,-0.003394,0.017996,0.00016900001
300,1984,0.025095565,0.030272167,0.0076835323,0.050562151,0.088562146,0.088562146,0,0,1.0,0.0,0.0,1.0,0.0,0.0,0.020105803,-0.010786223,-0.011326475,-0.015537214,-0.0091880001,-0.0084480001,-0.003394,0.017996
300,1985,0.005176601,-0.017412033,0.025466584,0.063466579,0.063466579,0.094466582,0,0,0.0,1.0,0.0,0.0,1.0,0.0,0.025095565,0.020105803,-0.010786223,-0.011326475,-0.0024969999,-0.0091880001,-0.0084480001,-0.003394
300,1986,-0.022588635,0.020289982,0.058289982,0.058289982,0.089289978,0.096289977,0,0,0.0,0.0,1.0,0.0,0.0,1.0,0.005176601,0.025095565,0.020105803,-0.010786223,0.003541,-0.0024969999,-0.0091880001,-0.0084480001
300,1987,0.042878617,0.080878615,0.080878615,0.11187862,0.11887862,0.10287862,0,0,0.0,0.0,0.0,0.0,0.0,0.0,-0.022588635,0.005176601,0.025095565,0.020105803,-0.026696,0.003541,-0.0024969999,-0.0091880001
300,1988,0.037999999,0.037999999,0.068999998,0.075999998,0.059999995,0.079999998,1,0,0.0,0.0,0.0,0.0,0.0,0.0,0.042878617,-0.022588635,0.005176601,0.025095565,-0.017774001,-0.026696,0.003541,-0.0024969999
300,1989,0.0,0.030999999,0.037999999,0.021999998,0.041999996,0.062997192,0,0,1.0,0.0,0.0,0.0,0.0,0.0,0.037999999,0.042878617,-0.022588635,0.005176601,0.0087949997,-0.017774001,-0.026696,0.003541
300,1990,0.030999999,0.037999999,0.021999998,0.041999996,0.062997192,0.091618478,0,0,0.0,1.0,0.0,0.0,0.0,0.0,0.0,0.037999999,0.042878617,-0.022588635,-0.018518001,0.0087949997,-0.017774001,-0.026696
300,1991,0.0069999998,-0.0090000015,0.010999998,0.031997196,0.060618483,0.10546047,0,1,0.0,0.0,1.0,0.0,0.0,0.0,0.030999999,0.0,0.037999999,0.042878617,-0.017647,-0.018518001,0.0087949997,-0.017774001
300,1992,-0.016000001,0.0039999988,0.024997197,0.053618483,0.098460473,0.13740952,0,0,0.0,0.0,0.0,1.0,0.0,0.0,0.0069999998,0.030999999,0.0,0.037999999,-0.0062859999,-0.017647,-0.018518001,0.0087949997
300,1993,0.02,0.0409972,0.069618486,0.11446048,0.15340953,0.1841355,0,0,0.0,0.0,0.0,0.0,1.0,0.0,-0.016000001,0.0069999998,0.030999999,0.0,-0.020523001,-0.0062859999,-0.017647,-0.018518001
300,1994,0.020997198,0.049618486,0.094460472,0.13340953,0.1641355,0.2033332,0,0,0.0,0.0,0.0,0.0,0.0,1.0,0.02,-0.016000001,0.0069999998,0.030999999,-0.000143,-0.020523001,-0.0062859999,-0.017647
300,1995,0.028621288,0.073463276,0.11241233,0.14313829,0.182336,0.22365212,0,0,0.0,0.0,0.0,0.0,0.0,0.0,0.020997198,0.02,-0.016000001,0.0069999998,0.022081001,-0.000143,-0.020523001,-0.0062859999
300,1996,0.04484199,0.08379104,0.114517,0.15371472,0.19503084,0.23425956,0,0,0.0,0.0,0.0,0.0,0.0,0.0,0.028621288,0.020997198,0.02,-0.016000001,0.0070750001,0.022081001,-0.000143,-0.020523001
300,1997,0.03894905,0.069675013,0.10887272,0.15018883,0.18941756,0.24736287,0,0,0.0,0.0,0.0,0.0,0.0,0.0,0.04484199,0.028621288,0.020997198,0.02,0.0091000004,0.0070750001,0.022081001,-0.000143
300,1998,0.030725965,0.069923669,0.11123979,0.15046851,0.20841382,0.25902376,0,0,0.0,0.0,0.0,0.0,0.0,0.0,0.03894905,0.04484199,0.028621288,0.020997198,0.01698,0.0091000004,0.0070750001,0.022081001
300,1999,0.039197706,0.080513828,0.11974254,0.17768785,0.22829778,0.2342892,0,0,0.0,0.0,0.0,0.0,0.0,0.0,0.030725965,0.03894905,0.04484199,0.028621288,0.067529,0.01698,0.0091000004,0.0070750001
300,2000,0.041316122,0.080544844,0.13849016,0.18910009,0.1950915,0.25161585,0,1,0.0,0.0,0.0,0.0,0.0,0.0,0.039197706,0.030725965,0.03894905,0.04484199,0.063435003,0.067529,0.01698,0.0091000004
300,2001,0.039228719,0.097174034,0.14778396,0.15377538,0.21029972,0.24303719,1,0,0.0,0.0,0.0,1.0,0.0,0.0,0.041316122,0.039197706,0.030725965,0.03894905,0.047320001,0.063435003,0.067529,0.01698
300,2002,0.057945315,0.10855524,0.11454666,0.17107101,0.20380849,0.20045677,1,1,1.0,0.0,0.0,0.0,1.0,0.0,0.039228719,0.041316122,0.039197706,0.030725965,0.032497998,0.047320001,0.063435003,0.067529
300,2003,0.050609928,0.056601349,0.11312569,0.14586316,0.14251143,0.099504091,0,0,1.0,1.0,0.0,1.0,0.0,1.0,0.057945315,0.039228719,0.041316122,0.039197706,0.038077001,0.032497998,0.047320001,0.063435003
300,2004,0.0059914207,0.062515758,0.095253229,0.091901504,0.048894167,-0.0058962069,0,0,0.0,1.0,1.0,0.0,1.0,0.0,0.050609928,0.057945315,0.039228719,0.041316122,0.051348001,0.038077001,0.032497998,0.047320001
300,2005,0.05652434,0.089261815,0.085910089,0.042902753,-0.011887621,-0.10321257,0,0,0.0,0.0,1.0,0.0,0.0,1.0,0.0059914207,0.050609928,0.057945315,0.039228719,0.097043999,0.051348001,0.038077001,0.032497998
300,2006,0.032737471,0.029385746,-0.013621591,-0.068411961,-0.1597369,-0.23274183,0,0,0.0,0.0,0.0,0.0,0.0,0.0,0.05652434,0.0059914207,0.050609928,0.057945315,0.042700998,0.097043999,0.051348001,0.038077001
300,2007,-0.0033517256,-0.046359062,-0.10114944,-0.19247438,-0.26547933,-0.29789358,0,0,0.0,0.0,0.0,0.0,0.0,0.0,0.032737471,0.05652434,0.0059914207,0.050609928,0.082617998,0.042700998,0.097043999,0.051348001
300,2008,-0.043007337,-0.097797707,-0.18912265,-0.26212758,-0.29454184,-0.29101333,1,1,0.0,0.0,0.0,0.0,0.0,0.0,-0.0033517256,0.032737471,0.05652434,0.0059914207,0.047460001,0.082617998,0.042700998,0.097043999
300,2009,-0.054790374,-0.14611532,-0.21912026,-0.25153452,-0.24800603,-0.2501975,0,0,1.0,0.0,0.0,1.0,0.0,0.0,-0.043007337,-0.0033517256,0.032737471,0.05652434,-0.01282,0.047460001,0.082617998,0.042700998
300,2010,-0.09132494,-0.16432989,-0.19674414,-0.19321565,-0.19540712,-0.1952896,1,0,0.0,1.0,0.0,0.0,1.0,0.0,-0.054790374,-0.043007337,-0.0033517256,0.032737471,0.235632,-0.01282,0.047460001,0.082617998
300,2011,-0.073004939,-0.10541919,-0.1018907,-0.10408217,-0.10396465,,1,1,1.0,0.0,1.0,0.0,0.0,1.0,-0.09132494,-0.054790374,-0.043007337,-0.0033517256,0.055358998,0.235632,-0.01282,0.047460001
300,2012,-0.03241425,-0.028885758,-0.031077228,-0.030959709,,,0,0,1.0,1.0,0.0,1.0,0.0,0.0,-0.073004939,-0.09132494,-0.054790374,-0.043007337,-0.003578,0.055358998,0.235632,-0.01282
300,2013,0.0035284925,0.0013370207,0.0014545412,,,,0,0,0.0,1.0,1.0,0.0,1.0,0.0,-0.03241425,-0.073004939,-0.09132494,-0.054790374,0.012737,-0.003578,0.055358998,0.235632
344,1963,0.08627598,0.23269762,0.25064534,0.26668105,0.30065623,0.41409358,0,0,0.0,0.0,0.0,,,,0.15764114,0.14290862,0.064201221,0.070498623,,,,
344,1964,0.14642164,0.16436937,0.18040507,0.21438025,0.32781759,0.41988185,0,0,0.0,0.0,0.0,0.0,,,0.08627598,0.15764114,0.14290862,0.064201221,,,,
344,1965,0.017947726,0.033983417,0.067958608,0.18139595,0.27346021,0.3463918,0,0,0.0,0.0,0.0,0.0,0.0,,0.14642164,0.08627598,0.15764114,0.14290862,,,,
344,1966,0.016035693,0.050010882,0.16344823,0.25551248,0.32844406,0.43456268,0,0,0.0,0.0,0.0,0.0,0.0,0.0,0.017947726,0.14642164,0.08627598,0.15764114,,,,
344,1967,0.033975188,0.14741254,0.2394768,0.31240839,0.41852701,0.54132336,0,0,0.0,0.0,0.0,0.0,0.0,0.0,0.016035693,0.017947726,0.14642164,0.08627598,,,,
344,1968,0.11343735,0.2055016,0.27843317,0.38455179,0.50734818,0.53150004,0,0,0.0,0.0,0.0,0.0,0.0,0.0,0.033975188,0.016035693,0.017947726,0.14642164,,,,
344,1969,0.092064254,0.16499583,0.27111444,0.3939108,0.41806266,0.422984,0,0,0.0,0.0,0.0,0.0,0.0,0.0,0.11343735,0.033975188,0.016035693,0.017947726,,,,
344,1970,0.07293158,0.17905019,0.30184656,0.32599843,0.33091977,0.49256366,0,0,0.0,0.0,0.0,0.0,0.0,0.0,0.092064254,0.11343735,0.033975188,0.016035693,,,,
344,1971,0.10611861,0.22891498,0.25306684,0.25798818,0.41963208,0.53688997,0,0,0.0,0.0,0.0,0.0,0.0,0.0,0.07293158,0.092064254,0.11343735,0.033975188,,,,
344,1972,0.12279636,0.14694822,0.15186957,0.31351346,0.43077132,0.51337969,0,0,0.0,0.0,0.0,0.0,0.0,0.0,0.10611861,0.07293158,0.092064254,0.11343735,,,,
344,1973,0.024151854,0.029073194,0.1907171,0.30797496,0.39058337,0.50615025,0,1,0.0,0.0,0.0,0.0,0.0,0.0,0.12279636,0.10611861,0.07293158,0.092064254,,,,
344,1974,0.0049213395,0.16656524,0.2838231,0.3664315,0.48199841,0.58308119,1,1,0.0,0.0,0.0,1.0,0.0,0.0,0.024151854,0.12279636,0.10611861,0.07293158,,,,
344,1975,0.16164391,0.27890179,0.36151019,0.4770771,0.57815987,0.67076874,0,0,1.0,0.0,0.0,1.0,1.0,0.0,0.0049213395,0.024151854,0.12279636,0.10611861,,,,
344,1976,0.11725787,0.19986627,0.31543317,0.41651598,0.50912488,0.53862262,0,0,0.0,1.0,0.0,0.0,1.0,1.0,0.16164391,0.0049213395,0.024151854,0.12279636,,,,
344,1977,0.082608402,0.19817531,0.29925811,0.39186698,0.42136475,0.48113477,0,0,0.0,0.0,1.0,0.0,0.0,1.0,0.11725787,0.16164391,0.0049213395,0.024151854,,,,
344,1978,0.1155669,0.2166497,0.30925858,0.33875635,0.39852637,0.49826503,0,0,0.0,0.0,0.0,0.0,0.0,0.0,0.082608402,0.11725787,0.16164391,0.0049213395,,,,
344,1979,0.10108279,0.19369167,0.22318944,0.28295946,0.38269812,0.39026904,0,0,0.0,0.0,0.0,0.0,0.0,0.0,0.1155669,0.082608402,0.11725787,0.16164391,0.0046100002,,,
344,1980,0.092608869,0.12210663,0.18187664,0.28161529,0.28918621,0.39974687,0,0,0.0,0.0,0.0,0.0,0.0,0.0,0.10108279,0.1155669,0.082608402,0.11725787,0.070936002,0.0046100002,,
344,1981,0.029497765,0.089267775,0.18900642,0.19657733,0.307138,0.44112229,0,0,0.0,0.0,0.0,0.0,0.0,0.0,0.092608869,0.10108279,0.1155669,0.082608402,0.14098001,0.070936002,0.0046100002,
344,1982,0.059770007,0.15950865,0.16707955,0.27764022,0.41162449,0.49673995,1,1,0.0,0.0,0.0,0.0,0.0,0.0,0.029497765,0.092608869,0.10108279,0.1155669,0.144188,0.14098001,0.070936002,0.0046100002
344,1983,0.099738643,0.10730956,0.21787022,0.3518545,0.43696997,0.45973998,0,0,1.0,0.0,0.0,1.0,0.0,0.0,0.059770007,0.029497765,0.092608869,0.10108279,0.021057,0.144188,0.14098001,0.070936002
344,1984,0.0075709135,0.11813158,0.25211585,0.33723131,0.36000133,0.39830595,0,0,0.0,1.0,0.0,0.0,1.0,0.0,0.099738643,0.059770007,0.029497765,0.092608869,-0.13384999,0.021057,0.144188,0.14098001
344,1985,0.11056066,0.24454495,0.32966042,0.35243043,0.39073506,0.44775429,0,0,0.0,0.0,1.0,0.0,0.0,1.0,0.0075709135,0.099738643,0.059770007,0.029497765,-0.0062989998,-0.13384999,0.021057,0.144188
344,1986,0.13398428,0.21909976,0.24186979,0.2801744,0.33719364,0.39954263,0,0,0.0,0.0,0.0,0.0,0.0,0.0,0.11056066,0.0075709135,0.099738643,0.059770007,0.0046629999,-0.0062989998,-0.13384999,0.021057
344,1987,0.08511547,0.10788549,0.14619011,0.20320936,0.26555836,0.32756916,0,0,0.0,0.0,0.0,0.0,0.0,0.0,0.13398428,0.11056066,0.0075709135,0.099738643,0.120616,0.0046629999,-0.0062989998,-0.13384999
344,1988,0.022770029,0.061074644,0.11809389,0.18044288,0.24245366,0.30281386,1,0,0.0,0.0,0.0,0.0,0.0,0.0,0.08511547,0.13398428,0.11056066,0.0075709135,0.064763002,0.120616,0.0046629999,-0.0062989998
344,1989,0.038304616,0.095323861,0.15767285,0.21968365,0.28004384,0.30378166,0,0,1.0,0.0,0.0,0.0,0.0,0.0,0.022770029,0.08511547,0.13398428,0.11056066,0.182723,0.064763002,0.120616,0.0046629999
344,1990,0.057019245,0.11936824,0.18137902,0.24173921,0.26547703,0.3080624,0,0,0.0,1.0,0.0,0.0,0.0,0.0,0.038304616,0.022770029,0.08511547,0.13398428,0.083204001,0.182723,0.064763002,0.120616
344,1991,0.062348992,0.12435978,0.18471998,0.20845781,0.25104317,0.30203998,0,0,0.0,0.0,1.0,0.0,0.0,0.0,0.057019245,0.038304616,0.022770029,0.08511547,-0.137025,0.083204001,0.182723,0.064763002
344,1992,0.062010787,0.12237099,0.14610882,0.18869419,0.239691,0.18086466,0,0,0.0,0.0,0.0,0.0,0.0,0.0,0.062348992,0.057019245,0.038304616,0.022770029,-0.075176001,-0.137025,0.083204001,0.182723
344,1993,0.060360197,0.084098026,0.1266834,0.17768021,0.11885387,0.1439216,0,0,0.0,0.0,0.0,0.0,0.0,0.0,0.062010787,0.062348992,0.057019245,0.038304616,0.022551,-0.075176001,-0.137025,0.083204001
344,1994,0.023737831,0.066323198,0.11732001,0.058493666,0.083561398,0.16019601,0,0,0.0,0.0,0.0,0.0,0.0,0.0,0.060360197,0.062010787,0.062348992,0.057019245,0.05466,0.022551,-0.075176001,-0.137025
344,1995,0.042585369,0.093582183,0.034755841,0.059823573,0.13645817,0.14206643,0,0,0.0,0.0,0.0,0.0,0.0,0.0,0.023737831,0.060360197,0.062010787,0.062348992,0.061928,0.05466,0.022551,-0.075176001
344,1996,0.05099681,-0.007829532,0.0172382,0.0938728,0.099481061,0.11604836,0,0,0.0,0.0,0.0,0.0,0.0,0.0,0.042585369,0.023737831,0.060360197,0.062010787,0.069241002,0.061928,0.05466,0.022551
344,1997,-0.058826342,-0.03375861,0.04287599,0.048484251,0.065051548,0.095615216,0,1,0.0,0.0,0.0,0.0,0.0,0.0,0.05099681,0.042585369,0.023737831,0.060360197,0.15109999,0.069241002,0.061928,0.05466
344,1998,0.025067732,0.10170233,0.10731059,0.12387789,0.15444157,0.24144258,1,0,0.0,0.0,0.0,1.0,0.0,0.0,-0.058826342,0.05099681,0.042585369,0.023737831,-0.025315,0.15109999,0.069241002,0.061928
344,1999,0.076634601,0.082242861,0.098810159,0.12937382,0.21637483,0.29025632,0,0,1.0,0.0,0.0,0.0,1.0,0.0,0.025067732,-0.058826342,0.05099681,0.042585369,-0.112942,-0.025315,0.15109999,0.069241002
344,2000,0.0056082602,0.022175558,0.052739225,0.13974023,0.21362171,0.28394836,0,0,0.0,1.0,0.0,0.0,0.0,1.0,0.076634601,0.025067732,-0.058826342,0.05099681,-0.037243001,-0.112942,-0.025315,0.15109999
344,2001,0.016567297,0.047130965,0.13413197,0.20801345,0.2783401,0.34298834,0,0,0.0,0.0,1.0,0.0,0.0,0.0,0.0056082602,0.076634601,0.025067732,-0.058826342,-0.054244999,-0.037243001,-0.112942,-0.025315
344,2002,0.030563667,0.11756468,0.19144616,0.26177281,0.32642105,0.34770039,0,0,0.0,0.0,0.0,0.0,0.0,0.0,0.016567297,0.0056082602,0.076634601,0.025067732,-0.0082390001,-0.054244999,-0.037243001,-0.112942
344,2003,0.087001011,0.1608825,0.23120916,0.2958574,0.31713673,0.29254583,0,0,0.0,0.0,0.0,0.0,0.0,0.0,0.030563667,0.016567297,0.0056082602,0.076634601,0.034104999,-0.0082390001,-0.054244999,-0.037243001
344,2004,0.073881485,0.14420815,0.2088564,0.23013574,0.20554484,0.27322131,0,0,0.0,0.0,0.0,0.0,0.0,0.0,0.087001011,0.030563667,0.016567297,0.0056082602,0.019855,0.034104999,-0.0082390001,-0.054244999
344,2005,0.070326664,0.13497491,0.15625425,0.13166335,0.19933984,0.24748641,0,0,0.0,0.0,0.0,0.0,0.0,0.0,0.073881485,0.087001011,0.030563667,0.016567297,0.0076700002,0.019855,0.034104999,-0.0082390001
344,2006,0.064648248,0.085927583,0.061336681,0.12901317,0.17715974,0.19416271,0,0,0.0,0.0,0.0,0.0,0.0,0.0,0.070326664,0.073881485,0.087001011,0.030563667,-0.053594999,0.0076700002,0.019855,0.034104999
344,2007,0.021279335,-0.0033115651,0.064364918,0.11251149,0.12951446,0.16053012,0,0,0.0,0.0,0.0,0.0,0.0,0.0,0.064648248,0.070326664,0.073881485,0.087001011,0.080472,-0.053594999,0.0076700002,0.019855
344,2008,-0.0245909,0.043085583,0.091232158,0.10823512,0.13925079,0.16687487,0,1,0.0,0.0,0.0,0.0,0.0,0.0,0.021279335,0.064648248,0.070326664,0.073881485,0.093383998,0.080472,-0.053594999,0.0076700002
344,2009,0.067676485,0.11582306,0.13282603,0.16384169,0.19146578,0.21540879,0,0,0.0,0.0,0.0,1.0,0.0,0.0,-0.0245909,0.021279335,0.064648248,0.070326664,0.008653,0.093383998,0.080472,-0.053594999
344,2010,0.048146576,0.065149546,0.096165217,0.1237893,0.1477323,0.16818854,0,0,0.0,0.0,0.0,0.0,1.0,0.0,0.067676485,-0.0245909,0.021279335,0.064648248,0.246354,0.008653,0.093383998,0.080472
344,2011,0.017002966,0.048018634,0.07564272,0.099585727,0.12004197,,0,0,0.0,0.0,0.0,0.0,0.0,1.0,0.048146576,0.067676485,-0.0245909,0.021279335,0.085175,0.246354,0.008653,0.093383998
344,2012,0.03101567,0.05863975,0.082582757,0.103039,,,0,0,0.0,0.0,0.0,0.0,0.0,0.0,0.017002966,0.048146576,0.067676485,-0.0245909,0.012007,0.085175,0.246354,0.008653
344,2013,0.027624082,0.051567089,0.072023325,,,,0,0,0.0,0.0,0.0,0.0,0.0,0.0,0.03101567,0.017002966,0.048146576,0.067676485,0.162901,0.012007,0.085175,0.246354
348,1925,-0.042631336,0.0,0.084182374,0.11643337,0.094519712,0.045056142,1,0,1.0,,,,,,0.18371195,,,,,,,
348,1926,0.042631336,0.12681371,0.1590647,0.13715105,0.087687477,0.060727827,0,0,1.0,1.0,,0.0,,,-0.042631336,0.18371195,,,,,,
348,1927,0.084182374,0.11643337,0.094519712,0.045056142,0.018096494,0.10475127,0,0,0.0,1.0,1.0,0.0,0.0,,0.042631336,-0.042631336,0.18371195,,,,,
348,1928,0.032250989,0.010337336,-0.039126232,-0.066085882,0.0205689,0.026815064,0,0,0.0,0.0,1.0,0.0,0.0,0.0,0.084182374,0.042631336,-0.042631336,0.18371195,,,,
348,1929,-0.021913653,-0.071377225,-0.098336875,-0.011682093,-0.0054359292,0.043911051,0,0,0.0,0.0,0.0,0.0,0.0,0.0,0.032250989,0.084182374,0.042631336,-0.042631336,,,,
348,1930,-0.04946357,-0.07642322,0.010231562,0.016477726,0.065824702,0.13036491,0,0,0.0,0.0,0.0,0.0,0.0,0.0,-0.021913653,0.032250989,0.084182374,0.042631336,,,,
348,1995,5.5836997e-05,0.033114459,0.075303808,0.1073533,0.14937663,0.18711764,1,0,,,,0.0,0.0,0.0,0.014895255,0.029471545,-0.0057610851,-0.030641804,-0.037753001,-0.018112,-0.048248999,-0.05593
348,1996,0.033058621,0.075247973,0.10729747,0.14932081,0.18706182,0.23209246,0,0,1.0,,,0.0,0.0,0.0,5.5836997e-05,0.014895255,0.029471545,-0.0057610851,-0.002994,-0.037753001,-0.018112,-0.048248999
348,1997,0.042189348,0.074238837,0.11626218,0.15400319,0.19903383,0.2373113,0,0,0.0,1.0,,0.0,0.0,0.0,0.033058621,5.5836997e-05,0.014895255,0.029471545,0.021608001,-0.002994,-0.037753001,-0.018112
348,1998,0.032049492,0.07407283,0.11181384,0.15684448,0.19512194,0.24517584,0,1,0.0,0.0,1.0,0.0,0.0,0.0,0.042189348,0.033058621,5.5836997e-05,0.014895255,-0.001768,0.021608001,-0.002994,-0.037753001
348,1999,0.042023338,0.079764351,0.12479499,0.16307247,0.21312636,0.2569553,0,1,0.0,0.0,0.0,1.0,0.0,0.0,0.032049492,0.042189348,0.033058621,5.5836997e-05,0.021122999,-0.001768,0.021608001,-0.002994
348,2000,0.037741013,0.082771651,0.12104912,0.17110302,0.21493196,0.25348943,0,0,0.0,0.0,0.0,1.0,1.0,0.0,0.042023338,0.032049492,0.042189348,0.033058621,0.063818999,0.021122999,-0.001768,0.021608001
348,2001,0.045030639,0.083308108,0.133362,0.17719093,0.21574838,0.22023186,0,0,0.0,0.0,0.0,0.0,1.0,1.0,0.037741013,0.042023338,0.032049492,0.042189348,0.0078530004,0.063818999,0.021122999,-0.001768
348,2002,0.03827747,0.088331357,0.13216031,0.17071776,0.17520124,0.18409328,0,1,0.0,0.0,0.0,0.0,0.0,1.0,0.045030639,0.037741013,0.042023338,0.032049492,0.017076001,0.0078530004,0.063818999,0.021122999
348,2003,0.050053891,0.093882829,0.13244028,0.13692376,0.1458158,0.08017946,0,0,0.0,0.0,0.0,1.0,0.0,0.0,0.03827747,0.045030639,0.037741013,0.042023338,0.021238999,0.017076001,0.0078530004,0.063818999
348,2004,0.043828942,0.082386404,0.086869888,0.095761932,0.030125588,0.036896572,0,1,0.0,0.0,0.0,0.0,1.0,0.0,0.050053891,0.03827747,0.045030639,0.037741013,0.025071001,0.021238999,0.017076001,0.0078530004
348,2005,0.038557459,0.043040939,0.051932983,-0.013703361,-0.0069323797,0.010461854,0,0,0.0,0.0,0.0,1.0,0.0,1.0,0.043828942,0.050053891,0.03827747,0.045030639,0.043850999,0.025071001,0.021238999,0.017076001
348,2006,0.0044834819,0.013375527,-0.052260816,-0.045489833,-0.028095599,-0.044120722,0,0,0.0,0.0,0.0,0.0,1.0,0.0,0.038557459,0.043828942,0.050053891,0.03827747,0.041673001,0.043850999,0.025071001,0.021238999
348,2007,0.0088920454,-0.0567443,-0.049973316,-0.032579083,-0.048604205,-0.027432738,0,0,0.0,0.0,0.0,0.0,0.0,1.0,0.0044834819,0.038557459,0.043828942,0.050053891,0.059450999,0.041673001,0.043850999,0.025071001
348,2008,-0.065636344,-0.058865361,-0.041471127,-0.05749625,-0.036324784,0.0041484274,1,1,0.0,0.0,0.0,0.0,0.0,0.0,0.0088920454,0.0044834819,0.038557459,0.043828942,0.061701,0.059450999,0.041673001,0.043850999
348,2009,0.0067709815,0.024165215,0.0081400909,0.029311558,0.069784768,0.10126561,0,0,1.0,0.0,0.0,1.0,0.0,0.0,-0.065636344,0.0088920454,0.0044834819,0.038557459,0.005781,0.061701,0.059450999,0.041673001
348,2010,0.017394233,0.0013691094,0.022540577,0.063013792,0.094494626,0.11403832,0,0,0.0,1.0,0.0,0.0,1.0,0.0,0.0067709815,-0.065636344,0.0088920454,0.0044834819,0.0079190005,0.005781,0.061701,0.059450999
348,2011,-0.016025124,0.0051463433,0.045619555,0.077100396,0.096644089,,1,1,0.0,0.0,1.0,0.0,0.0,1.0,0.017394233,0.0067709815,-0.065636344,0.0088920454,-0.019571001,0.0079190005,0.005781,0.061701
348,2012,0.021171467,0.061644681,0.093125522,0.11266921,,,0,1,1.0,0.0,0.0,1.0,0.0,0.0,-0.016025124,0.017394233,0.0067709815,-0.065636344,-0.082511,-0.019571001,0.0079190005,0.005781
348,2013,0.040473212,0.071954049,0.091497742,,,,0,0,0.0,1.0,0.0,1.0,1.0,0.0,0.021171467,-0.016025124,0.017394233,0.0067709815,-0.044441,-0.082511,-0.019571001,0.0079190005
352,2000,0.038337436,0.041484453,0.065885857,0.14688361,0.21392754,0.26393414,0,0,,,,0.0,0.0,0.0,0.046805143,0.040038239,0.065671533,0.049131893,0.241556,0.089486003,-0.023379,0.17498
352,2001,0.0031470191,0.027548421,0.10854617,0.1755901,0.22559671,0.3190974,0,0,0.0,,,0.0,0.0,0.0,0.038337436,0.046805143,0.040038239,0.065671533,0.017906999,0.241556,0.089486003,-0.023379
352,2002,0.024401402,0.10539915,0.17244308,0.22244969,0.31595039,0.33114403,0,0,0.0,0.0,,0.0,0.0,0.0,0.0031470191,0.038337436,0.046805143,0.040038239,0.063536003,0.017906999,0.241556,0.089486003
352,2003,0.08099775,0.14804167,0.19804828,0.29154897,0.30674261,0.2373032,0,0,0.0,0.0,0.0,0.0,0.0,0.0,0.024401402,0.0031470191,0.038337436,0.046805143,0.25188699,0.063536003,0.017906999,0.241556
352,2004,0.067043923,0.11705053,0.21055122,0.22574487,0.15630546,0.12070681,0,0,0.0,0.0,0.0,0.0,0.0,0.0,0.08099775,0.024401402,0.0031470191,0.038337436,0.34245101,0.25188699,0.063536003,0.017906999
352,2005,0.050006609,0.1435073,0.15870096,0.089261547,0.0536629,0.073534206,0,0,0.0,0.0,0.0,0.0,0.0,0.0,0.067043923,0.08099775,0.024401402,0.0031470191,0.83265299,0.34245101,0.25188699,0.063536003
352,2006,0.093500689,0.10869434,0.039254934,0.0036562867,0.023527594,0.035702948,0,0,0.0,0.0,0.0,0.0,0.0,0.0,0.050006609,0.067043923,0.08099775,0.024401402,0.71565598,0.83265299,0.34245101,0.25188699
352,2007,0.015193655,-0.054245755,-0.089844406,-0.069973096,-0.057797741,-0.013682388,0,0,0.0,0.0,0.0,0.0,0.0,0.0,0.093500689,0.050006609,0.067043923,0.08099775,-0.58073997,0.71565598,0.83265299,0.34245101
352,2008,-0.069439411,-0.10503806,-0.085166752,-0.072991401,-0.028876048,-0.0096246079,1,1,0.0,0.0,0.0,0.0,0.0,0.0,0.015193655,0.093500689,0.050006609,0.067043923,-0.54332,-0.58073997,0.71565598,0.83265299
352,2009,-0.035598647,-0.015727339,-0.0035519851,0.040563367,0.059814807,0.10077982,0,0,1.0,0.0,0.0,1.0,0.0,0.0,-0.069439411,0.015193655,0.093500689,0.050006609,-0.19670101,-0.54332,-0.58073997,0.71565598
352,2010,0.019871308,0.032046661,0.07616201,0.095413446,0.13637845,0.2083753,0,0,0.0,1.0,0.0,0.0,1.0,0.0,-0.035598647,-0.069439411,0.015193655,0.093500689,-0.127331,-0.19670101,-0.54332,-0.58073997
352,2011,0.012175354,0.056290708,0.075542152,0.11650716,0.18850401,,1,0,0.0,0.0,1.0,0.0,0.0,1.0,0.019871308,-0.035598647,-0.069439411,0.015193655,-0.268161,-0.127331,-0.19670101,-0.54332
352,2012,0.044115353,0.063366793,0.1043318,0.17632864,,,0,0,1.0,0.0,0.0,0.0,0.0,0.0,0.012175354,0.019871308,-0.035598647,-0.069439411,-0.198938,-0.268161,-0.127331,-0.19670101
352,2013,0.01925144,0.060216445,0.13221329,,,,0,0,0.0,1.0,0.0,0.0,0.0,0.0,0.044115353,0.012175354,0.019871308,-0.035598647,-0.097338997,-0.198938,-0.268161,-0.127331
360,1990,0.069119833,0.13409489,0.19905898,0.27445871,0.35665879,0.43484065,1,0,,,,0.0,0.0,0.0,0.07242132,0.074565865,0.057804987,0.049259271,0.13383999,0.065939002,0.041887999,0.024427
360,1991,0.064975068,0.12993914,0.20533885,0.28753892,0.36572078,0.41271958,1,1,1.0,,,0.0,0.0,0.0,0.069119833,0.07242132,0.074565865,0.057804987,-0.0039949999,0.13383999,0.065939002,0.041887999
360,1992,0.064964078,0.14036378,0.22256386,0.30074573,0.34774452,0.21647727,0,0,1.0,1.0,,1.0,0.0,0.0,0.064975068,0.069119833,0.07242132,0.074565865,-0.013533,-0.0039949999,0.13383999,0.065939002
360,1993,0.075399712,0.15759978,0.23578164,0.28278044,0.15151319,0.15942445,0,0,0.0,1.0,1.0,0.0,1.0,0.0,0.064964078,0.064975068,0.069119833,0.07242132,0.033927001,-0.013533,-0.0039949999,0.13383999
360,1994,0.082200073,0.16038194,0.20738073,0.076113477,0.084024742,0.13322541,0,0,0.0,0.0,1.0,0.0,0.0,1.0,0.075399712,0.064964078,0.064975068,0.069119833,0.029802,0.033927001,-0.013533,-0.0039949999
360,1995,0.07818187,0.12518066,-0.0060865879,0.0018246733,0.05102535,0.087460011,0,1,0.0,0.0,0.0,0.0,0.0,0.0,0.082200073,0.075399712,0.064964078,0.064975068,0.015943,0.029802,0.033927001,-0.013533
360,1996,0.046998788,-0.084268466,-0.076357201,-0.027156524,0.009278141,0.054272898,0,0,0.0,0.0,0.0,1.0,0.0,0.0,0.07818187,0.082200073,0.075399712,0.064964078,0.019502001,0.015943,0.029802,0.033927001
360,1997,-0.13126725,-0.12335598,-0.074155308,-0.037720643,0.0072741136,0.055077806,0,0,0.0,0.0,0.0,0.0,1.0,0.0,0.046998788,0.07818187,0.082200073,0.075399712,0.053877,0.019502001,0.015943,0.029802
360,1998,0.0079112612,0.057111938,0.093546599,0.13854136,0.18634504,0.23665377,1,0,0.0,0.0,0.0,0.0,0.0,1.0,-0.13126725,0.046998788,0.07818187,0.082200073,-0.076061003,0.053877,0.019502001,0.015943
360,1999,0.049200676,0.085635342,0.13063011,0.17843381,0.22874254,0.28566825,0,0,1.0,0.0,0.0,0.0,0.0,0.0,0.0079112612,-0.13126725,0.046998788,0.07818187,-0.326545,-0.076061003,0.053877,0.019502001
360,2000,0.036434665,0.081429422,0.12923312,0.17954186,0.23646757,0.29147708,1,0,0.0,1.0,0.0,0.0,0.0,0.0,0.049200676,0.0079112612,-0.13126725,0.046998788,-0.011064,-0.326545,-0.076061003,0.053877
360,2001,0.044994757,0.092798449,0.14310719,0.2000329,0.25504243,0.31849265,1,0,1.0,0.0,1.0,0.0,0.0,0.0,0.036434665,0.049200676,0.0079112612,-0.13126725,-0.012936,-0.011064,-0.326545,-0.076061003
360,2002,0.047803693,0.098112434,0.15503815,0.21004766,0.27349788,0.33363491,0,0,1.0,1.0,0.0,0.0,0.0,0.0,0.044994757,0.036434665,0.049200676,0.0079112612,0.011862,-0.012936,-0.011064,-0.326545
360,2003,0.050308738,0.10723445,0.16224396,0.22569418,0.28583121,0.33211991,0,0,0.0,1.0,1.0,0.0,0.0,0.0,0.047803693,0.044994757,0.036434665,0.049200676,0.018474,0.011862,-0.012936,-0.011064
360,2004,0.05692571,0.11193523,0.17538545,0.23552248,0.28181118,0.34404972,0,0,0.0,0.0,1.0,0.0,0.0,0.0,0.050308738,0.047803693,0.044994757,0.036434665,0.035328001,0.018474,0.011862,-0.012936
360,2005,0.055009518,0.11845975,0.17859678,0.22488549,0.28712404,0.34882188,0,0,0.0,0.0,0.0,0.0,0.0,0.0,0.05692571,0.050308738,0.047803693,0.044994757,0.0081719998,0.035328001,0.018474,0.011862
360,2006,0.063450225,0.12358727,0.16987598,0.23211452,0.29381236,0.35411286,0,0,0.0,0.0,0.0,0.0,0.0,0.0,0.055009518,0.05692571,0.050308738,0.047803693,-0.016713001,0.0081719998,0.035328001,0.018474
360,2007,0.060137037,0.10642575,0.16866429,0.23036213,0.29066265,0.34623528,0,0,0.0,0.0,0.0,0.0,0.0,0.0,0.063450225,0.055009518,0.05692571,0.050308738,0.012954,-0.016713001,0.0081719998,0.035328001
360,2008,0.04628871,0.10852725,0.17022508,0.23052558,0.28609821,0.33616489,0,1,0.0,0.0,0.0,0.0,0.0,0.0,0.060137037,0.063450225,0.055009518,0.05692571,0.011189,0.012954,-0.016713001,0.0081719998
360,2009,0.062238541,0.12393638,0.18423688,0.23980953,0.28987622,0.33863878,0,0,0.0,0.0,0.0,1.0,0.0,0.0,0.04628871,0.060137037,0.063450225,0.055009518,-0.014197,0.011189,0.012954,-0.016713001
360,2010,0.061697841,0.12199835,0.17757098,0.22763768,0.27640021,0.32655579,0,0,0.0,0.0,0.0,0.0,1.0,0.0,0.062238541,0.04628871,0.060137037,0.063450225,0.012197,-0.014197,0.011189,0.012954
360,2011,0.060300507,0.11587314,0.16593984,0.21470238,0.26485798,,0,0,0.0,0.0,0.0,0.0,0.0,1.0,0.061697841,0.062238541,0.04628871,0.060137037,0.023378,0.012197,-0.014197,0.011189
360,2012,0.05557264,0.10563932,0.15440187,0.20455745,,,0,0,0.0,0.0,0.0,0.0,0.0,0.0,0.060300507,0.061697841,0.062238541,0.04628871,0.028142,0.023378,0.012197,-0.014197
360,2013,0.050066687,0.098829232,0.14898482,,,,0,0,0.0,0.0,0.0,0.0,0.0,0.0,0.05557264,0.060300507,0.061697841,0.062238541,0.01136,0.028142,0.023378,0.012197
372,1870,0.047149509,0.058363724,0.057903681,0.083880238,0.075646318,0.056483343,0,0,,,,,,,0.0602277,,,,,,,
372,1871,0.011214215,0.010754172,0.036730729,0.028496807,0.0093338303,0.0032574092,0,0,0.0,,,0.0,,,0.047149509,0.0602277,,,,,,
372,1872,-0.00046004378,0.025516512,0.01728259,-0.0018803868,-0.0079568084,-0.019887611,0,0,0.0,0.0,,0.0,0.0,,0.011214215,0.047149509,0.0602277,,,,,
372,1873,0.025976555,0.017742634,-0.0014203433,-0.0074967644,-0.019427566,-0.019182833,0,0,0.0,0.0,0.0,0.0,0.0,0.0,-0.00046004378,0.011214215,0.047149509,0.0602277,,,,
372,1874,-0.0082339216,-0.027396899,-0.03347332,-0.045404121,-0.045159388,-0.023564328,0,0,0.0,0.0,0.0,0.0,0.0,0.0,0.025976555,-0.00046004378,0.011214215,0.047149509,,,,
372,1875,-0.019162977,-0.025239399,-0.037170202,-0.036925469,-0.015330408,0.0054886024,0,0,0.0,0.0,0.0,0.0,0.0,0.0,-0.0082339216,0.025976555,-0.00046004378,0.011214215,,,,
372,1876,-0.0060764211,-0.018007223,-0.01776249,0.0038325712,0.024651581,0.026469497,0,0,0.0,0.0,0.0,0.0,0.0,0.0,-0.019162977,-0.0082339216,0.025976555,-0.00046004378,,,,
372,1877,-0.011930802,-0.011686068,0.0099089928,0.030728003,0.03254592,0.02262222,0,0,0.0,0.0,0.0,0.0,0.0,0.0,-0.0060764211,-0.019162977,-0.0082339216,0.025976555,,,,
372,1878,0.00024473347,0.021839794,0.042658806,0.044476721,0.034553021,0.0035641193,0,0,0.0,0.0,0.0,0.0,0.0,0.0,-0.011930802,-0.0060764211,-0.019162977,-0.0082339216,,,,
372,1879,0.021595061,0.042414069,0.044231985,0.034308285,0.0033193827,-0.005611483,0,0,0.0,0.0,0.0,0.0,0.0,0.0,0.00024473347,-0.011930802,-0.0060764211,-0.019162977,,,,
372,1880,0.02081901,0.022636926,0.012713226,-0.018275676,-0.027206542,-0.029013479,0,0,0.0,0.0,0.0,0.0,0.0,0.0,0.021595061,0.00024473347,-0.011930802,-0.0060764211,,,,
372,1881,0.0018179158,-0.0081057847,-0.039094687,-0.048025552,-0.049832489,-0.017963503,0,0,0.0,0.0,0.0,0.0,0.0,0.0,0.02081901,0.021595061,0.00024473347,-0.011930802,,,,
372,1882,-0.0099237002,-0.040912602,-0.049843468,-0.051650405,-0.019781418,-0.012622297,0,0,0.0,0.0,0.0,0.0,0.0,0.0,0.0018179158,0.02081901,0.021595061,0.00024473347,,,,
372,1883,-0.030988902,-0.039919768,-0.041726705,-0.0098577179,-0.002698597,0.017948506,0,0,0.0,0.0,0.0,0.0,0.0,0.0,-0.0099237002,0.0018179158,0.02081901,0.021595061,,,,
372,1884,-0.0089308657,-0.010737803,0.021131184,0.028290305,0.04893741,0.050705388,0,0,0.0,0.0,0.0,0.0,0.0,0.0,-0.030988902,-0.0099237002,0.0018179158,0.02081901,,,,
372,1885,-0.0018069375,0.03006205,0.037221171,0.057868272,0.05963625,0.026262052,0,0,0.0,0.0,0.0,0.0,0.0,0.0,-0.0089308657,-0.030988902,-0.0099237002,0.0018179158,,,,
372,1886,0.031868987,0.039028108,0.059675209,0.061443187,0.02806899,-0.010169748,0,0,0.0,0.0,0.0,0.0,0.0,0.0,-0.0018069375,-0.0089308657,-0.030988902,-0.0099237002,,,,
372,1887,0.0071591209,0.027806224,0.029574202,-0.0037999954,-0.042038731,-0.039710056,0,0,0.0,0.0,0.0,0.0,0.0,0.0,0.031868987,-0.0018069375,-0.0089308657,-0.030988902,,,,
372,1888,0.020647103,0.022415081,-0.010959117,-0.049197853,-0.046869177,0.0091140941,0,0,0.0,0.0,0.0,0.0,0.0,0.0,0.0071591209,0.031868987,-0.0018069375,-0.0089308657,,,,
372,1889,0.0017679773,-0.03160622,-0.069844961,-0.06751629,-0.011533018,0.014504459,0,0,0.0,0.0,0.0,0.0,0.0,0.0,0.020647103,0.0071591209,0.031868987,-0.0018069375,,,,
372,1890,-0.033374198,-0.071612939,-0.069284268,-0.013300996,0.012736481,0.046738517,0,0,0.0,0.0,0.0,0.0,0.0,0.0,0.0017679773,0.020647103,0.0071591209,0.031868987,,,,
372,1891,-0.038238738,-0.035910062,0.020073209,0.046110686,0.080112725,0.076176487,0,0,0.0,0.0,0.0,0.0,0.0,0.0,-0.033374198,0.0017679773,0.020647103,0.0071591209,,,,
372,1892,0.0023286745,0.058311947,0.084349424,0.11835146,0.11441522,0.15906224,0,0,0.0,0.0,0.0,0.0,0.0,0.0,-0.038238738,-0.033374198,0.0017679773,0.020647103,,,,
372,1893,0.055983271,0.082020745,0.11602278,0.11208654,0.15673356,0.19469261,0,0,0.0,0.0,0.0,0.0,0.0,0.0,0.0023286745,-0.038238738,-0.033374198,0.0017679773,,,,
372,1894,0.026037477,0.060039513,0.056103274,0.1007503,0.13870935,0.12439556,0,0,0.0,0.0,0.0,0.0,0.0,0.0,0.055983271,0.0023286745,-0.038238738,-0.033374198,,,,
372,1895,0.034002036,0.030065797,0.074712813,0.11267187,0.09835808,0.091612846,0,0,0.0,0.0,0.0,0.0,0.0,0.0,0.026037477,0.055983271,0.0023286745,-0.038238738,,,,
372,1896,-0.0039362395,0.040710781,0.078669839,0.064356051,0.057610814,0.045648426,0,0,0.0,0.0,0.0,0.0,0.0,0.0,0.034002036,0.026037477,0.055983271,0.0023286745,,,,
372,1897,0.044647019,0.082606077,0.06829229,0.061547052,0.049584664,0.0056232102,0,0,0.0,0.0,0.0,0.0,0.0,0.0,-0.0039362395,0.034002036,0.026037477,0.055983271,,,,
372,1898,0.037959058,0.023645274,0.016900036,0.0049376497,-0.039023805,-0.058579892,0,0,0.0,0.0,0.0,0.0,0.0,0.0,0.044647019,-0.0039362395,0.034002036,0.026037477,,,,
372,1899,-0.014313784,-0.021059021,-0.033021409,-0.076982863,-0.096538946,-0.080473475,0,0,0.0,0.0,0.0,0.0,0.0,0.0,0.037959058,0.044647019,-0.0039362395,0.034002036,,,,
372,1900,-0.0067452369,-0.018707624,-0.062669076,-0.082225159,-0.066159688,-0.043647692,0,0,0.0,0.0,0.0,0.0,0.0,0.0,-0.014313784,0.037959058,0.044647019,-0.0039362395,,,,
372,1901,-0.011962387,-0.055923842,-0.075479925,-0.059414454,-0.036902457,-0.029128883,0,0,0.0,0.0,0.0,0.0,0.0,0.0,-0.0067452369,-0.014313784,0.037959058,0.044647019,,,,
372,1902,-0.043961454,-0.063517541,-0.04745207,-0.024940075,-0.017166501,-0.087067485,0,0,0.0,0.0,0.0,0.0,0.0,0.0,-0.011962387,-0.0067452369,-0.014313784,0.037959058,,,,
372,1903,-0.019556087,-0.0034906138,0.019021381,0.026794955,-0.043106027,-0.053599264,0,0,0.0,0.0,0.0,0.0,0.0,0.0,-0.043961454,-0.011962387,-0.0067452369,-0.014313784,,,,
372,1904,0.016065473,0.038577467,0.046351042,-0.02354994,-0.034043178,-0.023322569,0,0,0.0,0.0,0.0,0.0,0.0,0.0,-0.019556087,-0.043961454,-0.011962387,-0.0067452369,0.020313,,,
372,1905,0.022511994,0.030285569,-0.039615415,-0.050108653,-0.039388046,-0.020691102,0,0,0.0,0.0,0.0,0.0,0.0,0.0,0.016065473,-0.019556087,-0.043961454,-0.011962387,0.001018,0.020313,,
372,1906,0.0077735749,-0.062127408,-0.072620645,-0.061900035,-0.043203093,-0.031901985,0,0,0.0,0.0,0.0,0.0,0.0,0.0,0.022511994,0.016065473,-0.019556087,-0.043961454,-0.0035049999,0.001018,0.020313,
372,1907,-0.069900982,-0.080394223,-0.069673613,-0.050976671,-0.039675564,0.0080437399,0,0,0.0,0.0,0.0,0.0,0.0,0.0,0.0077735749,0.022511994,0.016065473,-0.019556087,0.011083,-0.0035049999,0.001018,0.020313
372,1908,-0.010493238,0.00022737123,0.018924315,0.030225422,0.077944726,,0,0,0.0,0.0,0.0,0.0,0.0,0.0,-0.069900982,0.0077735749,0.022511994,0.016065473,0.021570001,0.011083,-0.0035049999,0.001018
372,1909,0.010720609,0.029417552,0.04071866,0.08843796,,,0,0,0.0,0.0,0.0,0.0,0.0,0.0,-0.010493238,-0.069900982,0.0077735749,0.022511994,-0.013467,0.021570001,0.011083,-0.0035049999
372,1910,0.018696943,0.029998053,0.077717356,,,,0,0,0.0,0.0,0.0,0.0,0.0,0.0,0.010720609,-0.010493238,-0.069900982,0.0077735749,0.0092099998,-0.013467,0.021570001,0.011083
372,1921,-0.0052426434,-0.010384043,-0.015552012,-0.020746829,-0.025968773,0.00051000901,0,0,0.0,0.0,,0.0,0.0,,,,,,0.029899999,0.081699997,,
372,1922,-0.0051413993,-0.010309369,-0.015504186,-0.020726129,0.0057526529,0.032541655,0,0,0.0,0.0,0.0,0.0,0.0,0.0,-0.0052426434,,,,-0.021586999,0.029899999,0.081699997,
372,1923,-0.00516797,-0.010362787,-0.015584731,0.010894051,0.037683051,0.066550024,0,0,0.0,0.0,0.0,0.0,0.0,0.0,-0.0051413993,-0.0052426434,,,0.00202,-0.021586999,0.029899999,0.081699997
372,1924,-0.0051948167,-0.010416761,0.016062021,0.042851023,0.071718,0.093896091,0,0,0.0,0.0,0.0,0.0,0.0,0.0,-0.00516797,-0.0051413993,-0.0052426434,,-0.00115,0.00202,-0.021586999,0.029899999
372,1925,-0.0052219438,0.021256838,0.048045836,0.076912813,0.099090904,0.12654087,0,0,0.0,0.0,0.0,0.0,0.0,0.0,-0.0051948167,-0.00516797,-0.0051413993,-0.0052426434,-0.0093449997,-0.00115,0.00202,-0.021586999
372,1926,0.026478782,0.053267784,0.082134761,0.10431285,0.13176282,0.1076093,0,0,0.0,0.0,0.0,0.0,0.0,0.0,-0.0052219438,-0.0051948167,-0.00516797,-0.0051413993,0.010735,-0.0093449997,-0.00115,0.00202
372,1927,0.026789,0.055655975,0.077834062,0.10528403,0.081130505,0.055655971,0,0,0.0,0.0,0.0,0.0,0.0,0.0,0.026478782,-0.0052219438,-0.0051948167,-0.00516797,0.011121,0.010735,-0.0093449997,-0.00115
372,1928,0.028866975,0.05104506,0.078495026,0.054341506,0.028866971,0.060668416,0,0,0.0,0.0,0.0,0.0,0.0,0.0,0.026789,0.026478782,-0.0052219438,-0.0051948167,0.0029750001,0.011121,0.010735,-0.0093449997
372,1929,0.022178087,0.049628057,0.025474537,1.8626451e-09,0.031801447,0.060582068,0,0,0.0,0.0,0.0,0.0,0.0,0.0,0.028866975,0.026789,0.026478782,-0.0052219438,0.0049689999,0.0029750001,0.011121,0.010735
372,1934,0.028780621,0.056093715,0.017826609,0.045994297,,,0,0,0.0,0.0,0.0,,,,0.031801447,-0.025474535,-0.024153519,0.027449967,-0.0071620001,0.014168,-0.011592,0.014362
372,1935,0.027313093,-0.010954013,0.017213676,,,,0,0,0.0,0.0,0.0,0.0,,,0.028780621,0.031801447,-0.025474535,-0.024153519,-0.021783,-0.0071620001,0.014168,-0.011592
372,1954,0.025694689,0.012575416,0.011067588,-0.0097403377,0.029971741,0.084712617,0,0,,,,0.0,1.0,0.0,0.0089250086,0.026611958,0.024953039,0.02480942,0.014745,-0.016931999,-0.055123001,0.026101001
372,1955,-0.013119273,-0.014627101,-0.035435028,0.0042770505,0.059017926,0.10565788,0,0,0.0,,,0.0,0.0,1.0,0.025694689,0.0089250086,0.026611958,0.024953039,0.025444999,0.014745,-0.016931999,-0.055123001
372,1956,-0.0015078277,-0.022315754,0.017396325,0.072137199,0.11877716,0.15084061,0,0,0.0,0.0,,0.0,0.0,0.0,-0.013119273,0.025694689,0.0089250086,0.026611958,-0.000879,0.025444999,0.014745,-0.016931999
372,1957,-0.020807926,0.018904153,0.073645025,0.12028497,0.15234843,0.1985947,0,0,0.0,0.0,0.0,0.0,0.0,0.0,-0.0015078277,-0.013119273,0.025694689,0.0089250086,-0.00028199999,-0.000879,0.025444999,0.014745
372,1958,0.039712079,0.094452955,0.14109291,0.17315638,0.21940266,0.25780851,0,0,0.0,0.0,0.0,0.0,0.0,0.0,-0.020807926,-0.0015078277,-0.013119273,0.025694689,-0.0019960001,-0.00028199999,-0.000879,0.025444999
372,1959,0.054740876,0.10138083,0.13344428,0.17969055,0.21809642,0.23538432,0,0,0.0,0.0,0.0,0.0,0.0,0.0,0.039712079,-0.020807926,-0.0015078277,-0.013119273,0.0078649996,-0.0019960001,-0.00028199999,-0.000879
372,1960,0.046639953,0.078703418,0.12494969,0.16335556,0.18064345,0.18914248,0,0,0.0,0.0,0.0,0.0,0.0,0.0,0.054740876,0.039712079,-0.020807926,-0.0015078277,0.016027,0.0078649996,-0.0019960001,-0.00028199999
372,1961,0.032063462,0.078309745,0.11671561,0.13400351,0.14250253,0.20011963,0,0,0.0,0.0,0.0,0.0,0.0,0.0,0.046639953,0.054740876,0.039712079,-0.020807926,-0.010683,0.016027,0.0078649996,-0.0019960001
372,1962,0.046246279,0.084652141,0.10194004,0.11043906,0.16805616,0.24747917,0,0,0.0,0.0,0.0,0.0,0.0,0.0,0.032063462,0.046639953,0.054740876,0.039712079,0.0024240001,-0.010683,0.016027,0.0078649996
372,1963,0.038405862,0.055693757,0.064192779,0.12180988,0.2012329,0.25965673,0,0,0.0,0.0,0.0,0.0,0.0,0.0,0.046246279,0.032063462,0.046639953,0.054740876,0.000244,0.0024240001,-0.010683,0.016027
372,1964,0.017287895,0.025786918,0.083404019,0.16282703,0.22125088,0.24750987,0,0,0.0,0.0,0.0,0.0,0.0,0.0,0.038405862,0.046246279,0.032063462,0.046639953,0.017982,0.000244,0.0024240001,-0.010683
372,1965,0.0084990235,0.066116124,0.14553913,0.20396298,0.23022197,0.26492086,0,0,0.0,0.0,0.0,0.0,0.0,0.0,0.017287895,0.038405862,0.046246279,0.032063462,-0.017690999,0.017982,0.000244,0.0024240001
372,1966,0.057617102,0.13704011,0.19546396,0.22172295,0.25642183,0.32131994,0,0,0.0,0.0,0.0,0.0,0.0,0.0,0.0084990235,0.017287895,0.038405862,0.046246279,-0.000627,-0.017690999,0.017982,0.000244
372,1967,0.07942301,0.13784686,0.16410585,0.19880472,0.26370281,0.31091708,0,0,0.0,0.0,0.0,0.0,0.0,0.0,0.057617102,0.0084990235,0.017287895,0.038405862,-0.0052820002,-0.000627,-0.017690999,0.017982
372,1968,0.058423847,0.084682837,0.11938171,0.1842798,0.23149408,0.27409637,0,0,0.0,0.0,0.0,0.0,0.0,0.0,0.07942301,0.057617102,0.0084990235,0.017287895,0.015193,-0.0052820002,-0.000627,-0.017690999
372,1969,0.026258986,0.060957864,0.12585595,0.17307024,0.21567252,0.27223897,0,0,0.0,0.0,0.0,0.0,0.0,0.0,0.058423847,0.07942301,0.057617102,0.0084990235,-0.021167999,0.015193,-0.0052820002,-0.000627
372,1972,0.047214285,0.08981657,0.14638303,0.16033112,0.24244411,0.31431139,0,0,,,0.0,0.0,0.0,0.0,0.064898089,0.034698877,0.026258986,0.058423847,0.039324999,0.085770003,-0.020822,-0.021167999
372,1973,0.042602289,0.099168748,0.11311683,0.19522983,0.26709712,0.29782748,0,0,0.0,,,0.0,0.0,0.0,0.047214285,0.064898089,0.034698877,0.026258986,-0.010703,0.039324999,0.085770003,-0.020822
372,1974,0.056566458,0.070514537,0.15262753,0.22449481,0.25522518,0.28601846,1,0,0.0,0.0,,0.0,0.0,0.0,0.042602289,0.047214285,0.064898089,0.034698877,0.021273,-0.010703,0.039324999,0.085770003
372,1975,0.01394808,0.096061081,0.16792837,0.19865873,0.22945203,0.26270419,0,0,1.0,0.0,0.0,0.0,0.0,0.0,0.056566458,0.042602289,0.047214285,0.064898089,-0.032469999,0.021273,-0.010703,0.039324999
372,1976,0.082112998,0.15398028,0.18471065,0.21550395,0.24875611,0.2715908,0,0,0.0,1.0,0.0,0.0,0.0,0.0,0.01394808,0.056566458,0.042602289,0.047214285,-0.012351,-0.032469999,0.021273,-0.010703
372,1977,0.071867287,0.10259765,0.13339093,0.16664308,0.18947777,0.18703476,0,0,0.0,0.0,1.0,0.0,0.0,0.0,0.082112998,0.01394808,0.056566458,0.042602289,0.028734,-0.012351,-0.032469999,0.021273
372,1978,0.030730361,0.061523654,0.094775811,0.1176105,0.11516748,0.15871121,0,0,0.0,0.0,0.0,0.0,0.0,0.0,0.071867287,0.082112998,0.01394808,0.056566458,0.045380998,0.028734,-0.012351,-0.032469999
372,1979,0.030793292,0.064045452,0.086880133,0.084437117,0.12798084,0.15883699,0,0,0.0,0.0,0.0,0.0,0.0,0.0,0.030730361,0.071867287,0.082112998,0.01394808,0.013948,0.045380998,0.028734,-0.012351
372,1980,0.033252157,0.056086842,0.05364383,0.097187556,0.12804371,0.1237604,0,0,0.0,0.0,0.0,0.0,0.0,0.0,0.030793292,0.030730361,0.071867287,0.082112998,-0.0040830001,0.013948,0.045380998,0.028734
372,1981,0.022834685,0.020391673,0.063935399,0.094791546,0.090508237,0.13713914,0,1,0.0,0.0,0.0,0.0,0.0,0.0,0.033252157,0.030793292,0.030730361,0.071867287,0.00052,-0.0040830001,0.013948,0.045380998
372,1982,-0.0024430121,0.041100714,0.071956865,0.067673557,0.11430447,0.1664786,0,0,0.0,0.0,0.0,1.0,0.0,0.0,0.022834685,0.033252157,0.030793292,0.030730361,0.020102,0.00052,-0.0040830001,0.013948
372,1983,0.043543726,0.074399874,0.070116565,0.11674748,0.16892162,0.22706081,0,0,0.0,0.0,0.0,0.0,1.0,0.0,-0.0024430121,0.022834685,0.033252157,0.030793292,0.0046740002,0.020102,0.00052,-0.0040830001
372,1984,0.030856149,0.026572844,0.073203757,0.12537789,0.18351708,0.26818237,0,0,0.0,0.0,0.0,0.0,0.0,1.0,0.043543726,-0.0024430121,0.022834685,0.033252157,-0.0080030002,0.0046740002,0.020102,0.00052
372,1985,-0.0042833057,0.042347606,0.094521746,0.15266094,0.2373262,0.25662261,0,0,0.0,0.0,0.0,0.0,0.0,0.0,0.030856149,0.043543726,-0.0024430121,0.022834685,-0.020451,-0.0080030002,0.0046740002,0.020102
372,1986,0.046630912,0.098805055,0.15694425,0.24160951,0.26090592,0.29433867,0,0,0.0,0.0,0.0,0.0,0.0,0.0,-0.0042833057,0.030856149,0.043543726,-0.0024430121,-0.0092780003,-0.020451,-0.0080030002,0.0046740002
372,1987,0.052174143,0.11031334,0.19497862,0.21427502,0.24770775,0.27463385,0,0,0.0,0.0,0.0,0.0,0.0,0.0,0.046630912,-0.0042833057,0.030856149,0.043543726,-0.0093139997,-0.0092780003,-0.020451,-0.0080030002
372,1988,0.058139194,0.14280447,0.16210087,0.1955336,0.22245969,0.28001797,0,0,0.0,0.0,0.0,0.0,0.0,0.0,0.052174143,0.046630912,-0.0042833057,0.030856149,0.026846999,-0.0093139997,-0.0092780003,-0.020451
372,1989,0.084665276,0.10396168,0.13739443,0.16432051,0.22187878,0.318223,0,0,0.0,0.0,0.0,0.0,0.0,0.0,0.058139194,0.052174143,0.046630912,-0.0042833057,0.01551,0.026846999,-0.0093139997,-0.0092780003
372,1990,0.019296397,0.052729141,0.07965523,0.1372135,0.23355773,0.32447591,1,1,0.0,0.0,0.0,0.0,0.0,0.0,0.084665276,0.058139194,0.052174143,0.046630912,-0.0038699999,0.01551,0.026846999,-0.0093139997
372,1991,0.033432744,0.060358837,0.11791711,0.21426132,0.30517951,0.41265076,0,0,1.0,0.0,0.0,1.0,0.0,0.0,0.019296397,0.084665276,0.058139194,0.052174143,-0.028693,-0.0038699999,0.01551,0.026846999
372,1992,0.026926091,0.084484361,0.18082859,0.27174675,0.37921804,0.4614971,0,0,0.0,1.0,0.0,0.0,1.0,0.0,0.033432744,0.019296397,0.084665276,0.058139194,0.0068390002,-0.028693,-0.0038699999,0.01551
372,1993,0.057558268,0.1539025,0.24482068,0.35229194,0.434571,0.54320073,0,0,0.0,0.0,1.0,0.0,0.0,1.0,0.026926091,0.033432744,0.019296397,0.084665276,-0.018602001,0.0068390002,-0.028693,-0.0038699999
372,1994,0.096344225,0.1872624,0.29473367,0.37701273,0.48564243,0.58476633,0,1,0.0,0.0,0.0,0.0,0.0,0.0,0.057558268,0.026926091,0.033432744,0.019296397,0.016828001,-0.018602001,0.0068390002,-0.028693
372,1995,0.090918176,0.19838944,0.2806685,0.3892982,0.4884221,0.54894114,0,0,0.0,0.0,0.0,1.0,0.0,0.0,0.096344225,0.057558268,0.026926091,0.033432744,0.044349,0.016828001,-0.018602001,0.0068390002
372,1996,0.10747127,0.18975034,0.29838005,0.39750397,0.45802301,0.51379275,0,0,0.0,0.0,0.0,0.0,1.0,0.0,0.090918176,0.096344225,0.057558268,0.026926091,0.032361999,0.044349,0.016828001,-0.018602001
372,1997,0.082279064,0.19090876,0.29003268,0.35055172,0.40632147,0.44305259,0,0,0.0,0.0,0.0,0.0,0.0,1.0,0.10747127,0.090918176,0.096344225,0.057558268,0.05635,0.032361999,0.044349,0.016828001
372,1998,0.1086297,0.20775361,0.26827267,0.32404238,0.3607735,0.42802253,0,0,0.0,0.0,0.0,0.0,0.0,0.0,0.082279064,0.10747127,0.090918176,0.096344225,0.037443001,0.05635,0.032361999,0.044349
372,1999,0.09912391,0.15964296,0.21541269,0.2521438,0.31939283,0.37705404,0,0,0.0,0.0,0.0,0.0,0.0,0.0,0.1086297,0.082279064,0.10747127,0.090918176,0.141836,0.037443001,0.05635,0.032361999
372,2000,0.060519047,0.11628877,0.15301989,0.22026893,0.27793014,0.33659142,0,0,0.0,0.0,0.0,0.0,0.0,0.0,0.09912391,0.1086297,0.082279064,0.10747127,0.014189,0.141836,0.037443001,0.05635
372,2001,0.055769727,0.092500836,0.15974987,0.21741107,0.27607235,0.31403866,0,1,0.0,0.0,0.0,0.0,0.0,0.0,0.060519047,0.09912391,0.1086297,0.082279064,0.018118,0.014189,0.141836,0.037443001
372,2002,0.036731113,0.10398015,0.16164136,0.22030264,0.25826895,0.21453413,0,0,0.0,0.0,0.0,1.0,0.0,0.0,0.055769727,0.060519047,0.09912391,0.1086297,-0.0039300001,0.018118,0.014189,0.141836
372,2003,0.067249037,0.12491024,0.18357153,0.22153783,0.17780301,0.13215187,0,0,0.0,0.0,0.0,0.0,1.0,0.0,0.036731113,0.055769727,0.060519047,0.09912391,0.079820998,-0.0039300001,0.018118,0.014189
372,2004,0.057661206,0.1163225,0.1542888,0.11055399,0.064902842,0.085238308,0,0,0.0,0.0,0.0,0.0,0.0,1.0,0.067249037,0.036731113,0.055769727,0.060519047,0.17803299,0.079820998,-0.0039300001,0.018118
372,2005,0.05866129,0.096627593,0.052892782,0.0072416365,0.0275771,0.027171466,0,0,0.0,0.0,0.0,0.0,0.0,0.0,0.057661206,0.067249037,0.036731113,0.055769727,0.220744,0.17803299,0.079820998,-0.0039300001
372,2006,0.0379663,-0.0057685114,-0.051419657,-0.031084193,-0.031489827,-0.042518649,0,0,0.0,0.0,0.0,0.0,0.0,0.0,0.05866129,0.057661206,0.067249037,0.036731113,0.186831,0.220744,0.17803299,0.079820998
372,2007,-0.043734811,-0.089385957,-0.069050491,-0.069456123,-0.080484942,-0.069496512,1,1,0.0,0.0,0.0,0.0,0.0,0.0,0.0379663,0.05866129,0.057661206,0.067249037,0.144462,0.186831,0.220744,0.17803299
372,2008,-0.045651145,-0.025315681,-0.025721315,-0.036750138,-0.025761705,0.058861915,1,1,1.0,0.0,0.0,1.0,0.0,0.0,-0.043734811,0.0379663,0.05866129,0.057661206,0.014441,0.144462,0.186831,0.220744
372,2009,0.020335464,0.01992983,0.0089010075,0.01988944,0.10451306,0.36727369,0,0,1.0,1.0,0.0,1.0,1.0,0.0,-0.045651145,-0.043734811,0.0379663,0.05866129,0.027760001,0.014441,0.144462,0.186831
372,2010,-0.00040563405,-0.011434456,-0.00044602342,0.084177598,0.34693819,0.39907563,1,0,0.0,1.0,1.0,0.0,1.0,1.0,0.020335464,-0.045651145,-0.043734811,0.0379663,-0.31218001,0.027760001,0.014441,0.144462
372,2011,-0.011028823,-4.0389597e-05,0.08458323,0.34734383,0.39948127,,1,0,1.0,0.0,1.0,0.0,0.0,1.0,-0.00040563405,0.020335464,-0.045651145,-0.043734811,-0.169356,-0.31218001,0.027760001,0.014441
372,2012,0.010988433,0.095612049,0.35837266,0.41051009,,,0,0,1.0,1.0,0.0,0.0,0.0,0.0,-0.011028823,-0.00040563405,0.020335464,-0.045651145,-0.050000001,-0.169356,-0.31218001,0.027760001
372,2013,0.08462362,0.34738421,0.39952165,,,,0,0,0.0,1.0,1.0,0.0,0.0,0.0,0.010988433,-0.011028823,-0.00040563405,0.020335464,-0.068499997,-0.050000001,-0.169356,-0.31218001
376,1967,0.16241957,0.2980766,0.3711499,0.48339275,0.62000114,0.65342659,0,0,,,,0.0,0.0,0.0,0.029950202,-0.00079644768,0.090939656,0.079371922,0.063392997,0.023256,-0.0049569998,0.00065599999
376,1968,0.13565703,0.20873033,0.32097316,0.45758155,0.49100697,0.55940956,0,0,0.0,,,0.0,0.0,0.0,0.16241957,0.029950202,-0.00079644768,0.090939656,0.004768,0.063392997,0.023256,-0.0049569998
376,1969,0.073073298,0.18531615,0.32192454,0.35534996,0.42375255,0.45693597,0,0,0.0,0.0,,0.0,0.0,0.0,0.13565703,0.16241957,0.029950202,-0.00079644768,0.010378,0.004768,0.063392997,0.023256
376,1970,0.11224284,0.24885124,0.28227666,0.35067925,0.38386267,0.3970212,0,0,0.0,0.0,0.0,0.0,0.0,0.0,0.073073298,0.13565703,0.16241957,0.029950202,0.0075940001,0.010378,0.004768,0.063392997
376,1971,0.13660839,0.17003383,0.2384364,0.27161983,0.28477836,0.28469869,0,0,0.0,0.0,0.0,0.0,0.0,0.0,0.11224284,0.073073298,0.13565703,0.16241957,-0.011013,0.0075940001,0.010378,0.004768
376,1972,0.033425432,0.10182801,0.13501143,0.14816998,0.1480903,0.19630544,0,0,0.0,0.0,0.0,0.0,0.0,0.0,0.13660839,0.11224284,0.073073298,0.13565703,0.047594,-0.011013,0.0075940001,0.010378
376,1973,0.068402581,0.10158601,0.11474455,0.11466488,0.16288002,0.22572801,1,1,0.0,0.0,0.0,0.0,0.0,0.0,0.033425432,0.13660839,0.11224284,0.073073298,0.024491999,0.047594,-0.011013,0.0075940001
376,1974,0.033183433,0.046341971,0.046262302,0.094477445,0.15732543,0.22603837,0,0,1.0,0.0,0.0,1.0,0.0,0.0,0.068402581,0.033425432,0.13660839,0.11224284,0.034696002,0.024491999,0.047594,-0.011013
376,1975,0.013158539,0.013078868,0.061294008,0.12414199,0.19285491,0.24433349,0,0,0.0,1.0,0.0,0.0,1.0,0.0,0.033183433,0.068402581,0.033425432,0.13660839,-0.00050199998,0.034696002,0.024491999,0.047594
376,1976,-7.9670797e-05,0.048135471,0.11098346,0.17969638,0.23117496,0.24926333,0,0,0.0,0.0,1.0,0.0,0.0,1.0,0.013158539,0.033183433,0.068402581,0.033425432,0.0089349998,-0.00050199998,0.034696002,0.024491999
376,1977,0.04821514,0.11106312,0.17977604,0.23125462,0.24934299,0.28445119,0,0,0.0,0.0,0.0,0.0,0.0,0.0,-7.9670797e-05,0.013158539,0.033183433,0.068402581,0.084312998,0.0089349998,-0.00050199998,0.034696002
376,1978,0.062847987,0.13156092,0.1830395,0.20112787,0.23623608,0.24527363,0,0,0.0,0.0,0.0,0.0,0.0,0.0,0.04821514,-7.9670797e-05,0.013158539,0.033183433,0.123927,0.084312998,0.0089349998,-0.00050199998
376,1979,0.068712927,0.12019151,0.13827987,0.17338808,0.18242563,0.21690387,0,0,0.0,0.0,0.0,0.0,0.0,0.0,0.062847987,0.04821514,-7.9670797e-05,0.013158539,0.089547999,0.123927,0.084312998,0.0089349998
376,1980,0.05147858,0.069566943,0.10467515,0.1137127,0.14819092,0.19610524,0,0,0.0,0.0,0.0,0.0,0.0,0.0,0.068712927,0.062847987,0.04821514,-7.9670797e-05,0.026679,0.089547999,0.123927,0.084312998
376,1981,0.018088365,0.053196572,0.062234119,0.096712343,0.14462668,0.21650356,0,0,0.0,0.0,0.0,0.0,0.0,0.0,0.05147858,0.068712927,0.062847987,0.04821514,-0.089171998,0.026679,0.089547999,0.123927
376,1982,0.035108209,0.044145755,0.07862398,0.12653831,0.19841519,0.2186566,0,0,0.0,0.0,0.0,0.0,0.0,0.0,0.018088365,0.05147858,0.068712927,0.062847987,0.067280002,-0.089171998,0.026679,0.089547999
376,1983,0.0090375477,0.043515772,0.091430105,0.16330698,0.18354839,0.19223978,1,1,0.0,0.0,0.0,0.0,0.0,0.0,0.035108209,0.018088365,0.05147858,0.068712927,0.025079001,0.067280002,-0.089171998,0.026679
376,1984,0.034478225,0.082392558,0.15426943,0.17451084,0.18320222,0.25155693,0,0,1.0,0.0,0.0,1.0,0.0,0.0,0.0090375477,0.035108209,0.018088365,0.05147858,0.105409,0.025079001,0.067280002,-0.089171998
376,1985,0.047914334,0.11979121,0.14003262,0.148724,0.2170787,0.29407251,0,0,0.0,1.0,0.0,0.0,1.0,0.0,0.034478225,0.0090375477,0.035108209,0.018088365,-0.217039,0.105409,0.025079001,0.067280002
376,1986,0.071876876,0.092118286,0.10080966,0.16916436,0.24615815,0.30243611,0,0,0.0,0.0,1.0,0.0,0.0,1.0,0.047914334,0.034478225,0.0090375477,0.035108209,-0.073117003,-0.217039,0.105409,0.025079001
376,1987,0.020241411,0.028932791,0.097287491,0.17428128,0.23055923,0.28612795,0,0,0.0,0.0,0.0,0.0,0.0,0.0,0.071876876,0.047914334,0.034478225,0.0090375477,0.033806,-0.073117003,-0.217039,0.105409
376,1988,0.0086913807,0.077046074,0.15403986,0.21031782,0.26588655,0.33520481,1,0,0.0,0.0,0.0,0.0,0.0,0.0,0.020241411,0.071876876,0.047914334,0.034478225,0.019895,0.033806,-0.073117003,-0.217039
376,1989,0.068354696,0.14534849,0.20162645,0.25719517,0.32651344,0.39251345,0,0,1.0,0.0,0.0,0.0,0.0,0.0,0.0086913807,0.020241411,0.071876876,0.047914334,-0.0014900001,0.019895,0.033806,-0.073117003
376,1990,0.076993793,0.13327175,0.18884048,0.25815874,0.32415873,0.38573369,0,0,0.0,1.0,0.0,0.0,0.0,0.0,0.068354696,0.0086913807,0.020241411,0.071876876,-0.0027360001,-0.0014900001,0.019895,0.033806
376,1991,0.056277953,0.11184668,0.18116494,0.24716493,0.3087399,0.34956151,0,0,0.0,0.0,1.0,0.0,0.0,0.0,0.076993793,0.068354696,0.0086913807,0.020241411,-0.016355,-0.0027360001,-0.0014900001,0.019895
376,1992,0.055568725,0.12488698,0.19088697,0.25246194,0.29328358,0.33580166,0,0,0.0,0.0,0.0,0.0,0.0,0.0,0.056277953,0.076993793,0.068354696,0.0086913807,0.022129999,-0.016355,-0.0027360001,-0.0014900001
376,1993,0.069318257,0.13531825,0.19689322,0.23771484,0.28023294,0.31760383,0,0,0.0,0.0,0.0,0.0,0.0,0.0,0.055568725,0.056277953,0.076993793,0.068354696,0.071057998,0.022129999,-0.016355,-0.0027360001
376,1994,0.066,0.12757495,0.16839658,0.21091467,0.24828555,0.33770579,0,1,0.0,0.0,0.0,0.0,0.0,0.0,0.069318257,0.055568725,0.056277953,0.076993793,0.033388,0.071057998,0.022129999,-0.016355
376,1995,0.061574958,0.10239659,0.14491467,0.18228555,0.27170578,0.27412158,0,0,0.0,0.0,0.0,1.0,0.0,0.0,0.066,0.069318257,0.055568725,0.056277953,-0.071250997,0.033388,0.071057998,0.022129999
376,1996,0.040821627,0.083339721,0.1207106,0.21013083,0.21254662,0.21186388,0,0,0.0,0.0,0.0,0.0,1.0,0.0,0.061574958,0.066,0.069318257,0.055568725,0.012513,-0.071250997,0.033388,0.071057998
376,1997,0.04251809,0.07988897,0.1693092,0.17172499,0.17104225,0.18281358,0,0,0.0,0.0,0.0,0.0,0.0,1.0,0.040821627,0.061574958,0.066,0.069318257,0.01764,0.012513,-0.071250997,0.033388
376,1998,0.037370875,0.1267911,0.1292069,0.12852415,0.14029549,0.19143601,0,0,0.0,0.0,0.0,0.0,0.0,0.0,0.04251809,0.040821627,0.061574958,0.066,0.044210002,0.01764,0.012513,-0.071250997
376,1999,0.089420229,0.091836028,0.091153279,0.10292462,0.15406513,0.19796428,0,0,0.0,0.0,0.0,0.0,0.0,0.0,0.037370875,0.04251809,0.040821627,0.061574958,0.026605999,0.044210002,0.01764,0.012513
376,2000,0.0024157963,0.0017330485,0.013504392,0.06464491,0.10854405,0.16656214,0,0,0.0,0.0,0.0,0.0,0.0,0.0,0.089420229,0.037370875,0.04251809,0.040821627,0.0082790004,0.026605999,0.044210002,0.01764
376,2001,-0.00068274781,0.011088595,0.062229112,0.10612826,0.16414635,0.22549714,0,0,0.0,0.0,0.0,0.0,0.0,0.0,0.0024157963,0.089420229,0.037370875,0.04251809,0.043113001,0.0082790004,0.026605999,0.044210002
376,2002,0.011771343,0.062911861,0.106811,0.16482909,0.22617988,0.25677395,1,0,0.0,0.0,0.0,0.0,0.0,0.0,-0.00068274781,0.0024157963,0.089420229,0.037370875,0.031254001,0.043113001,0.0082790004,0.026605999
376,2003,0.051140517,0.095039666,0.15305775,0.21440855,0.24500261,0.25768924,0,0,1.0,0.0,0.0,0.0,0.0,0.0,0.011771343,-0.00068274781,0.0024157963,0.089420229,-0.032979,0.031254001,0.043113001,0.0082790004
376,2004,0.043899145,0.10191723,0.16326801,0.19386208,0.20654871,0.26171893,0,0,0.0,1.0,0.0,0.0,0.0,0.0,0.051140517,0.011771343,-0.00068274781,0.0024157963,-0.020841001,-0.032979,0.031254001,0.043113001
376,2005,0.058018085,0.11936887,0.14996295,0.16264957,0.21781981,0.26844162,0,0,0.0,0.0,1.0,0.0,0.0,0.0,0.043899145,0.051140517,0.011771343,-0.00068274781,0.025632,-0.020841001,-0.032979,0.031254001
376,2006,0.061350789,0.091944858,0.10463148,0.15980171,0.2104235,0.2342415,0,0,0.0,0.0,0.0,0.0,0.0,0.0,0.058018085,0.043899145,0.051140517,0.011771343,-0.023633,0.025632,-0.020841001,-0.032979
376,2007,0.03059407,0.043280687,0.098450914,0.14907271,0.17289071,0.21665399,0,0,0.0,0.0,0.0,0.0,0.0,0.0,0.061350789,0.058018085,0.043899145,0.051140517,-0.070612997,-0.023633,0.025632,-0.020841001
376,2008,0.012686619,0.067856848,0.11847864,0.14229664,0.18605992,0.21769039,1,1,0.0,0.0,0.0,0.0,0.0,0.0,0.03059407,0.061350789,0.058018085,0.043899145,0.028224999,-0.070612997,-0.023633,0.025632
376,2009,0.055170231,0.10579202,0.12961003,0.17337331,0.20500378,0.23008214,0,0,1.0,0.0,0.0,1.0,0.0,0.0,0.012686619,0.03059407,0.061350789,0.058018085,-0.036926001,0.028224999,-0.070612997,-0.023633
376,2010,0.050621793,0.074439794,0.11820307,0.14983355,0.1749119,0.21532112,0,0,0.0,1.0,0.0,0.0,1.0,0.0,0.055170231,0.012686619,0.03059407,0.061350789,0.018881001,-0.036926001,0.028224999,-0.070612997
376,2011,0.023818001,0.067581281,0.099211752,0.12429012,0.16469935,,1,0,0.0,0.0,1.0,0.0,0.0,1.0,0.050621793,0.055170231,0.012686619,0.03059407,0.0047570001,0.018881001,-0.036926001,0.028224999
376,2012,0.043763284,0.075393751,0.10047211,0.14088133,,,0,0,1.0,0.0,0.0,0.0,0.0,0.0,0.023818001,0.050621793,0.055170231,0.012686619,-0.013109,0.0047570001,0.018881001,-0.036926001
376,2013,0.031630471,0.056708835,0.097118057,,,,0,0,0.0,1.0,0.0,0.0,0.0,0.0,0.043763284,0.023818001,0.050621793,0.055170231,-0.019938,-0.013109,0.0047570001,0.018881001
381,1905,0.041440595,0.067465238,0.096884988,0.11354174,0.12437242,0.14457101,0,0,0.0,0.0,0.0,,,,0.028782882,0.025481649,0.016893351,0.024245024,0.017016999,0.014629,0.010117,0.0072670002
381,1906,0.026024641,0.05544439,0.072101146,0.082931824,0.1031304,0.11042887,0,0,0.0,0.0,0.0,0.0,,,0.041440595,0.028782882,0.025481649,0.016893351,0.001043,0.017016999,0.014629,0.010117
381,1907,0.029419748,0.046076506,0.056907184,0.077105761,0.08440423,0.13294664,0,0,0.0,0.0,0.0,0.0,0.0,,0.026024641,0.041440595,0.028782882,0.025481649,-0.0088640004,0.001043,0.017016999,0.014629
381,1908,0.016656756,0.027487436,0.047686011,0.054984476,0.10352688,,0,0,0.0,0.0,0.0,0.0,0.0,0.0,0.029419748,0.026024641,0.041440595,0.028782882,0.025086001,-0.0088640004,0.001043,0.017016999
381,1909,0.01083068,0.031029256,0.038327724,0.086870126,,,0,0,0.0,0.0,0.0,0.0,0.0,0.0,0.016656756,0.029419748,0.026024641,0.041440595,0.015373,0.025086001,-0.0088640004,0.001043
381,1910,0.020198576,0.027497042,0.076039448,,,,0,0,0.0,0.0,0.0,0.0,0.0,0.0,0.01083068,0.016656756,0.029419748,0.026024641,0.012425,0.015373,0.025086001,-0.0088640004
381,1919,0.027486945,0.00065651722,0.081508227,0.16991913,0.19671869,0.26330274,0,0,,,,,,,-0.048188481,,,,,,,
381,1920,-0.026830427,0.054021284,0.14243218,0.16923174,0.23581579,0.24357115,0,1,0.0,,,0.0,,,0.027486945,-0.048188481,,,0.0079279998,,,
381,1921,0.080851711,0.16926262,0.19606218,0.26264623,0.27040157,0.25202048,1,1,0.0,0.0,,1.0,0.0,,-0.026830427,0.027486945,-0.048188481,,0.017736999,0.0079279998,,
381,1922,0.088410906,0.11521047,0.18179452,0.18954988,0.1711688,0.23177233,0,0,1.0,0.0,0.0,1.0,1.0,0.0,0.080851711,-0.026830427,0.027486945,-0.048188481,-0.0066229999,0.017736999,0.0079279998,
381,1923,0.026799563,0.093383625,0.10113898,0.082757898,0.14336143,0.19145238,0,0,0.0,1.0,0.0,0.0,1.0,1.0,0.088410906,0.080851711,-0.026830427,0.027486945,-0.0091190003,-0.0066229999,0.017736999,0.0079279998
381,1924,0.066584058,0.074339412,0.055958331,0.11656186,0.16465281,0.11820771,0,0,0.0,0.0,1.0,0.0,0.0,1.0,0.026799563,0.088410906,0.080851711,-0.026830427,0.054393999,-0.0091190003,-0.0066229999,0.017736999
381,1925,0.0077553536,-0.010625726,0.049977809,0.098068759,0.051623661,0.039956201,0,0,0.0,0.0,0.0,0.0,0.0,0.0,0.066584058,0.026799563,0.088410906,0.080851711,-0.029397,0.054393999,-0.0091190003,-0.0066229999
381,1926,-0.01838108,0.042222455,0.090313405,0.043868307,0.032200847,0.053409934,0,1,0.0,0.0,0.0,0.0,0.0,0.0,0.0077553536,0.066584058,0.026799563,0.088410906,0.018603001,-0.029397,0.054393999,-0.0091190003
381,1927,0.060603533,0.10869448,0.062249381,0.050581921,0.071791008,0.060184345,0,0,0.0,0.0,0.0,1.0,0.0,0.0,-0.01838108,0.0077553536,0.066584058,0.026799563,0.06199,0.018603001,-0.029397,0.054393999
381,1928,0.048090946,0.0016458482,-0.010021612,0.011187475,-0.00041918922,-0.0028942055,0,0,0.0,0.0,0.0,0.0,1.0,0.0,0.060603533,-0.01838108,0.0077553536,0.066584058,0.029588001,0.06199,0.018603001,-0.029397
381,1929,-0.046445098,-0.058112558,-0.036903471,-0.048510134,-0.05098515,0.0016769059,0,0,0.0,0.0,0.0,0.0,0.0,1.0,0.048090946,0.060603533,-0.01838108,0.0077553536,-0.0042340001,0.029588001,0.06199,0.018603001
381,1930,-0.01166746,0.009541627,-0.0020650374,-0.0045400537,0.048122004,0.011834461,0,0,0.0,0.0,0.0,0.0,0.0,0.0,-0.046445098,0.048090946,0.060603533,-0.01838108,0.048935,-0.0042340001,0.029588001,0.06199
381,1931,0.021209087,0.0096024228,0.0071274065,0.059789464,0.023501921,0.11829697,0,0,0.0,0.0,0.0,0.0,0.0,0.0,-0.01166746,-0.046445098,0.048090946,0.060603533,0.020346999,0.048935,-0.0042340001,0.029588001
381,1932,-0.011606664,-0.014081681,0.038580373,0.0022928305,0.097087875,0.12585676,0,0,0.0,0.0,0.0,0.0,0.0,0.0,0.021209087,-0.01166746,-0.046445098,0.048090946,0.028384,0.020346999,0.048935,-0.0042340001
381,1933,-0.0024750163,0.05018704,0.013899498,0.10869454,0.13746342,,0,0,0.0,0.0,0.0,0.0,0.0,0.0,-0.011606664,0.021209087,-0.01166746,-0.046445098,0.066953003,0.028384,0.020346999,0.048935
381,1934,0.052662056,0.016374514,0.11116955,0.13993843,,,0,0,0.0,0.0,0.0,0.0,0.0,0.0,-0.0024750163,-0.011606664,0.021209087,-0.01166746,-0.013762,0.066953003,0.028384,0.020346999
381,1957,0.055239696,0.1243017,0.19309802,0.27517048,0.33720699,0.39330426,0,0,,,,0.0,0.0,0.0,0.055106174,0.047573943,0.066519357,0.037297677,0.010687,0.023885,0.021640999,0.030858999
381,1958,0.069062002,0.13785833,0.2199308,0.28196731,0.33806458,0.3660416,0,0,0.0,,,0.0,0.0,0.0,0.055239696,0.055106174,0.047573943,0.066519357,0.0023930001,0.010687,0.023885,0.021640999
381,1959,0.068796322,0.15086877,0.21290527,0.26900256,0.29697958,0.32965982,0,0,0.0,0.0,,0.0,0.0,0.0,0.069062002,0.055239696,0.055106174,0.047573943,0.029455001,0.0023930001,0.010687,0.023885
381,1960,0.082072459,0.14410897,0.20020625,0.22818327,0.26086351,0.32071146,0,0,0.0,0.0,0.0,0.0,0.0,0.0,0.068796322,0.069062002,0.055239696,0.055106174,0.043014999,0.029455001,0.0023930001,0.010687
381,1961,0.062036503,0.11813378,0.1461108,0.17879105,0.23863898,0.3104251,0,0,0.0,0.0,0.0,0.0,0.0,0.0,0.082072459,0.068796322,0.069062002,0.055239696,0.030661,0.043014999,0.029455001,0.0023930001
381,1962,0.05609728,0.084074304,0.11675454,0.17660248,0.2483886,0.31383416,1,0,0.0,0.0,0.0,0.0,0.0,0.0,0.062036503,0.082072459,0.068796322,0.069062002,0.04355,0.030661,0.043014999,0.029455001
381,1963,0.027977023,0.060657259,0.1205052,0.19229132,0.25773686,0.31871748,0,0,1.0,0.0,0.0,0.0,0.0,0.0,0.05609728,0.062036503,0.082072459,0.068796322,0.030440001,0.04355,0.030661,0.043014999
381,1964,0.032680236,0.092528179,0.1643143,0.22975984,0.29074043,0.34342739,0,0,0.0,1.0,0.0,0.0,0.0,0.0,0.027977023,0.05609728,0.062036503,0.082072459,-0.016919,0.030440001,0.04355,0.030661
381,1965,0.05984794,0.13163406,0.1970796,0.25806022,0.31074718,0.32892826,0,0,0.0,0.0,1.0,0.0,0.0,0.0,0.032680236,0.027977023,0.05609728,0.062036503,0.0016439999,-0.016919,0.030440001,0.04355
381,1966,0.071786121,0.13723168,0.19821228,0.25089926,0.26908034,0.30598521,0,0,0.0,0.0,0.0,0.0,0.0,0.0,0.05984794,0.032680236,0.027977023,0.05609728,0.019735999,0.0016439999,-0.016919,0.030440001
381,1967,0.06544555,0.12642616,0.17911312,0.19729421,0.23419906,0.30545768,0,0,0.0,0.0,0.0,0.0,0.0,0.0,0.071786121,0.05984794,0.032680236,0.027977023,0.017100001,0.019735999,0.0016439999,-0.016919
381,1968,0.060980603,0.11366756,0.13184865,0.1687535,0.24001212,0.29501355,0,0,0.0,0.0,0.0,0.0,0.0,0.0,0.06544555,0.071786121,0.05984794,0.032680236,0.017122,0.017100001,0.019735999,0.0016439999
381,1969,0.052686963,0.070868045,0.1077729,0.17903152,0.23403293,0.21313129,0,0,0.0,0.0,0.0,0.0,0.0,0.0,0.060980603,0.06544555,0.071786121,0.05984794,0.016905,0.017122,0.017100001,0.019735999
381,1970,0.01818108,0.055085935,0.12634456,0.18134597,0.16044433,0.23169819,0,0,0.0,0.0,0.0,0.0,0.0,0.0,0.052686963,0.060980603,0.06544555,0.071786121,0.0043119998,0.016905,0.017122,0.017100001
381,1971,0.036904857,0.10816348,0.16316488,0.14226325,0.2135171,0.23912211,0,0,0.0,0.0,0.0,0.0,0.0,0.0,0.01818108,0.052686963,0.060980603,0.06544555,0.033927999,0.0043119998,0.016905,0.017122
381,1972,0.071258619,0.12626003,0.1053584,0.17661226,0.20221727,0.23461866,0,0,0.0,0.0,0.0,0.0,0.0,0.0,0.036904857,0.01818108,0.052686963,0.060980603,0.030703999,0.033927999,0.0043119998,0.016905
381,1973,0.055001412,0.03409978,0.10535363,0.13095865,0.16336004,0.22295164,0,0,0.0,0.0,0.0,0.0,0.0,0.0,0.071258619,0.036904857,0.01818108,0.052686963,-0.020347999,0.030703999,0.033927999,0.0043119998
381,1974,-0.02090163,0.050352223,0.075957231,0.10835863,0.16795023,0.20225039,1,1,0.0,0.0,0.0,0.0,0.0,0.0,0.055001412,0.071258619,0.036904857,0.01818108,-0.03184,-0.020347999,0.030703999,0.033927999
381,1975,0.071253851,0.096858859,0.12926026,0.18885185,0.22315201,0.23159429,0,0,1.0,0.0,0.0,1.0,0.0,0.0,-0.02090163,0.055001412,0.071258619,0.036904857,0.0015670001,-0.03184,-0.020347999,0.030703999
381,1976,0.025605008,0.058006406,0.117598,0.15189816,0.16034044,0.16447631,0,0,0.0,1.0,0.0,0.0,1.0,0.0,0.071253851,-0.02090163,0.055001412,0.071258619,-0.054951001,0.0015670001,-0.03184,-0.020347999
381,1977,0.032401398,0.091992989,0.12629315,0.13473544,0.1388713,0.15056333,1,1,0.0,0.0,1.0,0.0,0.0,1.0,0.025605008,0.071253851,-0.02090163,0.055001412,-0.027345,-0.054951001,0.0015670001,-0.03184
381,1978,0.059591595,0.093891755,0.10233403,0.10646988,0.11816192,0.15042044,0,0,1.0,0.0,0.0,1.0,0.0,0.0,0.032401398,0.025605008,0.071253851,-0.02090163,-0.049144998,-0.027345,-0.054951001,0.0015670001
381,1979,0.034300163,0.042742439,0.046878293,0.058570329,0.090828851,0.11880971,0,0,0.0,1.0,0.0,0.0,1.0,0.0,0.059591595,0.032401398,0.025605008,0.071253851,-0.019692,-0.049144998,-0.027345,-0.054951001
381,1980,0.0084422762,0.012578133,0.024270168,0.056528695,0.084509552,0.11310928,0,0,0.0,0.0,1.0,0.0,0.0,1.0,0.034300163,0.059591595,0.032401398,0.025605008,-0.001295,-0.019692,-0.049144998,-0.027345
381,1981,0.0041358564,0.01582789,0.048086416,0.076067269,0.10466699,0.13658661,0,0,0.0,0.0,0.0,0.0,0.0,0.0,0.0084422762,0.034300163,0.059591595,0.032401398,-0.001056,-0.001295,-0.019692,-0.049144998
381,1982,0.011692035,0.043950561,0.071931422,0.10053115,0.13245076,0.17439453,0,0,0.0,0.0,0.0,0.0,0.0,0.0,0.0041358564,0.0084422762,0.034300163,0.059591595,-0.022542,-0.001056,-0.001295,-0.019692
381,1983,0.032258525,0.060239382,0.088839099,0.1207587,0.16270247,0.19658631,0,0,0.0,0.0,0.0,0.0,0.0,0.0,0.011692035,0.0041358564,0.0084422762,0.034300163,-0.01103,-0.022542,-0.001056,-0.001295
381,1984,0.027980857,0.056580577,0.088500187,0.13044396,0.1643278,0.18418555,0,0,0.0,0.0,0.0,0.0,0.0,0.0,0.032258525,0.011692035,0.0041358564,0.0084422762,0.036584001,-0.01103,-0.022542,-0.001056
381,1985,0.02859972,0.060519326,0.1024631,0.13634694,0.15620469,0.17158917,0,0,0.0,0.0,0.0,0.0,0.0,0.0,0.027980857,0.032258525,0.011692035,0.0041358564,0.00217,0.036584001,-0.01103,-0.022542
381,1986,0.031919606,0.07386338,0.10774721,0.12760496,0.14298944,0.1513322,0,0,0.0,0.0,0.0,0.0,0.0,0.0,0.02859972,0.027980857,0.032258525,0.011692035,-0.003155,0.00217,0.036584001,-0.01103
381,1987,0.041943774,0.075827606,0.095685355,0.11106983,0.11941259,0.11088453,0,1,0.0,0.0,0.0,0.0,0.0,0.0,0.031919606,0.02859972,0.027980857,0.032258525,0.007702,-0.003155,0.00217,0.036584001
381,1988,0.033883832,0.053741582,0.069126055,0.077468812,0.068940759,0.090450995,0,0,0.0,0.0,0.0,1.0,0.0,0.0,0.041943774,0.031919606,0.02859972,0.027980857,0.025289999,0.007702,-0.003155,0.00217
381,1989,0.019857749,0.035242222,0.043584976,0.035056919,0.056567155,0.085435525,0,0,0.0,0.0,0.0,0.0,1.0,0.0,0.033883832,0.041943774,0.031919606,0.02859972,0.004226,0.025289999,0.007702,-0.003155
381,1990,0.015384475,0.023727231,0.015199173,0.036709409,0.065577775,0.078441441,0,1,0.0,0.0,0.0,0.0,0.0,1.0,0.019857749,0.033883832,0.041943774,0.031919606,0.063933998,0.004226,0.025289999,0.007702
381,1991,0.008342755,-0.00018530246,0.021324933,0.050193302,0.063056968,0.081410617,0,0,0.0,0.0,0.0,1.0,0.0,0.0,0.015384475,0.019857749,0.033883832,0.041943774,0.020253999,0.063933998,0.004226,0.025289999
381,1992,-0.0085280575,0.012982178,0.041850545,0.05471421,0.073067859,0.089228593,0,0,0.0,0.0,0.0,0.0,1.0,0.0,0.008342755,0.015384475,0.019857749,0.033883832,0.037911002,0.020253999,0.063933998,0.004226
381,1993,0.021510236,0.050378606,0.063242272,0.081595927,0.097756661,0.11335517,0,0,0.0,0.0,0.0,0.0,0.0,1.0,-0.0085280575,0.008342755,0.015384475,0.019857749,0.0041709999,0.037911002,0.020253999,0.063933998
381,1994,0.028868368,0.041732032,0.060085684,0.076246418,0.091844931,0.12894601,0,0,0.0,0.0,0.0,0.0,0.0,0.0,0.021510236,-0.0085280575,0.008342755,0.015384475,-0.027210001,0.0041709999,0.037911002,0.020253999
381,1995,0.012863665,0.031217318,0.047378048,0.062976554,0.10007763,0.11779949,0,0,0.0,0.0,0.0,0.0,0.0,0.0,0.028868368,0.021510236,-0.0085280575,0.008342755,-0.001263,-0.027210001,0.0041709999,0.037911002
381,1996,0.018353652,0.034514382,0.050112892,0.087213971,0.10493583,0.10742129,0,0,0.0,0.0,0.0,0.0,0.0,0.0,0.012863665,0.028868368,0.021510236,-0.0085280575,-0.022721,-0.001263,-0.027210001,0.0041709999
381,1997,0.016160732,0.03175924,0.068860322,0.086582184,0.089067645,0.090580881,0,0,0.0,0.0,0.0,0.0,0.0,0.0,0.018353652,0.012863665,0.028868368,0.021510236,0.015585,-0.022721,-0.001263,-0.027210001
381,1998,0.015598509,0.052699588,0.07042145,0.072906911,0.074420154,0.09023951,0,0,0.0,0.0,0.0,0.0,0.0,0.0,0.016160732,0.018353652,0.012863665,0.028868368,0.015349,0.015585,-0.022721,-0.001263
381,1999,0.037101079,0.054822937,0.057308398,0.058821637,0.074640997,0.084137648,0,0,0.0,0.0,0.0,0.0,0.0,0.0,0.015598509,0.016160732,0.018353652,0.012863665,0.023451,0.015349,0.015585,-0.022721
381,2000,0.01772186,0.020207323,0.021720562,0.037539922,0.04703657,0.067102447,0,0,0.0,0.0,0.0,0.0,0.0,0.0,0.037101079,0.015598509,0.016160732,0.018353652,0.076471001,0.023451,0.015349,0.015585
381,2001,0.0024854629,0.0039987019,0.019818062,0.02931471,0.049380586,0.064119302,1,0,0.0,0.0,0.0,0.0,0.0,0.0,0.01772186,0.037101079,0.015598509,0.016160732,0.019912999,0.076471001,0.023451,0.015349
381,2002,0.001513239,0.017332599,0.026829246,0.046895124,0.06163384,0.051129788,0,0,1.0,0.0,0.0,0.0,0.0,0.0,0.0024854629,0.01772186,0.037101079,0.015598509,0.015769999,0.019912999,0.076471001,0.023451
381,2003,0.01581936,0.025316007,0.045381885,0.060120597,0.049616545,-0.0052039921,0,0,0.0,1.0,0.0,0.0,0.0,0.0,0.001513239,0.0024854629,0.01772186,0.037101079,0.018717,0.015769999,0.019912999,0.076471001
381,2004,0.0094966479,0.029562525,0.044301242,0.03379719,-0.021023348,-0.004158115,0,0,0.0,0.0,1.0,0.0,0.0,0.0,0.01581936,0.001513239,0.0024854629,0.01772186,0.0098700002,0.018717,0.015769999,0.019912999
381,2005,0.020065878,0.03480459,0.024300538,-0.03052,-0.013654767,-0.0078885201,0,0,0.0,0.0,0.0,0.0,0.0,0.0,0.0094966479,0.01581936,0.001513239,0.0024854629,0.044714998,0.0098700002,0.018717,0.015769999
381,2006,0.014738714,0.0042346613,-0.050585877,-0.033720642,-0.027954396,-0.056144588,0,0,0.0,0.0,0.0,0.0,0.0,0.0,0.020065878,0.0094966479,0.01581936,0.001513239,0.054520998,0.044714998,0.0098700002,0.018717
381,2007,-0.010504053,-0.06532459,-0.048459359,-0.042693112,-0.070883304,-0.088164881,0,0,0.0,0.0,0.0,0.0,0.0,0.0,0.014738714,0.020065878,0.0094966479,0.01581936,0.050108999,0.054520998,0.044714998,0.0098700002
381,2008,-0.054820538,-0.037955306,-0.03218906,-0.060379252,-0.077660829,-0.076524116,1,1,0.0,0.0,0.0,0.0,0.0,0.0,-0.010504053,0.014738714,0.020065878,0.0094966479,0.030785,0.050108999,0.054520998,0.044714998
381,2009,0.016865233,0.022631479,-0.0055587105,-0.022840284,-0.021703569,-0.01387113,0,0,1.0,0.0,0.0,1.0,0.0,0.0,-0.054820538,-0.010504053,0.014738714,0.020065878,0.020903001,0.030785,0.050108999,0.054520998
381,2010,0.0057662465,-0.022423944,-0.039705515,-0.038568798,-0.030736359,-0.021937452,0,0,0.0,1.0,0.0,0.0,1.0,0.0,0.016865233,-0.054820538,-0.010504053,0.014738714,0.050372999,0.020903001,0.030785,0.050108999
381,2011,-0.02819019,-0.045471765,-0.044335049,-0.036502607,-0.027703702,,1,0,0.0,0.0,1.0,0.0,0.0,1.0,0.0057662465,0.016865233,-0.054820538,-0.010504053,-0.015056,0.050372999,0.020903001,0.030785
381,2012,-0.017281573,-0.016144859,-0.0083124191,0.00048648659,,,0,0,1.0,0.0,0.0,0.0,0.0,0.0,-0.02819019,0.0057662465,0.016865233,-0.054820538,-0.019619999,-0.015056,0.050372999,0.020903001
381,2013,0.0011367153,0.0089691551,0.017768061,,,,0,0,0.0,1.0,0.0,0.0,0.0,0.0,-0.017281573,-0.02819019,0.0057662465,0.016865233,-0.068219997,-0.019619999,-0.015056,0.050372999
392,1898,-0.077386662,-0.035186347,0.0,-0.053254846,0.014521722,0.022354623,0,1,,,,1.0,0.0,,0.17384693,0.020784099,-0.056529876,,-0.0095610004,-0.028904,,
392,1899,0.042200316,0.077386662,0.024131816,0.09190838,0.09974128,0.082691707,0,0,0.0,,,1.0,1.0,0.0,-0.077386662,0.17384693,0.020784099,-0.056529876,0.098470002,-0.0095610004,-0.028904,
392,1900,0.035186347,-0.0180685,0.049708068,0.057540968,0.040491395,0.16355151,0,0,0.0,0.0,,0.0,1.0,1.0,0.042200316,-0.077386662,0.17384693,0.020784099,0.009079,0.098470002,-0.0095610004,-0.028904
392,1901,-0.053254846,0.014521722,0.022354623,0.0053050481,0.12836516,0.1594557,0,0,0.0,0.0,0.0,0.0,0.0,1.0,0.035186347,0.042200316,-0.077386662,0.17384693,-0.014988,0.009079,0.098470002,-0.0095610004
392,1902,0.067776568,0.075609468,0.058559895,0.18162,0.21271054,0.21949026,0,0,0.0,0.0,0.0,0.0,0.0,0.0,-0.053254846,0.035186347,0.042200316,-0.077386662,0.038261998,-0.014988,0.009079,0.098470002
392,1903,0.0078329016,-0.0092166737,0.11384343,0.14493397,0.15171368,0.15058693,0,0,0.0,0.0,0.0,0.0,0.0,0.0,0.067776568,-0.053254846,0.035186347,0.042200316,-0.019187,0.038261998,-0.014988,0.009079
392,1904,-0.017049575,0.10601053,0.13710107,0.14388078,0.14275403,0.15841427,0,0,0.0,0.0,0.0,0.0,0.0,0.0,0.0078329016,0.067776568,-0.053254846,0.035186347,-0.0043230001,-0.019187,0.038261998,-0.014988
392,1905,0.12306011,0.15415065,0.16093037,0.15980361,0.17546386,0.22842063,0,0,0.0,0.0,0.0,0.0,0.0,0.0,-0.017049575,0.0078329016,0.067776568,-0.053254846,0.029042,-0.0043230001,-0.019187,0.038261998
392,1906,0.031090539,0.037870258,0.036743514,0.052403759,0.10536053,0.14052442,0,0,0.0,0.0,0.0,0.0,0.0,0.0,0.12306011,-0.017049575,0.0078329016,0.067776568,0.055968001,0.029042,-0.0043230001,-0.019187
392,1907,0.0067797187,0.0056529739,0.021313218,0.074269988,0.10943387,0.12556326,1,0,0.0,0.0,0.0,0.0,0.0,0.0,0.031090539,0.12306011,-0.017049575,0.0078329016,-0.031041,0.055968001,0.029042,-0.0043230001
392,1908,-0.0011267449,0.0145335,0.067490272,0.10265416,0.11878354,,0,1,1.0,0.0,0.0,0.0,0.0,0.0,0.0067797187,0.031090539,0.12306011,-0.017049575,-0.0099290004,-0.031041,0.055968001,0.029042
392,1909,0.015660245,0.068617016,0.1037809,0.11991028,,,0,0,0.0,1.0,0.0,1.0,0.0,0.0,-0.0011267449,0.0067797187,0.031090539,0.12306011,0.024024,-0.0099290004,-0.031041,0.055968001
392,1910,0.052956771,0.088120654,0.10425004,,,,0,0,0.0,0.0,1.0,0.0,1.0,0.0,0.015660245,-0.0011267449,0.0067797187,0.031090539,0.049902,0.024024,-0.0099290004,-0.031041
392,1919,-0.064491212,0.039657399,0.036925118,0.037608907,0.065248042,0.10564443,0,0,,,,,,,0.097583808,,,,,,,
392,1920,0.10414861,0.10141633,0.10210013,0.12973925,0.17013565,0.17903584,1,1,0.0,,,0.0,,,-0.064491212,0.097583808,,,0.029347001,,,
392,1921,-0.0027322804,-0.002048491,0.025590641,0.065987028,0.074887224,0.089339294,0,0,1.0,0.0,,1.0,0.0,,0.10414861,-0.064491212,0.097583808,,0.053601999,0.029347001,,
392,1922,0.00068378937,0.028322922,0.068719313,0.077619508,0.092071578,0.17062552,0,0,0.0,1.0,0.0,0.0,1.0,0.0,-0.0027322804,0.10414861,-0.064491212,0.097583808,-0.001326,0.053601999,0.029347001,
392,1923,0.027639132,0.068035521,0.076935716,0.091387786,0.16994172,0.20060854,0,0,0.0,0.0,1.0,0.0,0.0,1.0,0.00068378937,-0.0027322804,0.10414861,-0.064491212,0.026441,-0.001326,0.053601999,0.029347001
392,1924,0.040396389,0.049296584,0.063748658,0.1423026,0.17296942,0.097483881,0,0,0.0,0.0,0.0,0.0,0.0,0.0,0.027639132,0.00068378937,-0.0027322804,0.10414861,-0.016938001,0.026441,-0.001326,0.053601999
392,1925,0.0089001963,0.023352267,0.10190621,0.13257302,0.057087488,0.065495893,0,0,0.0,0.0,0.0,0.0,0.0,0.0,0.040396389,0.027639132,0.00068378937,-0.0027322804,0.00667,-0.016938001,0.026441,-0.001326
392,1926,0.014452071,0.093006015,0.12367283,0.048187293,0.056595702,0.13700636,0,0,0.0,0.0,0.0,0.0,0.0,0.0,0.0089001963,0.040396389,0.027639132,0.00068378937,0.046007998,0.00667,-0.016938001,0.026441
392,1927,0.078553945,0.10922076,0.033735223,0.042143632,0.12255429,0.21625777,0,0,0.0,0.0,0.0,0.0,0.0,0.0,0.014452071,0.0089001963,0.040396389,0.027639132,-0.0056159999,0.046007998,0.00667,-0.016938001
392,1928,0.030666815,-0.044818722,-0.036410313,0.044000346,0.13770382,0.13971183,0,0,0.0,0.0,0.0,0.0,0.0,0.0,0.078553945,0.014452071,0.0089001963,0.040396389,-0.048285,-0.0056159999,0.046007998,0.00667
392,1929,-0.075485535,-0.06707713,0.013333529,0.10703701,0.10904501,0.13625419,0,0,0.0,0.0,0.0,0.0,0.0,0.0,0.030666815,0.078553945,0.014452071,0.0089001963,-0.013047,-0.048285,-0.0056159999,0.046007998
392,1930,0.0084084077,0.088819064,0.18252254,0.18453054,0.21173972,0.28193575,0,0,0.0,0.0,0.0,0.0,0.0,0.0,-0.075485535,0.030666815,0.078553945,0.014452071,0.10043,-0.013047,-0.048285,-0.0056159999
392,1931,0.080410659,0.17411414,0.17612214,0.20333132,0.27352735,0.32019204,0,0,0.0,0.0,0.0,0.0,0.0,0.0,0.0084084077,-0.075485535,0.030666815,0.078553945,0.066399001,0.10043,-0.013047,-0.048285
392,1932,0.093703479,0.095711485,0.12292066,0.19311669,0.23978138,0.30450985,0,0,0.0,0.0,0.0,0.0,0.0,0.0,0.080410659,0.0084084077,-0.075485535,0.030666815,-0.089713998,0.066399001,0.10043,-0.013047
392,1933,0.0020080048,0.029217182,0.099413216,0.1460779,0.21080637,,0,0,0.0,0.0,0.0,0.0,0.0,0.0,0.093703479,0.080410659,0.0084084077,-0.075485535,-0.106071,-0.089713998,0.066399001,0.10043
392,1934,0.027209178,0.09740521,0.1440699,0.20879836,,,0,0,0.0,0.0,0.0,0.0,0.0,0.0,0.0020080048,0.093703479,0.080410659,0.0084084077,-0.045169,-0.106071,-0.089713998,0.066399001
392,1935,0.070196033,0.11686072,0.18158919,,,,0,0,0.0,0.0,0.0,0.0,0.0,0.0,0.027209178,0.0020080048,0.093703479,0.080410659,-0.022017,-0.045169,-0.106071,-0.089713998
392,1946,0.0766754,0.21540159,0.28010207,0.36723971,0.48468342,0.59433866,1,1,,,,,,,0.083046325,,,,,,,
392,1947,0.13872619,0.20342669,0.29056433,0.40800804,0.51766324,0.58875501,1,1,1.0,,,1.0,,,0.0766754,0.083046325,,,-0.18697999,,,
392,1948,0.064700499,0.15183815,0.26928186,0.3789371,0.4500289,0.50502741,0,0,1.0,1.0,,1.0,1.0,,0.13872619,0.0766754,0.083046325,,0.0011,-0.18697999,,
392,1949,0.087137647,0.20458135,0.31423658,0.38532838,0.44032687,0.52281415,0,0,0.0,1.0,1.0,0.0,1.0,1.0,0.064700499,0.13872619,0.0766754,0.083046325,0.055888001,0.0011,-0.18697999,
392,1950,0.1174437,0.22709893,0.29819071,0.35318923,0.43567649,0.50817454,0,0,0.0,0.0,1.0,0.0,0.0,1.0,0.087137647,0.064700499,0.13872619,0.0766754,0.043676,0.055888001,0.0011,-0.18697999
392,1951,0.10965522,0.18074703,0.23574553,0.3182328,0.39073086,0.46129805,0,0,0.0,0.0,0.0,0.0,0.0,0.0,0.1174437,0.087137647,0.064700499,0.13872619,0.027108001,0.043676,0.055888001,0.0011
392,1952,0.071091801,0.1260903,0.20857757,0.2810756,0.35164279,0.40826759,0,0,0.0,0.0,0.0,0.0,0.0,0.0,0.10965522,0.1174437,0.087137647,0.064700499,0.059595998,0.027108001,0.043676,0.055888001
392,1953,0.054998502,0.13748577,0.20998381,0.28055102,0.33717582,0.42445976,1,0,0.0,0.0,0.0,0.0,0.0,0.0,0.071091801,0.10965522,0.1174437,0.087137647,0.036362,0.059595998,0.027108001,0.043676
392,1954,0.082487263,0.15498531,0.22555251,0.2821773,0.36946124,0.49278748,0,1,1.0,0.0,0.0,0.0,0.0,0.0,0.054998502,0.071091801,0.10965522,0.1174437,-0.0095419995,0.036362,0.059595998,0.027108001
392,1955,0.072498038,0.14306524,0.19969003,0.28697395,0.4103002,0.53073555,0,0,0.0,1.0,0.0,1.0,0.0,0.0,0.082487263,0.054998502,0.071091801,0.10965522,-0.0044280002,-0.0095419995,0.036362,0.059595998
392,1956,0.070567206,0.12719199,0.21447593,0.33780217,0.45823753,0.54732728,0,0,0.0,0.0,1.0,0.0,1.0,0.0,0.072498038,0.082487263,0.054998502,0.071091801,0.044675998,-0.0044280002,-0.0095419995,0.036362
392,1957,0.056624789,0.14390872,0.26723498,0.38767034,0.47676006,0.5614965,0,0,0.0,0.0,0.0,0.0,0.0,1.0,0.070567206,0.072498038,0.082487263,0.054998502,0.036919001,0.044675998,-0.0044280002,-0.0095419995
392,1958,0.087283932,0.21061018,0.33104554,0.42013526,0.50487167,0.62163877,0,0,0.0,0.0,0.0,0.0,0.0,0.0,0.056624789,0.070567206,0.072498038,0.082487263,0.048721999,0.036919001,0.044675998,-0.0044280002
392,1959,0.12332625,0.24376161,0.33285135,0.41758776,0.53435481,0.59255189,0,0,0.0,0.0,0.0,0.0,0.0,0.0,0.087283932,0.056624789,0.070567206,0.072498038,0.021388,0.048721999,0.036919001,0.044675998
392,1960,0.12043536,0.20952509,0.29426152,0.41102859,0.46922567,0.57561129,0,0,0.0,0.0,0.0,0.0,0.0,0.0,0.12332625,0.087283932,0.056624789,0.070567206,0.0026400001,0.021388,0.048721999,0.036919001
392,1961,0.089089729,0.17382616,0.29059324,0.34879032,0.45517594,0.56599736,0,0,0.0,0.0,0.0,0.0,0.0,0.0,0.12043536,0.12332625,0.087283932,0.056624789,-0.005291,0.0026400001,0.021388,0.048721999
392,1962,0.084736422,0.2015035,0.25970057,0.36608618,0.47690761,0.60573232,0,0,0.0,0.0,0.0,0.0,0.0,0.0,0.089089729,0.12043536,0.12332625,0.087283932,0.067190997,-0.005291,0.0026400001,0.021388
392,1963,0.11676708,0.17496416,0.28134978,0.3921712,0.52099586,0.64577478,0,0,0.0,0.0,0.0,0.0,0.0,0.0,0.084736422,0.089089729,0.12043536,0.12332625,0.062105,0.067190997,-0.005291,0.0026400001
392,1964,0.058197077,0.16458268,0.2754041,0.40422878,0.52900773,0.5188086,0,0,0.0,0.0,0.0,0.0,0.0,0.0,0.11676708,0.084736422,0.089089729,0.12043536,-0.011549,0.062105,0.067190997,-0.005291
392,1965,0.10638561,0.21720703,0.34603173,0.47081068,0.46061155,0.5076015,0,0,0.0,0.0,0.0,0.0,0.0,0.0,0.058197077,0.11676708,0.084736422,0.089089729,0.020742999,-0.011549,0.062105,0.067190997
392,1966,0.11082142,0.23964611,0.36442506,0.35422593,0.40121585,0.48535132,0,0,0.0,0.0,0.0,0.0,0.0,0.0,0.10638561,0.058197077,0.11676708,0.084736422,-0.0064429999,0.020742999,-0.011549,0.062105
392,1967,0.12882468,0.25360364,0.24340451,0.29039443,0.3745299,0.45485592,0,0,0.0,0.0,0.0,0.0,0.0,0.0,0.11082142,0.10638561,0.058197077,0.11676708,-0.0046780002,-0.0064429999,0.020742999,-0.011549
392,1968,0.12477895,0.11457982,0.16156974,0.24570522,0.32603121,0.31377882,0,0,0.0,0.0,0.0,0.0,0.0,0.0,0.12882468,0.11082142,0.10638561,0.058197077,-0.015243,-0.0046780002,-0.0064429999,0.020742999
392,1969,-0.010199129,0.036790792,0.12092626,0.20125227,0.18899986,0.21991563,0,0,0.0,0.0,0.0,0.0,0.0,0.0,0.12477895,0.12882468,0.11082142,0.10638561,4.3e-05,-0.015243,-0.0046780002,-0.0064429999
392,1970,0.046989921,0.13112539,0.2114514,0.19919899,0.23011476,0.26986459,0,1,0.0,0.0,0.0,0.0,0.0,0.0,-0.010199129,0.12477895,0.12882468,0.11082142,-0.002297,4.3e-05,-0.015243,-0.0046780002
392,1971,0.084135473,0.16446148,0.15220907,0.18312484,0.22287469,0.26677805,0,0,0.0,0.0,0.0,1.0,0.0,0.0,0.046989921,-0.010199129,0.12477895,0.12882468,0.078844003,-0.002297,4.3e-05,-0.015243
392,1972,0.080326006,0.068073608,0.098989367,0.13873921,0.18264259,0.23536201,0,0,0.0,0.0,0.0,0.0,1.0,0.0,0.084135473,0.046989921,-0.010199129,0.12477895,0.065906003,0.078844003,-0.002297,4.3e-05
392,1973,-0.012252399,0.018663362,0.058413204,0.10231659,0.155036,0.20987642,0,0,0.0,0.0,0.0,0.0,0.0,1.0,0.080326006,0.084135473,0.046989921,-0.010199129,-0.031456001,0.065906003,0.078844003,-0.002297
392,1974,0.03091576,0.070665598,0.11456898,0.16728839,0.22212881,0.25030473,0,0,0.0,0.0,0.0,0.0,0.0,0.0,-0.012252399,0.080326006,0.084135473,0.046989921,-0.050103001,-0.031456001,0.065906003,0.078844003
392,1975,0.039749842,0.083653226,0.13637264,0.19121306,0.21938896,0.26115739,0,0,0.0,0.0,0.0,0.0,0.0,0.0,0.03091576,-0.012252399,0.080326006,0.084135473,0.0081559997,-0.050103001,-0.031456001,0.065906003
392,1976,0.043903381,0.096622795,0.15146321,0.17963913,0.22140758,0.25517365,0,0,0.0,0.0,0.0,0.0,0.0,0.0,0.039749842,0.03091576,-0.012252399,0.080326006,-0.00129,0.0081559997,-0.050103001,-0.031456001
392,1977,0.052719418,0.10755983,0.13573575,0.1775042,0.21127027,0.24187765,0,0,0.0,0.0,0.0,0.0,0.0,0.0,0.043903381,0.039749842,0.03091576,-0.012252399,-0.011475,-0.00129,0.0081559997,-0.050103001
392,1978,0.054840416,0.083016329,0.12478477,0.15855086,0.18915823,0.23379722,0,0,0.0,0.0,0.0,0.0,0.0,0.0,0.052719418,0.043903381,0.039749842,0.03091576,-0.0080709998,-0.011475,-0.00129,0.0081559997
392,1979,0.028175913,0.069944352,0.10371044,0.13431782,0.17895681,0.24229038,0,0,0.0,0.0,0.0,0.0,0.0,0.0,0.054840416,0.052719418,0.043903381,0.039749842,-0.013384,-0.0080709998,-0.011475,-0.00129
392,1980,0.041768443,0.075534523,0.1061419,0.15078089,0.21411446,0.24242522,0,0,0.0,0.0,0.0,0.0,0.0,0.0,0.028175913,0.054840416,0.052719418,0.043903381,-0.016902,-0.013384,-0.0080709998,-0.011475
392,1981,0.033766083,0.064373463,0.10901245,0.17234603,0.20065679,0.24173106,0,0,0.0,0.0,0.0,0.0,0.0,0.0,0.041768443,0.028175913,0.054840416,0.052719418,0.00716,-0.016902,-0.013384,-0.0080709998
392,1982,0.03060738,0.075246371,0.13857993,0.1668907,0.20796497,0.27943191,0,0,0.0,0.0,0.0,0.0,0.0,0.0,0.033766083,0.041768443,0.028175913,0.054840416,0.020535,0.00716,-0.016902,-0.013384
392,1983,0.044638991,0.10797256,0.13628332,0.1773576,0.24882454,0.30252606,0,0,0.0,0.0,0.0,0.0,0.0,0.0,0.03060738,0.033766083,0.041768443,0.028175913,0.025455,0.020535,0.00716,-0.016902
392,1984,0.063333571,0.091644339,0.13271861,0.20418555,0.25788707,0.31361103,0,0,0.0,0.0,0.0,0.0,0.0,0.0,0.044638991,0.03060738,0.033766083,0.041768443,0.014756,0.025455,0.020535,0.00716
392,1985,0.028310766,0.069385037,0.14085197,0.19455349,0.25027746,0.28352088,0,0,0.0,0.0,0.0,0.0,0.0,0.0,0.063333571,0.044638991,0.03060738,0.033766083,0.086023003,0.014756,0.025455,0.020535
392,1986,0.041074272,0.11254121,0.16624273,0.22196671,0.25521013,0.26340044,0,0,0.0,0.0,0.0,0.0,0.0,0.0,0.028310766,0.063333571,0.044638991,0.03060738,0.098903999,0.086023003,0.014756,0.025455
392,1987,0.071466938,0.12516846,0.18089244,0.21413584,0.22232614,0.22403677,0,0,0.0,0.0,0.0,0.0,0.0,0.0,0.041074272,0.028310766,0.063333571,0.044638991,0.033259999,0.098903999,0.086023003,0.014756
392,1988,0.053701524,0.1094255,0.1426689,0.15085921,0.15256983,0.16120562,0,0,0.0,0.0,0.0,0.0,0.0,0.0,0.071466938,0.041074272,0.028310766,0.063333571,-0.0020570001,0.033259999,0.098903999,0.086023003
392,1989,0.05572398,0.088967383,0.097157679,0.09886831,0.10750409,0.13492572,0,0,0.0,0.0,0.0,0.0,0.0,0.0,0.053701524,0.071466938,0.041074272,0.028310766,0.016768999,-0.0020570001,0.033259999,0.098903999
392,1990,0.033243407,0.041433707,0.043144334,0.051780116,0.079201758,0.11020106,1,1,0.0,0.0,0.0,0.0,0.0,0.0,0.05572398,0.053701524,0.071466938,0.041074272,-0.0069960002,0.016768999,-0.0020570001,0.033259999
392,1991,0.0081902985,0.0099009257,0.018536709,0.045958348,0.07695765,0.087722771,0,0,1.0,0.0,0.0,1.0,0.0,0.0,0.033243407,0.05572398,0.053701524,0.071466938,-0.017981,-0.0069960002,0.016768999,-0.0020570001
392,1992,0.0017106272,0.01034641,0.037768047,0.068767346,0.079532467,0.068244904,0,0,0.0,1.0,0.0,0.0,1.0,0.0,0.0081902985,0.033243407,0.05572398,0.053701524,0.06402,-0.017981,-0.0069960002,0.016768999
392,1993,0.0086357826,0.03605742,0.067056723,0.077821843,0.066534281,0.064014517,0,0,0.0,0.0,1.0,0.0,0.0,1.0,0.0017106272,0.0081902985,0.033243407,0.05572398,0.078952998,0.06402,-0.017981,-0.0069960002
392,1994,0.027421638,0.058420941,0.069186062,0.057898499,0.055378735,0.083174162,0,0,0.0,0.0,0.0,0.0,0.0,0.0,0.0086357826,0.0017106272,0.0081902985,0.033243407,-0.01894,0.078952998,0.06402,-0.017981
392,1995,0.030999301,0.04176442,0.030476855,0.027957093,0.055752516,0.059815012,0,0,0.0,0.0,0.0,0.0,0.0,0.0,0.027421638,0.0086357826,0.0017106272,0.0081902985,-0.00188,-0.01894,0.078952998,0.06402
392,1996,0.010765118,-0.00052244682,-0.0030422099,0.024753215,0.028815709,0.029996717,0,0,0.0,0.0,0.0,0.0,0.0,0.0,0.030999301,0.027421638,0.0086357826,0.0017106272,-0.015143,-0.00188,-0.01894,0.078952998
392,1997,-0.011287564,-0.013807327,0.013988097,0.018050592,0.019231601,0.034514021,1,0,0.0,0.0,0.0,0.0,0.0,0.0,0.010765118,0.030999301,0.027421638,0.0086357826,-0.020219,-0.015143,-0.00188,-0.01894
392,1998,-0.0025197631,0.025275663,0.029338157,0.030519165,0.045801584,0.067848891,0,0,1.0,0.0,0.0,0.0,0.0,0.0,-0.011287564,0.010765118,0.030999301,0.027421638,0.0092209997,-0.020219,-0.015143,-0.00188
392,1999,0.027795425,0.031857919,0.033038925,0.048321344,0.070368648,0.086996175,0,0,0.0,1.0,0.0,0.0,0.0,0.0,-0.0025197631,-0.011287564,0.010765118,0.030999301,0.00071300002,0.0092209997,-0.020219,-0.015143
392,2000,0.0040624943,0.0052435021,0.020525921,0.042573225,0.059200753,0.073400594,0,0,0.0,0.0,1.0,0.0,0.0,0.0,0.027795425,-0.0025197631,-0.011287564,0.010765118,-0.043256,0.00071300002,0.0092209997,-0.020219
392,2001,0.0011810078,0.016463427,0.038510732,0.05513826,0.069338106,0.085880935,1,0,0.0,0.0,0.0,0.0,0.0,0.0,0.0040624943,0.027795425,-0.0025197631,-0.011287564,-0.032814,-0.043256,0.00071300002,0.0092209997
392,2002,0.01528242,0.037329722,0.05395725,0.068157092,0.084699921,0.073765129,0,0,1.0,0.0,0.0,0.0,0.0,0.0,0.0011810078,0.0040624943,0.027795425,-0.0025197631,-0.034972001,-0.032814,-0.043256,0.00071300002
392,2003,0.022047304,0.038674831,0.052874677,0.069417506,0.058482714,0.0043115132,0,0,0.0,1.0,0.0,0.0,0.0,0.0,0.01528242,0.0011810078,0.0040624943,0.027795425,-0.041092001,-0.034972001,-0.032814,-0.043256
392,2004,0.016627528,0.030827371,0.047370203,0.03643541,-0.01773579,0.024187099,0,0,0.0,0.0,1.0,0.0,0.0,0.0,0.022047304,0.01528242,0.0011810078,0.0040624943,-0.033427,-0.041092001,-0.034972001,-0.032814
392,2005,0.014199844,0.030742673,0.019807883,-0.034363318,0.0075595714,0.0064049521,0,0,0.0,0.0,0.0,0.0,0.0,0.0,0.016627528,0.022047304,0.01528242,0.0011810078,-0.00082999998,-0.033427,-0.041092001,-0.034972001
392,2006,0.01654283,0.005608039,-0.04856316,-0.0066402704,-0.0077948896,0.0071553951,0,0,0.0,0.0,0.0,0.0,0.0,0.0,0.014199844,0.016627528,0.022047304,0.01528242,0.0045710001,-0.00082999998,-0.033427,-0.041092001
392,2007,-0.010934791,-0.06510599,-0.0231831,-0.02433772,-0.0093874354,0.010617459,0,0,0.0,0.0,0.0,0.0,0.0,0.0,0.01654283,0.014199844,0.016627528,0.022047304,-0.0059449999,0.0045710001,-0.00082999998,-0.033427
392,2008,-0.054171201,-0.012248311,-0.01340293,0.0015473543,0.02155225,0.024908897,1,1,0.0,0.0,0.0,0.0,0.0,0.0,-0.010934791,0.01654283,0.014199844,0.016627528,0.038261998,-0.0059449999,0.0045710001,-0.00082999998
392,2009,0.04192289,0.040768269,0.055718556,0.075723454,0.079080105,0.091274485,0,0,1.0,0.0,0.0,1.0,0.0,0.0,-0.054171201,-0.010934791,0.01654283,0.014199844,0.042263001,0.038261998,-0.0059449999,0.0045710001
392,2010,-0.0011546194,0.013795665,0.033800561,0.037157208,0.049351588,0.059336796,0,0,0.0,1.0,0.0,0.0,1.0,0.0,0.04192289,-0.054171201,-0.010934791,0.01654283,-0.040791001,0.042263001,0.038261998,-0.0059449999
392,2011,0.014950285,0.034955181,0.038311828,0.050506212,0.06049142,,0,0,0.0,0.0,1.0,0.0,0.0,1.0,-0.0011546194,0.04192289,-0.054171201,-0.010934791,0.024478,-0.040791001,0.042263001,0.038261998
392,2012,0.020004895,0.023361541,0.035555921,0.04554113,,,0,0,0.0,0.0,0.0,0.0,0.0,0.0,0.014950285,-0.0011546194,0.04192289,-0.054171201,0.0053630001,0.024478,-0.040791001,0.042263001
392,2013,0.0033566477,0.01555103,0.025536239,,,,0,0,0.0,0.0,0.0,0.0,0.0,0.0,0.020004895,0.014950285,-0.0011546194,0.04192289,0.0051250001,0.0053630001,0.024478,-0.040791001
410,1975,0.13115159,0.25392818,0.36167309,0.44792941,0.43091664,0.50272173,0,0,,,,0.0,0.0,0.0,0.078635119,0.094608739,0.14827555,0.071507148,-0.058552999,0.022502,0.011887,0.0036470001
410,1976,0.12277661,0.23052153,0.31677786,0.29976508,0.3715702,0.45422041,0,0,0.0,,,0.0,0.0,0.0,0.13115159,0.078635119,0.094608739,0.14827555,-0.027139001,-0.058552999,0.022502,0.011887
410,1977,0.10774491,0.19400123,0.17698847,0.24879357,0.33144379,0.46386442,0,0,0.0,0.0,,0.0,0.0,0.0,0.12277661,0.13115159,0.078635119,0.094608739,0.0037400001,-0.027139001,-0.058552999,0.022502
410,1978,0.086256325,0.069243558,0.14104867,0.22369888,0.35611951,0.46054864,0,0,0.0,0.0,0.0,0.0,0.0,0.0,0.10774491,0.12277661,0.13115159,0.078635119,0.033165,0.0037400001,-0.027139001,-0.058552999
410,1979,-0.017012766,0.054792345,0.13744256,0.26986319,0.37429231,0.45178878,0,0,0.0,0.0,0.0,0.0,0.0,0.0,0.086256325,0.10774491,0.12277661,0.13115159,0.048872001,0.033165,0.0037400001,-0.027139001
410,1980,0.071805112,0.15445533,0.28687596,0.39130509,0.46880156,0.58104241,0,0,0.0,0.0,0.0,0.0,0.0,0.0,-0.017012766,0.086256325,0.10774491,0.12277661,0.114818,0.048872001,0.033165,0.0037400001
410,1981,0.082650214,0.21507084,0.31949997,0.39699644,0.50923729,0.63390994,0,0,0.0,0.0,0.0,0.0,0.0,0.0,0.071805112,-0.017012766,0.086256325,0.10774491,0.041694,0.114818,0.048872001,0.033165
410,1982,0.13242063,0.23684974,0.31434619,0.42658705,0.5512597,0.67030686,0,0,0.0,0.0,0.0,0.0,0.0,0.0,0.082650214,0.071805112,-0.017012766,0.086256325,0.085403003,0.041694,0.114818,0.048872001
410,1983,0.10442911,0.18192557,0.29416645,0.4188391,0.53788626,0.60818338,0,0,0.0,0.0,0.0,0.0,0.0,0.0,0.13242063,0.082650214,0.071805112,-0.017012766,0.022922,0.085403003,0.041694,0.114818
410,1984,0.077496462,0.18973732,0.31440997,0.43345717,0.50375426,0.60186654,0,0,0.0,0.0,0.0,0.0,0.0,0.0,0.10442911,0.13242063,0.082650214,0.071805112,0.033787999,0.022922,0.085403003,0.041694
410,1985,0.11224087,0.23691353,0.35596073,0.42625782,0.52437013,0.62790966,0,0,0.0,0.0,0.0,0.0,0.0,0.0,0.077496462,0.10442911,0.13242063,0.082650214,0.060166001,0.033787999,0.022922,0.085403003
410,1986,0.12467266,0.24371985,0.31401694,0.41212922,0.51566875,0.57742381,0,0,0.0,0.0,0.0,0.0,0.0,0.0,0.11224087,0.077496462,0.10442911,0.13242063,-0.014285,0.060166001,0.033787999,0.022922
410,1987,0.11904719,0.18934429,0.28745657,0.3909961,0.45275116,0.5212186,0,0,0.0,0.0,0.0,0.0,0.0,0.0,0.12467266,0.11224087,0.077496462,0.10442911,-0.034478001,-0.014285,0.060166001,0.033787999
410,1988,0.0702971,0.16840941,0.27194893,0.33370399,0.40217143,0.49423283,0,0,0.0,0.0,0.0,0.0,0.0,0.0,0.11904719,0.12467266,0.11224087,0.077496462,-0.034502,-0.034478001,-0.014285,0.060166001
410,1989,0.0981123,0.20165181,0.26340687,0.33187431,0.42393571,0.51964176,0,0,0.0,0.0,0.0,0.0,0.0,0.0,0.0702971,0.11904719,0.12467266,0.11224087,0.11125,-0.034502,-0.034478001,-0.014285
410,1990,0.10353951,0.16529457,0.23376201,0.32582343,0.42152947,0.49747455,0,1,0.0,0.0,0.0,0.0,0.0,0.0,0.0981123,0.0702971,0.11904719,0.12467266,0.054432999,0.11125,-0.034502,-0.034478001
410,1991,0.061755057,0.1302225,0.22228391,0.31798995,0.39393502,0.45315689,0,0,0.0,0.0,0.0,1.0,0.0,0.0,0.10353951,0.0981123,0.0702971,0.11904719,0.049056999,0.054432999,0.11125,-0.034502
410,1992,0.068467438,0.16052885,0.25623488,0.33217996,0.39140183,0.33668965,0,0,0.0,0.0,0.0,0.0,1.0,0.0,0.061755057,0.10353951,0.0981123,0.0702971,0.0537,0.049056999,0.054432999,0.11125
410,1993,0.092061415,0.18776746,0.26371256,0.32293442,0.26822221,0.38130844,0,0,0.0,0.0,0.0,0.0,0.0,1.0,0.068467438,0.061755057,0.10353951,0.0981123,0.047639001,0.0537,0.049056999,0.054432999
410,1994,0.095706046,0.17165114,0.23087299,0.1761608,0.28924701,0.37849128,0,0,0.0,0.0,0.0,0.0,0.0,0.0,0.092061415,0.068467438,0.061755057,0.10353951,0.061393999,0.047639001,0.0537,0.049056999
410,1995,0.075945094,0.13516694,0.080454752,0.19354096,0.28278524,0.32803831,0,0,0.0,0.0,0.0,0.0,0.0,0.0,0.095706046,0.092061415,0.068467438,0.061755057,0.035595,0.061393999,0.047639001,0.0537
410,1996,0.059221853,0.0045096613,0.11759588,0.20684014,0.2520932,0.32641754,0,1,0.0,0.0,0.0,0.0,0.0,0.0,0.075945094,0.095706046,0.092061415,0.068467438,0.070725001,0.035595,0.061393999,0.047639001
410,1997,-0.054712191,0.058374025,0.14761829,0.19287136,0.2671957,0.29652789,1,1,0.0,0.0,0.0,1.0,0.0,0.0,0.059221853,0.075945094,0.095706046,0.092061415,0.140737,0.070725001,0.035595,0.061393999
410,1998,0.11308622,0.20233047,0.24758354,0.32190788,0.35124007,0.40023848,0,0,1.0,0.0,0.0,1.0,1.0,0.0,-0.054712191,0.059221853,0.075945094,0.095706046,0.030474,0.140737,0.070725001,0.035595
410,1999,0.089244261,0.13449733,0.20882167,0.23815385,0.28715226,0.32638904,0,0,0.0,1.0,0.0,0.0,1.0,1.0,0.11308622,-0.054712191,0.059221853,0.075945094,-0.178482,0.030474,0.140737,0.070725001
410,2000,0.045253068,0.11957741,0.14890958,0.19790798,0.23714475,0.28890628,1,1,0.0,0.0,1.0,0.0,0.0,1.0,0.089244261,0.11308622,-0.054712191,0.059221853,-0.12735,-0.178482,0.030474,0.140737
410,2001,0.07432434,0.10365652,0.15265492,0.19189169,0.24365322,0.29828718,0,0,1.0,0.0,0.0,1.0,0.0,0.0,0.045253068,0.089244261,0.11308622,-0.054712191,-0.045710001,-0.12735,-0.178482,0.030474
410,2002,0.02933218,0.078330584,0.11756736,0.1693289,0.22396286,0.25225508,0,0,0.0,1.0,0.0,0.0,1.0,0.0,0.07432434,0.045253068,0.089244261,0.11308622,0.089277998,-0.045710001,-0.12735,-0.178482
410,2003,0.048998404,0.088235177,0.13999671,0.19463067,0.22292289,0.22999799,0,0,0.0,0.0,1.0,0.0,0.0,1.0,0.02933218,0.07432434,0.045253068,0.089244261,-0.00091300003,0.089277998,-0.045710001,-0.12735
410,2004,0.039236773,0.090998307,0.14563227,0.17392451,0.18099961,0.24596754,0,0,0.0,0.0,0.0,0.0,0.0,0.0,0.048998404,0.02933218,0.07432434,0.045253068,-0.038523,-0.00091300003,0.089277998,-0.045710001
410,2005,0.051761538,0.1063955,0.13468772,0.14176282,0.20673075,0.24354763,0,0,0.0,0.0,0.0,0.0,0.0,0.0,0.039236773,0.048998404,0.02933218,0.07432434,0.050007001,-0.038523,-0.00091300003,0.089277998
410,2006,0.054633964,0.082926199,0.0900013,0.15496925,0.19178613,0.2147101,0,0,0.0,0.0,0.0,0.0,0.0,0.0,0.051761538,0.039236773,0.048998404,0.02933218,0.038826,0.050007001,-0.038523,-0.00091300003
410,2007,0.028292231,0.035367332,0.10033527,0.13715215,0.16007613,0.18903817,0,0,0.0,0.0,0.0,0.0,0.0,0.0,0.054633964,0.051761538,0.039236773,0.048998404,0.061779998,0.038826,0.050007001,-0.038523
410,2008,0.0070750993,0.072043039,0.10885993,0.1317839,0.16074595,0.19416043,1,1,0.0,0.0,0.0,0.0,0.0,0.0,0.028292231,0.054633964,0.051761538,0.039236773,0.119787,0.061779998,0.038826,0.050007001
410,2009,0.064967938,0.10178483,0.1247088,0.15367085,0.18708533,0.2149877,0,0,1.0,0.0,0.0,1.0,0.0,0.0,0.0070750993,0.028292231,0.054633964,0.051761538,0.024827,0.119787,0.061779998,0.038826
410,2010,0.036816884,0.059740864,0.088702917,0.1221174,0.15001976,0.17829698,0,0,0.0,1.0,0.0,0.0,1.0,0.0,0.064967938,0.0070750993,0.028292231,0.054633964,-0.074372001,0.024827,0.119787,0.061779998
410,2011,0.022923978,0.05188603,0.085300505,0.11320287,0.14148009,,0,0,0.0,0.0,1.0,0.0,0.0,1.0,0.036816884,0.064967938,0.0070750993,0.028292231,-0.00090899999,-0.074372001,0.024827,0.119787
410,2012,0.02896205,0.062376529,0.090278894,0.11855612,,,0,0,0.0,0.0,0.0,0.0,0.0,0.0,0.022923978,0.036816884,0.064967938,0.0070750993,-0.0089490004,-0.00090899999,-0.074372001,0.024827
410,2013,0.033414479,0.06131684,0.089594066,,,,0,0,0.0,0.0,0.0,0.0,0.0,0.0,0.02896205,0.022923978,0.036816884,0.064967938,-0.025916999,-0.0089490004,-0.00090899999,-0.074372001
442,1950,0.085957527,0.080303192,0.096380234,0.14176559,0.19054413,0.23934555,0,0,0.0,0.0,1.0,0.0,0.0,1.0,,,,,,,,
442,1951,-0.005654335,0.010422707,0.055808067,0.1045866,0.15338802,0.17711926,0,0,0.0,0.0,0.0,0.0,0.0,0.0,0.085957527,,,,-0.049194999,,,
442,1952,0.016077042,0.061462402,0.11024094,0.15904236,0.18277359,0.17372513,0,0,0.0,0.0,0.0,0.0,0.0,0.0,-0.005654335,0.085957527,,,0.038959,-0.049194999,,
442,1953,0.045385361,0.094163895,0.14296532,0.16669655,0.15764809,0.19109249,0,0,0.0,0.0,0.0,0.0,0.0,0.0,0.016077042,-0.005654335,0.085957527,,0.046957999,0.038959,-0.049194999,
442,1954,0.048778534,0.097579956,0.12131119,0.11226273,0.14570713,0.19353294,0,0,0.0,0.0,0.0,0.0,0.0,0.0,0.045385361,0.016077042,-0.005654335,0.085957527,0.025293,0.046957999,0.038959,-0.049194999
442,1955,0.048801422,0.072532654,0.063484192,0.096928596,0.14475441,0.18305424,0,0,0.0,0.0,0.0,0.0,0.0,0.0,0.048778534,0.045385361,0.016077042,-0.005654335,0.0045409999,0.025293,0.046957999,0.038959
442,1956,0.023731232,0.01468277,0.048127174,0.095952988,0.13425282,0.14783959,0,0,0.0,0.0,0.0,0.0,0.0,0.0,0.048801422,0.048778534,0.045385361,0.016077042,0.019894,0.0045409999,0.025293,0.046957999
442,1957,-0.0090484619,0.024395943,0.072221756,0.11052158,0.12410836,0.15849945,0,0,0.0,0.0,0.0,0.0,0.0,0.0,0.023731232,0.048801422,0.048778534,0.045385361,-0.023977,0.019894,0.0045409999,0.025293
442,1958,0.033444405,0.081270218,0.11957005,0.13315682,0.16754791,0.24620619,0,0,0.0,0.0,0.0,0.0,0.0,0.0,-0.0090484619,0.023731232,0.048801422,0.048778534,0.021562001,-0.023977,0.019894,0.0045409999
442,1959,0.047825813,0.086125642,0.099712417,0.13410351,0.21276179,0.20541245,0,0,0.0,0.0,0.0,0.0,0.0,0.0,0.033444405,-0.0090484619,0.023731232,0.048801422,0.027814001,0.021562001,-0.023977,0.019894
442,1960,0.038299832,0.051886611,0.086277694,0.16493598,0.15758663,0.16864568,0,0,0.0,0.0,0.0,0.0,0.0,0.0,0.047825813,0.033444405,-0.0090484619,0.023731232,0.0020310001,0.027814001,0.021562001,-0.023977
442,1961,0.013586776,0.047977865,0.12663615,0.11928681,0.13034585,0.13251317,0,0,0.0,0.0,0.0,0.0,0.0,0.0,0.038299832,0.047825813,0.033444405,-0.0090484619,0.042195,0.0020310001,0.027814001,0.021562001
442,1962,0.034391087,0.11304937,0.10570004,0.11675908,0.11892638,0.16076511,0,0,0.0,0.0,0.0,0.0,0.0,0.0,0.013586776,0.038299832,0.047825813,0.033444405,0.0021609999,0.042195,0.0020310001,0.027814001
442,1963,0.07865829,0.071308956,0.082367994,0.084535301,0.12637402,0.22610259,0,0,0.0,0.0,0.0,0.0,0.0,0.0,0.034391087,0.013586776,0.038299832,0.047825813,-0.0065159998,0.0021609999,0.042195,0.0020310001
442,1964,-0.0073493361,0.0037097051,0.0058770133,0.047715735,0.14744431,0.19251472,0,0,0.0,0.0,0.0,0.0,0.0,0.0,0.07865829,0.034391087,0.013586776,0.038299832,0.028706999,-0.0065159998,0.0021609999,0.042195
442,1965,0.011059041,0.013226349,0.055065069,0.15479365,0.19986406,0.22653642,0,0,0.0,0.0,0.0,0.0,0.0,0.0,-0.0073493361,0.07865829,0.034391087,0.013586776,0.00082299998,0.028706999,-0.0065159998,0.0021609999
442,1966,0.0021673082,0.044006027,0.1437346,0.18880501,0.21547738,0.2814593,0,0,0.0,0.0,0.0,0.0,0.0,0.0,0.011059041,-0.0073493361,0.07865829,0.034391087,0.032437,0.00082299998,0.028706999,-0.0065159998
442,1967,0.04183872,0.14156729,0.1866377,0.21331006,0.27929199,0.36241874,0,0,0.0,0.0,0.0,0.0,0.0,0.0,0.0021673082,0.011059041,-0.0073493361,0.07865829,-0.018623,0.032437,0.00082299998,0.028706999
442,1992,0.042006481,0.080215693,0.094537698,0.10842198,0.16551915,0.22596566,0,0,,,,0.0,0.0,0.0,0.018196529,0.086441897,0.053199321,0.097980611,0.14586399,-0.035636999,0.100276,0.006854
442,1993,0.038209211,0.052531213,0.066415496,0.12351267,0.18395919,0.2687692,0,0,0.0,,,0.0,0.0,0.0,0.042006481,0.018196529,0.086441897,0.053199321,-0.196228,0.14586399,-0.035636999,0.100276
442,1994,0.014322003,0.028206287,0.085303463,0.14574999,0.23056,0.312958,0,0,0.0,0.0,,0.0,0.0,0.0,0.038209211,0.042006481,0.018196529,0.086441897,-0.12507799,-0.196228,0.14586399,-0.035636999
442,1995,0.013884284,0.070981458,0.13142797,0.21623799,0.29863599,0.32395574,0,0,0.0,0.0,0.0,0.0,0.0,0.0,0.014322003,0.038209211,0.042006481,0.018196529,0.026873,-0.12507799,-0.196228,0.14586399
442,1996,0.057097174,0.11754369,0.20235372,0.28475171,0.31007147,0.34826615,0,0,0.0,0.0,0.0,0.0,0.0,0.0,0.013884284,0.014322003,0.038209211,0.042006481,-0.0054899999,0.026873,-0.12507799,-0.196228
442,1997,0.060446516,0.14525655,0.22765455,0.2529743,0.29116899,0.30746186,0,0,0.0,0.0,0.0,0.0,0.0,0.0,0.057097174,0.013884284,0.014322003,0.038209211,0.052616999,-0.0054899999,0.026873,-0.12507799
442,1998,0.084810026,0.16720802,0.19252777,0.23072247,0.24701534,0.28313711,0,0,0.0,0.0,0.0,0.0,0.0,0.0,0.060446516,0.057097174,0.013884284,0.014322003,-0.160493,0.052616999,-0.0054899999,0.026873
442,1999,0.082397997,0.10771775,0.14591244,0.16220531,0.19832708,0.2300515,0,1,0.0,0.0,0.0,0.0,0.0,0.0,0.084810026,0.060446516,0.057097174,0.013884284,-0.024083,-0.160493,0.052616999,-0.0054899999
442,2000,0.025319749,0.063514449,0.079807319,0.11592908,0.14765351,0.19943836,0,0,0.0,0.0,0.0,1.0,0.0,0.0,0.082397997,0.084810026,0.060446516,0.057097174,0.052680001,-0.024083,-0.160493,0.052616999
442,2001,0.038194697,0.054487567,0.090609334,0.12233377,0.17411862,0.25766414,0,0,0.0,0.0,0.0,0.0,1.0,0.0,0.025319749,0.082397997,0.084810026,0.060446516,0.047334999,0.052680001,-0.024083,-0.160493
442,2002,0.01629287,0.052414637,0.084139064,0.13592392,0.21946946,0.20667361,0,0,0.0,0.0,0.0,0.0,0.0,1.0,0.038194697,0.025319749,0.082397997,0.084810026,-0.115422,0.047334999,0.052680001,-0.024083
442,2003,0.036121767,0.067846194,0.11963105,0.20317659,0.19038074,0.14679468,0,0,0.0,0.0,0.0,0.0,0.0,0.0,0.01629287,0.038194697,0.025319749,0.082397997,0.018893,-0.115422,0.047334999,0.052680001
442,2004,0.031724427,0.083509281,0.16705482,0.15425897,0.1106729,0.15932259,0,0,0.0,0.0,0.0,0.0,0.0,0.0,0.036121767,0.01629287,0.038194697,0.025319749,-0.02562,0.018893,-0.115422,0.047334999
442,2005,0.051784858,0.13533039,0.12253454,0.078948468,0.12759815,0.15299051,0,0,0.0,0.0,0.0,0.0,0.0,0.0,0.031724427,0.036121767,0.01629287,0.038194697,0.052694,-0.02562,0.018893,-0.115422
442,2006,0.083545536,0.070749678,0.02716361,0.075813293,0.10120564,0.097680449,0,0,0.0,0.0,0.0,0.0,0.0,0.0,0.051784858,0.031724427,0.036121767,0.01629287,0.036688,0.052694,-0.02562,0.018893
442,2007,-0.012795856,-0.056381926,-0.0077322386,0.017660109,0.014134916,0.054036833,0,0,0.0,0.0,0.0,0.0,0.0,0.0,0.083545536,0.051784858,0.031724427,0.036121767,0.108399,0.036688,0.052694,-0.02562
442,2008,-0.043586068,0.0050636195,0.030455967,0.026930774,0.066832691,0.12310199,1,1,0.0,0.0,0.0,0.0,0.0,0.0,-0.012795856,0.083545536,0.051784858,0.031724427,0.19769201,0.108399,0.036688,0.052694
442,2009,0.048649687,0.074042037,0.070516847,0.11041877,0.16668807,0.20673063,0,0,1.0,0.0,0.0,1.0,0.0,0.0,-0.043586068,-0.012795856,0.083545536,0.051784858,0.0049439999,0.19769201,0.108399,0.036688
442,2010,0.025392348,0.021867154,0.061769068,0.11803837,0.15808094,0.19988586,0,0,0.0,1.0,0.0,0.0,1.0,0.0,0.048649687,-0.043586068,-0.012795856,0.083545536,-0.157519,0.0049439999,0.19769201,0.108399
442,2011,-0.0035251935,0.036376722,0.092646033,0.1326886,0.17449352,,0,0,0.0,0.0,1.0,0.0,0.0,1.0,0.025392348,0.048649687,-0.043586068,-0.012795856,-0.044495001,-0.157519,0.0049439999,0.19769201
442,2012,0.039901916,0.096171223,0.13621379,0.17801872,,,1,0,0.0,0.0,0.0,0.0,0.0,0.0,-0.0035251935,0.025392348,0.048649687,-0.043586068,0.017207,-0.044495001,-0.157519,0.0049439999
442,2013,0.056269307,0.096311875,0.13811681,,,,0,0,1.0,0.0,0.0,0.0,0.0,0.0,0.039901916,-0.0035251935,0.025392348,0.048649687,0.032386001,0.017207,-0.044495001,-0.157519
458,1970,0.057534352,0.15135349,0.26849553,0.3515918,0.3596085,0.47524685,0,0,,,,,,,0.059865385,0.048885334,0.079779945,0.038571466,0.029144,0.017955,0.021842999,0.01195
458,1971,0.093819141,0.21096116,0.29405743,0.30207413,0.41771251,0.49527726,0,0,0.0,,,0.0,,,0.057534352,0.059865385,0.048885334,0.079779945,0.01276,0.029144,0.017955,0.021842999
458,1972,0.11714203,0.20023829,0.20825499,0.32389337,0.40145811,0.46797848,0,0,0.0,0.0,,0.0,0.0,,0.093819141,0.057534352,0.059865385,0.048885334,0.016778,0.01276,0.029144,0.017955
458,1973,0.083096258,0.091112956,0.20675132,0.28431606,0.3508364,0.44432741,1,1,0.0,0.0,0.0,0.0,0.0,0.0,0.11714203,0.093819141,0.057534352,0.059865385,0.035489,0.016778,0.01276,0.029144
458,1974,0.0080166999,0.12365506,0.2012198,0.26774013,0.36123115,0.43567348,1,1,1.0,0.0,0.0,1.0,0.0,0.0,0.083096258,0.11714203,0.093819141,0.057534352,-0.0042039999,0.035489,0.016778,0.01276
458,1975,0.11563836,0.19320311,0.25972345,0.35321447,0.42765683,0.49707636,0,0,1.0,1.0,0.0,1.0,1.0,0.0,0.0080166999,0.083096258,0.11714203,0.093819141,0.057360001,-0.0042039999,0.035489,0.016778
458,1976,0.077564746,0.14408509,0.2375761,0.31201845,0.38143799,0.44084725,0,0,0.0,1.0,1.0,0.0,1.0,1.0,0.11563836,0.0080166999,0.083096258,0.11714203,0.00055,0.057360001,-0.0042039999,0.035489
458,1977,0.066520348,0.16001135,0.23445369,0.30387321,0.36328247,0.42578498,0,0,0.0,0.0,1.0,0.0,0.0,1.0,0.077564746,0.11563836,0.0080166999,0.083096258,0.016946999,0.00055,0.057360001,-0.0042039999
458,1978,0.09349101,0.16793334,0.23735288,0.29676214,0.35926464,0.4368839,0,0,0.0,0.0,0.0,0.0,0.0,0.0,0.066520348,0.077564746,0.11563836,0.0080166999,0.037347998,0.016946999,0.00055,0.057360001
458,1979,0.074442342,0.14386186,0.20327114,0.26577365,0.34339291,0.33217043,0,0,0.0,0.0,0.0,0.0,0.0,0.0,0.09349101,0.066520348,0.077564746,0.11563836,0.030011,0.037347998,0.016946999,0.00055
458,1980,0.069419526,0.12882879,0.1913313,0.26895055,0.25772807,0.26925316,0,0,0.0,0.0,0.0,0.0,0.0,0.0,0.074442342,0.09349101,0.066520348,0.077564746,0.086963996,0.030011,0.037347998,0.016946999
458,1981,0.059409272,0.12191178,0.19953103,0.18830855,0.19983365,0.2537201,0,0,0.0,0.0,0.0,0.0,0.0,0.0,0.069419526,0.074442342,0.09349101,0.066520348,0.079429001,0.086963996,0.030011,0.037347998
458,1982,0.062502511,0.14012176,0.12889928,0.14042437,0.19431081,0.29368806,0,0,0.0,0.0,0.0,0.0,0.0,0.0,0.059409272,0.069419526,0.074442342,0.09349101,0.047791,0.079429001,0.086963996,0.030011
458,1983,0.077619255,0.066396773,0.07792186,0.13180831,0.23118556,0.32177037,0,0,0.0,0.0,0.0,0.0,0.0,0.0,0.062502511,0.059409272,0.069419526,0.074442342,0.071886003,0.047791,0.079429001,0.086963996
458,1984,-0.011222485,0.00030260347,0.054189056,0.1535663,0.24415112,0.33424762,0,0,0.0,0.0,0.0,0.0,0.0,0.0,0.077619255,0.062502511,0.059409272,0.069419526,0.045579001,0.071886003,0.047791,0.079429001
458,1985,0.011525089,0.065411538,0.16478878,0.2553736,0.3454701,0.44092476,0,0,0.0,0.0,0.0,0.0,0.0,0.0,-0.011222485,0.077619255,0.062502511,0.059409272,0.135768,0.045579001,0.071886003,0.047791
458,1986,0.053886451,0.15326369,0.2438485,0.33394501,0.42939967,0.51825082,0,0,0.0,0.0,0.0,0.0,0.0,0.0,0.011525089,-0.011222485,0.077619255,0.062502511,0.136623,0.135768,0.045579001,0.071886003
458,1987,0.099377245,0.18996206,0.28005856,0.3755132,0.46436435,0.56331384,0,0,0.0,0.0,0.0,0.0,0.0,0.0,0.053886451,0.011525089,-0.011222485,0.077619255,-0.096040003,0.136623,0.135768,0.045579001
458,1988,0.090584815,0.18068132,0.27613598,0.36498713,0.4639366,0.55605704,0,0,0.0,0.0,0.0,0.0,0.0,0.0,0.099377245,0.053886451,0.011525089,-0.011222485,-0.019657001,-0.096040003,0.136623,0.135768
458,1989,0.090096496,0.18555114,0.27440229,0.37335175,0.46547219,0.56376302,0,0,0.0,0.0,0.0,0.0,0.0,0.0,0.090584815,0.099377245,0.053886451,0.011525089,0.070588998,-0.019657001,-0.096040003,0.136623
458,1990,0.095454648,0.1843058,0.28325528,0.37537572,0.47366655,0.57369357,0,0,0.0,0.0,0.0,0.0,0.0,0.0,0.090096496,0.090584815,0.099377245,0.053886451,0.100437,0.070588998,-0.019657001,-0.096040003
458,1991,0.088851154,0.18780062,0.27992105,0.37821189,0.47823888,0.55146629,0,0,0.0,0.0,0.0,0.0,0.0,0.0,0.095454648,0.090096496,0.090584815,0.099377245,0.047079999,0.100437,0.070588998,-0.019657001
458,1992,0.09894947,0.1910699,0.28936073,0.38938773,0.46261516,0.38902101,0,0,0.0,0.0,0.0,0.0,0.0,0.0,0.088851154,0.095454648,0.090096496,0.090584815,-0.0084790001,0.047079999,0.100437,0.070588998
458,1993,0.092120431,0.19041125,0.29043826,0.3636657,0.29007155,0.35144764,0,0,0.0,0.0,0.0,0.0,0.0,0.0,0.09894947,0.088851154,0.095454648,0.090096496,-0.01382,-0.0084790001,0.047079999,0.100437
458,1994,0.098290823,0.19831783,0.27154526,0.19795111,0.2593272,0.34791589,0,0,0.0,0.0,0.0,0.0,0.0,0.0,0.092120431,0.09894947,0.088851154,0.095454648,0.029019,-0.01382,-0.0084790001,0.047079999
458,1995,0.10002701,0.17325443,0.099660277,0.16103637,0.24962506,0.25480181,0,0,0.0,0.0,0.0,0.0,0.0,0.0,0.098290823,0.092120431,0.09894947,0.088851154,0.15128399,0.029019,-0.01382,-0.0084790001
458,1996,0.073227428,-0.00036672503,0.061009374,0.14959805,0.1547748,0.20868468,0,0,0.0,0.0,0.0,0.0,0.0,0.0,0.10002701,0.098290823,0.092120431,0.09894947,0.18132301,0.15128399,0.029019,-0.01382
458,1997,-0.073594153,-0.012218054,0.076370627,0.081547379,0.13545726,0.19334225,1,1,0.0,0.0,0.0,0.0,0.0,0.0,0.073227428,0.10002701,0.098290823,0.092120431,0.195281,0.18132301,0.15128399,0.029019
458,1998,0.061376099,0.14996478,0.15514153,0.20905142,0.26693642,0.3347708,0,0,1.0,0.0,0.0,1.0,0.0,0.0,-0.073594153,0.073227428,0.10002701,0.098290823,0.0052430001,0.195281,0.18132301,0.15128399
458,1999,0.088588677,0.09376543,0.14767531,0.2055603,0.27339467,0.32671607,0,0,0.0,1.0,0.0,0.0,1.0,0.0,0.061376099,-0.073594153,0.073227428,0.10002701,-0.129393,0.0052430001,0.195281,0.18132301
458,2000,0.0051767528,0.059086636,0.11697163,0.184806,0.2381274,0.29397586,0,0,0.0,0.0,1.0,0.0,0.0,1.0,0.088588677,0.061376099,-0.073594153,0.073227428,-0.16641399,-0.129393,0.0052430001,0.195281
458,2001,0.053909883,0.11179487,0.17962925,0.23295064,0.28879911,0.38307574,0,0,0.0,0.0,0.0,0.0,0.0,0.0,0.0051767528,0.088588677,0.061376099,-0.073594153,0.072489999,-0.16641399,-0.129393,0.0052430001
458,2002,0.057884995,0.12571937,0.17904076,0.23488922,0.32916588,0.36236182,0,0,0.0,0.0,0.0,0.0,0.0,0.0,0.053909883,0.0051767528,0.088588677,0.061376099,-0.042644002,0.072489999,-0.16641399,-0.129393
458,2003,0.067834377,0.12115577,0.17700423,0.27128088,0.30447683,0.27921855,0,0,0.0,0.0,0.0,0.0,0.0,0.0,0.057884995,0.053909883,0.0051767528,0.088588677,-0.043841001,-0.042644002,0.072489999,-0.16641399
458,2004,0.053321391,0.10916986,0.20344651,0.23664245,0.21138419,0.28119376,0,0,0.0,0.0,0.0,0.0,0.0,0.0,0.067834377,0.057884995,0.053909883,0.0051767528,-0.093152002,-0.043841001,-0.042644002,0.072489999
458,2005,0.055848468,0.15012512,0.18332106,0.1580628,0.22787237,0.2808103,0,0,0.0,0.0,0.0,0.0,0.0,0.0,0.053321391,0.067834377,0.057884995,0.053909883,-0.079347998,-0.093152002,-0.043841001,-0.042644002
458,2006,0.094276644,0.12747258,0.10221432,0.17202389,0.2249618,0.27970564,0,0,0.0,0.0,0.0,0.0,0.0,0.0,0.055848468,0.053321391,0.067834377,0.057884995,-0.047022998,-0.079347998,-0.093152002,-0.043841001
458,2007,0.033195943,0.0079376847,0.077747248,0.13068517,0.18542902,0.23235822,0,0,0.0,0.0,0.0,0.0,0.0,0.0,0.094276644,0.055848468,0.053321391,0.067834377,-0.036469001,-0.047022998,-0.079347998,-0.093152002
458,2008,-0.025258258,0.044551305,0.097489223,0.15223308,0.19916227,0.25928393,1,1,0.0,0.0,0.0,0.0,0.0,0.0,0.033195943,0.094276644,0.055848468,0.053321391,-0.026574999,-0.036469001,-0.047022998,-0.079347998
458,2009,0.069809563,0.12274748,0.17749134,0.22442053,0.2845422,0.33423007,0,0,1.0,0.0,0.0,1.0,0.0,0.0,-0.025258258,0.033195943,0.094276644,0.055848468,0.157959,-0.026574999,-0.036469001,-0.047022998
458,2010,0.052937914,0.10768177,0.15461096,0.21473263,0.26442048,0.30680999,0,0,0.0,1.0,0.0,0.0,1.0,0.0,0.069809563,-0.025258258,0.033195943,0.094276644,-0.059689,0.157959,-0.026574999,-0.036469001
458,2011,0.054743852,0.10167304,0.16179471,0.21148255,0.25387207,,0,0,0.0,0.0,1.0,0.0,0.0,1.0,0.052937914,0.069809563,-0.025258258,0.033195943,0.012013,-0.059689,0.157959,-0.026574999
458,2012,0.046929192,0.10705086,0.15673871,0.19912823,,,0,0,0.0,0.0,0.0,0.0,0.0,0.0,0.054743852,0.052937914,0.069809563,-0.025258258,0.061269999,0.012013,-0.059689,0.157959
458,2013,0.060121667,0.10980952,0.15219903,,,,0,0,0.0,0.0,0.0,0.0,0.0,0.0,0.046929192,0.054743852,0.052937914,0.069809563,0.055780999,0.061269999,0.012013,-0.059689
484,1921,0.023419935,0.057103559,0.040877577,0.10092592,0.15916364,0.11451906,0,0,,,,,,,0.0066776988,,,,,,,
484,1922,0.033683624,0.017457642,0.077505983,0.13574371,0.091099128,0.097016886,0,0,0.0,,,0.0,,,0.023419935,0.0066776988,,,,,,
484,1923,-0.016225982,0.043822359,0.10206008,0.057415504,0.063333258,0.023889478,0,0,0.0,0.0,,0.0,0.0,,0.033683624,0.023419935,0.0066776988,,,,,
484,1924,0.060048342,0.11828606,0.073641479,0.079559237,0.040115457,-0.024879556,1,0,0.0,0.0,0.0,0.0,0.0,0.0,-0.016225982,0.033683624,0.023419935,0.0066776988,,,,
484,1925,0.05823772,0.013593145,0.019510899,-0.019932881,-0.084927894,-0.051902436,0,0,1.0,0.0,0.0,0.0,0.0,0.0,0.060048342,-0.016225982,0.033683624,0.023419935,,,,
484,1926,-0.044644576,-0.038726822,-0.078170598,-0.14316562,-0.11014016,-0.27245429,0,0,0.0,1.0,0.0,0.0,0.0,0.0,0.05823772,0.060048342,-0.016225982,0.033683624,-0.041421,,,
484,1927,0.005917754,-0.033526026,-0.098521039,-0.06549558,-0.22780971,-0.12020329,0,0,0.0,0.0,1.0,0.0,0.0,0.0,-0.044644576,0.05823772,0.060048342,-0.016225982,7.0000002e-05,-0.041421,,
484,1928,-0.03944378,-0.1044388,-0.071413338,-0.23372747,-0.12612104,-0.060642853,0,0,0.0,0.0,0.0,0.0,0.0,0.0,0.005917754,-0.044644576,0.05823772,0.060048342,-0.024929,7.0000002e-05,-0.041421,
484,1929,-0.064995013,-0.031969555,-0.19428369,-0.086677268,-0.021199077,0.05030977,0,0,0.0,0.0,0.0,0.0,0.0,0.0,-0.03944378,0.005917754,-0.044644576,0.05823772,0.011642,-0.024929,7.0000002e-05,-0.041421
484,1931,-0.16231413,-0.054707706,0.010770485,0.082279332,0.15904319,0.19162127,1,0,1.0,0.0,0.0,,0.0,0.0,0.033025458,-0.064995013,-0.03944378,0.005917754,-0.032453001,0.0080490001,0.011642,-0.024929
484,1932,0.10760643,0.17308462,0.24459347,0.32135734,0.35393542,0.37018853,0,0,1.0,1.0,0.0,0.0,,0.0,-0.16231413,0.033025458,-0.064995013,-0.03944378,0.045224,-0.032453001,0.0080490001,0.011642
484,1933,0.065478191,0.13698703,0.2137509,0.24632898,0.26258209,,0,0,0.0,1.0,1.0,0.0,0.0,,0.10760643,-0.16231413,0.033025458,-0.064995013,0.040148001,0.045224,-0.032453001,0.0080490001
484,1934,0.071508847,0.14827271,0.18085077,0.19710387,,,0,0,0.0,0.0,1.0,0.0,0.0,0.0,0.065478191,0.10760643,-0.16231413,0.033025458,-0.011978,0.040148001,0.045224,-0.032453001
484,1935,0.076763861,0.10934193,0.12559503,,,,0,0,0.0,0.0,0.0,0.0,0.0,0.0,0.071508847,0.065478191,0.10760643,-0.16231413,-0.012533,-0.011978,0.040148001,0.045224
484,1946,0.033526562,0.074033856,0.12745604,0.22179738,0.29628909,0.3355082,1,1,,,,,,,0.063966729,,,,,,,
484,1947,0.040507291,0.09392947,0.18827081,0.26276252,0.30198163,0.30472028,0,0,1.0,,,1.0,,,0.033526562,0.063966729,,,0.015624,,,
484,1948,0.053422183,0.14776352,0.22225523,0.26147434,0.264213,0.3595376,0,0,0.0,1.0,,0.0,1.0,,0.040507291,0.033526562,0.063966729,,0.028914001,0.015624,,
484,1949,0.094341345,0.16883306,0.20805219,0.21079084,0.30611545,0.3873862,0,0,0.0,0.0,1.0,0.0,0.0,1.0,0.053422183,0.040507291,0.033526562,0.063966729,0.017479001,0.028914001,0.015624,
484,1950,0.074491717,0.11371084,0.11644949,0.21177408,0.29304484,0.3593936,0,0,0.0,0.0,0.0,0.0,0.0,0.0,0.094341345,0.053422183,0.040507291,0.033526562,0.0035959999,0.017479001,0.028914001,0.015624
484,1951,0.039219122,0.041957781,0.13728237,0.21855313,0.28490189,0.35791972,0,0,0.0,0.0,0.0,0.0,0.0,0.0,0.074491717,0.094341345,0.053422183,0.040507291,-0.015548,0.0035959999,0.017479001,0.028914001
484,1952,0.0027386583,0.098063245,0.179334,0.24568275,0.31870058,0.37051728,0,0,0.0,0.0,0.0,0.0,0.0,0.0,0.039219122,0.074491717,0.094341345,0.053422183,-0.0060680001,-0.015548,0.0035959999,0.017479001
484,1953,0.095324591,0.17659535,0.24294409,0.31596193,0.36777863,0.39721319,0,0,0.0,0.0,0.0,0.0,0.0,0.0,0.0027386583,0.039219122,0.074491717,0.094341345,0.03317,-0.0060680001,-0.015548,0.0035959999
484,1954,0.081270754,0.14761952,0.22063735,0.27245405,0.30188861,0.37980375,0,0,0.0,0.0,0.0,0.0,0.0,0.0,0.095324591,0.0027386583,0.039219122,0.074491717,-0.0035669999,0.03317,-0.0060680001,-0.015548
484,1955,0.066348754,0.1393666,0.1911833,0.22061786,0.29853299,0.348533,0,0,0.0,0.0,0.0,0.0,0.0,0.0,0.081270754,0.095324591,0.0027386583,0.039219122,-0.0048310002,-0.0035669999,0.03317,-0.0060680001
484,1956,0.073017836,0.12483454,0.1542691,0.23218423,0.28218424,0.32882839,0,0,0.0,0.0,0.0,0.0,0.0,0.0,0.066348754,0.081270754,0.095324591,0.0027386583,-0.0058619999,-0.0048310002,-0.0035669999,0.03317
484,1957,0.051816698,0.081251264,0.1591664,0.20916639,0.25581053,0.3368794,0,0,0.0,0.0,0.0,0.0,0.0,0.0,0.073017836,0.066348754,0.081270754,0.095324591,-0.022552,-0.0058619999,-0.0048310002,-0.0035669999
484,1958,0.029434564,0.1073497,0.15734971,0.20399386,0.28506273,0.40411752,0,0,0.0,0.0,0.0,0.0,0.0,0.0,0.051816698,0.073017836,0.066348754,0.081270754,-0.015163,-0.022552,-0.0058619999,-0.0048310002
484,1959,0.077915139,0.12791514,0.1745593,0.25562817,0.37468296,0.44568297,0,0,0.0,0.0,0.0,0.0,0.0,0.0,0.029434564,0.051816698,0.073017836,0.066348754,0.0036919999,-0.015163,-0.022552,-0.0058619999
484,1960,0.050000001,0.096644148,0.17771301,0.2967678,0.36776781,0.42872921,0,0,0.0,0.0,0.0,0.0,0.0,0.0,0.077915139,0.029434564,0.051816698,0.073017836,-0.006722,0.0036919999,-0.015163,-0.022552
484,1961,0.046644147,0.12771301,0.24676782,0.31776783,0.37872922,0.43727848,0,0,0.0,0.0,0.0,0.0,0.0,0.0,0.050000001,0.077915139,0.029434564,0.051816698,0.017275,-0.006722,0.0036919999,-0.015163
484,1962,0.081068866,0.20012367,0.27112368,0.33208507,0.39063433,0.48486713,0,0,0.0,0.0,0.0,0.0,0.0,0.0,0.046644147,0.050000001,0.077915139,0.029434564,0.022627,0.017275,-0.006722,0.0036919999
484,1963,0.1190548,0.1900548,0.2510162,0.30956545,0.40379825,0.43798447,0,0,0.0,0.0,0.0,0.0,0.0,0.0,0.081068866,0.046644147,0.050000001,0.077915139,-0.002544,0.022627,0.017275,-0.006722
484,1964,0.071000002,0.13196141,0.19051066,0.28474346,0.31892967,0.38395452,0,0,0.0,0.0,0.0,0.0,0.0,0.0,0.1190548,0.081068866,0.046644147,0.050000001,-0.00053999998,-0.002544,0.022627,0.017275
484,1965,0.060961396,0.11951064,0.21374343,0.24792963,0.31295449,0.35057917,0,0,0.0,0.0,0.0,0.0,0.0,0.0,0.071000002,0.1190548,0.081068866,0.046644147,-0.0029859999,-0.00053999998,-0.002544,0.022627
484,1966,0.058549248,0.15278204,0.18696824,0.25199306,0.28961775,0.3719058,0,0,0.0,0.0,0.0,0.0,0.0,0.0,0.060961396,0.071000002,0.1190548,0.081068866,0.010828,-0.0029859999,-0.00053999998,-0.002544
484,1967,0.09423279,0.12841898,0.19344382,0.23106849,0.31335658,0.39196777,0,0,0.0,0.0,0.0,0.0,0.0,0.0,0.058549248,0.060961396,0.071000002,0.1190548,0.022158001,0.010828,-0.0029859999,-0.00053999998
484,1968,0.034186199,0.099211037,0.13683571,0.21912378,0.29773498,0.35550326,0,0,0.0,0.0,0.0,0.0,0.0,0.0,0.09423279,0.058549248,0.060961396,0.071000002,0.008959,0.022158001,0.010828,-0.0029859999
484,1969,0.065024838,0.10264951,0.18493758,0.26354879,0.32131708,0.37876192,0,0,0.0,0.0,0.0,0.0,0.0,0.0,0.034186199,0.09423279,0.058549248,0.060961396,0.025072001,0.008959,0.022158001,0.010828
484,1970,0.037624676,0.11991274,0.19852394,0.25629222,0.31373706,0.3579115,0,0,0.0,0.0,0.0,0.0,0.0,0.0,0.065024838,0.034186199,0.09423279,0.058549248,0.017860999,0.025072001,0.008959,0.022158001
484,1971,0.082288072,0.16089927,0.21866754,0.27611238,0.32028681,0.35419321,0,0,0.0,0.0,0.0,0.0,0.0,0.0,0.037624676,0.065024838,0.034186199,0.09423279,0.01234,0.017860999,0.025072001,0.008959
484,1972,0.078611195,0.13637947,0.19382432,0.23799877,0.27190515,0.36147457,0,0,0.0,0.0,0.0,0.0,0.0,0.0,0.082288072,0.037624676,0.065024838,0.034186199,-0.0044459999,0.01234,0.017860999,0.025072001
484,1973,0.057768274,0.11521313,0.15938757,0.19329397,0.28286341,0.37984511,0,0,0.0,0.0,0.0,0.0,0.0,0.0,0.078611195,0.082288072,0.037624676,0.065024838,-0.021953,-0.0044459999,0.01234,0.017860999
484,1974,0.057444848,0.10161929,0.13552569,0.22509512,0.32207683,0.41440934,0,0,0.0,0.0,0.0,0.0,0.0,0.0,0.057768274,0.078611195,0.082288072,0.037624676,-0.027949,-0.021953,-0.0044459999,0.01234
484,1975,0.044174444,0.07808084,0.16765027,0.26463196,0.35696447,0.44469047,0,0,0.0,0.0,0.0,0.0,0.0,0.0,0.057444848,0.057768274,0.078611195,0.082288072,0.0041760001,-0.027949,-0.021953,-0.0044459999
484,1976,0.033906396,0.12347582,0.22045752,0.31279004,0.40051603,0.39423701,0,0,0.0,0.0,0.0,0.0,0.0,0.0,0.044174444,0.057444848,0.057768274,0.078611195,0.031211,0.0041760001,-0.027949,-0.021953
484,1988,0.041982934,0.092666,0.13488851,0.17117511,0.21178937,0.25906292,0,0,,,,0.0,0.0,0.0,0.012454381,0.01855747,-0.037539199,0.025933839,-0.018123001,-0.001054,0.000166,-0.011038
484,1989,0.050683066,0.092905581,0.12919217,0.16980644,0.21707998,0.15949316,0,0,0.0,,,0.0,0.0,0.0,0.041982934,0.012454381,0.01855747,-0.037539199,0.044447001,-0.018123001,-0.001054,0.000166
484,1990,0.042222511,0.0785091,0.11912335,0.1663969,0.10881008,0.16755775,0,0,0.0,0.0,,0.0,0.0,0.0,0.050683066,0.041982934,0.012454381,0.01855747,0.018937999,0.044447001,-0.018123001,-0.001054
484,1991,0.036286589,0.076900847,0.1241744,0.066587582,0.12533525,0.19496414,0,0,0.0,0.0,0.0,0.0,0.0,0.0,0.042222511,0.050683066,0.041982934,0.012454381,0.034724001,0.018937999,0.044447001,-0.018123001
484,1992,0.040614258,0.087887809,0.030300986,0.089048654,0.15867755,0.20569597,0,0,0.0,0.0,0.0,0.0,0.0,0.0,0.036286589,0.042222511,0.050683066,0.041982934,0.071121,0.034724001,0.018937999,0.044447001
484,1993,0.04727355,-0.010313272,0.048434395,0.11806329,0.16508171,0.19175184,0,0,0.0,0.0,0.0,0.0,0.0,0.0,0.040614258,0.036286589,0.042222511,0.050683066,-0.026559999,0.071121,0.034724001,0.018937999
484,1994,-0.057586823,0.0011608452,0.070789732,0.11780816,0.14447829,0.19744304,1,0,0.0,0.0,0.0,0.0,0.0,0.0,0.04727355,0.040614258,0.036286589,0.042222511,0.055335999,-0.026559999,0.071121,0.034724001
484,1995,0.058747668,0.12837656,0.17539498,0.20206511,0.25502986,0.24897493,1,1,1.0,0.0,0.0,0.0,0.0,0.0,-0.057586823,0.04727355,0.040614258,0.036286589,-0.065545999,0.055335999,-0.026559999,0.071121
484,1996,0.069628887,0.11664731,0.14331745,0.19628218,0.19022726,0.19154643,0,0,1.0,1.0,0.0,1.0,0.0,0.0,0.058747668,-0.057586823,0.04727355,0.040614258,-0.086397,-0.065545999,0.055335999,-0.026559999
484,1997,0.047018424,0.073688552,0.12665328,0.12059836,0.12191753,0.13614425,0,0,0.0,1.0,1.0,0.0,1.0,0.0,0.069628887,0.058747668,-0.057586823,0.04727355,0.053550001,-0.086397,-0.065545999,0.055335999
484,1998,0.026670132,0.079634875,0.073579952,0.074899122,0.089125834,0.13208297,1,1,0.0,0.0,1.0,0.0,0.0,1.0,0.047018424,0.069628887,0.058747668,-0.057586823,-0.021748001,0.053550001,-0.086397,-0.065545999
484,1999,0.05296474,0.046909817,0.048228987,0.062455699,0.10541284,0.13573858,0,0,1.0,0.0,0.0,1.0,0.0,0.0,0.026670132,0.047018424,0.069628887,0.058747668,-0.029599,-0.021748001,0.053550001,-0.086397
484,2000,-0.0060549243,-0.0047357529,0.0094909593,0.052448101,0.082773834,0.13221897,0,1,0.0,1.0,0.0,0.0,1.0,0.0,0.05296474,0.026670132,0.047018424,0.069628887,-0.013477,-0.029599,-0.021748001,0.053550001
484,2001,0.0013191716,0.015545884,0.058503024,0.088828757,0.13827389,0.17031512,0,0,0.0,0.0,1.0,1.0,0.0,1.0,-0.0060549243,0.05296474,0.026670132,0.047018424,-0.024683001,-0.013477,-0.029599,-0.021748001
484,2002,0.014226712,0.057183854,0.087509587,0.13695472,0.16899595,0.18299885,0,0,0.0,0.0,0.0,0.0,1.0,0.0,0.0013191716,-0.0060549243,0.05296474,0.026670132,0.016062999,-0.024683001,-0.013477,-0.029599
484,2003,0.042957142,0.073282883,0.12272802,0.15476924,0.16877215,0.12176876,0,0,0.0,0.0,0.0,0.0,0.0,1.0,0.014226712,0.0013191716,-0.0060549243,0.05296474,-0.00013099999,0.016062999,-0.024683001,-0.013477
484,2004,0.030325737,0.079770878,0.11181211,0.125815,0.078811616,0.1299136,0,0,0.0,0.0,0.0,0.0,0.0,0.0,0.042957142,0.014226712,0.0013191716,-0.0060549243,-0.0072479998,-0.00013099999,0.016062999,-0.024683001
484,2005,0.049445141,0.081486374,0.095489278,0.04848589,0.099587873,0.14003402,0,0,0.0,0.0,0.0,0.0,0.0,0.0,0.030325737,0.042957142,0.014226712,0.0013191716,0.011022,-0.0072479998,-0.00013099999,0.016062999
484,2006,0.032041229,0.046044134,-0.0009592548,0.050142732,0.090588868,0.13077061,0,0,0.0,0.0,0.0,0.0,0.0,0.0,0.049445141,0.030325737,0.042957142,0.014226712,0.024405001,0.011022,-0.0072479998,-0.00013099999
484,2007,0.014002903,-0.033000484,0.018101502,0.058547642,0.098729379,0.11233015,0,0,0.0,0.0,0.0,0.0,0.0,0.0,0.032041229,0.049445141,0.030325737,0.042957142,0.014601,0.024405001,0.011022,-0.0072479998
484,2008,-0.047003388,0.0040985979,0.044544738,0.084726475,0.098327249,0.12098059,0,1,0.0,0.0,0.0,0.0,0.0,0.0,0.014002903,0.032041229,0.049445141,0.030325737,-0.0095030004,0.014601,0.024405001,0.011022
484,2009,0.051101986,0.09154813,0.13172987,0.14533064,0.16798398,0.194278,0,0,0.0,0.0,0.0,1.0,0.0,0.0,-0.047003388,0.014002903,0.032041229,0.049445141,0.011017,-0.0095030004,0.014601,0.024405001
484,2010,0.04044614,0.080627874,0.094228648,0.11688199,0.143176,0.16620305,0,0,0.0,0.0,0.0,0.0,1.0,0.0,0.051101986,-0.047003388,0.014002903,0.032041229,0.0030189999,0.011017,-0.0095030004,0.014601
484,2011,0.040181737,0.053782508,0.076435849,0.10272987,0.12575692,,0,0,0.0,0.0,0.0,0.0,0.0,1.0,0.04044614,0.051101986,-0.047003388,0.014002903,0.011149,0.0030189999,0.011017,-0.0095030004
484,2012,0.013600771,0.036254112,0.062548131,0.085575186,,,0,0,0.0,0.0,0.0,0.0,0.0,0.0,0.040181737,0.04044614,0.051101986,-0.047003388,0.0059290002,0.011149,0.0030189999,0.011017
484,2013,0.022653339,0.04894736,0.071974412,,,,0,0,0.0,0.0,0.0,0.0,0.0,0.0,0.013600771,0.040181737,0.04044614,0.051101986,0.022589,0.0059290002,0.011149,0.0030189999
528,1891,0.029081482,0.018447757,0.075350635,0.081222147,0.12198137,0.14740777,0,0,0.0,0.0,0.0,,,,0.0022312948,-0.040960722,0.034356449,0.013756841,,,,
528,1892,-0.010633725,0.046269152,0.052140664,0.092899889,0.11832628,0.13391143,0,0,0.0,0.0,0.0,0.0,,,0.029081482,0.0022312948,-0.040960722,0.034356449,,,,
528,1893,0.056902878,0.06277439,0.10353362,0.12896001,0.14454517,0.15884988,0,0,0.0,0.0,0.0,0.0,0.0,,-0.010633725,0.029081482,0.0022312948,-0.040960722,,,,
528,1894,0.0058715129,0.04663074,0.072057128,0.087642282,0.10194699,0.091863587,0,0,0.0,0.0,0.0,0.0,0.0,0.0,0.056902878,-0.010633725,0.029081482,0.0022312948,,,,
528,1895,0.040759228,0.066185616,0.08177077,0.096075483,0.085992083,0.13417783,0,0,0.0,0.0,0.0,0.0,0.0,0.0,0.0058715129,0.056902878,-0.010633725,0.029081482,,,,
528,1896,0.02542639,0.041011546,0.055316254,0.045232851,0.093418606,0.13572125,0,0,0.0,0.0,0.0,0.0,0.0,0.0,0.040759228,0.0058715129,0.056902878,-0.010633725,,,,
528,1897,0.015585155,0.029889865,0.019806461,0.067992218,0.11029486,0.11052132,0,0,0.0,0.0,0.0,0.0,0.0,0.0,0.02542639,0.040759228,0.0058715129,0.056902878,,,,
528,1898,0.01430471,0.0042213062,0.05240706,0.094709709,0.09493617,0.10927711,0,0,0.0,0.0,0.0,0.0,0.0,0.0,0.015585155,0.02542639,0.040759228,0.0058715129,,,,
528,1899,-0.010083403,0.038102351,0.080404997,0.080631457,0.094972394,0.14409512,0,0,0.0,0.0,0.0,0.0,0.0,0.0,0.01430471,0.015585155,0.02542639,0.040759228,,,,
528,1900,0.048185755,0.090488404,0.090714864,0.1050558,0.15417853,0.17485587,0,0,0.0,0.0,0.0,0.0,0.0,0.0,-0.010083403,0.01430471,0.015585155,0.02542639,,,,
528,1901,0.042302649,0.042529106,0.056870043,0.10599276,0.12667011,0.1090726,0,0,0.0,0.0,0.0,0.0,0.0,0.0,0.048185755,-0.010083403,0.01430471,0.015585155,0.039016999,,,
528,1902,0.00022645752,0.014567396,0.063690118,0.084367462,0.066769943,0.086382076,0,0,0.0,0.0,0.0,0.0,0.0,0.0,0.042302649,0.048185755,-0.010083403,0.01430471,0.017982,0.039016999,,
528,1903,0.014340938,0.063463658,0.084141001,0.06654349,0.086155623,0.13820682,0,0,0.0,0.0,0.0,0.0,0.0,0.0,0.00022645752,0.042302649,0.048185755,-0.010083403,0.033358999,0.017982,0.039016999,
528,1904,0.049122721,0.069800064,0.052202549,0.071814686,0.12386589,0.16401935,0,0,0.0,0.0,0.0,0.0,0.0,0.0,0.014340938,0.00022645752,0.042302649,0.048185755,0.019758999,0.033358999,0.017982,0.039016999
528,1905,0.020677341,0.003079826,0.022691963,0.074743167,0.11489663,0.14617564,0,0,0.0,0.0,0.0,0.0,0.0,0.0,0.049122721,0.014340938,0.00022645752,0.042302649,0.046950001,0.019758999,0.033358999,0.017982
528,1906,-0.017597515,0.0020146221,0.054065824,0.094219282,0.12549829,0.15366715,0,0,0.0,0.0,0.0,0.0,0.0,0.0,0.020677341,0.049122721,0.014340938,0.00022645752,0.00045600001,0.046950001,0.019758999,0.033358999
528,1907,0.019612137,0.071663335,0.11181679,0.14309581,0.17126466,0.21971335,0,0,0.0,0.0,0.0,0.0,0.0,0.0,-0.017597515,0.020677341,0.049122721,0.014340938,-0.0028329999,0.00045600001,0.046950001,0.019758999
528,1908,0.052051201,0.09220466,0.12348367,0.15165253,0.20010121,,0,0,0.0,0.0,0.0,0.0,0.0,0.0,0.019612137,-0.017597515,0.020677341,0.049122721,0.029182,-0.0028329999,0.00045600001,0.046950001
528,1909,0.040153462,0.071432479,0.099601336,0.14805001,,,0,0,0.0,0.0,0.0,0.0,0.0,0.0,0.052051201,0.019612137,-0.017597515,0.020677341,0.00034299999,0.029182,-0.0028329999,0.00045600001
528,1910,0.031279016,0.059447873,0.10789655,,,,0,0,0.0,0.0,0.0,0.0,0.0,0.0,0.040153462,0.052051201,0.019612137,-0.017597515,-0.012462,0.00034299999,0.029182,-0.0028329999
528,1919,0.029800696,0.089307114,0.14238879,0.16678031,0.2372781,0.27852094,0,0,,,,,,,0.21450663,,,,,,,
528,1920,0.059506416,0.11258809,0.13697961,0.20747739,0.24872024,0.32580605,0,0,0.0,,,0.0,,,0.029800696,0.21450663,,,0.0054589999,,,
528,1921,0.053081673,0.077473186,0.14797097,0.18921383,0.26629964,0.30722135,0,0,0.0,0.0,,0.0,0.0,,0.059506416,0.029800696,0.21450663,,-0.060408,0.0054589999,,
528,1922,0.024391515,0.094889306,0.13613215,0.21321797,0.25413969,0.30603129,0,0,0.0,0.0,0.0,0.0,0.0,0.0,0.053081673,0.059506416,0.029800696,0.21450663,-0.05116,-0.060408,0.0054589999,
528,1923,0.070497788,0.11174063,0.18882644,0.22974816,0.28163975,0.28956288,0,0,0.0,0.0,0.0,0.0,0.0,0.0,0.024391515,0.053081673,0.059506416,0.029800696,0.055125002,-0.05116,-0.060408,0.0054589999
528,1924,0.041242849,0.11832866,0.15925038,0.21114196,0.21906509,0.21680766,0,0,0.0,0.0,0.0,0.0,0.0,0.0,0.070497788,0.024391515,0.053081673,0.059506416,-0.024062,0.055125002,-0.05116,-0.060408
528,1925,0.077085815,0.11800753,0.16989912,0.17782225,0.17556483,0.11260697,0,0,0.0,0.0,0.0,0.0,0.0,0.0,0.041242849,0.070497788,0.024391515,0.053081673,0.052437998,-0.024062,0.055125002,-0.05116
528,1926,0.040921718,0.092813298,0.10073642,0.098478988,0.035521135,0.021585763,0,0,0.0,0.0,0.0,0.0,0.0,0.0,0.077085815,0.041242849,0.070497788,0.024391515,0.051476002,0.052437998,-0.024062,0.055125002
528,1927,0.051891584,0.059814703,0.057557274,-0.0054005794,-0.019335952,-0.021167988,0,0,0.0,0.0,0.0,0.0,0.0,0.0,0.040921718,0.077085815,0.041242849,0.070497788,0.0084659997,0.051476002,0.052437998,-0.024062
528,1928,0.0079231197,0.005665692,-0.05729216,-0.071227536,-0.073059574,-0.091567144,0,0,0.0,0.0,0.0,0.0,0.0,0.0,0.051891584,0.040921718,0.077085815,0.041242849,0.001363,0.0084659997,0.051476002,0.052437998
528,1929,-0.0022574277,-0.065215282,-0.079150654,-0.080982693,-0.099490263,-0.062811434,0,0,0.0,0.0,0.0,0.0,0.0,0.0,0.0079231197,0.051891584,0.040921718,0.077085815,-0.0010779999,0.001363,0.0084659997,0.051476002
528,1930,-0.062957853,-0.076893225,-0.078725263,-0.097232834,-0.060554001,0.00056483969,0,1,0.0,0.0,0.0,0.0,0.0,0.0,-0.0022574277,0.0079231197,0.051891584,0.040921718,-0.0038429999,-0.0010779999,0.001363,0.0084659997
528,1931,-0.013935373,-0.01576741,-0.03427498,0.0024038516,0.063522696,0.11898574,0,1,0.0,0.0,0.0,1.0,0.0,0.0,-0.062957853,-0.0022574277,0.0079231197,0.051891584,-0.049463999,-0.0038429999,-0.0010779999,0.001363
528,1932,-0.0018320371,-0.020339608,0.016339224,0.077458069,0.13292111,0.10858899,0,0,0.0,0.0,0.0,1.0,1.0,0.0,-0.013935373,-0.062957853,-0.0022574277,0.0079231197,-0.035409,-0.049463999,-0.0038429999,-0.0010779999
528,1933,-0.018507572,0.01817126,0.079290099,0.13475314,0.11042102,,0,0,0.0,0.0,0.0,0.0,1.0,1.0,-0.0018320371,-0.013935373,-0.062957853,-0.0022574277,0.00029500001,-0.035409,-0.049463999,-0.0038429999
528,1934,0.036678832,0.097797677,0.15326072,0.1289286,,,0,0,0.0,0.0,0.0,0.0,0.0,1.0,-0.018507572,-0.0018320371,-0.013935373,-0.062957853,-0.021582,0.00029500001,-0.035409,-0.049463999
528,1935,0.061118841,0.11658189,0.092249766,,,,0,0,0.0,0.0,0.0,0.0,0.0,0.0,0.036678832,-0.018507572,-0.0018320371,-0.013935373,-0.015837001,-0.021582,0.00029500001,-0.035409
528,1947,0.10145683,0.18592179,0.22109707,0.24185514,0.26181212,0.34515882,0,0,0.0,,,,,,0.14623879,0.52358246,,,-0.022305001,,,
528,1948,0.08446496,0.11964025,0.14039832,0.1603553,0.24370199,0.30947196,0,0,0.0,0.0,,0.0,,,0.10145683,0.14623879,0.52358246,,-0.0036559999,-0.022305001,,
528,1949,0.035175283,0.055933364,0.07589034,0.15923703,0.22500701,0.2965796,0,0,0.0,0.0,0.0,0.0,0.0,,0.08446496,0.10145683,0.14623879,0.52358246,-0.001376,-0.0036559999,-0.022305001,
528,1950,0.020758079,0.040715054,0.12406175,0.18983173,0.26140431,0.29750267,0,0,0.0,0.0,0.0,0.0,0.0,0.0,0.035175283,0.08446496,0.10145683,0.14623879,0.010353,-0.001376,-0.0036559999,-0.022305001
528,1951,0.019956976,0.10330367,0.16907366,0.24064623,0.27674457,0.30447495,0,0,0.0,0.0,0.0,0.0,0.0,0.0,0.020758079,0.035175283,0.08446496,0.10145683,0.0036480001,0.010353,-0.001376,-0.0036559999
528,1952,0.083346695,0.14911668,0.22068925,0.2567876,0.28451797,0.28154829,0,0,0.0,0.0,0.0,0.0,0.0,0.0,0.019956976,0.020758079,0.035175283,0.08446496,0.002227,0.0036480001,0.010353,-0.001376
528,1953,0.065769985,0.13734256,0.17344092,0.20117131,0.19820161,0.24593198,0,0,0.0,0.0,0.0,0.0,0.0,0.0,0.083346695,0.019956976,0.020758079,0.035175283,0.011002,0.002227,0.0036480001,0.010353
528,1954,0.071572572,0.10767093,0.13540132,0.13243163,0.180162,0.26094997,0,0,0.0,0.0,0.0,0.0,0.0,0.0,0.065769985,0.083346695,0.019956976,0.020758079,0.0087599996,0.011002,0.002227,0.0036480001
528,1955,0.036098357,0.063828744,0.060859051,0.10858942,0.1893774,0.19233286,0,0,0.0,0.0,0.0,0.0,0.0,0.0,0.071572572,0.065769985,0.083346695,0.019956976,0.004369,0.0087599996,0.011002,0.002227
528,1956,0.027730389,0.024760693,0.072491065,0.15327904,0.1562345,0.22466958,0,0,0.0,0.0,0.0,0.0,0.0,0.0,0.036098357,0.071572572,0.065769985,0.083346695,0.010143,0.004369,0.0087599996,0.011002
528,1957,-0.0029696948,0.044760674,0.12554866,0.12850413,0.1969392,0.23318541,0,0,0.0,0.0,0.0,0.0,0.0,0.0,0.027730389,0.036098357,0.071572572,0.065769985,-0.003175,0.010143,0.004369,0.0087599996
528,1958,0.047730368,0.12851834,0.13147381,0.19990888,0.23615509,0.31890413,0,0,0.0,0.0,0.0,0.0,0.0,0.0,-0.0029696948,0.027730389,0.036098357,0.071572572,-5.4e-05,-0.003175,0.010143,0.004369
528,1959,0.080787979,0.083743446,0.15217853,0.18842474,0.27117378,0.35760474,0,0,0.0,0.0,0.0,0.0,0.0,0.0,0.047730368,-0.0029696948,0.027730389,0.036098357,0.015429,-5.4e-05,-0.003175,0.010143
528,1960,0.0029554667,0.071390539,0.10763676,0.19038579,0.27681673,0.30422777,0,0,0.0,0.0,0.0,0.0,0.0,0.0,0.080787979,0.047730368,-0.0029696948,0.027730389,0.0077889999,0.015429,-5.4e-05,-0.003175
528,1961,0.068435073,0.10468129,0.18743032,0.27386129,0.30127233,0.35407248,0,0,0.0,0.0,0.0,0.0,0.0,0.0,0.0029554667,0.080787979,0.047730368,-0.0029696948,0.027877999,0.0077889999,0.015429,-5.4e-05
528,1962,0.036246218,0.11899526,0.20542622,0.23283726,0.28563741,0.34979874,0,0,0.0,0.0,0.0,0.0,0.0,0.0,0.068435073,0.0029554667,0.080787979,0.047730368,0.021097001,0.027877999,0.0077889999,0.015429
528,1963,0.082749039,0.16917999,0.19659103,0.24939118,0.31355253,0.37784702,0,0,0.0,0.0,0.0,0.0,0.0,0.0,0.036246218,0.068435073,0.0029554667,0.080787979,0.021294,0.021097001,0.027877999,0.0077889999
528,1964,0.086430952,0.113842,0.16664214,0.23080349,0.29509798,0.35204592,0,0,0.0,0.0,0.0,0.0,0.0,0.0,0.082749039,0.036246218,0.068435073,0.0029554667,-0.001334,0.021294,0.021097001,0.027877999
528,1965,0.027411044,0.080211192,0.14437252,0.20866701,0.26561496,0.30878475,0,0,0.0,0.0,0.0,0.0,0.0,0.0,0.086430952,0.082749039,0.036246218,0.068435073,0.0097920001,-0.001334,0.021294,0.021097001
528,1966,0.052800145,0.11696148,0.18125597,0.23820393,0.28137374,0.3167125,0,0,0.0,0.0,0.0,0.0,0.0,0.0,0.027411044,0.086430952,0.082749039,0.036246218,0.006091,0.0097920001,-0.001334,0.021294
528,1967,0.064161338,0.12845582,0.18540378,0.22857359,0.26391232,0.31835455,0,0,0.0,0.0,0.0,0.0,0.0,0.0,0.052800145,0.027411044,0.086430952,0.082749039,0.018141,0.006091,0.0097920001,-0.001334
528,1968,0.064294487,0.12124245,0.16441226,0.199751,0.25419325,0.28858042,0,0,0.0,0.0,0.0,0.0,0.0,0.0,0.064161338,0.052800145,0.027411044,0.086430952,0.015353,0.018141,0.006091,0.0097920001
528,1969,0.056947958,0.10011776,0.1354565,0.18989873,0.2242859,0.22430618,0,1,0.0,0.0,0.0,0.0,0.0,0.0,0.064294487,0.064161338,0.052800145,0.027411044,-0.034051999,0.015353,0.018141,0.006091
528,1970,0.043169804,0.078508548,0.13295078,0.16733795,0.16735823,0.21192133,0,0,0.0,0.0,0.0,1.0,0.0,0.0,0.056947958,0.064294487,0.064161338,0.052800145,0.018023999,-0.034051999,0.015353,0.018141
528,1971,0.035338745,0.089780971,0.12416815,0.12418844,0.16875154,0.19395594,0,0,0.0,0.0,0.0,0.0,1.0,0.0,0.043169804,0.056947958,0.064294487,0.064161338,0.0043580001,0.018023999,-0.034051999,0.015353
528,1972,0.054442231,0.088829413,0.088849701,0.13341281,0.15861721,0.18557969,0,0,0.0,0.0,0.0,0.0,0.0,1.0,0.035338745,0.043169804,0.056947958,0.064294487,0.014118,0.0043580001,0.018023999,-0.034051999
528,1973,0.034387179,0.034407467,0.078970566,0.10417497,0.13113745,0.15127911,0,0,0.0,0.0,0.0,0.0,0.0,0.0,0.054442231,0.035338745,0.043169804,0.056947958,0.035259001,0.014118,0.0043580001,0.018023999
528,1974,2.028683e-05,0.044583388,0.069787793,0.096750259,0.11689192,0.13031106,0,0,0.0,0.0,0.0,0.0,0.0,0.0,0.034387179,0.054442231,0.035338745,0.043169804,0.02173,0.035259001,0.014118,0.0043580001
528,1975,0.0445631,0.069767505,0.096729971,0.11687163,0.13029078,0.12245466,0,0,0.0,0.0,0.0,0.0,0.0,0.0,2.028683e-05,0.034387179,0.054442231,0.035338745,0.018611999,0.02173,0.035259001,0.014118
528,1976,0.025204405,0.052166872,0.072308533,0.085727677,0.077891558,0.065483987,0,0,0.0,0.0,0.0,0.0,0.0,0.0,0.0445631,2.028683e-05,0.034387179,0.054442231,0.035753001,0.018611999,0.02173,0.035259001
528,1977,0.026962468,0.047104128,0.060523272,0.052687157,0.04027959,0.060979169,0,0,0.0,0.0,0.0,0.0,0.0,0.0,0.025204405,0.0445631,2.028683e-05,0.034387179,0.054428,0.035753001,0.018611999,0.02173
528,1978,0.020141661,0.033560805,0.02572469,0.013317123,0.034016702,0.064633496,0,0,0.0,0.0,0.0,0.0,0.0,0.0,0.026962468,0.025204405,0.0445631,2.028683e-05,0.067576997,0.054428,0.035753001,0.018611999
528,1979,0.013419142,0.0055830264,-0.0068245409,0.013875038,0.044491831,0.070293628,0,0,0.0,0.0,0.0,0.0,0.0,0.0,0.020141661,0.026962468,0.025204405,0.0445631,0.052126002,0.067576997,0.054428,0.035753001
528,1980,-0.0078361155,-0.020243682,0.0004558973,0.031072689,0.056874484,0.084744245,0,0,0.0,0.0,0.0,0.0,0.0,0.0,0.013419142,0.020141661,0.026962468,0.025204405,0.010351,0.052126002,0.067576997,0.054428
528,1981,-0.012407567,0.0082920119,0.038908802,0.064710602,0.092580363,0.11189285,0,0,0.0,0.0,0.0,0.0,0.0,0.0,-0.0078361155,0.013419142,0.020141661,0.026962468,-0.0053699999,0.010351,0.052126002,0.067576997
528,1982,0.020699579,0.051316373,0.077118173,0.10498793,0.12430042,0.15871261,0,0,0.0,0.0,0.0,0.0,0.0,0.0,-0.012407567,-0.0078361155,0.013419142,0.020141661,0.003334,-0.0053699999,0.010351,0.052126002
528,1983,0.030616792,0.05641859,0.084288351,0.10360084,0.13801304,0.18221422,0,0,0.0,0.0,0.0,0.0,0.0,0.0,0.020699579,-0.012407567,-0.0078361155,0.013419142,-0.0066,0.003334,-0.0053699999,0.010351
528,1984,0.025801796,0.053671554,0.07298404,0.10739623,0.15159741,0.19342963,0,0,0.0,0.0,0.0,0.0,0.0,0.0,0.030616792,0.020699579,-0.012407567,-0.0078361155,-0.0050499998,-0.0066,0.003334,-0.0053699999
528,1985,0.027869759,0.047182247,0.081594437,0.12579562,0.16762784,0.19201919,0,0,0.0,0.0,0.0,0.0,0.0,0.0,0.025801796,0.030616792,0.020699579,-0.012407567,-0.0034399999,-0.0050499998,-0.0066,0.003334
528,1986,0.019312486,0.053724676,0.097925857,0.13975808,0.16414943,0.18121015,0,0,0.0,0.0,0.0,0.0,0.0,0.0,0.027869759,0.025801796,0.030616792,0.020699579,0.022165,-0.0034399999,-0.0050499998,-0.0066
528,1987,0.03441219,0.078613371,0.12044559,0.14483693,0.16189764,0.17447317,0,1,0.0,0.0,0.0,0.0,0.0,0.0,0.019312486,0.027869759,0.025801796,0.030616792,0.019368,0.022165,-0.0034399999,-0.0050499998
528,1988,0.04420118,0.086033404,0.11042475,0.12748545,0.14006098,0.16967189,0,0,0.0,0.0,0.0,1.0,0.0,0.0,0.03441219,0.019312486,0.027869759,0.025801796,0.113956,0.019368,0.022165,-0.0034399999
528,1989,0.041832227,0.066223577,0.083284289,0.095859811,0.12547073,0.15663108,0,0,0.0,0.0,0.0,0.0,1.0,0.0,0.04420118,0.03441219,0.019312486,0.027869759,0.011239,0.113956,0.019368,0.022165
528,1990,0.024391346,0.041452054,0.054027576,0.083638504,0.11479887,0.15046605,0,0,0.0,0.0,0.0,0.0,0.0,1.0,0.041832227,0.04420118,0.03441219,0.019312486,-0.021825001,0.011239,0.113956,0.019368
528,1991,0.017060708,0.02963623,0.059247155,0.090407513,0.1260747,0.16907337,0,0,0.0,0.0,0.0,0.0,0.0,0.0,0.024391346,0.041832227,0.04420118,0.03441219,0.017157,-0.021825001,0.011239,0.113956
528,1992,0.012575523,0.042186446,0.073346809,0.109014,0.15201268,0.19726682,0,0,0.0,0.0,0.0,0.0,0.0,0.0,0.017060708,0.024391346,0.041832227,0.04420118,0.011386,0.017157,-0.021825001,0.011239
528,1993,0.029610924,0.060771286,0.096438482,0.13943715,0.18469131,0.23520824,0,0,0.0,0.0,0.0,0.0,0.0,0.0,0.012575523,0.017060708,0.024391346,0.041832227,0.024425,0.011386,0.017157,-0.021825001
528,1994,0.03116036,0.066827551,0.10982622,0.15508038,0.20559731,0.24798495,0,0,0.0,0.0,0.0,0.0,0.0,0.0,0.029610924,0.012575523,0.017060708,0.024391346,0.024044,0.024425,0.011386,0.017157
528,1995,0.035667192,0.078665867,0.12392002,0.17443696,0.21682459,0.23806724,0,0,0.0,0.0,0.0,0.0,0.0,0.0,0.03116036,0.029610924,0.012575523,0.017060708,0.044890001,0.024044,0.024425,0.011386
528,1996,0.042998675,0.088252828,0.13876976,0.18115738,0.20240003,0.20343633,0,0,0.0,0.0,0.0,0.0,0.0,0.0,0.035667192,0.03116036,0.029610924,0.012575523,0.056712002,0.044890001,0.024044,0.024425
528,1997,0.045254149,0.095771082,0.13815871,0.15940136,0.16043766,0.16327688,0,0,0.0,0.0,0.0,0.0,0.0,0.0,0.042998675,0.035667192,0.03116036,0.029610924,0.073256001,0.056712002,0.044890001,0.024044
528,1998,0.050516933,0.09290456,0.1141472,0.1151835,0.11802272,0.13832979,0,0,0.0,0.0,0.0,0.0,0.0,0.0,0.045254149,0.042998675,0.035667192,0.03116036,0.113643,0.073256001,0.056712002,0.044890001
528,1999,0.042387627,0.063630268,0.064666569,0.067505792,0.087812856,0.10941651,0,0,0.0,0.0,0.0,0.0,0.0,0.0,0.050516933,0.045254149,0.042998675,0.035667192,-0.000256,0.113643,0.073256001,0.056712002
528,2000,0.021242643,0.022278942,0.025118168,0.045425232,0.067028895,0.10221526,0,0,0.0,0.0,0.0,0.0,0.0,0.0,0.042387627,0.050516933,0.045254149,0.042998675,0.068020999,-0.000256,0.113643,0.073256001
528,2001,0.0010362999,0.0038755257,0.02418259,0.04578625,0.080972619,0.11795735,0,0,0.0,0.0,0.0,0.0,0.0,0.0,0.021242643,0.042387627,0.050516933,0.045254149,0.011671,0.068020999,-0.000256,0.113643
528,2002,0.0028392258,0.02314629,0.044749953,0.079936326,0.11692105,0.13391165,0,1,0.0,0.0,0.0,0.0,0.0,0.0,0.0010362999,0.021242643,0.042387627,0.050516933,0.042750999,0.011671,0.068020999,-0.000256
528,2003,0.020307064,0.041910723,0.077097088,0.11408181,0.13107242,0.093396582,0,0,0.0,0.0,0.0,1.0,0.0,0.0,0.0028392258,0.0010362999,0.021242643,0.042387627,0.064237997,0.042750999,0.011671,0.068020999
528,2004,0.021603661,0.056790031,0.093774766,0.11076538,0.07308954,0.087116159,0,0,0.0,0.0,0.0,0.0,1.0,0.0,0.020307064,0.0028392258,0.0010362999,0.021242643,0.07948,0.064237997,0.042750999,0.011671
528,2005,0.035186369,0.072171099,0.089161709,0.051485874,0.065512493,0.082148761,0,0,0.0,0.0,0.0,0.0,0.0,1.0,0.021603661,0.020307064,0.0028392258,0.0010362999,0.068876997,0.07948,0.064237997,0.042750999
528,2006,0.036984731,0.053975336,0.016299501,0.030326122,0.046962388,0.036392014,0,0,0.0,0.0,0.0,0.0,0.0,0.0,0.035186369,0.021603661,0.020307064,0.0028392258,-0.024154,0.068876997,0.07948,0.064237997
528,2007,0.016990608,-0.020685228,-0.0066586062,0.0099776573,-0.00059271604,-0.0024961079,0,0,0.0,0.0,0.0,0.0,0.0,0.0,0.036984731,0.035186369,0.021603661,0.020307064,-0.01487,-0.024154,0.068876997,0.07948
528,2008,-0.037675835,-0.023649214,-0.0070129503,-0.017583324,-0.019486716,-0.0052898135,0,1,0.0,0.0,0.0,0.0,0.0,0.0,0.016990608,0.036984731,0.035186369,0.021603661,-0.01991,-0.01487,-0.024154,0.068876997
528,2009,0.014026621,0.030662885,0.020092512,0.018189119,0.03238602,0.051903129,0,0,0.0,0.0,0.0,1.0,0.0,0.0,-0.037675835,0.016990608,0.036984731,0.035186369,0.12987401,-0.01991,-0.01487,-0.024154
528,2010,0.016636264,0.0060658902,0.0041624983,0.0183594,0.037876509,0.059294596,0,0,0.0,0.0,0.0,0.0,1.0,0.0,0.014026621,-0.037675835,0.016990608,0.036984731,-0.073541,0.12987401,-0.01991,-0.01487
528,2011,-0.010570373,-0.012473766,0.0017231368,0.021240246,0.042658333,,0,0,0.0,0.0,0.0,0.0,0.0,1.0,0.016636264,0.014026621,-0.037675835,0.016990608,0.025655,-0.073541,0.12987401,-0.01991
528,2012,-0.0019033919,0.01229351,0.031810619,0.053228706,,,1,0,0.0,0.0,0.0,0.0,0.0,0.0,-0.010570373,0.016636264,0.014026621,-0.037675835,0.040403999,0.025655,-0.073541,0.12987401
528,2013,0.014196903,0.033714011,0.055132098,,,,0,0,1.0,0.0,0.0,0.0,0.0,0.0,-0.0019033919,-0.010570373,0.016636264,0.014026621,-0.052875999,0.040403999,0.025655,-0.073541
554,1881,-0.0028525761,-0.011459455,0.087247901,0.08201319,0.10536101,0.12817612,0,0,0.0,0.0,0.0,,,,0.040701259,0.09977553,-0.12323297,0.10696961,0.0021200001,-0.079190001,0.051226001,0.060068998
554,1882,-0.008606879,0.090100475,0.084865764,0.10821358,0.1310287,0.1310287,0,0,0.0,0.0,0.0,0.0,,,-0.0028525761,0.040701259,0.09977553,-0.12323297,0.054869998,0.0021200001,-0.079190001,0.051226001
554,1883,0.098707356,0.093472645,0.11682046,0.13963558,0.13963558,0.19092843,0,0,0.0,0.0,0.0,0.0,0.0,,-0.008606879,-0.0028525761,0.040701259,0.09977553,0.025139,0.054869998,0.0021200001,-0.079190001
554,1884,-0.0052347132,0.018113105,0.040928215,0.040928215,0.092221074,0.12039115,0,0,0.0,0.0,0.0,0.0,0.0,0.0,0.098707356,-0.008606879,-0.0028525761,0.040701259,-0.0065859999,0.025139,0.054869998,0.0021200001
554,1885,0.023347817,0.046162929,0.046162929,0.097455785,0.12562586,0.13254909,0,0,0.0,0.0,0.0,0.0,0.0,0.0,-0.0052347132,0.098707356,-0.008606879,-0.0028525761,0.02885,-0.0065859999,0.025139,0.054869998
554,1886,0.022815112,0.022815112,0.074107975,0.10227805,0.10920128,0.14532022,0,0,0.0,0.0,0.0,0.0,0.0,0.0,0.023347817,-0.0052347132,0.098707356,-0.008606879,0.0022410001,0.02885,-0.0065859999,0.025139
554,1887,0.0,0.051292859,0.079462931,0.086386159,0.1225051,0.14660229,0,0,0.0,0.0,0.0,0.0,0.0,0.0,0.022815112,0.023347817,-0.0052347132,0.098707356,-0.026339,0.0022410001,0.02885,-0.0065859999
554,1888,0.051292859,0.079462931,0.086386159,0.1225051,0.14660229,0.1135979,0,0,0.0,0.0,0.0,0.0,0.0,0.0,0.0,0.022815112,0.023347817,-0.0052347132,-0.016542001,-0.026339,0.0022410001,0.02885
554,1889,0.028170075,0.035093307,0.071212247,0.095309436,0.062305048,0.097471222,0,0,0.0,0.0,0.0,0.0,0.0,0.0,0.051292859,0.0,0.022815112,0.023347817,-0.055431999,-0.016542001,-0.026339,0.0022410001
554,1890,0.0069232318,0.043042168,0.067139357,0.034134969,0.069301143,0.17768332,0,0,0.0,0.0,0.0,0.0,0.0,0.0,0.028170075,0.051292859,0.0,0.022815112,-0.0072639999,-0.055431999,-0.016542001,-0.026339
554,1891,0.036118936,0.060216121,0.027211733,0.062377911,0.17076008,0.1823189,0,0,0.0,0.0,0.0,0.0,0.0,0.0,0.0069232318,0.028170075,0.051292859,0.0,-0.052434999,-0.0072639999,-0.055431999,-0.016542001
554,1892,0.024097186,-0.0089072026,0.026258975,0.13464114,0.14619996,0.17453209,0,0,0.0,0.0,0.0,0.0,0.0,0.0,0.036118936,0.0069232318,0.028170075,0.051292859,0.0087430002,-0.052434999,-0.0072639999,-0.055431999
554,1893,-0.033004388,0.0021617897,0.11054397,0.12210278,0.15043491,0.18340552,0,0,0.0,0.0,0.0,0.0,0.0,0.0,0.024097186,0.036118936,0.0069232318,0.028170075,0.017015999,0.0087430002,-0.052434999,-0.0072639999
554,1894,0.035166178,0.14354835,0.15510717,0.18343931,0.21640992,0.29436991,0,0,0.0,0.0,0.0,0.0,0.0,0.0,-0.033004388,0.024097186,0.036118936,0.0069232318,-0.0081289997,0.017015999,0.0087430002,-0.052434999
554,1895,0.10838217,0.11994099,0.14827313,0.18124373,0.25920373,0.26253095,0,0,0.0,0.0,0.0,0.0,0.0,0.0,0.035166178,-0.033004388,0.024097186,0.036118936,-0.014872,-0.0081289997,0.017015999,0.0087430002
554,1896,0.011558819,0.039890956,0.072861567,0.15082155,0.15414877,0.22778313,0,0,0.0,0.0,0.0,0.0,0.0,0.0,0.10838217,0.035166178,-0.033004388,0.024097186,-0.035351999,-0.014872,-0.0081289997,0.017015999
554,1897,0.028332137,0.061302748,0.13926274,0.14258996,0.21622431,0.30618885,0,0,0.0,0.0,0.0,0.0,0.0,0.0,0.011558819,0.10838217,0.035166178,-0.033004388,-0.0083790002,-0.035351999,-0.014872,-0.0081289997
554,1898,0.032970611,0.11093059,0.11425781,0.18789217,0.27785671,0.27361715,0,0,0.0,0.0,0.0,0.0,0.0,0.0,0.028332137,0.011558819,0.10838217,0.035166178,0.0024850001,-0.0083790002,-0.035351999,-0.014872
554,1899,0.077959985,0.081287198,0.15492156,0.2448861,0.24064654,0.32871848,0,0,0.0,0.0,0.0,0.0,0.0,0.0,0.032970611,0.028332137,0.011558819,0.10838217,-0.0068549998,0.0024850001,-0.0083790002,-0.035351999
554,1900,0.0033272153,0.076961569,0.16692612,0.16268656,0.2507585,0.34122202,0,0,0.0,0.0,0.0,0.0,0.0,0.0,0.077959985,0.032970611,0.028332137,0.011558819,-0.01277,-0.0068549998,0.0024850001,-0.0083790002
554,1901,0.073634356,0.1635989,0.15935934,0.24743128,0.3378948,0.39656782,0,0,0.0,0.0,0.0,0.0,0.0,0.0,0.0033272153,0.077959985,0.032970611,0.028332137,0.020902,-0.01277,-0.0068549998,0.0024850001
554,1902,0.089964539,0.085724987,0.17379692,0.26426044,0.32293344,0.25114179,0,0,0.0,0.0,0.0,0.0,0.0,0.0,0.073634356,0.0033272153,0.077959985,0.032970611,-0.01418,0.020902,-0.01277,-0.0068549998
554,1903,-0.0042395531,0.083832383,0.1742959,0.23296891,0.16117725,0.17547983,0,0,0.0,0.0,0.0,0.0,0.0,0.0,0.089964539,0.073634356,0.0033272153,0.077959985,-0.0040469998,-0.01418,0.020902,-0.01277
554,1904,0.088071935,0.17853546,0.23720847,0.16541681,0.17971939,0.30835801,0,0,0.0,0.0,0.0,0.0,0.0,0.0,-0.0042395531,0.089964539,0.073634356,0.0033272153,0.011607,-0.0040469998,-0.01418,0.020902
554,1905,0.090463527,0.14913654,0.07734488,0.091647461,0.22028609,0.27396935,0,0,0.0,0.0,0.0,0.0,0.0,0.0,0.088071935,-0.0042395531,0.089964539,0.073634356,-0.016785,0.011607,-0.0040469998,-0.01418
554,1906,0.058673009,-0.013118654,0.0011839299,0.12982255,0.18350583,0.15347353,0,0,0.0,0.0,0.0,0.0,0.0,0.0,0.090463527,0.088071935,-0.0042395531,0.089964539,-0.013285,-0.016785,0.011607,-0.0040469998
554,1907,-0.071791664,-0.057489078,0.071149543,0.12483282,0.09480051,0.11093059,0,0,0.0,0.0,0.0,0.0,0.0,0.0,0.058673009,0.090463527,0.088071935,-0.0042395531,0.0047880001,-0.013285,-0.016785,0.011607
554,1908,0.014302584,0.14294121,0.19662449,0.16659218,0.18272227,,0,0,0.0,0.0,0.0,0.0,0.0,0.0,-0.071791664,0.058673009,0.090463527,0.088071935,0.040963002,0.0047880001,-0.013285,-0.016785
554,1909,0.12863863,0.18232191,0.1522896,0.16841969,,,0,0,0.0,0.0,0.0,0.0,0.0,0.0,0.014302584,-0.071791664,0.058673009,0.090463527,-0.030084001,0.040963002,0.0047880001,-0.013285
554,1910,0.053683273,0.023650965,0.039781049,,,,0,0,0.0,0.0,0.0,0.0,0.0,0.0,0.12863863,0.014302584,-0.071791664,0.058673009,-0.031615,-0.030084001,0.040963002,0.0047880001
554,1927,0.10510294,0.14006144,0.095779128,0.0068496391,-0.018205825,0.04616924,0,0,0.0,0.0,0.0,,,,-0.028792033,-0.054417651,0.051917039,0.017639961,0.018611999,0.055249002,-0.0037189999,-0.00038300001
554,1928,0.034958497,-0.009323813,-0.098253302,-0.12330876,-0.058933698,-0.010104612,0,0,0.0,0.0,0.0,0.0,,,0.10510294,-0.028792033,-0.054417651,0.051917039,-0.065118,0.018611999,0.055249002,-0.0037189999
554,1929,-0.04428231,-0.13321179,-0.15826726,-0.093892194,-0.045063108,0.00074642897,0,0,0.0,0.0,0.0,0.0,0.0,,0.034958497,0.10510294,-0.028792033,-0.054417651,0.010211,-0.065118,0.018611999,0.055249002
554,1930,-0.088929489,-0.11398496,-0.049609892,-0.00078080595,0.045028731,0.21546412,0,0,0.0,0.0,0.0,0.0,0.0,0.0,-0.04428231,0.034958497,0.10510294,-0.028792033,0.081602998,0.010211,-0.065118,0.018611999
554,1931,-0.025055464,0.039319601,0.088148683,0.13395822,0.30439359,0.35710123,0,0,0.0,0.0,0.0,0.0,0.0,0.0,-0.088929489,-0.04428231,0.034958497,0.10510294,0.068746999,0.081602998,0.010211,-0.065118
554,1932,0.064375065,0.11320415,0.15901369,0.32944906,0.3821567,0.45023108,0,0,0.0,0.0,0.0,0.0,0.0,0.0,-0.025055464,-0.088929489,-0.04428231,0.034958497,-0.00044100001,0.068746999,0.081602998,0.010211
554,1933,0.048829086,0.094638623,0.26507401,0.31778166,0.38585603,,0,0,0.0,0.0,0.0,0.0,0.0,0.0,0.064375065,-0.025055464,-0.088929489,-0.04428231,-0.077873997,-0.00044100001,0.068746999,0.081602998
554,1934,0.045809537,0.21624492,0.26895258,0.33702695,,,0,0,0.0,0.0,0.0,0.0,0.0,0.0,0.048829086,0.064375065,-0.025055464,-0.088929489,-0.062634997,-0.077873997,-0.00044100001,0.068746999
554,1935,0.17043538,0.22314304,0.29121739,,,,0,0,0.0,0.0,0.0,0.0,0.0,0.0,0.045809537,0.048829086,0.064375065,-0.025055464,-0.023964001,-0.062634997,-0.077873997,-0.00044100001
554,1946,0.11272489,0.0082300454,0.11067313,0.24760999,0.16818681,0.21074644,0,0,,,,,,,0.074281417,,,,,,,
554,1947,-0.10449485,-0.0020517632,0.1348851,0.055461936,0.098021552,0.1316573,0,0,0.0,,,0.0,,,0.11272489,0.074281417,,,0.024040001,,,
554,1948,0.10244308,0.23937994,0.15995678,0.20251641,0.23615214,0.36511892,0,0,0.0,0.0,,0.0,0.0,,-0.10449485,0.11272489,0.074281417,,-0.027012,0.024040001,,
554,1949,0.13693686,0.057513691,0.10007331,0.13370904,0.26267582,0.28114021,0,0,0.0,0.0,0.0,0.0,0.0,0.0,0.10244308,-0.10449485,0.11272489,0.074281417,-0.026216,-0.027012,0.024040001,
554,1950,-0.079423167,-0.036863551,-0.0032278076,0.12573898,0.14420338,0.19473186,0,0,0.0,0.0,0.0,0.0,0.0,0.0,0.13693686,0.10244308,-0.10449485,0.11272489,0.017049,-0.026216,-0.027012,0.024040001
554,1951,0.042559616,0.076195359,0.20516214,0.22362654,0.27415502,0.30231881,0,0,0.0,0.0,0.0,0.0,0.0,0.0,-0.079423167,0.13693686,0.10244308,-0.10449485,0.086592004,0.017049,-0.026216,-0.027012
554,1952,0.033635743,0.16260251,0.18106692,0.2315954,0.25975919,0.29828349,0,0,0.0,0.0,0.0,0.0,0.0,0.0,0.042559616,-0.079423167,0.13693686,0.10244308,-0.042679999,0.086592004,0.017049,-0.026216
554,1953,0.12896678,0.14743118,0.19795966,0.22612345,0.26464775,0.33342111,0,0,0.0,0.0,0.0,0.0,0.0,0.0,0.033635743,0.042559616,-0.079423167,0.13693686,-0.033936001,-0.042679999,0.086592004,0.017049
554,1954,0.018464396,0.068992868,0.097156659,0.13568094,0.2044543,0.2044543,0,0,0.0,0.0,0.0,0.0,0.0,0.0,0.12896678,0.033635743,0.042559616,-0.079423167,0.053309001,-0.033936001,-0.042679999,0.086592004
554,1955,0.050528474,0.078692265,0.11721656,0.18598992,0.18598992,0.24038765,0,0,0.0,0.0,0.0,0.0,0.0,0.0,0.018464396,0.12896678,0.033635743,0.042559616,-0.002229,0.053309001,-0.033936001,-0.042679999
554,1956,0.028163793,0.066688083,0.13546143,0.13546143,0.18985918,0.21118765,0,0,0.0,0.0,0.0,0.0,0.0,0.0,0.050528474,0.018464396,0.12896678,0.033635743,-0.039301001,-0.002229,0.053309001,-0.033936001
554,1957,0.038524292,0.10729764,0.10729764,0.16169539,0.18302386,0.24444737,0,0,0.0,0.0,0.0,0.0,0.0,0.0,0.028163793,0.050528474,0.018464396,0.12896678,0.024682,-0.039301001,-0.002229,0.053309001
554,1958,0.068773352,0.068773352,0.12317109,0.14449956,0.20592307,0.25351226,0,0,0.0,0.0,0.0,0.0,0.0,0.0,0.038524292,0.028163793,0.050528474,0.018464396,-0.011478,0.024682,-0.039301001,-0.002229
554,1959,0.0,0.054397739,0.075726204,0.13714972,0.18473893,0.24648693,0,0,0.0,0.0,0.0,0.0,0.0,0.0,0.068773352,0.038524292,0.028163793,0.050528474,-0.052267,-0.011478,0.024682,-0.039301001
554,1960,0.054397739,0.075726204,0.13714972,0.18473893,0.24648693,0.30766022,1,0,0.0,0.0,0.0,0.0,0.0,0.0,0.0,0.068773352,0.038524292,0.028163793,0.033734001,-0.052267,-0.011478,0.024682
554,1961,0.021328466,0.082751982,0.1303412,0.1920892,0.25326252,0.20653664,0,0,1.0,0.0,0.0,0.0,0.0,0.0,0.054397739,0.0,0.068773352,0.038524292,0.0065540001,0.033734001,-0.052267,-0.011478
554,1962,0.061423514,0.10901272,0.17076072,0.23193403,0.18520814,0.18359405,0,0,0.0,1.0,0.0,0.0,0.0,0.0,0.021328466,0.054397739,0.0,0.068773352,-0.016962999,0.0065540001,0.033734001,-0.052267
554,1963,0.047589213,0.10933722,0.17051053,0.12378465,0.12217055,0.22042909,0,0,0.0,0.0,1.0,0.0,0.0,0.0,0.061423514,0.021328466,0.054397739,0.0,-0.0067090001,-0.016962999,0.0065540001,0.033734001
554,1964,0.061748005,0.12292131,0.076195426,0.074581333,0.17283988,0.15856355,0,0,0.0,0.0,0.0,0.0,0.0,0.0,0.047589213,0.061423514,0.021328466,0.054397739,-0.0055160001,-0.0067090001,-0.016962999,0.0065540001
554,1965,0.061173305,0.014447421,0.012833326,0.11109187,0.096815549,0.14737384,0,0,0.0,0.0,0.0,0.0,0.0,0.0,0.061748005,0.047589213,0.061423514,0.021328466,0.019149,-0.0055160001,-0.0067090001,-0.016962999
554,1980,0.046561986,0.05585758,0.090778761,0.1387096,0.15485591,0.18191612,0,0,,,,0.0,0.0,0.0,0.012835193,0.021916023,0.0031787879,-0.049939066,0.0078520002,0.021106999,0.034807999,0.036885999
554,1981,0.0092955939,0.044216774,0.092147611,0.10829391,0.13535413,0.14476705,0,0,0.0,,,0.0,0.0,0.0,0.046561986,0.012835193,0.021916023,0.0031787879,0.048441999,0.0078520002,0.021106999,0.034807999
554,1982,0.03492118,0.082852021,0.098998323,0.12605853,0.13547145,0.13185629,0,0,0.0,0.0,,0.0,0.0,0.0,0.0092955939,0.046561986,0.012835193,0.021916023,0.011704,0.048441999,0.0078520002,0.021106999
554,1983,0.047930837,0.064077139,0.09113735,0.10055027,0.096935123,0.09847869,0,0,0.0,0.0,0.0,0.0,0.0,0.0,0.03492118,0.0092955939,0.046561986,0.012835193,0.020106999,0.011704,0.048441999,0.0078520002
554,1984,0.016146304,0.043206517,0.052619435,0.049004283,0.050547849,0.052053608,1,0,0.0,0.0,0.0,0.0,0.0,0.0,0.047930837,0.03492118,0.0092955939,0.046561986,0.02627,0.020106999,0.011704,0.048441999
554,1985,0.027060213,0.036473133,0.032857981,0.034401547,0.035907306,0.025020245,0,0,1.0,0.0,0.0,0.0,0.0,0.0,0.016146304,0.047930837,0.03492118,0.0092955939,0.083136,0.02627,0.020106999,0.011704
554,1986,0.0094129201,0.0057977699,0.007341336,0.0088470932,-0.002039968,0.00905634,0,0,0.0,1.0,0.0,0.0,0.0,0.0,0.027060213,0.016146304,0.047930837,0.03492118,-0.0035399999,0.083136,0.02627,0.020106999
554,1987,-0.0036151505,-0.0020715846,-0.00056582713,-0.011452888,-0.00035658013,0.063606985,1,1,0.0,0.0,1.0,0.0,0.0,0.0,0.0094129201,0.027060213,0.016146304,0.047930837,0.017232001,-0.0035399999,0.083136,0.02627
554,1988,0.001543566,0.0030493233,-0.0078377379,0.0032585701,0.067222133,0.11856322,0,0,1.0,0.0,0.0,1.0,0.0,0.0,-0.0036151505,0.0094129201,0.027060213,0.016146304,0.006422,0.017232001,-0.0035399999,0.083136
554,1989,0.0015057574,-0.0093813036,0.0017150044,0.065678567,0.11701965,0.16437517,1,0,0.0,1.0,0.0,0.0,1.0,0.0,0.001543566,-0.0036151505,0.0094129201,0.027060213,0.025663,0.006422,0.017232001,-0.0035399999
554,1990,-0.010887061,0.00020924676,0.064172812,0.1155139,0.16286942,0.1991466,0,1,1.0,0.0,1.0,0.0,0.0,1.0,0.0015057574,0.001543566,-0.0036151505,0.0094129201,0.010766,0.025663,0.006422,0.017232001
554,1991,0.011096308,0.075059868,0.12640095,0.17375647,0.21003364,0.23038532,0,0,0.0,1.0,0.0,1.0,0.0,0.0,-0.010887061,0.0015057574,0.001543566,-0.0036151505,0.047132999,0.010766,0.025663,0.006422
554,1998,0.054546487,0.08358182,0.11804928,0.16474766,0.21032082,0.24979791,0,0,,,,0.0,0.0,0.0,0.0081310682,0.020351674,0.036277171,0.047355521,0.041887,0.059464999,0.038908999,0.054354001
554,1999,0.029035335,0.063502796,0.11020117,0.15577433,0.19525142,0.22826648,0,0,0.0,,,0.0,0.0,0.0,0.054546487,0.0081310682,0.020351674,0.036277171,0.046374001,0.041887,0.059464999,0.038908999
554,2000,0.034467459,0.081165835,0.126739,0.16621609,0.19923115,0.22727254,1,0,0.0,0.0,,0.0,0.0,0.0,0.029035335,0.054546487,0.0081310682,0.020351674,0.013752,0.046374001,0.041887,0.059464999
554,2001,0.046698377,0.092271537,0.13174863,0.16476369,0.19280508,0.22167934,0,0,1.0,0.0,0.0,0.0,0.0,0.0,0.034467459,0.029035335,0.054546487,0.0081310682,0.017592,0.013752,0.046374001,0.041887
554,2002,0.04557316,0.085050255,0.11806531,0.14610671,0.17498097,0.16378585,0,0,0.0,1.0,0.0,0.0,0.0,0.0,0.046698377,0.034467459,0.029035335,0.054546487,0.023483999,0.017592,0.013752,0.046374001
554,2003,0.039477099,0.072492152,0.10053355,0.12940781,0.11821268,0.11516922,0,0,0.0,0.0,1.0,0.0,0.0,0.0,0.04557316,0.046698377,0.034467459,0.029035335,0.068701997,0.023483999,0.017592,0.013752
554,2004,0.03301505,0.061056446,0.089930713,0.078735583,0.075692125,0.09096618,0,0,0.0,0.0,0.0,0.0,0.0,0.0,0.039477099,0.04557316,0.046698377,0.034467459,0.065063998,0.068701997,0.023483999,0.017592
554,2005,0.028041396,0.056915663,0.045720536,0.042677075,0.057951126,0.080651894,0,0,0.0,0.0,0.0,0.0,0.0,0.0,0.03301505,0.039477099,0.04557316,0.046698377,0.108157,0.065063998,0.068701997,0.023483999
554,2006,0.028874269,0.01767914,0.014635679,0.029909732,0.052610502,0.075070158,1,0,0.0,0.0,0.0,0.0,0.0,0.0,0.028041396,0.03301505,0.039477099,0.04557316,0.112945,0.108157,0.065063998,0.068701997
554,2007,-0.011195128,-0.014238589,0.001035464,0.023736231,0.046195887,0.070693403,0,0,1.0,0.0,0.0,0.0,0.0,0.0,0.028874269,0.028041396,0.03301505,0.039477099,0.059445001,0.112945,0.108157,0.065063998
554,2008,-0.0030434607,0.012230592,0.034931362,0.057391018,0.081888534,0.11593389,1,1,0.0,1.0,0.0,0.0,0.0,0.0,-0.011195128,0.028874269,0.028041396,0.03301505,0.047125999,0.059445001,0.112945,0.108157
554,2009,0.015274053,0.03797482,0.060434476,0.084931992,0.11897735,0.14329648,0,0,1.0,0.0,1.0,1.0,0.0,0.0,-0.0030434607,-0.011195128,0.028874269,0.028041396,0.00177,0.047125999,0.059445001,0.112945
554,2010,0.022700768,0.04516042,0.069657937,0.10370329,0.12802242,0.16748394,0,0,0.0,1.0,0.0,0.0,1.0,0.0,0.015274053,-0.0030434607,-0.011195128,0.028874269,-0.046105001,0.00177,0.047125999,0.059445001
554,2011,0.022459654,0.046957169,0.081002519,0.10532165,0.14478317,,0,0,0.0,0.0,1.0,0.0,0.0,1.0,0.022700768,0.015274053,-0.0030434607,-0.011195128,-0.056451999,-0.046105001,0.00177,0.047125999
554,2012,0.024497515,0.05854287,0.082861997,0.12232352,,,0,0,0.0,0.0,0.0,0.0,0.0,0.0,0.022459654,0.022700768,0.015274053,-0.0030434607,0.0095790001,-0.056451999,-0.046105001,0.00177
554,2013,0.034045354,0.058364481,0.097826004,,,,0,0,0.0,0.0,0.0,0.0,0.0,0.0,0.024497515,0.022459654,0.022700768,0.015274053,0.026147,0.0095790001,-0.056451999,-0.046105001
579,1919,0.063568383,-0.038414694,0.063568726,0.090206876,0.089841805,0.14950566,0,1,,,,,,,0.15815501,,,,,,,
579,1920,-0.10198308,3.4272671e-07,0.026638497,0.026273428,0.085937276,0.10082288,1,1,0.0,,,1.0,,,0.063568383,0.15815501,,,-0.091338001,,,
579,1921,0.10198342,0.12862158,0.12825651,0.18792036,0.20280597,0.2399265,0,0,1.0,0.0,,1.0,1.0,,-0.10198308,0.063568383,0.15815501,,0.26440901,-0.091338001,,
579,1922,0.026638154,0.026273085,0.085936934,0.10082254,0.13794307,0.18105295,0,0,0.0,1.0,0.0,0.0,1.0,1.0,0.10198342,-0.10198308,0.063568383,0.15815501,0.016298,0.26440901,-0.091338001,
579,1923,-0.0003650696,0.05929878,0.074184388,0.11130492,0.1544148,0.24475527,0,0,0.0,0.0,1.0,0.0,0.0,1.0,0.026638154,0.10198342,-0.10198308,0.063568383,-0.090145998,0.016298,0.26440901,-0.091338001
579,1924,0.059663851,0.074549459,0.11167,0.15477988,0.24512035,0.31777829,0,0,0.0,0.0,0.0,0.0,0.0,0.0,-0.0003650696,0.026638154,0.10198342,-0.10198308,-0.145785,-0.090145998,0.016298,0.26440901
579,1925,0.014885605,0.052006144,0.095116027,0.1854565,0.25811446,0.17672542,0,0,0.0,0.0,0.0,0.0,0.0,0.0,0.059663851,-0.0003650696,0.026638154,0.10198342,-0.014134,-0.145785,-0.090145998,0.016298
579,1926,0.03712054,0.080230422,0.1705709,0.24322884,0.16183981,0.21034992,0,0,0.0,0.0,0.0,0.0,0.0,0.0,0.014885605,0.059663851,-0.0003650696,0.026638154,0.080255002,-0.014134,-0.145785,-0.090145998
579,1927,0.043109883,0.13345036,0.2061083,0.12471927,0.17322937,0.19798367,0,0,0.0,0.0,0.0,0.0,0.0,0.0,0.03712054,0.014885605,0.059663851,-0.0003650696,0.015935,0.080255002,-0.014134,-0.145785
579,1928,0.090340473,0.16299841,0.081609376,0.13011947,0.15487377,0.18959308,0,0,0.0,0.0,0.0,0.0,0.0,0.0,0.043109883,0.03712054,0.014885605,0.059663851,-0.032760002,0.015935,0.080255002,-0.014134
579,1929,0.072657943,-0.0087310895,0.039779011,0.064533308,0.099252604,0.14792229,0,0,0.0,0.0,0.0,0.0,0.0,0.0,0.090340473,0.043109883,0.03712054,0.014885605,-0.030516,-0.032760002,0.015935,0.080255002
579,1930,-0.081389032,-0.032878932,-0.0081246365,0.026594659,0.07526435,0.14057782,0,0,0.0,0.0,0.0,0.0,0.0,0.0,0.072657943,0.090340473,0.043109883,0.03712054,-0.031578001,-0.030516,-0.032760002,0.015935
579,1931,0.048510101,0.073264398,0.10798369,0.15665339,0.22196686,0.26550642,0,0,0.0,0.0,0.0,0.0,0.0,0.0,-0.081389032,0.072657943,0.090340473,0.043109883,0.080477998,-0.031578001,-0.030516,-0.032760002
579,1932,0.024754295,0.059473589,0.10814328,0.17345676,0.21699631,0.23916507,0,0,0.0,0.0,0.0,0.0,0.0,0.0,0.048510101,-0.081389032,0.072657943,0.090340473,-0.0062500001,0.080477998,-0.031578001,-0.030516
579,1933,0.034719296,0.083388984,0.14870244,0.192242,0.21441075,,0,0,0.0,0.0,0.0,0.0,0.0,0.0,0.024754295,0.048510101,-0.081389032,0.072657943,-0.033736002,-0.0062500001,0.080477998,-0.031578001
579,1934,0.048669692,0.11398315,0.15752271,0.17969146,,,0,0,0.0,0.0,0.0,0.0,0.0,0.0,0.034719296,0.024754295,0.048510101,-0.081389032,-0.040589999,-0.033736002,-0.0062500001,0.080477998
579,1935,0.065313466,0.10885301,0.13102177,,,,0,0,0.0,0.0,0.0,0.0,0.0,0.0,0.048669692,0.034719296,0.024754295,0.048510101,-0.054172002,-0.040589999,-0.033736002,-0.0062500001
579,1946,0.12718655,0.19439182,0.22071454,0.26826617,0.32102793,0.35566375,0,0,,,,,,,0.097139671,,,,,,,
579,1947,0.067205273,0.093527995,0.14107963,0.19384141,0.22847722,0.26742566,0,0,0.0,,,0.0,,,0.12718655,0.097139671,,,0.040823001,,,
579,1948,0.026322724,0.073874362,0.12663613,0.16127194,0.20022038,0.2494626,0,0,0.0,0.0,,0.0,0.0,,0.067205273,0.12718655,0.097139671,,0.042461,0.040823001,,
579,1949,0.047551636,0.10031341,0.13494922,0.17389765,0.22313988,0.24497762,0,0,0.0,0.0,0.0,0.0,0.0,0.0,0.026322724,0.067205273,0.12718655,0.097139671,0.039014,0.042461,0.040823001,
579,1950,0.052761775,0.087397583,0.12634602,0.17558825,0.19742599,0.24941801,0,0,0.0,0.0,0.0,0.0,0.0,0.0,0.047551636,0.026322724,0.067205273,0.12718655,0.040474001,0.039014,0.042461,0.040823001
579,1951,0.034635808,0.073584244,0.12282647,0.14466421,0.19665623,0.2263689,0,0,0.0,0.0,0.0,0.0,0.0,0.0,0.052761775,0.047551636,0.026322724,0.067205273,-0.030585,0.040474001,0.039014,0.042461
579,1952,0.038948435,0.088190667,0.1100284,0.16202042,0.19173309,0.19173326,0,0,0.0,0.0,0.0,0.0,0.0,0.0,0.034635808,0.052761775,0.047551636,0.026322724,0.010156,-0.030585,0.040474001,0.039014
579,1953,0.049242232,0.071079969,0.12307198,0.15278466,0.15278482,0.19407317,0,0,0.0,0.0,0.0,0.0,0.0,0.0,0.038948435,0.034635808,0.052761775,0.047551636,0.035603002,0.010156,-0.030585,0.040474001
579,1954,0.021837737,0.073829755,0.10354243,0.1035426,0.14483094,0.19957095,0,0,0.0,0.0,0.0,0.0,0.0,0.0,0.049242232,0.038948435,0.034635808,0.052761775,0.016582999,0.035603002,0.010156,-0.030585
579,1955,0.051992018,0.081704691,0.081704862,0.1229932,0.17773321,0.24046656,0,0,0.0,0.0,0.0,0.0,0.0,0.0,0.021837737,0.049242232,0.038948435,0.034635808,-0.0030469999,0.016582999,0.035603002,0.010156
579,1956,0.029712677,0.029712848,0.071001187,0.1257412,0.18847455,0.21661401,0,0,0.0,0.0,0.0,0.0,0.0,0.0,0.051992018,0.021837737,0.049242232,0.038948435,-0.021116,-0.0030469999,0.016582999,0.035603002
579,1957,1.7067678e-07,0.04128851,0.096028522,0.15876187,0.18690133,0.22475176,0,0,0.0,0.0,0.0,0.0,0.0,0.0,0.029712677,0.051992018,0.021837737,0.049242232,0.00047500001,-0.021116,-0.0030469999,0.016582999
579,1958,0.041288339,0.096028343,0.1587617,0.18690115,0.22475158,0.2748481,0,0,0.0,0.0,0.0,0.0,0.0,0.0,1.7067678e-07,0.029712677,0.051992018,0.021837737,0.025025001,0.00047500001,-0.021116,-0.0030469999
579,1959,0.054740008,0.11747336,0.14561281,0.18346323,0.23355974,0.28641582,0,0,0.0,0.0,0.0,0.0,0.0,0.0,0.041288339,1.7067678e-07,0.029712677,0.051992018,0.0075699999,0.025025001,0.00047500001,-0.021116
579,1960,0.062733352,0.090872802,0.12872323,0.17881975,0.23167583,0.26954097,0,0,0.0,0.0,0.0,0.0,0.0,0.0,0.054740008,0.041288339,1.7067678e-07,0.029712677,0.123868,0.0075699999,0.025025001,0.00047500001
579,1961,0.02813945,0.065989882,0.11608639,0.16894248,0.20680761,0.26936841,0,0,0.0,0.0,0.0,0.0,0.0,0.0,0.062733352,0.054740008,0.041288339,1.7067678e-07,-0.057048,0.123868,0.0075699999,0.025025001
579,1962,0.037850428,0.087946936,0.14080302,0.17866816,0.24122894,0.26382768,0,0,0.0,0.0,0.0,0.0,0.0,0.0,0.02813945,0.062733352,0.054740008,0.041288339,0.001947,-0.057048,0.123868,0.0075699999
579,1963,0.050096512,0.1029526,0.14081773,0.20337853,0.22597729,0.27102339,0,0,0.0,0.0,0.0,0.0,0.0,0.0,0.037850428,0.02813945,0.062733352,0.054740008,-0.00034200001,0.001947,-0.057048,0.123868
579,1964,0.052856088,0.09072122,0.15328202,0.17588077,0.22092688,0.24094081,0,0,0.0,0.0,0.0,0.0,0.0,0.0,0.050096512,0.037850428,0.02813945,0.062733352,-0.0089950003,-0.00034200001,0.001947,-0.057048
579,1965,0.037865132,0.10042592,0.12302467,0.16807079,0.18808472,0.24480923,0,0,0.0,0.0,0.0,0.0,0.0,0.0,0.052856088,0.050096512,0.037850428,0.02813945,-0.011159,-0.0089950003,-0.00034200001,0.001947
579,1966,0.062560789,0.08515954,0.13020566,0.15021959,0.20694409,0.26025006,0,0,0.0,0.0,0.0,0.0,0.0,0.0,0.037865132,0.052856088,0.050096512,0.037850428,0.0062509999,-0.011159,-0.0089950003,-0.00034200001
579,1967,0.022598755,0.067644864,0.087658785,0.14438328,0.19768927,0.24301887,0,0,0.0,0.0,0.0,0.0,0.0,0.0,0.062560789,0.037865132,0.052856088,0.050096512,-0.002605,0.0062509999,-0.011159,-0.0089950003
579,1968,0.045046113,0.065060034,0.12178454,0.17509052,0.22042012,0.25965038,0,0,0.0,0.0,0.0,0.0,0.0,0.0,0.022598755,0.062560789,0.037865132,0.052856088,0.024877001,-0.002605,0.0062509999,-0.011159
579,1969,0.020013923,0.076738425,0.1300444,0.175374,0.21460427,0.26412463,0,0,0.0,0.0,0.0,0.0,0.0,0.0,0.045046113,0.022598755,0.062560789,0.037865132,0.022585999,0.024877001,-0.002605,0.0062509999
579,1970,0.0567245,0.11003048,0.15536009,0.19459036,0.2441107,0.3023662,0,0,0.0,0.0,0.0,0.0,0.0,0.0,0.020013923,0.045046113,0.022598755,0.062560789,-0.094160996,0.022585999,0.024877001,-0.002605
579,1971,0.05330598,0.098635584,0.13786586,0.1873862,0.24564171,0.28724939,0,0,0.0,0.0,0.0,0.0,0.0,0.0,0.0567245,0.020013923,0.045046113,0.022598755,0.008843,-0.094160996,0.022585999,0.024877001
579,1972,0.045329604,0.084559873,0.13408022,0.19233572,0.2339434,0.27263671,0,0,0.0,0.0,0.0,0.0,0.0,0.0,0.05330598,0.0567245,0.020013923,0.045046113,0.007793,0.008843,-0.094160996,0.022585999
579,1973,0.039230268,0.088750616,0.14700612,0.1886138,0.22730713,0.27103221,0,0,0.0,0.0,0.0,0.0,0.0,0.0,0.045329604,0.05330598,0.0567245,0.020013923,-0.00093699998,0.007793,0.008843,-0.094160996
579,1974,0.049520344,0.10777585,0.14938352,0.18807684,0.23180194,0.27744812,0,1,0.0,0.0,0.0,0.0,0.0,0.0,0.039230268,0.045329604,0.05330598,0.0567245,-0.0083489995,-0.00093699998,0.007793,0.008843
579,1975,0.058255509,0.099863179,0.1385565,0.1822816,0.22792777,0.24391043,0,0,0.0,0.0,0.0,1.0,0.0,0.0,0.049520344,0.039230268,0.045329604,0.05330598,0.005194,-0.0083489995,-0.00093699998,0.007793
579,1976,0.04160767,0.080300987,0.12402609,0.16967227,0.18565492,0.18800828,0,0,0.0,0.0,0.0,0.0,1.0,0.0,0.058255509,0.049520344,0.039230268,0.045329604,0.010035,0.005194,-0.0083489995,-0.00093699998
579,1977,0.03869332,0.082418419,0.1280646,0.14404726,0.14640062,0.18612833,0,1,0.0,0.0,0.0,0.0,0.0,1.0,0.04160767,0.058255509,0.049520344,0.039230268,0.001861,0.010035,0.005194,-0.0083489995
579,1978,0.043725099,0.089371279,0.10535394,0.10770729,0.14743501,0.20795946,0,0,0.0,0.0,0.0,1.0,0.0,0.0,0.03869332,0.04160767,0.058255509,0.049520344,0.047648001,0.001861,0.010035,0.005194
579,1979,0.045646179,0.061628833,0.063982189,0.10370991,0.16423436,0.21976754,0,0,0.0,0.0,0.0,0.0,1.0,0.0,0.043725099,0.03869332,0.04160767,0.058255509,0.016357999,0.047648001,0.001861,0.010035
579,1980,0.015982656,0.018336009,0.058063723,0.11858818,0.17412136,0.21454462,0,0,0.0,0.0,0.0,0.0,0.0,1.0,0.045646179,0.043725099,0.03869332,0.04160767,-0.011628,0.016357999,0.047648001,0.001861
579,1981,0.0023533544,0.042081069,0.10260552,0.15813871,0.19856197,0.21609573,0,0,0.0,0.0,0.0,0.0,0.0,0.0,0.015982656,0.045646179,0.043725099,0.03869332,-0.058890998,-0.011628,0.016357999,0.047648001
579,1982,0.039727714,0.10025217,0.15578535,0.19620861,0.21374238,0.21118884,0,0,0.0,0.0,0.0,0.0,0.0,0.0,0.0023533544,0.015982656,0.045646179,0.043725099,0.055594001,-0.058890998,-0.011628,0.016357999
579,1983,0.060524452,0.11605763,0.15648089,0.17401466,0.17146112,0.18184397,0,0,0.0,0.0,0.0,0.0,0.0,0.0,0.039727714,0.0023533544,0.015982656,0.045646179,0.010356,0.055594001,-0.058890998,-0.011628
579,1984,0.055533182,0.095956445,0.11349021,0.11093667,0.12131952,0.14064391,0,0,0.0,0.0,0.0,0.0,0.0,0.0,0.060524452,0.039727714,0.0023533544,0.015982656,0.041744001,0.010356,0.055594001,-0.058890998
579,1985,0.040423259,0.057957023,0.055403486,0.065786339,0.085110724,0.11595747,0,0,0.0,0.0,0.0,0.0,0.0,0.0,0.055533182,0.060524452,0.039727714,0.0023533544,0.047906999,0.041744001,0.010356,0.055594001
579,1986,0.017533766,0.014980228,0.02536308,0.044687469,0.07553421,0.11127824,0,0,0.0,0.0,0.0,0.0,0.0,0.0,0.040423259,0.055533182,0.060524452,0.039727714,0.096041001,0.047906999,0.041744001,0.010356
579,1987,-0.0025535384,0.0078293132,0.027153701,0.058000442,0.093744472,0.12219759,1,0,0.0,0.0,0.0,0.0,0.0,0.0,0.017533766,0.040423259,0.055533182,0.060524452,0.096593,0.096041001,0.047906999,0.041744001
579,1988,0.010382852,0.02970724,0.060553983,0.096298017,0.12475114,0.17530566,0,0,1.0,0.0,0.0,0.0,0.0,0.0,-0.0025535384,0.017533766,0.040423259,0.055533182,0.0055820001,0.096593,0.096041001,0.047906999
579,1989,0.019324388,0.050171129,0.085915163,0.11436828,0.16492282,0.20646232,0,0,0.0,1.0,0.0,0.0,0.0,0.0,0.010382852,-0.0025535384,0.017533766,0.040423259,0.0044339998,0.0055820001,0.096593,0.096041001
579,1990,0.030846741,0.066590771,0.09504389,0.14559843,0.18713793,0.23741789,1,0,0.0,0.0,1.0,0.0,0.0,0.0,0.019324388,0.010382852,-0.0025535384,0.017533766,-0.032444999,0.0044339998,0.0055820001,0.096593
579,1991,0.035744034,0.064197153,0.11475168,0.15629119,0.20657115,0.25941798,1,0,1.0,0.0,0.0,0.0,0.0,0.0,0.030846741,0.019324388,0.010382852,-0.0025535384,-0.042902999,-0.032444999,0.0044339998,0.0055820001
579,1992,0.028453121,0.079007655,0.12054716,0.17082712,0.22367397,0.24991794,1,1,1.0,1.0,0.0,0.0,0.0,0.0,0.035744034,0.030846741,0.019324388,0.010382852,0.065741003,-0.042902999,-0.032444999,0.0044339998
579,1993,0.050554533,0.092094034,0.14237399,0.19522084,0.22146481,0.24159789,0,0,1.0,1.0,1.0,1.0,0.0,0.0,0.028453121,0.035744034,0.030846741,0.019324388,-0.036784999,0.065741003,-0.042902999,-0.032444999
579,1994,0.041539505,0.091819465,0.14466631,0.17091028,0.19104336,0.22309622,0,0,0.0,1.0,1.0,0.0,1.0,0.0,0.050554533,0.028453121,0.035744034,0.030846741,-0.028471,-0.036784999,0.065741003,-0.042902999
579,1995,0.050279956,0.1031268,0.12937076,0.14950384,0.1815567,0.20240998,0,0,0.0,0.0,1.0,0.0,0.0,1.0,0.041539505,0.050554533,0.028453121,0.035744034,-0.015049,-0.028471,-0.036784999,0.065741003
579,1996,0.052846845,0.079090811,0.099223889,0.13127674,0.15213002,0.16650711,0,0,0.0,0.0,0.0,0.0,0.0,0.0,0.050279956,0.041539505,0.050554533,0.028453121,-0.017247999,-0.015049,-0.028471,-0.036784999
579,1997,0.026243968,0.046377044,0.078429893,0.099283174,0.11366026,0.12285868,0,0,0.0,0.0,0.0,0.0,0.0,0.0,0.052846845,0.050279956,0.041539505,0.050554533,0.046521001,-0.017247999,-0.015049,-0.028471
579,1998,0.020133076,0.05218593,0.073039211,0.087416299,0.096614718,0.13620511,0,0,0.0,0.0,0.0,0.0,0.0,0.0,0.026243968,0.052846845,0.050279956,0.041539505,0.068605997,0.046521001,-0.017247999,-0.015049
579,1999,0.032052852,0.052906133,0.067283221,0.07648164,0.11607202,0.14231923,0,0,0.0,0.0,0.0,0.0,0.0,0.0,0.020133076,0.026243968,0.052846845,0.050279956,-0.0031669999,0.068605997,0.046521001,-0.017247999
579,2000,0.020853281,0.035230368,0.044428788,0.084019169,0.11026637,0.13421729,0,0,0.0,0.0,0.0,0.0,0.0,0.0,0.032052852,0.020133076,0.026243968,0.052846845,-0.069002002,-0.0031669999,0.068605997,0.046521001
579,2001,0.014377088,0.023575507,0.063165888,0.089413092,0.11336402,0.14266168,0,1,0.0,0.0,0.0,0.0,0.0,0.0,0.020853281,0.032052852,0.020133076,0.026243968,0.044707999,-0.069002002,-0.0031669999,0.068605997
579,2002,0.0091984188,0.048788801,0.075036004,0.098986931,0.12828459,0.13212764,0,1,0.0,0.0,0.0,1.0,0.0,0.0,0.014377088,0.020853281,0.032052852,0.020133076,0.060430001,0.044707999,-0.069002002,-0.0031669999
579,2003,0.039590381,0.065837584,0.089788511,0.11908617,0.12292923,0.1067039,0,0,0.0,0.0,0.0,1.0,1.0,0.0,0.0091984188,0.014377088,0.020853281,0.032052852,0.034968,0.060430001,0.044707999,-0.069002002
579,2004,0.026247205,0.05019813,0.079495788,0.083338849,0.067113519,0.073132381,0,0,0.0,0.0,0.0,0.0,1.0,1.0,0.039590381,0.0091984188,0.014377088,0.020853281,-0.016429,0.034968,0.060430001,0.044707999
579,2005,0.023950925,0.053248584,0.057091646,0.040866315,0.046885177,0.056572981,0,0,0.0,0.0,0.0,0.0,0.0,1.0,0.026247205,0.039590381,0.0091984188,0.014377088,0.043276999,-0.016429,0.034968,0.060430001
579,2006,0.029297659,0.033140719,0.016915387,0.022934249,0.03262205,0.060110226,0,0,0.0,0.0,0.0,0.0,0.0,0.0,0.023950925,0.026247205,0.039590381,0.0091984188,0.040720001,0.043276999,-0.016429,0.034968
579,2007,0.0038430605,-0.012382272,-0.00636341,0.0033243918,0.030812569,0.040799625,0,0,0.0,0.0,0.0,0.0,0.0,0.0,0.029297659,0.023950925,0.026247205,0.039590381,0.10284,0.040720001,0.043276999,-0.016429
579,2008,-0.016225332,-0.01020647,-0.00051866844,0.026969509,0.036956564,0.056144759,1,1,0.0,0.0,0.0,0.0,0.0,0.0,0.0038430605,0.029297659,0.023950925,0.026247205,-0.031155,0.10284,0.040720001,0.043276999
579,2009,0.0060188617,0.015706664,0.043194842,0.053181894,0.07237009,0.088480361,0,0,1.0,0.0,0.0,1.0,0.0,0.0,-0.016225332,0.0038430605,0.029297659,0.023950925,0.112833,-0.031155,0.10284,0.040720001
579,2010,0.0096878018,0.037175979,0.047163032,0.066351227,0.082461499,0.093241289,0,0,0.0,1.0,0.0,0.0,1.0,0.0,0.0060188617,-0.016225332,0.0038430605,0.029297659,-0.089336,0.112833,-0.031155,0.10284
579,2011,0.027488178,0.037475232,0.056663428,0.072773695,0.083553486,,0,0,0.0,0.0,1.0,0.0,0.0,1.0,0.0096878018,0.0060188617,-0.016225332,0.0038430605,-0.055583999,-0.089336,0.112833,-0.031155
579,2012,0.0099870544,0.02917525,0.045285523,0.056065314,,,0,0,0.0,0.0,0.0,0.0,0.0,0.0,0.027488178,0.0096878018,0.0060188617,-0.016225332,-0.040881999,-0.055583999,-0.089336,0.112833
579,2013,0.019188195,0.035298467,0.046078257,,,,0,0,0.0,0.0,0.0,0.0,0.0,0.0,0.0099870544,0.027488178,0.0096878018,0.0060188617,0.065987997,-0.040881999,-0.055583999,-0.089336
604,1927,0.062544592,0.16195332,0.040191226,-0.044140264,-0.083217725,0.023371086,0,0,0.0,0.0,0.0,,,,0.017516004,0.09671782,0.026076589,0.090027101,0.0039559999,-0.0020649999,,
604,1928,0.099408723,-0.022353366,-0.10668486,-0.14576231,-0.039173499,0.087780118,0,0,0.0,0.0,0.0,0.0,,,0.062544592,0.017516004,0.09671782,0.026076589,0.001313,0.0039559999,-0.0020649999,
604,1929,-0.12176209,-0.20609358,-0.24517104,-0.13858223,-0.011628613,0.078000396,0,0,0.0,0.0,0.0,0.0,0.0,,0.099408723,0.062544592,0.017516004,0.09671782,0.0067599998,0.001313,0.0039559999,-0.0020649999
604,1930,-0.08433149,-0.12340894,-0.016820133,0.11013348,0.19976249,0.24663374,0,0,0.0,0.0,0.0,0.0,0.0,0.0,-0.12176209,0.099408723,0.062544592,0.017516004,0.021837,0.0067599998,0.001313,0.0039559999
604,1931,-0.039077457,0.06751135,0.19446497,0.28409398,0.33096522,0.34442255,1,0,0.0,0.0,0.0,0.0,0.0,0.0,-0.08433149,-0.12176209,0.099408723,0.062544592,-0.0082860002,0.021837,0.0067599998,0.001313
604,1932,0.10658881,0.23354243,0.32317144,0.37004268,0.38350001,0.39911354,0,0,1.0,0.0,0.0,0.0,0.0,0.0,-0.039077457,-0.08433149,-0.12176209,0.099408723,0.0030809999,-0.0082860002,0.021837,0.0067599998
604,1933,0.12695362,0.21658263,0.26345387,0.2769112,0.29252473,,0,0,0.0,1.0,0.0,0.0,0.0,0.0,0.10658881,-0.039077457,-0.08433149,-0.12176209,-0.016136,0.0030809999,-0.0082860002,0.021837
604,1934,0.089629009,0.13650024,0.14995755,0.16557106,,,0,0,0.0,0.0,1.0,0.0,0.0,0.0,0.12695362,0.10658881,-0.039077457,-0.08433149,0.001865,-0.016136,0.0030809999,-0.0082860002
604,1935,0.046871237,0.060328558,0.075942069,,,,0,0,0.0,0.0,0.0,0.0,0.0,0.0,0.089629009,0.12695362,0.10658881,-0.039077457,0.0047900002,0.001865,-0.016136,0.0030809999
604,1946,0.027731651,0.060262464,0.13296288,0.20865747,0.28361672,0.33390075,0,0,,,,,,,0.037777994,,,,,,,
604,1947,0.032530811,0.10523124,0.18092585,0.25588509,0.30616912,0.36756253,1,0,0.0,,,0.0,,,0.027731651,0.037777994,,,-0.012535,,,
604,1948,0.072700426,0.14839503,0.22335428,0.27363831,0.33503169,0.3624472,0,0,1.0,0.0,,0.0,0.0,,0.032530811,0.027731651,0.037777994,,-0.016471,-0.012535,,
604,1949,0.075694598,0.15065385,0.2009379,0.26233131,0.28974682,0.36145863,0,0,0.0,1.0,0.0,0.0,0.0,0.0,0.072700426,0.032530811,0.027731651,0.037777994,-0.0026,-0.016471,-0.012535,
604,1950,0.074959256,0.12524329,0.18663669,0.21405222,0.28576404,0.33003587,0,0,0.0,0.0,1.0,0.0,0.0,0.0,0.075694598,0.072700426,0.032530811,0.027731651,0.00398,-0.0026,-0.016471,-0.012535
604,1951,0.050284039,0.11167744,0.13909297,0.21080479,0.25507662,0.30273885,0,0,0.0,0.0,0.0,0.0,0.0,0.0,0.074959256,0.075694598,0.072700426,0.032530811,0.0091110002,0.00398,-0.0026,-0.016471
604,1952,0.061393395,0.088808924,0.16052073,0.20479254,0.25245476,0.25552446,0,0,0.0,0.0,0.0,0.0,0.0,0.0,0.050284039,0.074959256,0.075694598,0.072700426,0.012707,0.0091110002,0.00398,-0.0026
604,1953,0.027415527,0.099127345,0.14339916,0.19106138,0.19413108,0.19923925,0,0,0.0,0.0,0.0,0.0,0.0,0.0,0.061393395,0.050284039,0.074959256,0.075694598,-0.0042019999,0.012707,0.0091110002,0.00398
604,1954,0.071711816,0.11598364,0.16364586,0.16671556,0.17182374,0.30122611,0,0,0.0,0.0,0.0,0.0,0.0,0.0,0.027415527,0.061393395,0.050284039,0.074959256,-0.00033899999,-0.0042019999,0.012707,0.0091110002
604,1955,0.044271816,0.09193404,0.095003732,0.1001119,0.22951427,0.30298525,0,0,0.0,0.0,0.0,0.0,0.0,0.0,0.071711816,0.027415527,0.061393395,0.050284039,0.0075059999,-0.00033899999,-0.0042019999,0.012707
604,1956,0.047662221,0.050731912,0.055840086,0.18524246,0.25871342,0.35906637,0,0,0.0,0.0,0.0,0.0,0.0,0.0,0.044271816,0.071711816,0.027415527,0.061393395,0.0039459998,0.0075059999,-0.00033899999,-0.0042019999
604,1957,0.0030696921,0.0081778644,0.13758023,0.2110512,0.31140414,0.35468665,0,0,0.0,0.0,0.0,0.0,0.0,0.0,0.047662221,0.044271816,0.071711816,0.027415527,-0.0035649999,0.0039459998,0.0075059999,-0.00033899999
604,1958,0.0051081725,0.13451055,0.20798151,0.30833444,0.35161695,0.41709563,0,0,0.0,0.0,0.0,0.0,0.0,0.0,0.0030696921,0.047662221,0.044271816,0.071711816,-0.0070770001,-0.0035649999,0.0039459998,0.0075059999
604,1959,0.12940237,0.20287333,0.30322626,0.34650877,0.41198745,0.4682048,0,0,0.0,0.0,0.0,0.0,0.0,0.0,0.0051081725,0.0030696921,0.047662221,0.044271816,-0.0083379997,-0.0070770001,-0.0035649999,0.0039459998
604,1960,0.073470965,0.17382389,0.21710639,0.28258505,0.3388024,0.4211916,0,0,0.0,0.0,0.0,0.0,0.0,0.0,0.12940237,0.0051081725,0.0030696921,0.047662221,-0.0031870001,-0.0083379997,-0.0070770001,-0.0035649999
604,1961,0.10035294,0.14363544,0.2091141,0.26533145,0.34772065,0.38624629,0,0,0.0,0.0,0.0,0.0,0.0,0.0,0.073470965,0.12940237,0.0051081725,0.0030696921,0.0085340003,-0.0031870001,-0.0083379997,-0.0070770001
604,1962,0.043282498,0.10876118,0.1649785,0.24736771,0.28589335,0.28741574,0,0,0.0,0.0,0.0,0.0,0.0,0.0,0.10035294,0.073470965,0.12940237,0.0051081725,0.0033140001,0.0085340003,-0.0031870001,-0.0083379997
604,1963,0.065478675,0.12169601,0.20408522,0.24261086,0.24413323,0.27927783,0,0,0.0,0.0,0.0,0.0,0.0,0.0,0.043282498,0.10035294,0.073470965,0.12940237,0.00075399998,0.0033140001,0.0085340003,-0.0031870001
604,1964,0.056217335,0.13860655,0.17713219,0.17865457,0.21379915,0.24745861,0,0,0.0,0.0,0.0,0.0,0.0,0.0,0.065478675,0.043282498,0.10035294,0.073470965,-0.002109,0.00075399998,0.0033140001,0.0085340003
604,1965,0.082389206,0.12091485,0.12243722,0.15758181,0.19124126,0.23714666,0,0,0.0,0.0,0.0,0.0,0.0,0.0,0.056217335,0.065478675,0.043282498,0.10035294,0.0031709999,-0.002109,0.00075399998,0.0033140001
604,1966,0.038525645,0.040048022,0.075192615,0.10885207,0.15475747,0.18953282,0,0,0.0,0.0,0.0,0.0,0.0,0.0,0.082389206,0.056217335,0.065478675,0.043282498,-0.0087900003,0.0031709999,-0.002109,0.00075399998
604,1967,0.0015223771,0.036666967,0.070326433,0.11623183,0.15100718,0.21377653,0,0,0.0,0.0,0.0,0.0,0.0,0.0,0.038525645,0.082389206,0.056217335,0.065478675,-0.0049439999,-0.0087900003,0.0031709999,-0.002109
604,1968,0.03514459,0.068804055,0.11470945,0.1494848,0.21225414,0.30612248,0,0,0.0,0.0,0.0,0.0,0.0,0.0,0.0015223771,0.038525645,0.082389206,0.056217335,-0.0090070004,-0.0049439999,-0.0087900003,0.0031709999
604,1969,0.033659462,0.079564862,0.11434022,0.17710957,0.27097791,0.31398654,0,0,0.0,0.0,0.0,0.0,0.0,0.0,0.03514459,0.0015223771,0.038525645,0.082389206,-0.001867,-0.0090070004,-0.0049439999,-0.0087900003
604,1970,0.0459054,0.08068075,0.1434501,0.23731846,0.28032708,0.2947982,0,0,0.0,0.0,0.0,0.0,0.0,0.0,0.033659462,0.03514459,0.0015223771,0.038525645,-0.001453,-0.001867,-0.0090070004,-0.0049439999
604,1971,0.03477535,0.0975447,0.19141304,0.23442167,0.24889278,0.25238341,0,0,0.0,0.0,0.0,0.0,0.0,0.0,0.0459054,0.033659462,0.03514459,0.0015223771,0.0082630003,-0.001453,-0.001867,-0.0090070004
604,1972,0.062769346,0.1566377,0.19964632,0.21411744,0.21760808,0.19118305,0,0,0.0,0.0,0.0,0.0,0.0,0.0,0.03477535,0.0459054,0.033659462,0.03514459,0.0090589998,0.0082630003,-0.001453,-0.001867
604,1973,0.093868352,0.13687699,0.1513481,0.15483874,0.12841371,0.16932121,0,0,0.0,0.0,0.0,0.0,0.0,0.0,0.062769346,0.03477535,0.0459054,0.033659462,0.00233,0.0090589998,0.0082630003,-0.001453
604,1974,0.043008633,0.057479743,0.060970381,0.034545351,0.075452857,0.13488621,0,0,0.0,0.0,0.0,0.0,0.0,0.0,0.093868352,0.062769346,0.03477535,0.0459054,-0.013605,0.00233,0.0090589998,0.0082630003
604,1975,0.01447111,0.017961748,-0.0084632821,0.032444224,0.09187758,0.14739799,0,0,0.0,0.0,0.0,0.0,0.0,0.0,0.043008633,0.093868352,0.062769346,0.03477535,0.001271,-0.013605,0.00233,0.0090589998
604,1976,0.0034906371,-0.022934392,0.017973114,0.077406466,0.13292688,0.13069965,0,0,0.0,0.0,0.0,0.0,0.0,0.0,0.01447111,0.043008633,0.093868352,0.062769346,-0.0082520004,0.001271,-0.013605,0.00233
604,1977,-0.02642503,0.014482476,0.073915832,0.12943625,0.12720902,0.023128167,0,0,0.0,0.0,0.0,0.0,0.0,0.0,0.0034906371,0.01447111,0.043008633,0.093868352,-0.013605,-0.0082520004,0.001271,-0.013605
604,1978,0.040907506,0.10034086,0.15586127,0.15363404,0.049553186,0.08563605,0,0,0.0,0.0,0.0,0.0,0.0,0.0,-0.02642503,0.0034906371,0.01447111,0.043008633,-0.010458,-0.013605,-0.0082520004,0.001271
604,1979,0.059433356,0.11495377,0.11272654,0.0086456835,0.044728551,0.065339871,0,0,0.0,0.0,0.0,0.0,0.0,0.0,0.040907506,-0.02642503,0.0034906371,0.01447111,0.00045799999,-0.010458,-0.013605,-0.0082520004
604,1980,0.055520419,0.053293183,-0.050787672,-0.014704805,0.0059065148,0.10016614,0,0,0.0,0.0,0.0,0.0,0.0,0.0,0.059433356,0.040907506,-0.02642503,0.0034906371,0.028147999,0.00045799999,-0.010458,-0.013605
604,1981,-0.0022272344,-0.10630809,-0.070225224,-0.049613904,0.044645723,0.14190719,1,1,0.0,0.0,0.0,0.0,0.0,0.0,0.055520419,0.059433356,0.040907506,-0.02642503,0.026787,0.028147999,0.00045799999,-0.010458
604,1982,-0.10408086,-0.067997992,-0.047386672,0.046872955,0.14413442,0.049721681,1,1,1.0,0.0,0.0,1.0,0.0,0.0,-0.0022272344,0.055520419,0.059433356,0.040907506,-0.00076199998,0.026787,0.028147999,0.00045799999
604,1983,0.036082868,0.056694187,0.15095381,0.24821529,0.15380254,0.030682132,1,0,1.0,1.0,0.0,1.0,1.0,0.0,-0.10408086,-0.0022272344,0.055520419,0.059433356,0.018271999,-0.00076199998,0.026787,0.028147999
604,1984,0.02061132,0.11487095,0.21213242,0.11771969,-0.0054007247,-0.05522636,0,0,1.0,1.0,1.0,0.0,1.0,1.0,0.036082868,-0.10408086,-0.0022272344,0.055520419,-0.013754,0.018271999,-0.00076199998,0.026787
604,1985,0.094259627,0.19152109,0.097108357,-0.026012056,-0.075837687,-0.053645097,0,0,0.0,1.0,1.0,0.0,0.0,1.0,0.02061132,0.036082868,-0.10408086,-0.0022272344,-0.022764999,-0.013754,0.018271999,-0.00076199998
604,1986,0.097261466,0.0028487295,-0.12027168,-0.17009732,-0.14790472,-0.15330982,0,0,0.0,0.0,1.0,0.0,0.0,0.0,0.094259627,0.02061132,0.036082868,-0.10408086,-0.013026,-0.022764999,-0.013754,0.018271999
604,1987,-0.094412737,-0.21753314,-0.26735878,-0.24516618,-0.25057128,-0.19813551,1,1,0.0,0.0,0.0,0.0,0.0,0.0,0.097261466,0.094259627,0.02061132,0.036082868,-0.0096880002,-0.013026,-0.022764999,-0.013754
604,1988,-0.12312041,-0.17294605,-0.15075347,-0.15615857,-0.1037228,0.019360863,1,1,1.0,0.0,0.0,1.0,0.0,0.0,-0.094412737,0.097261466,0.094259627,0.02061132,0.013504,-0.0096880002,-0.013026,-0.022764999
604,1989,-0.049825635,-0.027633045,-0.033038136,0.019397635,0.1424813,0.21659525,1,0,1.0,1.0,0.0,1.0,1.0,0.0,-0.12312041,-0.094412737,0.097261466,0.094259627,-0.0056759999,0.013504,-0.0096880002,-0.013026
604,1990,0.02219259,0.016787499,0.06922327,0.19230694,0.2664209,0.29441065,1,0,1.0,1.0,1.0,0.0,1.0,1.0,-0.049825635,-0.12312041,-0.094412737,0.097261466,-0.0025140001,-0.0056759999,0.013504,-0.0096880002
604,1991,-0.0054050912,0.04703068,0.17011434,0.24422829,0.27221802,0.33698624,0,0,1.0,1.0,1.0,0.0,0.0,1.0,0.02219259,-0.049825635,-0.12312041,-0.094412737,-0.011019,-0.0025140001,-0.0056759999,0.013504
604,1992,0.052435771,0.17551944,0.24963339,0.27762312,0.34239137,0.338476,0,0,0.0,1.0,1.0,0.0,0.0,0.0,-0.0054050912,0.02219259,-0.049825635,-0.12312041,0.021345999,-0.011019,-0.0025140001,-0.0056759999
604,1993,0.12308366,0.19719762,0.22518735,0.28995559,0.28604022,0.30098933,0,0,0.0,0.0,1.0,0.0,0.0,0.0,0.052435771,-0.0054050912,0.02219259,-0.049825635,0.019832,0.021345999,-0.011019,-0.0025140001
604,1994,0.07411395,0.10210368,0.16687192,0.16295655,0.17790565,0.20484936,0,0,0.0,0.0,0.0,0.0,0.0,0.0,0.12308366,0.052435771,-0.0054050912,0.02219259,0.022815,0.019832,0.021345999,-0.011019
604,1995,0.02798973,0.09275797,0.088842593,0.1037917,0.13073541,0.13691434,0,0,0.0,0.0,0.0,0.0,0.0,0.0,0.07411395,0.12308366,0.052435771,-0.0054050912,0.025903,0.022815,0.019832,0.021345999
604,1996,0.06476824,0.060852863,0.075801969,0.10274568,0.1089246,0.1634599,0,0,0.0,0.0,0.0,0.0,0.0,0.0,0.02798973,0.07411395,0.12308366,0.052435771,0.051514,0.025903,0.022815,0.019832
604,1997,-0.0039153756,0.011033731,0.037977446,0.044156369,0.098691657,0.14034189,0,0,0.0,0.0,0.0,0.0,0.0,0.0,0.06476824,0.02798973,0.07411395,0.12308366,0.033845,0.051514,0.025903,0.022815
604,1998,0.014949106,0.041892819,0.048071742,0.10260703,0.14425726,0.1938393,1,0,0.0,0.0,0.0,0.0,0.0,0.0,-0.0039153756,0.06476824,0.02798973,0.07411395,0.037811998,0.033845,0.051514,0.025903
604,1999,0.026943715,0.03312264,0.087657928,0.12930816,0.1788902,0.24174079,0,0,1.0,0.0,0.0,0.0,0.0,0.0,0.014949106,-0.0039153756,0.06476824,0.02798973,0.007863,0.037811998,0.033845,0.051514
604,2000,0.0061789234,0.060714211,0.10236444,0.15194649,0.21479708,0.29008606,1,1,0.0,1.0,0.0,0.0,0.0,0.0,0.026943715,0.014949106,-0.0039153756,0.06476824,-0.026356,0.007863,0.037811998,0.033845
604,2001,0.054535288,0.09618552,0.14576755,0.20861816,0.28390715,0.36909103,0,0,1.0,0.0,1.0,1.0,0.0,0.0,0.0061789234,0.026943715,0.014949106,-0.0039153756,-0.028938999,-0.026356,0.007863,0.037811998
604,2002,0.041650232,0.09123227,0.15408286,0.22937185,0.31455573,0.40582141,0,0,0.0,1.0,0.0,0.0,1.0,0.0,0.054535288,0.0061789234,0.026943715,0.014949106,-0.012458,-0.028938999,-0.026356,0.007863
604,2003,0.049582034,0.11243264,0.18772162,0.2729055,0.36417118,0.3751294,0,0,0.0,0.0,1.0,0.0,0.0,1.0,0.041650232,0.054535288,0.0061789234,0.026943715,-0.022163,-0.012458,-0.028938999,-0.026356
604,2004,0.062850602,0.13813959,0.22332346,0.31458914,0.32554737,0.40887195,0,0,0.0,0.0,0.0,0.0,0.0,0.0,0.049582034,0.041650232,0.054535288,0.0061789234,-0.020755,-0.022163,-0.012458,-0.028938999
604,2005,0.075288989,0.16047287,0.25173855,0.26269677,0.34602135,0.40929329,0,0,0.0,0.0,0.0,0.0,0.0,0.0,0.062850602,0.049582034,0.041650232,0.054535288,0.011562,-0.020755,-0.022163,-0.012458
604,2006,0.085183881,0.17644957,0.18740781,0.2707324,0.33400434,0.3954016,0,0,0.0,0.0,0.0,0.0,0.0,0.0,0.075288989,0.062850602,0.049582034,0.041650232,-0.015733,0.011562,-0.020755,-0.022163
604,2007,0.091265678,0.10222392,0.18554851,0.24882044,0.31021768,0.36874285,0,0,0.0,0.0,0.0,0.0,0.0,0.0,0.085183881,0.075288989,0.062850602,0.049582034,0.036839001,-0.015733,0.011562,-0.020755
604,2008,0.010958237,0.094282836,0.15755476,0.218952,0.27747717,0.3010205,0,1,0.0,0.0,0.0,0.0,0.0,0.0,0.091265678,0.085183881,0.075288989,0.062850602,0.045127001,0.036839001,-0.015733,0.011562
604,2009,0.083324596,0.14659652,0.20799378,0.26651895,0.29006228,0.32257432,0,0,0.0,0.0,0.0,1.0,0.0,0.0,0.010958237,0.091265678,0.085183881,0.075288989,-0.0047459998,0.045127001,0.036839001,-0.015733
604,2010,0.063271925,0.12466917,0.18319435,0.20673768,0.23924971,0.27807468,0,0,0.0,0.0,0.0,0.0,1.0,0.0,0.083324596,0.010958237,0.091265678,0.085183881,-0.00047100001,-0.0047459998,0.045127001,0.036839001
604,2011,0.061397247,0.11992243,0.14346576,0.17597778,0.21480274,,0,0,0.0,0.0,0.0,0.0,0.0,1.0,0.063271925,0.083324596,0.010958237,0.091265678,0.018048,-0.00047100001,-0.0047459998,0.045127001
604,2012,0.058525182,0.08206851,0.11458053,0.1534055,,,0,0,0.0,0.0,0.0,0.0,0.0,0.0,0.061397247,0.063271925,0.083324596,0.010958237,0.012447,0.018048,-0.00047100001,-0.0047459998
604,2013,0.02354333,0.056055352,0.09488032,,,,0,0,0.0,0.0,0.0,0.0,0.0,0.0,0.058525182,0.061397247,0.063271925,0.083324596,0.033736002,0.012447,0.018048,-0.00047100001
608,1953,0.072509974,0.13960594,0.20742804,0.26009548,0.29411227,0.35996741,0,0,0.0,,,,,,0.085632443,0.06021601,0.10237587,0.073088109,0.0044209999,-0.0043040002,0.015998,0.002325
608,1954,0.067095965,0.13491806,0.18758552,0.22160232,0.28745747,0.30098832,0,0,0.0,0.0,,0.0,,,0.072509974,0.085632443,0.06021601,0.10237587,0.0064329999,0.0044209999,-0.0043040002,0.015998
608,1955,0.067822106,0.12048956,0.15450636,0.2203615,0.23389234,0.29005814,0,0,0.0,0.0,0.0,0.0,0.0,,0.067095965,0.072509974,0.085632443,0.06021601,0.011333,0.0064329999,0.0044209999,-0.0043040002
608,1956,0.052667454,0.086684249,0.15253939,0.16607022,0.22223602,0.26996723,0,0,0.0,0.0,0.0,0.0,0.0,0.0,0.067822106,0.067095965,0.072509974,0.085632443,0.004431,0.011333,0.0064329999,0.0044209999
608,1957,0.034016795,0.099871933,0.11340278,0.16956857,0.21729979,0.28790468,0,1,0.0,0.0,0.0,0.0,0.0,0.0,0.052667454,0.067822106,0.067095965,0.072509974,0.012836,0.004431,0.011333,0.0064329999
608,1958,0.065855138,0.079385981,0.13555178,0.183283,0.25388789,0.2883577,0,0,0.0,0.0,0.0,1.0,0.0,0.0,0.034016795,0.052667454,0.067822106,0.067095965,-0.00072299998,0.012836,0.004431,0.011333
608,1959,0.013530842,0.069696635,0.11742786,0.18803273,0.22250256,0.27516067,0,0,0.0,0.0,0.0,0.0,1.0,0.0,0.065855138,0.034016795,0.052667454,0.067822106,0.0036889999,-0.00072299998,0.012836,0.004431
608,1960,0.056165796,0.10389701,0.1745019,0.20897171,0.26162982,0.30588976,0,0,0.0,0.0,0.0,0.0,0.0,1.0,0.013530842,0.065855138,0.034016795,0.052667454,0.0065239999,0.0036889999,-0.00072299998,0.012836
608,1961,0.047731217,0.1183361,0.15280592,0.20546404,0.24972397,0.30296546,0,0,0.0,0.0,0.0,0.0,0.0,0.0,0.056165796,0.013530842,0.065855138,0.034016795,0.030569,0.0065239999,0.0036889999,-0.00072299998
608,1962,0.070604876,0.1050747,0.1577328,0.20199275,0.25523424,0.30468842,0,0,0.0,0.0,0.0,0.0,0.0,0.0,0.047731217,0.056165796,0.013530842,0.065855138,0.013253,0.030569,0.0065239999,0.0036889999
608,1963,0.034469821,0.087127924,0.13138786,0.18462937,0.23408355,0.28064713,0,0,0.0,0.0,0.0,0.0,0.0,0.0,0.070604876,0.047731217,0.056165796,0.013530842,0.016852999,0.013253,0.030569,0.0065239999
608,1964,0.052658103,0.096918046,0.15015955,0.19961374,0.24617732,0.28382337,0,0,0.0,0.0,0.0,0.0,0.0,0.0,0.034469821,0.070604876,0.047731217,0.056165796,0.014093,0.016852999,0.013253,0.030569
608,1965,0.044259943,0.097501442,0.14695562,0.1935192,0.23116526,0.28545156,0,0,0.0,0.0,0.0,0.0,0.0,0.0,0.052658103,0.034469821,0.070604876,0.047731217,-0.009993,0.014093,0.016852999,0.013253
608,1966,0.053241502,0.10269568,0.14925927,0.18690532,0.24119164,0.29565954,0,0,0.0,0.0,0.0,0.0,0.0,0.0,0.044259943,0.052658103,0.034469821,0.070604876,0.0076270001,-0.009993,0.014093,0.016852999
608,1967,0.049454179,0.096017763,0.1336638,0.18795012,0.24241804,0.33162451,0,0,0.0,0.0,0.0,0.0,0.0,0.0,0.053241502,0.044259943,0.052658103,0.034469821,0.027215,0.0076270001,-0.009993,0.014093
608,1968,0.046563588,0.084209636,0.13849595,0.19296387,0.28217033,0.31775147,0,0,0.0,0.0,0.0,0.0,0.0,0.0,0.049454179,0.053241502,0.044259943,0.052658103,-0.0070509999,0.027215,0.0076270001,-0.009993
608,1969,0.037646048,0.091932356,0.14640027,0.23560673,0.27118787,0.3268356,0,0,0.0,0.0,0.0,0.0,0.0,0.0,0.046563588,0.049454179,0.053241502,0.044259943,-0.0093759997,-0.0070509999,0.027215,0.0076270001
608,1970,0.054286312,0.10875423,0.19796069,0.23354185,0.28918958,0.37725589,0,1,0.0,0.0,0.0,0.0,0.0,0.0,0.037646048,0.046563588,0.049454179,0.053241502,-0.0036760001,-0.0093759997,-0.0070509999,0.027215
608,1971,0.054467913,0.14367437,0.17925552,0.23490325,0.32296956,0.37899011,1,1,0.0,0.0,0.0,1.0,0.0,0.0,0.054286312,0.037646048,0.046563588,0.049454179,-0.0044539999,-0.0036760001,-0.0093759997,-0.0070509999
608,1972,0.089206465,0.12478761,0.18043534,0.26850164,0.3245222,0.37624323,0,0,1.0,0.0,0.0,1.0,1.0,0.0,0.054467913,0.054286312,0.037646048,0.046563588,0.018099001,-0.0044539999,-0.0036760001,-0.0093759997
608,1973,0.035581149,0.091228887,0.17929518,0.23531574,0.28703678,0.34343353,0,0,0.0,1.0,0.0,0.0,1.0,1.0,0.089206465,0.054467913,0.054286312,0.037646048,0.002379,0.018099001,-0.0044539999,-0.0036760001
608,1974,0.055647735,0.14371404,0.1997346,0.25145563,0.30785239,0.3593415,0,1,0.0,0.0,1.0,0.0,0.0,1.0,0.035581149,0.089206465,0.054467913,0.054286312,0.01161,0.002379,0.018099001,-0.0044539999
608,1975,0.088066302,0.14408685,0.19580789,0.25220466,0.30369377,0.33792645,0,0,0.0,0.0,0.0,1.0,0.0,0.0,0.055647735,0.035581149,0.089206465,0.054467913,0.00043799999,0.01161,0.002379,0.018099001
608,1976,0.056020554,0.10774159,0.16413835,0.21562746,0.24986015,0.28605342,0,0,0.0,0.0,0.0,0.0,1.0,0.0,0.088066302,0.055647735,0.035581149,0.089206465,0.0044999998,0.00043799999,0.01161,0.002379
608,1977,0.051721033,0.10811779,0.1596069,0.19383959,0.23003286,0.24877903,0,0,0.0,0.0,0.0,0.0,0.0,1.0,0.056020554,0.088066302,0.055647735,0.035581149,0.011031,0.0044999998,0.00043799999,0.01161
608,1978,0.056396756,0.10788587,0.14211856,0.17831182,0.19705799,0.12382116,0,0,0.0,0.0,0.0,0.0,0.0,0.0,0.051721033,0.056020554,0.088066302,0.055647735,0.028914999,0.011031,0.0044999998,0.00043799999
608,1979,0.051489115,0.085721806,0.12191508,0.14066124,0.067424409,-0.0056416765,0,1,0.0,0.0,0.0,0.0,0.0,0.0,0.056396756,0.051721033,0.056020554,0.088066302,0.017717,0.028914999,0.011031,0.0044999998
608,1980,0.034232691,0.070425965,0.089172132,0.015935302,-0.057130784,-0.022962954,0,1,0.0,0.0,0.0,1.0,0.0,0.0,0.051489115,0.056396756,0.051721033,0.056020554,0.0023390001,0.017717,0.028914999,0.011031
608,1981,0.036193274,0.054939441,-0.018297389,-0.091363475,-0.057195645,-0.014079295,1,1,0.0,0.0,0.0,1.0,1.0,0.0,0.034232691,0.051489115,0.056396756,0.051721033,0.030051,0.0023390001,0.017717,0.028914999
608,1990,-0.0057833465,-0.0024073161,0.018755756,0.062631994,0.10941891,0.16787764,0,1,,,,0.0,0.0,0.0,0.030369664,0.062053114,0.067525446,0.04311635,0.019002,0.011519,0.00045399999,0.01426
608,1991,0.0033760304,0.024539102,0.068415336,0.11520226,0.17366099,0.22551462,0,0,0.0,,,1.0,0.0,0.0,-0.0057833465,0.030369664,0.062053114,0.067525446,-0.014154,0.019002,0.011519,0.00045399999
608,1992,0.021163072,0.065039307,0.11182623,0.17028496,0.22213858,0.21637136,0,0,0.0,0.0,,0.0,1.0,0.0,0.0033760304,-0.0057833465,0.030369664,0.062053114,0.026835,-0.014154,0.019002,0.011519
608,1993,0.043876234,0.090663157,0.1491219,0.20097552,0.1952083,0.22602756,0,0,0.0,0.0,0.0,0.0,0.0,1.0,0.021163072,0.0033760304,-0.0057833465,0.030369664,0.059305001,0.026835,-0.014154,0.019002
608,1994,0.046786923,0.10524566,0.15709928,0.15133205,0.18215132,0.22626343,0,0,0.0,0.0,0.0,0.0,0.0,0.0,0.043876234,0.021163072,0.0033760304,-0.0057833465,0.026875,0.059305001,0.026835,-0.014154
608,1995,0.058458734,0.11031236,0.10454514,0.13536441,0.17947653,0.20841646,0,0,0.0,0.0,0.0,0.0,0.0,0.0,0.046786923,0.043876234,0.021163072,0.0033760304,0.084701002,0.026875,0.059305001,0.026835
608,1996,0.051853623,0.046086401,0.076905668,0.12101779,0.14995772,0.1864167,0,0,0.0,0.0,0.0,0.0,0.0,0.0,0.058458734,0.046786923,0.043876234,0.021163072,0.114485,0.084701002,0.026875,0.059305001
608,1997,-0.005767222,0.025052046,0.069164172,0.098104097,0.13456307,0.18426672,1,1,0.0,0.0,0.0,0.0,0.0,0.0,0.051853623,0.058458734,0.046786923,0.043876234,0.074777,0.114485,0.084701002,0.026875
608,1998,0.030819269,0.074931391,0.10387132,0.1403303,0.19003394,0.25701031,0,0,1.0,0.0,0.0,1.0,0.0,0.0,-0.005767222,0.051853623,0.058458734,0.046786923,-0.131355,0.074777,0.114485,0.084701002
608,1999,0.044112124,0.073052049,0.10951103,0.15921468,0.22619104,0.27396768,0,0,0.0,1.0,0.0,0.0,1.0,0.0,0.030819269,-0.005767222,0.051853623,0.058458734,-0.048041999,-0.131355,0.074777,0.114485
608,2000,0.028939925,0.065398902,0.11510254,0.1820789,0.22985554,0.28228506,1,1,0.0,0.0,1.0,0.0,0.0,1.0,0.044112124,0.030819269,-0.005767222,0.051853623,-0.017485,-0.048041999,-0.131355,0.074777
608,2001,0.03645898,0.086162612,0.15313898,0.2009156,0.25334513,0.31951183,0,0,1.0,0.0,0.0,1.0,0.0,0.0,0.028939925,0.044112124,0.030819269,-0.005767222,0.0076060002,-0.017485,-0.048041999,-0.131355
608,2002,0.049703635,0.11668,0.16445664,0.21688616,0.28305286,0.32458043,0,0,0.0,1.0,0.0,0.0,1.0,0.0,0.03645898,0.028939925,0.044112124,0.030819269,-0.026451999,0.0076060002,-0.017485,-0.048041999
608,2003,0.066976368,0.114753,0.16718253,0.23334922,0.2748768,0.28636011,0,0,0.0,0.0,1.0,0.0,0.0,1.0,0.049703635,0.03645898,0.028939925,0.044112124,-0.017439,-0.026451999,0.0076060002,-0.017485
608,2004,0.047776632,0.10020616,0.16637284,0.2079004,0.21938372,0.29570636,0,0,0.0,0.0,0.0,0.0,0.0,0.0,0.066976368,0.049703635,0.03645898,0.028939925,-0.0089910002,-0.017439,-0.026451999,0.0076060002
608,2005,0.052429527,0.11859621,0.16012378,0.17160708,0.24792972,0.28452727,0,0,0.0,0.0,0.0,0.0,0.0,0.0,0.047776632,0.066976368,0.049703635,0.03645898,-0.031679001,-0.0089910002,-0.017439,-0.026451999
608,2006,0.066166684,0.10769425,0.11917756,0.1955002,0.23209774,0.29893583,0,0,0.0,0.0,0.0,0.0,0.0,0.0,0.052429527,0.047776632,0.066976368,0.049703635,-0.003795,-0.031679001,-0.0089910002,-0.017439
608,2007,0.041527573,0.053010877,0.12933353,0.16593108,0.23276918,0.30340952,0,0,0.0,0.0,0.0,0.0,0.0,0.0,0.066166684,0.052429527,0.047776632,0.066976368,0.001701,-0.003795,-0.031679001,-0.0089910002
608,2008,0.011483304,0.087805949,0.12440351,0.19124161,0.26188195,0.32333493,1,1,0.0,0.0,0.0,0.0,0.0,0.0,0.041527573,0.066166684,0.052429527,0.047776632,0.0020089999,0.001701,-0.003795,-0.031679001
608,2009,0.076322645,0.11292019,0.1797583,0.25039864,0.31185162,0.37251711,0,0,1.0,0.0,0.0,1.0,0.0,0.0,0.011483304,0.041527573,0.066166684,0.052429527,0.000978,0.0020089999,0.001701,-0.003795
608,2010,0.036597554,0.10343565,0.17407599,0.23552898,0.29619446,0.36543345,0,0,0.0,1.0,0.0,0.0,1.0,0.0,0.076322645,0.011483304,0.041527573,0.066166684,0.0041570002,0.000978,0.0020089999,0.001701
608,2011,0.066838101,0.13747844,0.19893143,0.25959691,0.3288359,,0,0,0.0,0.0,1.0,0.0,0.0,1.0,0.036597554,0.076322645,0.011483304,0.041527573,0.022898,0.0041570002,0.000978,0.0020089999
608,2012,0.070640333,0.13209333,0.19275881,0.26199779,,,0,0,0.0,0.0,0.0,0.0,0.0,0.0,0.066838101,0.036597554,0.076322645,0.011483304,0.015461,0.022898,0.0041570002,0.000978
608,2013,0.061452989,0.12211847,0.19135745,,,,0,0,0.0,0.0,0.0,0.0,0.0,0.0,0.070640333,0.066838101,0.036597554,0.076322645,0.024455,0.015461,0.022898,0.0041570002
620,1930,0.050153065,0.069422521,0.13482261,0.17658348,0.12219565,0.042983122,0,0,0.0,0.0,0.0,,,,-0.012408098,0.10311063,-0.10153344,0.16177748,0.0059509999,0.0045360001,0.0094560003,0.02149
620,1931,0.019269455,0.08466953,0.12643041,0.07204257,-0.0071699545,0.14844468,1,0,0.0,0.0,0.0,0.0,,,0.050153065,-0.012408098,0.10311063,-0.10153344,-0.006354,0.0059509999,0.0045360001,0.0094560003
620,1932,0.065400079,0.10716096,0.052773114,-0.02643941,0.12917523,0.135848,0,0,1.0,0.0,0.0,0.0,0.0,,0.019269455,0.050153065,-0.012408098,0.10311063,0.026296999,-0.006354,0.0059509999,0.0045360001
620,1933,0.041760877,-0.012626965,-0.091839492,0.063775152,0.070447929,,0,0,0.0,1.0,0.0,0.0,0.0,0.0,0.065400079,0.019269455,0.050153065,-0.012408098,-0.001418,0.026296999,-0.006354,0.0059509999
620,1934,-0.054387841,-0.13360037,0.022014275,0.028687051,,,0,0,0.0,0.0,1.0,0.0,0.0,0.0,0.041760877,0.065400079,0.019269455,0.050153065,0.004245,-0.001418,0.026296999,-0.006354
620,1935,-0.079212524,0.07640212,0.083074898,,,,0,0,0.0,0.0,0.0,0.0,0.0,0.0,-0.054387841,0.041760877,0.065400079,0.019269455,0.016896,0.004245,-0.001418,0.026296999
620,1946,0.080340169,0.077445231,0.091259629,0.11923932,0.16305296,0.16435933,0,0,,,,,,,0.075570822,,,,,,,
620,1947,-0.0028949403,0.010919459,0.038899146,0.082712799,0.084019162,0.15147512,0,0,0.0,,,0.0,,,0.080340169,0.075570822,,,-0.003884,,,
620,1948,0.013814399,0.041794084,0.085607737,0.0869141,0.15437005,0.20123962,0,0,0.0,0.0,,0.0,0.0,,-0.0028949403,0.080340169,0.075570822,,0.028696001,-0.003884,,
620,1949,0.027979685,0.071793333,0.073099695,0.14055565,0.1874252,0.22783808,0,0,0.0,0.0,0.0,0.0,0.0,0.0,0.013814399,-0.0028949403,0.080340169,0.075570822,-0.002234,0.028696001,-0.003884,
620,1950,0.04381365,0.045120012,0.11257596,0.15944552,0.19985841,0.2425821,0,0,0.0,0.0,0.0,0.0,0.0,0.0,0.027979685,0.013814399,-0.0028949403,0.080340169,0.012646,-0.002234,0.028696001,-0.003884
620,1951,0.001306364,0.068762317,0.11563187,0.15604475,0.19876844,0.24209011,0,0,0.0,0.0,0.0,0.0,0.0,0.0,0.04381365,0.027979685,0.013814399,-0.0028949403,-0.017619001,0.012646,-0.002234,0.028696001
620,1952,0.067455955,0.11432551,0.1547384,0.19746208,0.24078375,0.25383425,0,0,0.0,0.0,0.0,0.0,0.0,0.0,0.001306364,0.04381365,0.027979685,0.013814399,0.0054640002,-0.017619001,0.012646,-0.002234
620,1953,0.046869554,0.087282442,0.13000613,0.1733278,0.1863783,0.23910639,0,0,0.0,0.0,0.0,0.0,0.0,0.0,0.067455955,0.001306364,0.04381365,0.027979685,0.0073270001,0.0054640002,-0.017619001,0.012646
620,1954,0.040412888,0.083136573,0.12645824,0.13950874,0.19223683,0.25687847,0,0,0.0,0.0,0.0,0.0,0.0,0.0,0.046869554,0.067455955,0.001306364,0.04381365,0.011522,0.0073270001,0.0054640002,-0.017619001
620,1955,0.042723686,0.086045355,0.099095851,0.15182394,0.21646556,0.27181458,0,0,0.0,0.0,0.0,0.0,0.0,0.0,0.040412888,0.046869554,0.067455955,0.001306364,0.028416,0.011522,0.0073270001,0.0054640002
620,1956,0.043321673,0.056372169,0.10910026,0.17374189,0.22909093,0.2952354,0,0,0.0,0.0,0.0,0.0,0.0,0.0,0.042723686,0.040412888,0.046869554,0.067455955,0.012518,0.028416,0.011522,0.0073270001
620,1957,0.013050498,0.065778591,0.13042022,0.18576926,0.25191373,0.31065074,0,0,0.0,0.0,0.0,0.0,0.0,0.0,0.043321673,0.042723686,0.040412888,0.046869554,0.030253001,0.012518,0.028416,0.011522
620,1958,0.05272809,0.11736973,0.17271876,0.23886323,0.29760024,0.3607077,0,0,0.0,0.0,0.0,0.0,0.0,0.0,0.013050498,0.043321673,0.042723686,0.040412888,0.016368,0.030253001,0.012518,0.028416
620,1959,0.064641632,0.11999067,0.18613514,0.24487217,0.30797964,0.38266954,0,0,0.0,0.0,0.0,0.0,0.0,0.0,0.05272809,0.013050498,0.043321673,0.042723686,-0.007365,0.016368,0.030253001,0.012518
620,1960,0.055349037,0.12149351,0.18023053,0.24333799,0.31802788,0.35880697,0,0,0.0,0.0,0.0,0.0,0.0,0.0,0.064641632,0.05272809,0.013050498,0.043321673,0.044597998,-0.007365,0.016368,0.030253001
620,1961,0.066144474,0.12488149,0.18798897,0.26267886,0.30345795,0.37890276,0,0,0.0,0.0,0.0,0.0,0.0,0.0,0.055349037,0.064641632,0.05272809,0.013050498,-0.014758,0.044597998,-0.007365,0.016368
620,1962,0.058737021,0.12184449,0.19653437,0.23731346,0.3127583,0.4015134,0,0,0.0,0.0,0.0,0.0,0.0,0.0,0.066144474,0.055349037,0.064641632,0.05272809,0.0071120001,-0.014758,0.044597998,-0.007365
620,1963,0.063107468,0.13779736,0.17857645,0.25402129,0.34277639,0.36398381,0,0,0.0,0.0,0.0,0.0,0.0,0.0,0.058737021,0.066144474,0.055349037,0.064641632,0.040025,0.0071120001,-0.014758,0.044597998
620,1964,0.074689887,0.11546898,0.1909138,0.2796689,0.30087632,0.42700234,0,0,0.0,0.0,0.0,0.0,0.0,0.0,0.063107468,0.058737021,0.066144474,0.055349037,0.033355001,0.040025,0.0071120001,-0.014758
620,1965,0.040779095,0.11622392,0.204979,0.22618641,0.35231245,0.41862896,0,0,0.0,0.0,0.0,0.0,0.0,0.0,0.074689887,0.063107468,0.058737021,0.066144474,-0.0046529998,0.033355001,0.040025,0.0071120001
620,1966,0.075444825,0.16419992,0.18540733,0.31153333,0.37784985,0.4580068,0,0,0.0,0.0,0.0,0.0,0.0,0.0,0.040779095,0.074689887,0.063107468,0.058737021,0.035728,-0.0046529998,0.033355001,0.040025
620,1967,0.088755094,0.10996251,0.23608853,0.30240506,0.38256204,0.49456877,0,0,0.0,0.0,0.0,0.0,0.0,0.0,0.075444825,0.040779095,0.074689887,0.063107468,-0.025712,0.035728,-0.0046529998,0.033355001
620,1968,0.021207411,0.14733343,0.21364996,0.29380691,0.40581363,0.41724223,0,0,0.0,0.0,0.0,0.0,0.0,0.0,0.088755094,0.075444825,0.040779095,0.074689887,0.033711001,-0.025712,0.035728,-0.0046529998
620,1969,0.12612602,0.19244254,0.27259952,0.38460624,0.39603484,0.35255852,0,0,0.0,0.0,0.0,0.0,0.0,0.0,0.021207411,0.088755094,0.075444825,0.040779095,0.069099002,0.033711001,-0.025712,0.035728
620,1970,0.066316523,0.1464735,0.25848019,0.26990879,0.22643247,0.29543477,0,0,0.0,0.0,0.0,0.0,0.0,0.0,0.12612602,0.021207411,0.088755094,0.075444825,-0.001543,0.069099002,0.033711001,-0.025712
620,1971,0.080156967,0.19216368,0.20359229,0.16011597,0.22911829,0.28514427,0,0,0.0,0.0,0.0,0.0,0.0,0.0,0.066316523,0.12612602,0.021207411,0.088755094,0.039794002,-0.001543,0.069099002,0.033711001
620,1972,0.11200671,0.12343531,0.079959005,0.14896131,0.20498727,0.23314694,0,0,0.0,0.0,0.0,0.0,0.0,0.0,0.080156967,0.066316523,0.12612602,0.021207411,0.055188999,0.039794002,-0.001543,0.069099002
620,1973,0.011428604,-0.032047704,0.036954604,0.092980579,0.12114024,0.17752962,0,0,0.0,0.0,0.0,0.0,0.0,0.0,0.11200671,0.080156967,0.066316523,0.12612602,0.082842,0.055188999,0.039794002,-0.001543
620,1974,-0.04347631,0.025525998,0.081551969,0.10971163,0.16610101,0.21199441,0,1,0.0,0.0,0.0,0.0,0.0,0.0,0.011428604,0.11200671,0.080156967,0.066316523,-0.0047229999,0.082842,0.055188999,0.039794002
620,1988,0.064406388,0.10391162,0.14759369,0.15848845,0.13805568,0.14770406,0,1,,,,0.0,0.0,0.0,0.074891083,0.06381394,0.04140956,0.028074395,-0.01718,-0.057025999,-0.057881001,-0.079994999
620,1989,0.039505232,0.083187297,0.094082057,0.073649287,0.08329767,0.12612547,0,0,0.0,,,1.0,0.0,0.0,0.064406388,0.074891083,0.06381394,0.04140956,-0.027047999,-0.01718,-0.057025999,-0.057881001
620,1990,0.043682065,0.054576829,0.034144059,0.043792441,0.086620241,0.12158708,0,1,0.0,0.0,,0.0,1.0,0.0,0.039505232,0.064406388,0.074891083,0.06381394,-0.032292001,-0.027047999,-0.01718,-0.057025999
620,1991,0.010894764,-0.009538006,0.00011037663,0.042938177,0.077905014,0.12216712,0,0,0.0,0.0,0.0,1.0,0.0,1.0,0.043682065,0.039505232,0.064406388,0.074891083,0.046351999,-0.032292001,-0.027047999,-0.01718
620,1992,-0.02043277,-0.010784388,0.032043412,0.067010254,0.11127236,0.15919007,0,0,0.0,0.0,0.0,0.0,1.0,0.0,0.010894764,0.043682065,0.039505232,0.064406388,0.017418999,0.046351999,-0.032292001,-0.027047999
620,1993,0.0096483827,0.052476183,0.087443024,0.13170514,0.17962284,0.21850498,0,0,0.0,0.0,0.0,0.0,0.0,1.0,-0.02043277,0.010894764,0.043682065,0.039505232,0.023233,0.017418999,0.046351999,-0.032292001
620,1994,0.0428278,0.077794641,0.12205674,0.16997446,0.2088566,0.24673153,0,1,0.0,0.0,0.0,0.0,0.0,0.0,0.0096483827,-0.02043277,0.010894764,0.043682065,-0.01482,0.023233,0.017418999,0.046351999
620,1995,0.034966841,0.079228945,0.12714666,0.1660288,0.20390373,0.22333677,0,0,0.0,0.0,0.0,1.0,0.0,0.0,0.0428278,0.0096483827,-0.02043277,0.010894764,0.024419,-0.01482,0.023233,0.017418999
620,1996,0.044262104,0.09217982,0.13106196,0.16893689,0.18836993,0.1960579,0,0,0.0,0.0,0.0,0.0,1.0,0.0,0.034966841,0.0428278,0.0096483827,-0.02043277,0.046239998,0.024419,-0.01482,0.023233
620,1997,0.047917712,0.086799845,0.12467478,0.14410782,0.15179579,0.14245373,0,0,0.0,0.0,0.0,0.0,0.0,1.0,0.044262104,0.034966841,0.0428278,0.0096483827,0.105166,0.046239998,0.024419,-0.01482
620,1998,0.038882133,0.076757073,0.09619011,0.10387808,0.094536029,0.11265185,0,0,0.0,0.0,0.0,0.0,0.0,0.0,0.047917712,0.044262104,0.034966841,0.0428278,0.133526,0.105166,0.046239998,0.024419
620,1999,0.037874941,0.057307981,0.064995959,0.055653907,0.073769733,0.08143758,0,0,0.0,0.0,0.0,0.0,0.0,0.0,0.038882133,0.047917712,0.044262104,0.034966841,0.017335,0.133526,0.105166,0.046239998
620,2000,0.01943304,0.027121015,0.017778963,0.035894789,0.04356264,0.05909317,0,0,0.0,0.0,0.0,0.0,0.0,0.0,0.037874941,0.038882133,0.047917712,0.044262104,0.12575801,0.017335,0.133526,0.105166
620,2001,0.0076879747,-0.0016540773,0.016461747,0.024129597,0.03966013,0.06458015,0,0,0.0,0.0,0.0,0.0,0.0,0.0,0.01943304,0.037874941,0.038882133,0.047917712,0.071884997,0.12575801,0.017335,0.133526
620,2002,-0.009342052,0.008773772,0.016441623,0.031972155,0.056892175,0.058884896,0,0,0.0,0.0,0.0,0.0,0.0,0.0,0.0076879747,0.01943304,0.037874941,0.038882133,0.044950001,0.071884997,0.12575801,0.017335
620,2003,0.018115824,0.025783675,0.041314207,0.066234231,0.068226956,0.038445912,0,0,0.0,0.0,0.0,0.0,0.0,0.0,-0.009342052,0.0076879747,0.01943304,0.037874941,0.01048,0.044950001,0.071884997,0.12575801
620,2004,0.0076678502,0.023198383,0.048118405,0.050111126,0.020330083,0.039317001,0,0,0.0,0.0,0.0,0.0,0.0,0.0,0.018115824,-0.009342052,0.0076879747,0.01943304,-0.003125,0.01048,0.044950001,0.071884997
620,2005,0.015530532,0.040450551,0.042443272,0.012662228,0.031649146,0.013380617,0,0,0.0,0.0,0.0,0.0,0.0,0.0,0.0076678502,0.018115824,-0.009342052,0.0076879747,0.038109999,-0.003125,0.01048,0.044950001
620,2006,0.02492002,0.026912743,-0.0028683003,0.016118618,-0.0021499116,-0.04243248,0,0,0.0,0.0,0.0,0.0,0.0,0.0,0.015530532,0.0076678502,0.018115824,-0.009342052,0.06865,0.038109999,-0.003125,0.01048
620,2007,0.0019927225,-0.027788321,-0.0088014025,-0.027069932,-0.067352504,-0.078654066,0,0,0.0,0.0,0.0,0.0,0.0,0.0,0.02492002,0.015530532,0.0076678502,0.018115824,0.060327001,0.06865,0.038109999,-0.003125
620,2008,-0.029781044,-0.010794125,-0.029062655,-0.069345221,-0.080646783,-0.071715847,1,1,0.0,0.0,0.0,0.0,0.0,0.0,0.0019927225,0.02492002,0.015530532,0.0076678502,0.084158003,0.060327001,0.06865,0.038109999
620,2009,0.018986918,0.00071838871,-0.039564181,-0.05086574,-0.041934803,-0.02599041,0,0,1.0,0.0,0.0,1.0,0.0,0.0,-0.029781044,0.0019927225,0.02492002,0.015530532,0.069228999,0.084158003,0.060327001,0.06865
620,2010,-0.018268529,-0.058551099,-0.069852658,-0.060921721,-0.04497733,-0.030991714,0,0,0.0,1.0,0.0,0.0,1.0,0.0,0.018986918,-0.029781044,0.0019927225,0.02492002,-0.035966001,0.069228999,0.084158003,0.060327001
620,2011,-0.04028257,-0.051584128,-0.042653192,-0.026708798,-0.012723182,,1,0,0.0,0.0,1.0,0.0,0.0,1.0,-0.018268529,0.018986918,-0.029781044,0.0019927225,0.016620001,-0.035966001,0.069228999,0.084158003
620,2012,-0.011301558,-0.0023706211,0.013573772,0.027559388,,,0,0,1.0,0.0,0.0,0.0,0.0,0.0,-0.04028257,-0.018268529,0.018986918,-0.029781044,-0.016973,0.016620001,-0.035966001,0.069228999
620,2013,0.0089309374,0.024875332,0.038860947,,,,0,0,0.0,1.0,0.0,0.0,0.0,0.0,-0.011301558,-0.04028257,-0.018268529,0.018986918,-0.085840002,-0.016973,0.016620001,-0.035966001
699,1884,0.037377756,0.011713194,0.062804289,0.078454219,0.057427414,0.10943597,0,0,0.0,0.0,0.0,0.0,0.0,0.0,,,,,,,,
699,1885,-0.025664562,0.025426531,0.041076463,0.020049656,0.072058208,-0.024429955,0,0,0.0,0.0,0.0,0.0,0.0,0.0,0.037377756,,,,,,,
699,1886,0.051091094,0.066741027,0.045714222,0.097722776,0.0012346134,0.078455575,0,0,0.0,0.0,0.0,0.0,0.0,0.0,-0.025664562,0.037377756,,,,,,
699,1887,0.015649932,-0.0053768754,0.046631679,-0.049856484,0.027364478,0.052363932,0,0,0.0,0.0,0.0,0.0,0.0,0.0,0.051091094,-0.025664562,0.037377756,,,,,
699,1888,-0.021026807,0.030981747,-0.065506414,0.011714548,0.036714002,0.05193121,0,0,0.0,0.0,0.0,0.0,0.0,0.0,0.015649932,0.051091094,-0.025664562,0.037377756,,,,
699,1889,0.052008554,-0.044479609,0.032741353,0.057740808,0.072958015,0.04805195,0,0,0.0,0.0,0.0,0.0,0.0,0.0,-0.021026807,0.015649932,0.051091094,-0.025664562,,,,
699,1890,-0.096488163,-0.019267201,0.0057322513,0.020949457,-0.0039566085,-0.080555566,0,0,0.0,0.0,0.0,0.0,0.0,0.0,0.052008554,-0.021026807,0.015649932,0.051091094,,,,
699,1891,0.077220961,0.10222042,0.11743762,0.092531562,0.015932605,0.18375665,0,0,0.0,0.0,0.0,0.0,0.0,0.0,-0.096488163,0.052008554,-0.021026807,0.015649932,,,,
699,1892,0.024999453,0.040216658,0.015310593,-0.061288364,0.10653568,0.10857023,0,0,0.0,0.0,0.0,0.0,0.0,0.0,0.077220961,-0.096488163,0.052008554,-0.021026807,,,,
699,1893,0.015217206,-0.0096888598,-0.086287819,0.081536226,0.083570778,0.002492629,0,0,0.0,0.0,0.0,0.0,0.0,0.0,0.024999453,0.077220961,-0.096488163,0.052008554,,,,
699,1894,-0.024906065,-0.10150503,0.066319019,0.068353571,-0.012724578,0.021746367,0,0,0.0,0.0,0.0,0.0,0.0,0.0,0.015217206,0.024999453,0.077220961,-0.096488163,,,,
699,1895,-0.076598957,0.091225088,0.09325964,0.012181491,0.046652436,0.066924714,0,0,0.0,0.0,0.0,0.0,0.0,0.0,-0.024906065,0.015217206,0.024999453,0.077220961,,,,
699,1896,0.16782404,0.1698586,0.088780455,0.1232514,0.14352368,0.22383475,0,0,0.0,0.0,0.0,0.0,0.0,0.0,-0.076598957,-0.024906065,0.015217206,0.024999453,,,,
699,1897,0.0020345545,-0.079043597,-0.044572651,-0.024300372,0.056010708,0.06990286,0,0,0.0,0.0,0.0,0.0,0.0,0.0,0.16782404,-0.076598957,-0.024906065,0.015217206,,,,
699,1898,-0.081078149,-0.046607204,-0.026334925,0.053976156,0.067868307,0.072664753,0,0,0.0,0.0,0.0,0.0,0.0,0.0,0.0020345545,0.16782404,-0.076598957,-0.024906065,,,,
699,1899,0.034470946,0.054743223,0.13505431,0.14894645,0.15374289,0.13549452,0,0,0.0,0.0,0.0,0.0,0.0,0.0,-0.081078149,0.0020345545,0.16782404,-0.076598957,,,,
699,1900,0.020272279,0.10058336,0.11447551,0.11927196,0.10102357,0.12921403,0,0,0.0,0.0,0.0,0.0,0.0,0.0,0.034470946,-0.081078149,0.0020345545,0.16782404,,,,
699,1901,0.080311082,0.094203234,0.098999679,0.080751292,0.10894176,0.046483435,0,0,0.0,0.0,0.0,0.0,0.0,0.0,0.020272279,0.034470946,-0.081078149,0.0020345545,,,,
699,1902,0.013892149,0.018688597,0.00044021197,0.028630679,-0.033827648,-0.019606996,0,0,0.0,0.0,0.0,0.0,0.0,0.0,0.080311082,0.020272279,0.034470946,-0.081078149,,,,
699,1903,0.0047964477,-0.013451938,0.01473853,-0.047719799,-0.033499148,0.095243111,0,0,0.0,0.0,0.0,0.0,0.0,0.0,0.013892149,0.080311082,0.020272279,0.034470946,,,,
699,1904,-0.018248385,0.0099420827,-0.052516244,-0.038295593,0.090446666,0.091388002,0,0,0.0,0.0,0.0,0.0,0.0,0.0,0.0047964477,0.013892149,0.080311082,0.020272279,,,,
699,1905,0.028190468,-0.034267861,-0.02004721,0.10869505,0.10963639,0.10446716,0,0,0.0,0.0,0.0,0.0,0.0,0.0,-0.018248385,0.0047964477,0.013892149,0.080311082,,,,
699,1906,-0.062458329,-0.048237678,0.080504581,0.081445917,0.07627669,0.074325934,0,0,0.0,0.0,0.0,0.0,0.0,0.0,0.028190468,-0.018248385,0.0047964477,0.013892149,,,,
699,1907,0.01422065,0.14296292,0.14390425,0.13873503,0.13678427,0.11401399,0,0,0.0,0.0,0.0,0.0,0.0,0.0,-0.062458329,0.028190468,-0.018248385,0.0047964477,,,,
699,1908,0.12874226,0.1296836,0.12451437,0.12256362,0.099793337,,0,0,0.0,0.0,0.0,0.0,0.0,0.0,0.01422065,-0.062458329,0.028190468,-0.018248385,,,,
699,1909,0.00094133313,-0.0042278925,-0.0061786463,-0.028948925,,,0,0,0.0,0.0,0.0,0.0,0.0,0.0,0.12874226,0.01422065,-0.062458329,0.028190468,,,,
699,1910,-0.0051692259,-0.0071199797,-0.02989026,,,,0,0,0.0,0.0,0.0,0.0,0.0,0.0,0.00094133313,0.12874226,0.01422065,-0.062458329,,,,
699,1919,-0.082456686,-0.0092726797,0.032053247,-0.0010397844,0.046512034,0.05827428,0,0,,,,,,,0.12913057,,,,,,,
699,1920,0.073184006,0.11450993,0.081416905,0.12896872,0.14073096,0.17173932,1,1,0.0,,,0.0,,,-0.082456686,0.12913057,,,,,,
699,1921,0.041325927,0.0082328953,0.055784713,0.067546956,0.098555312,0.098624751,0,0,1.0,0.0,,1.0,0.0,,0.073184006,-0.082456686,0.12913057,,,,,
699,1922,-0.033093031,0.014458787,0.026221033,0.057229392,0.057298832,0.067312494,0,0,0.0,1.0,0.0,0.0,1.0,0.0,0.041325927,0.073184006,-0.082456686,0.12913057,,,,
699,1923,0.047551818,0.059314065,0.09032242,0.090391859,0.10040552,0.14108847,0,0,0.0,0.0,1.0,0.0,0.0,1.0,-0.033093031,0.041325927,0.073184006,-0.082456686,,,,
699,1924,0.011762246,0.042770602,0.042840041,0.052853703,0.093536653,0.10047596,0,0,0.0,0.0,0.0,0.0,0.0,0.0,0.047551818,-0.033093031,0.041325927,0.073184006,,,,
699,1925,0.031008357,0.031077797,0.041091461,0.081774414,0.08871372,0.082104385,0,0,0.0,0.0,0.0,0.0,0.0,0.0,0.011762246,0.047551818,-0.033093031,0.041325927,,,,
699,1926,6.9439018e-05,0.010083104,0.050766051,0.057705358,0.051096018,0.062250577,0,0,0.0,0.0,0.0,0.0,0.0,0.0,0.031008357,0.011762246,0.047551818,-0.033093031,,,,
699,1927,0.010013664,0.050696611,0.057635918,0.051026579,0.062181138,0.063094229,0,0,0.0,0.0,0.0,0.0,0.0,0.0,6.9439018e-05,0.031008357,0.011762246,0.047551818,,,,
699,1928,0.040682949,0.047622256,0.041012917,0.052167475,0.053080566,0.06232335,0,0,0.0,0.0,0.0,0.0,0.0,0.0,0.010013664,6.9439018e-05,0.031008357,0.011762246,,,,
699,1929,0.006939305,0.00032996619,0.011484526,0.012397615,0.021640398,0.012104212,0,0,0.0,0.0,0.0,0.0,0.0,0.0,0.040682949,0.010013664,6.9439018e-05,0.031008357,,,,
699,1990,0.010568315,0.065392278,0.11290004,0.17948928,0.25523421,0.33072942,0,0,,,,0.0,0.0,0.0,0.055334546,0.059473433,0.096277826,0.039653555,-0.0078840004,0.004588,0.0080129998,0.00023999999
699,1991,0.054823961,0.10233173,0.16892096,0.24466589,0.3201611,0.3606593,0,0,0.0,,,0.0,0.0,0.0,0.010568315,0.055334546,0.059473433,0.096277826,-0.012747,-0.0078840004,0.004588,0.0080129998
699,1992,0.047507763,0.11409701,0.18984193,0.26533714,0.30583534,0.36767951,0,0,0.0,0.0,,0.0,0.0,0.0,0.054823961,0.010568315,0.055334546,0.059473433,0.0077550001,-0.012747,-0.0078840004,0.004588
699,1993,0.066589244,0.14233416,0.21782938,0.25832757,0.32017174,0.4086293,1,0,0.0,0.0,0.0,0.0,0.0,0.0,0.047507763,0.054823961,0.010568315,0.055334546,-0.012137,0.0077550001,-0.012747,-0.0078840004
699,1994,0.075744919,0.15124014,0.19173835,0.25358251,0.34204006,0.38044998,0,0,1.0,0.0,0.0,0.0,0.0,0.0,0.066589244,0.047507763,0.054823961,0.010568315,-0.0025800001,-0.012137,0.0077550001,-0.012747
699,1995,0.075495221,0.11599343,0.17783758,0.26629514,0.30470505,0.3529447,0,1,0.0,1.0,0.0,0.0,0.0,0.0,0.075744919,0.066589244,0.047507763,0.054823961,0.0064030001,-0.0025800001,-0.012137,0.0077550001
699,1996,0.040498208,0.10234237,0.19079992,0.22920984,0.27744949,0.31548923,0,0,0.0,0.0,1.0,1.0,0.0,0.0,0.075495221,0.075744919,0.066589244,0.047507763,-0.010355,0.0064030001,-0.0025800001,-0.012137
699,1997,0.061844159,0.15030171,0.18871161,0.23695128,0.27499104,0.35359484,0,0,0.0,0.0,0.0,0.0,1.0,0.0,0.040498208,0.075495221,0.075744919,0.066589244,0.002535,-0.010355,0.0064030001,-0.0025800001
699,1998,0.088457555,0.12686747,0.17510714,0.2131469,0.29175073,0.37098017,1,0,0.0,0.0,0.0,0.0,0.0,1.0,0.061844159,0.040498208,0.075495221,0.075744919,0.000248,0.002535,-0.010355,0.0064030001
699,1999,0.038409911,0.086649567,0.12468933,0.20329314,0.28252259,0.37537083,0,0,1.0,0.0,0.0,0.0,0.0,0.0,0.088457555,0.061844159,0.040498208,0.075495221,0.02118,0.000248,0.002535,-0.010355
699,2000,0.04823966,0.086279415,0.16488323,0.24411267,0.33696091,0.42960057,0,1,0.0,1.0,0.0,0.0,0.0,0.0,0.038409911,0.088457555,0.061844159,0.040498208,0.029811,0.02118,0.000248,0.002535
699,2001,0.038039755,0.11664358,0.19587302,0.28872126,0.38136092,0.47937453,0,0,0.0,0.0,1.0,1.0,0.0,0.0,0.04823966,0.038409911,0.088457555,0.061844159,0.009052,0.029811,0.02118,0.000248
699,2002,0.078603819,0.15783325,0.25068149,0.34332114,0.44133475,0.48024434,0,0,0.0,0.0,0.0,0.0,1.0,0.0,0.038039755,0.04823966,0.038409911,0.088457555,0.033752002,0.009052,0.029811,0.02118
699,2003,0.079229437,0.17207769,0.26471734,0.36273095,0.40164053,0.48643836,0,0,0.0,0.0,0.0,0.0,0.0,1.0,0.078603819,0.038039755,0.04823966,0.038409911,-0.002076,0.033752002,0.009052,0.029811
699,2004,0.092848241,0.1854879,0.28350151,0.32241106,0.40720889,0.50980854,0,0,0.0,0.0,0.0,0.0,0.0,0.0,0.079229437,0.078603819,0.038039755,0.04823966,0.0339,-0.002076,0.033752002,0.009052
699,2005,0.092639647,0.19065325,0.22956282,0.31436065,0.41696027,0.4833439,0,0,0.0,0.0,0.0,0.0,0.0,0.0,0.092848241,0.079229437,0.078603819,0.038039755,0.043040998,0.0339,-0.002076,0.033752002
699,2006,0.098013602,0.13692316,0.22172099,0.32432061,0.39070424,0.44526812,0,0,0.0,0.0,0.0,0.0,0.0,0.0,0.092639647,0.092848241,0.079229437,0.078603819,0.039492998,0.043040998,0.0339,-0.002076
699,2007,0.038909569,0.12370741,0.22630703,0.29269066,0.34725454,0.41111562,0,0,0.0,0.0,0.0,0.0,0.0,0.0,0.098013602,0.092639647,0.092848241,0.079229437,0.020179,0.039492998,0.043040998,0.0339
699,2008,0.084797837,0.18739747,0.25378111,0.30834499,0.37220606,0.44725826,0,1,0.0,0.0,0.0,0.0,0.0,0.0,0.038909569,0.098013602,0.092639647,0.092848241,0.041724999,0.020179,0.039492998,0.043040998
699,2009,0.10259963,0.16898327,0.22354715,0.2874082,0.3624604,0.44256094,0,0,0.0,0.0,0.0,1.0,0.0,0.0,0.084797837,0.038909569,0.098013602,0.092639647,-0.018305,0.041724999,0.020179,0.039492998
699,2010,0.066383637,0.12094751,0.18480858,0.25986078,0.33996132,0.41103166,0,0,0.0,0.0,0.0,0.0,1.0,0.0,0.10259963,0.084797837,0.038909569,0.098013602,0.030238001,-0.018305,0.041724999,0.020179
699,2011,0.054563876,0.11842494,0.19347714,0.27357766,0.344648,,1,1,0.0,0.0,0.0,0.0,0.0,1.0,0.066383637,0.10259963,0.084797837,0.038909569,0.001939,0.030238001,-0.018305,0.041724999
699,2012,0.063861065,0.13891327,0.21901381,0.29008415,,,0,0,1.0,0.0,0.0,1.0,0.0,0.0,0.054563876,0.066383637,0.10259963,0.084797837,0.0060310001,0.001939,0.030238001,-0.018305
699,2013,0.075052202,0.15515274,0.22622308,,,,0,0,0.0,1.0,0.0,0.0,1.0,0.0,0.063861065,0.054563876,0.066383637,0.10259963,0.0058249999,0.0060310001,0.001939,0.030238001
702,1967,0.13618121,0.27342796,0.41228437,0.53309673,0.66836262,0.77964216,0,0,,,,0.0,0.0,,0.12283537,0.10871902,0.075972416,-0.036804751,-0.01935,0.018986,-0.0071919998,0.046622999
702,1968,0.13724676,0.27610314,0.3969155,0.53218138,0.64346093,0.70813978,0,0,0.0,,,0.0,0.0,0.0,0.13618121,0.12283537,0.10871902,0.075972416,0.02853,-0.01935,0.018986,-0.0071919998
702,1969,0.1388564,0.25966877,0.39493465,0.5062142,0.57089305,0.61698312,0,0,0.0,0.0,,0.0,0.0,0.0,0.13724676,0.13618121,0.12283537,0.10871902,0.040166002,0.02853,-0.01935,0.018986
702,1970,0.12081237,0.25607824,0.36735779,0.43203667,0.4781267,0.55249393,0,0,0.0,0.0,0.0,0.0,0.0,0.0,0.1388564,0.13724676,0.13618121,0.12283537,0.040098,0.040166002,0.02853,-0.01935
702,1971,0.13526589,0.24654542,0.31122428,0.35731435,0.43168154,0.50654304,0,0,0.0,0.0,0.0,0.0,0.0,0.0,0.12081237,0.1388564,0.13724676,0.13618121,-0.0049239998,0.040098,0.040166002,0.02853
702,1972,0.11127953,0.17595841,0.22204846,0.29641566,0.37127718,0.45830905,0,0,0.0,0.0,0.0,0.0,0.0,0.0,0.13526589,0.12081237,0.1388564,0.13724676,0.061395001,-0.0049239998,0.040098,0.040166002
702,1973,0.064678878,0.11076893,0.18513612,0.25999764,0.34702951,0.44122508,1,1,0.0,0.0,0.0,0.0,0.0,0.0,0.11127953,0.13526589,0.12081237,0.1388564,0.100727,0.061395001,-0.0049239998,0.040098
702,1974,0.046090052,0.12045725,0.19531876,0.28235063,0.3765462,0.47681397,1,1,1.0,0.0,0.0,1.0,0.0,0.0,0.064678878,0.11127953,0.13526589,0.12081237,-0.065714002,0.100727,0.061395001,-0.0049239998
702,1975,0.074367195,0.14922872,0.23626059,0.33045617,0.43072391,0.53756231,0,0,1.0,1.0,0.0,1.0,1.0,0.0,0.046090052,0.064678878,0.11127953,0.13526589,0.030239999,-0.065714002,0.100727,0.061395001
702,1976,0.074861519,0.16189338,0.25608894,0.35635668,0.46319512,0.53491962,0,0,0.0,1.0,1.0,0.0,1.0,1.0,0.074367195,0.046090052,0.064678878,0.11127953,0.015138,0.030239999,-0.065714002,0.100727
702,1977,0.087031864,0.18122743,0.28149518,0.38833362,0.46005815,0.54546297,0,0,0.0,0.0,1.0,0.0,0.0,1.0,0.074861519,0.074367195,0.046090052,0.064678878,0.0095330002,0.015138,0.030239999,-0.065714002
702,1978,0.094195567,0.19446331,0.30130175,0.37302628,0.45843112,0.54643667,0,0,0.0,0.0,0.0,0.0,0.0,0.0,0.087031864,0.074861519,0.074367195,0.046090052,0.02306,0.0095330002,0.015138,0.030239999
702,1979,0.10026775,0.20710617,0.27883071,0.36423555,0.45224109,0.44537067,0,0,0.0,0.0,0.0,0.0,0.0,0.0,0.094195567,0.087031864,0.074861519,0.074367195,0.050250001,0.02306,0.0095330002,0.015138
702,1980,0.10683843,0.17856297,0.26396781,0.35197335,0.34510294,0.35837927,0,0,0.0,0.0,0.0,0.0,0.0,0.0,0.10026775,0.094195567,0.087031864,0.074861519,0.049275,0.050250001,0.02306,0.0095330002
702,1981,0.071724534,0.15712938,0.24513492,0.23826452,0.25154087,0.35910967,0,0,0.0,0.0,0.0,0.0,0.0,0.0,0.10683843,0.10026775,0.094195567,0.087031864,0.073553003,0.049275,0.050250001,0.02306
702,1982,0.085404836,0.17341037,0.16653997,0.17981631,0.28738511,0.39853698,0,0,0.0,0.0,0.0,0.0,0.0,0.0,0.071724534,0.10683843,0.10026775,0.094195567,0.054501999,0.073553003,0.049275,0.050250001
702,1983,0.088005535,0.081135124,0.094411463,0.20198026,0.31313217,0.41496396,0,0,0.0,0.0,0.0,0.0,0.0,0.0,0.085404836,0.071724534,0.10683843,0.10026775,0.062822998,0.054501999,0.073553003,0.049275
702,1984,-0.0068704104,0.0064059291,0.11397474,0.22512662,0.32695842,0.42740053,0,0,0.0,0.0,0.0,0.0,0.0,0.0,0.088005535,0.085404836,0.071724534,0.10683843,-0.003089,0.062822998,0.054501999,0.073553003
702,1985,0.01327634,0.12084515,0.23199704,0.33382884,0.43427095,0.50114173,0,0,0.0,0.0,0.0,0.0,0.0,0.0,-0.0068704104,0.088005535,0.085404836,0.071724534,0.026216,-0.003089,0.062822998,0.054501999
702,1986,0.10756881,0.2187207,0.3205525,0.42099461,0.48786539,0.55874139,0,0,0.0,0.0,0.0,0.0,0.0,0.0,0.01327634,-0.0068704104,0.088005535,0.085404836,-0.037214998,0.026216,-0.003089,0.062822998
702,1987,0.11115189,0.21298367,0.31342578,0.38029653,0.45117253,0.56654644,0,0,0.0,0.0,0.0,0.0,0.0,0.0,0.10756881,0.01327634,-0.0068704104,0.088005535,-0.042987999,-0.037214998,0.026216,-0.003089
702,1988,0.10183179,0.20227389,0.26914465,0.34002066,0.45539454,0.56464911,0,0,0.0,0.0,0.0,0.0,0.0,0.0,0.11115189,0.10756881,0.01327634,-0.0068704104,-0.047897998,-0.042987999,-0.037214998,0.026216
702,1989,0.1004421,0.16731286,0.23818886,0.35356274,0.46281731,0.53309774,0,0,0.0,0.0,0.0,0.0,0.0,0.0,0.10183179,0.11115189,0.10756881,0.01327634,0.036454,-0.047897998,-0.042987999,-0.037214998
702,1990,0.066870764,0.13774678,0.25312066,0.36237523,0.43265569,0.50797504,0,0,0.0,0.0,0.0,0.0,0.0,0.0,0.1004421,0.10183179,0.11115189,0.10756881,-0.0056989999,0.036454,-0.047897998,-0.042987999
702,1991,0.07087601,0.18624988,0.29550445,0.36578491,0.44110423,0.52401543,0,0,0.0,0.0,0.0,0.0,0.0,0.0,0.066870764,0.1004421,0.10183179,0.11115189,-0.0045130001,-0.0056989999,0.036454,-0.047897998
702,1992,0.11537388,0.22462845,0.29490891,0.37022823,0.45313942,0.43088713,0,0,0.0,0.0,0.0,0.0,0.0,0.0,0.07087601,0.066870764,0.1004421,0.10183179,-0.001158,-0.0045130001,-0.0056989999,0.036454
702,1993,0.10925456,0.17953502,0.25485435,0.33776551,0.31551322,0.37646526,0,0,0.0,0.0,0.0,0.0,0.0,0.0,0.11537388,0.07087601,0.066870764,0.1004421,-0.01446,-0.001158,-0.0045130001,-0.0056989999
702,1994,0.070280455,0.14559978,0.22851096,0.20625867,0.26721072,0.35618618,0,0,0.0,0.0,0.0,0.0,0.0,0.0,0.10925456,0.11537388,0.07087601,0.066870764,0.0073529999,-0.01446,-0.001158,-0.0045130001
702,1995,0.075319335,0.15823051,0.13597822,0.19693026,0.28590572,0.2763828,0,0,0.0,0.0,0.0,0.0,0.0,0.0,0.070280455,0.10925456,0.11537388,0.07087601,0.074364997,0.0073529999,-0.01446,-0.001158
702,1996,0.082911178,0.06065888,0.12161092,0.21058637,0.20106347,0.24318033,0,0,0.0,0.0,0.0,0.0,0.0,0.0,0.075319335,0.070280455,0.10925456,0.11537388,0.065549001,0.074364997,0.0073529999,-0.01446
702,1997,-0.022252297,0.038699746,0.12767521,0.11815231,0.16026917,0.20462245,0,0,0.0,0.0,0.0,0.0,0.0,0.0,0.082911178,0.075319335,0.070280455,0.10925456,0.031895999,0.065549001,0.074364997,0.0073529999
702,1998,0.060952045,0.1499275,0.1404046,0.18252146,0.22687474,0.32236648,0,0,0.0,0.0,0.0,0.0,0.0,0.0,-0.022252297,0.082911178,0.075319335,0.070280455,-0.0046859998,0.031895999,0.065549001,0.074364997
702,1999,0.088975452,0.079452552,0.12156942,0.1659227,0.26141447,0.33630604,0,0,0.0,0.0,0.0,0.0,0.0,0.0,0.060952045,-0.022252297,0.082911178,0.075319335,-0.050774001,-0.0046859998,0.031895999,0.065549001
702,2000,-0.0095229009,0.032593966,0.076947242,0.17243899,0.24733058,0.33593255,0,0,0.0,0.0,0.0,0.0,0.0,0.0,0.088975452,0.060952045,-0.022252297,0.082911178,-0.074043997,-0.050774001,-0.0046859998,0.031895999
702,2001,0.042116866,0.086470142,0.18196189,0.25685346,0.34545541,0.43657067,0,0,0.0,0.0,0.0,0.0,0.0,0.0,-0.0095229009,0.088975452,0.060952045,-0.022252297,0.086066,-0.074043997,-0.050774001,-0.0046859998
702,2002,0.04435328,0.13984503,0.21473661,0.30333859,0.39445385,0.41233006,0,0,0.0,0.0,0.0,0.0,0.0,0.0,0.042116866,-0.0095229009,0.088975452,0.060952045,-0.038752001,0.086066,-0.074043997,-0.050774001
702,2003,0.095491752,0.17038333,0.25898528,0.35010055,0.36797675,0.36194286,0,0,0.0,0.0,0.0,0.0,0.0,0.0,0.04435328,0.042116866,-0.0095229009,0.088975452,0.034816001,-0.038752001,0.086066,-0.074043997
702,2004,0.074891575,0.16349354,0.25460881,0.27248502,0.26645112,0.41885489,0,0,0.0,0.0,0.0,0.0,0.0,0.0,0.095491752,0.04435328,0.042116866,-0.0095229009,-0.092349999,0.034816001,-0.038752001,0.086066
702,2005,0.088601962,0.17971724,0.19759345,0.19155957,0.34396333,0.4062075,0,0,0.0,0.0,0.0,0.0,0.0,0.0,0.074891575,0.095491752,0.04435328,0.042116866,-0.073347002,-0.092349999,0.034816001,-0.038752001
702,2006,0.091115274,0.10899147,0.10295759,0.25536138,0.31760556,0.35632017,0,0,0.0,0.0,0.0,0.0,0.0,0.0,0.088601962,0.074891575,0.095491752,0.04435328,-0.044291999,-0.073347002,-0.092349999,0.034816001
702,2007,0.017876202,0.01184232,0.1642461,0.22649027,0.26520491,0.31521684,0,0,0.0,0.0,0.0,0.0,0.0,0.0,0.091115274,0.088601962,0.074891575,0.095491752,0.012731,-0.044291999,-0.073347002,-0.092349999
702,2008,-0.006033883,0.14636989,0.20861407,0.24732868,0.29734063,0.3330633,0,1,0.0,0.0,0.0,0.0,0.0,0.0,0.017876202,0.091115274,0.088601962,0.074891575,0.13122,0.012731,-0.044291999,-0.073347002
702,2009,0.15240377,0.21464795,0.25336257,0.3033745,0.33909717,0.35842356,0,0,0.0,0.0,0.0,1.0,0.0,0.0,-0.006033883,0.017876202,0.091115274,0.088601962,-0.013049,0.13122,0.012731,-0.044291999
702,2010,0.062244173,0.10095879,0.15097073,0.1866934,0.2060198,0.22598284,0,0,0.0,0.0,0.0,0.0,1.0,0.0,0.15240377,-0.006033883,0.017876202,0.091115274,-0.017604999,-0.013049,0.13122,0.012731
702,2011,0.038714617,0.08872655,0.12444922,0.14377563,0.16373867,,0,0,0.0,0.0,0.0,0.0,0.0,1.0,0.062244173,0.15240377,-0.006033883,0.017876202,0.095196001,-0.017604999,-0.013049,0.13122
702,2012,0.050011937,0.085734606,0.105061,0.12502405,,,0,0,0.0,0.0,0.0,0.0,0.0,0.0,0.038714617,0.062244173,0.15240377,-0.006033883,0.085265003,0.095196001,-0.017604999,-0.013049
702,2013,0.035722673,0.055049069,0.07501211,,,,0,0,0.0,0.0,0.0,0.0,0.0,0.0,0.050011937,0.038714617,0.062244173,0.15240377,0.087484002,0.085265003,0.095196001,-0.017604999
710,1893,-0.028962094,0.11199933,0.15587929,0.089315526,0.27176893,,0,0,0.0,0.0,0.0,,,,-0.0094705829,-0.024546303,0.040961359,0.0069930353,,,,
710,1894,0.14096142,0.18484138,0.11827762,0.30073103,,,0,0,0.0,0.0,0.0,0.0,,,-0.028962094,-0.0094705829,-0.024546303,0.040961359,,,,
710,1895,0.04387996,-0.022683803,0.15976961,,,,0,0,0.0,0.0,0.0,0.0,0.0,,0.14096142,-0.028962094,-0.0094705829,-0.024546303,,,,
710,1903,0.0,0.064809717,0.14194292,0.1229361,-0.11902373,-0.072630689,0,0,,,,,,,0.29244646,,,,,,,
710,1904,0.064809717,0.14194292,0.1229361,-0.11902373,-0.072630689,-0.33746469,0,0,0.0,,,0.0,,,0.0,0.29244646,,,,,,
710,1905,0.077133194,0.058126375,-0.18383345,-0.13744041,-0.4022744,-0.39974603,0,0,0.0,0.0,,0.0,0.0,,0.064809717,0.0,0.29244646,,,,,
710,1906,-0.019006817,-0.26096663,-0.21457359,-0.47940758,-0.47687921,-0.45030257,0,0,0.0,0.0,0.0,0.0,0.0,0.0,0.077133194,0.064809717,0.0,0.29244646,,,,
710,1907,-0.24195983,-0.19556679,-0.46040076,-0.45787239,-0.43129575,-0.43739033,0,0,0.0,0.0,0.0,0.0,0.0,0.0,-0.019006817,0.077133194,0.064809717,0.0,,,,
710,1908,0.046393041,-0.21844095,-0.21591258,-0.18933594,-0.19543053,,0,0,0.0,0.0,0.0,0.0,0.0,0.0,-0.24195983,-0.019006817,0.077133194,0.064809717,,,,
710,1909,-0.26483399,-0.26230562,-0.23572898,-0.24182357,,,0,0,0.0,0.0,0.0,0.0,0.0,0.0,0.046393041,-0.24195983,-0.019006817,0.077133194,,,,
710,1910,0.0025283694,0.029105002,0.023010418,,,,0,0,0.0,0.0,0.0,0.0,0.0,0.0,-0.26483399,0.046393041,-0.24195983,-0.019006817,,,,
710,1919,-0.20562533,-0.13413267,-0.20579378,-0.13029933,-0.097122051,-0.033464201,0,0,,,,,,,0.18853702,,,,,,,
710,1920,0.071492657,-0.00016845763,0.075325988,0.10850327,0.17216112,0.19824955,0,0,0.0,,,0.0,,,-0.20562533,0.18853702,,,0.0052729999,,,
710,1921,-0.071661115,0.0038333312,0.03701061,0.10066846,0.12675689,0.14588606,0,0,0.0,0.0,,0.0,0.0,,0.071492657,-0.20562533,0.18853702,,-0.019068999,0.0052729999,,
710,1922,0.075494446,0.10867172,0.17232957,0.19841801,0.21754718,0.29060197,0,0,0.0,0.0,0.0,0.0,0.0,0.0,-0.071661115,0.071492657,-0.20562533,0.18853702,-0.0085030003,-0.019068999,0.0052729999,
710,1923,0.033177279,0.096835129,0.12292357,0.14205274,0.21510753,0.19134404,0,0,0.0,0.0,0.0,0.0,0.0,0.0,0.075494446,-0.071661115,0.071492657,-0.20562533,-0.070366003,-0.0085030003,-0.019068999,0.0052729999
710,1924,0.06365785,0.089746282,0.10887545,0.18193024,0.15816675,0.10041875,0,0,0.0,0.0,0.0,0.0,0.0,0.0,0.033177279,0.075494446,-0.071661115,0.071492657,-0.024215,-0.070366003,-0.0085030003,-0.019068999
710,1925,0.026088435,0.045217603,0.11827239,0.094508894,0.036760893,-0.020022918,0,0,0.0,0.0,0.0,0.0,0.0,0.0,0.06365785,0.033177279,0.075494446,-0.071661115,0.0040330002,-0.024215,-0.070366003,-0.0085030003
710,1926,0.01912917,0.092183955,0.068420462,0.010672461,-0.046111349,-0.085062437,0,0,0.0,0.0,0.0,0.0,0.0,0.0,0.026088435,0.06365785,0.033177279,0.075494446,0.036485001,0.0040330002,-0.024215,-0.070366003
710,1927,0.073054783,0.04929129,-0.0084567107,-0.065240517,-0.1041916,-0.0014044866,0,0,0.0,0.0,0.0,0.0,0.0,0.0,0.01912917,0.026088435,0.06365785,0.033177279,-0.0057819998,0.036485001,0.0040330002,-0.024215
710,1928,-0.023763495,-0.081511497,-0.13829531,-0.17724639,-0.074459277,0.028297715,0,0,0.0,0.0,0.0,0.0,0.0,0.0,0.073054783,0.01912917,0.026088435,0.06365785,0.0090939999,-0.0057819998,0.036485001,0.0040330002
710,1929,-0.057748001,-0.11453182,-0.1534829,-0.050695784,0.052061208,0.15443693,0,0,0.0,0.0,0.0,0.0,0.0,0.0,-0.023763495,0.073054783,0.01912917,0.026088435,0.015204,0.0090939999,-0.0057819998,0.036485001
710,1930,-0.05678381,-0.095734894,0.0070522204,0.10980921,0.21218494,0.30243471,0,0,0.0,0.0,0.0,0.0,0.0,0.0,-0.057748001,-0.023763495,0.073054783,0.01912917,-0.014335,0.015204,0.0090939999,-0.0057819998
710,1931,-0.038951088,0.063836023,0.16659302,0.26896873,0.35921851,0.42303762,0,0,0.0,0.0,0.0,0.0,0.0,0.0,-0.05678381,-0.057748001,-0.023763495,0.073054783,-0.002937,-0.014335,0.015204,0.0090939999
710,1932,0.10278711,0.20554411,0.30791983,0.39816961,0.46198872,0.42092136,0,0,0.0,0.0,0.0,0.0,0.0,0.0,-0.038951088,-0.05678381,-0.057748001,-0.023763495,0.011581,-0.002937,-0.014335,0.015204
710,1933,0.10275699,0.20513272,0.2953825,0.35920161,0.31813425,,0,0,0.0,0.0,0.0,0.0,0.0,0.0,0.10278711,-0.038951088,-0.05678381,-0.057748001,-0.033711001,0.011581,-0.002937,-0.014335
710,1934,0.10237572,0.19262551,0.25644463,0.21537727,,,0,0,0.0,0.0,0.0,0.0,0.0,0.0,0.10275699,0.10278711,-0.038951088,-0.05678381,0.0065609999,-0.033711001,0.011581,-0.002937
710,1935,0.090249784,0.1540689,0.11300154,,,,0,0,0.0,0.0,0.0,0.0,0.0,0.0,0.10237572,0.10275699,0.10278711,-0.038951088,-0.016173,0.0065609999,-0.033711001,0.011581
710,1946,-0.010002258,0.043604791,0.036120348,0.092513308,0.13895439,0.16877674,0,0,,,,,,,0.014382467,,,,,,,
710,1947,0.05360705,0.046122607,0.10251556,0.14895664,0.17877899,0.22266422,0,0,0.0,,,0.0,,,-0.010002258,0.014382467,,,0.031860001,,,
710,1948,-0.0074844426,0.048908513,0.095349595,0.12517194,0.16905718,0.23237161,0,0,0.0,0.0,,0.0,0.0,,0.05360705,-0.010002258,0.014382467,,0.037388999,0.031860001,,
710,1949,0.056392957,0.10283403,0.13265638,0.17654161,0.23985605,0.29517585,0,0,0.0,0.0,0.0,0.0,0.0,0.0,-0.0074844426,0.05360705,-0.010002258,0.014382467,-0.068236999,0.037388999,0.031860001,
710,1950,0.046441078,0.076263428,0.12014866,0.1834631,0.23878288,0.29331207,0,0,0.0,0.0,0.0,0.0,0.0,0.0,0.056392957,-0.0074844426,0.05360705,-0.010002258,0.010068,-0.068236999,0.037388999,0.031860001
710,1951,0.02982235,0.073707581,0.13702202,0.1923418,0.24687099,0.29133224,0,0,0.0,0.0,0.0,0.0,0.0,0.0,0.046441078,0.056392957,-0.0074844426,0.05360705,0.070807002,0.010068,-0.068236999,0.037388999
710,1952,0.043885231,0.10719967,0.16251945,0.21704865,0.2615099,0.28939342,0,0,0.0,0.0,0.0,0.0,0.0,0.0,0.02982235,0.046441078,0.056392957,-0.0074844426,-0.033939999,0.070807002,0.010068,-0.068236999
710,1953,0.063314438,0.11863422,0.17316341,0.21762466,0.24550819,0.2907629,0,0,0.0,0.0,0.0,0.0,0.0,0.0,0.043885231,0.02982235,0.046441078,0.056392957,-0.0047019999,-0.033939999,0.070807002,0.010068
710,1954,0.055319786,0.10984898,0.15431023,0.18219376,0.22744846,0.25692081,0,0,0.0,0.0,0.0,0.0,0.0,0.0,0.063314438,0.043885231,0.02982235,0.046441078,0.025272001,-0.0047019999,-0.033939999,0.070807002
710,1955,0.05452919,0.09899044,0.12687397,0.17212868,0.20160103,0.24004854,0,0,0.0,0.0,0.0,0.0,0.0,0.0,0.055319786,0.063314438,0.043885231,0.02982235,0.02813,0.025272001,-0.0047019999,-0.033939999
710,1956,0.04446125,0.07234478,0.11759949,0.14707184,0.18551935,0.24729818,0,0,0.0,0.0,0.0,0.0,0.0,0.0,0.05452919,0.055319786,0.063314438,0.043885231,-0.016783999,0.02813,0.025272001,-0.0047019999
710,1957,0.02788353,0.073138237,0.10261059,0.1410581,0.20283693,0.27657306,0,0,0.0,0.0,0.0,0.0,0.0,0.0,0.04446125,0.05452919,0.055319786,0.063314438,0.021038,-0.016783999,0.02813,0.025272001
710,1958,0.045254707,0.074727058,0.11317457,0.1749534,0.24868953,0.32808736,0,0,0.0,0.0,0.0,0.0,0.0,0.0,0.02788353,0.04446125,0.05452919,0.055319786,-0.019623,0.021038,-0.016783999,0.02813
710,1959,0.029472351,0.067919865,0.12969869,0.20343482,0.28283265,0.34406027,0,0,0.0,0.0,0.0,0.0,0.0,0.0,0.045254707,0.02788353,0.04446125,0.05452919,-0.0053050001,-0.019623,0.021038,-0.016783999
710,1960,0.038447514,0.10022634,0.17396247,0.2533603,0.31458792,0.358971,0,0,0.0,0.0,0.0,0.0,0.0,0.0,0.029472351,0.045254707,0.02788353,0.04446125,0.035043001,-0.0053050001,-0.019623,0.021038
710,1961,0.061778832,0.13551496,0.21491277,0.27614039,0.32052347,0.39248922,0,0,0.0,0.0,0.0,0.0,0.0,0.0,0.038447514,0.029472351,0.045254707,0.02788353,-0.014364,0.035043001,-0.0053050001,-0.019623
710,1962,0.073736131,0.15313396,0.21436156,0.25874466,0.33071041,0.37224486,0,0,0.0,0.0,0.0,0.0,0.0,0.0,0.061778832,0.038447514,0.029472351,0.045254707,-0.0080690002,-0.014364,0.035043001,-0.0053050001
710,1963,0.07939782,0.14062543,0.18500851,0.25697428,0.29850873,0.34566703,0,0,0.0,0.0,0.0,0.0,0.0,0.0,0.073736131,0.061778832,0.038447514,0.029472351,0.010887,-0.0080690002,-0.014364,0.035043001
710,1964,0.061227608,0.10561069,0.17757645,0.21911091,0.26626921,0.31875595,0,0,0.0,0.0,0.0,0.0,0.0,0.0,0.07939782,0.073736131,0.061778832,0.038447514,0.053382002,0.010887,-0.0080690002,-0.014364
710,1965,0.044383083,0.11634885,0.15788329,0.20504159,0.25752833,0.30031803,0,0,0.0,0.0,0.0,0.0,0.0,0.0,0.061227608,0.07939782,0.073736131,0.061778832,0.105899,0.053382002,0.010887,-0.0080690002
710,1966,0.071965761,0.11350021,0.16065851,0.21314526,0.25593495,0.27248257,0,0,0.0,0.0,0.0,0.0,0.0,0.0,0.044383083,0.061227608,0.07939782,0.073736131,-0.026579,0.105899,0.053382002,0.010887
710,1967,0.041534446,0.088692755,0.1411795,0.1839692,0.20051682,0.2462368,0,0,0.0,0.0,0.0,0.0,0.0,0.0,0.071965761,0.044383083,0.061227608,0.07939782,0.00029500001,-0.026579,0.105899,0.053382002
710,1968,0.047158308,0.099645048,0.14243475,0.15898237,0.20470235,0.2658129,0,0,0.0,0.0,0.0,0.0,0.0,0.0,0.041534446,0.071965761,0.044383083,0.061227608,0.00029,0.00029500001,-0.026579,0.105899
710,1969,0.05248674,0.095276445,0.11182407,0.15754405,0.21865459,0.23560907,1,0,0.0,0.0,0.0,0.0,0.0,0.0,0.047158308,0.041534446,0.071965761,0.044383083,0.0090009999,0.00029,0.00029500001,-0.026579
710,1970,0.042789701,0.059337322,0.1050573,0.16616784,0.18312232,0.20562136,1,1,1.0,0.0,0.0,0.0,0.0,0.0,0.05248674,0.047158308,0.041534446,0.071965761,0.0057649999,0.0090009999,0.00029,0.00029500001
710,1971,0.01654762,0.062267598,0.12337814,0.14033262,0.16283166,0.16189128,0,0,1.0,1.0,0.0,1.0,0.0,0.0,0.042789701,0.05248674,0.047158308,0.041534446,-0.0053989999,0.0057649999,0.0090009999,0.00029
710,1972,0.045719977,0.10683052,0.123785,0.14628404,0.14534366,0.17548916,0,0,0.0,1.0,1.0,0.0,1.0,0.0,0.01654762,0.042789701,0.05248674,0.047158308,-0.0057990002,-0.0053989999,0.0057649999,0.0090009999
710,1973,0.061110545,0.078065023,0.10056406,0.099623688,0.12976918,0.16767421,0,0,0.0,0.0,1.0,0.0,0.0,1.0,0.045719977,0.01654762,0.042789701,0.05248674,-0.0034469999,-0.0057990002,-0.0053989999,0.0057649999
710,1974,0.016954482,0.039453521,0.038513146,0.068658635,0.10656367,0.17276952,0,0,0.0,0.0,0.0,0.0,0.0,0.0,0.061110545,0.045719977,0.01654762,0.042789701,-0.0091129998,-0.0034469999,-0.0057990002,-0.0053989999
710,1975,0.022499042,0.021558667,0.051704157,0.089609191,0.15581504,0.20942241,0,0,0.0,0.0,0.0,0.0,0.0,0.0,0.016954482,0.061110545,0.045719977,0.01654762,0.026118999,-0.0091129998,-0.0034469999,-0.0057990002
710,1976,-0.00094037532,0.029205116,0.067110151,0.13331601,0.18692338,0.18308948,0,0,0.0,0.0,0.0,0.0,0.0,0.0,0.022499042,0.016954482,0.061110545,0.045719977,-0.0094440002,0.026118999,-0.0091129998,-0.0034469999
710,1977,0.030145491,0.068050526,0.13425638,0.18786375,0.18402985,0.1655644,0,0,0.0,0.0,0.0,0.0,0.0,0.0,-0.00094037532,0.022499042,0.016954482,0.061110545,-0.021089001,-0.0094440002,0.026118999,-0.0091129998
710,1978,0.037905037,0.10411089,0.15771827,0.15388437,0.13541892,0.18641007,0,0,0.0,0.0,0.0,0.0,0.0,0.0,0.030145491,-0.00094037532,0.022499042,0.016954482,-0.00446,-0.021089001,-0.0094440002,0.026118999
710,1979,0.066205852,0.11981323,0.11597932,0.097513877,0.14850503,0.13639019,0,0,0.0,0.0,0.0,0.0,0.0,0.0,0.037905037,0.030145491,-0.00094037532,0.022499042,-0.027347,-0.00446,-0.021089001,-0.0094440002
710,1980,0.053607374,0.049773466,0.031308021,0.082299173,0.070184335,0.07036268,0,0,0.0,0.0,0.0,0.0,0.0,0.0,0.066205852,0.037905037,0.030145491,-0.00094037532,-0.0015050001,-0.027347,-0.00446,-0.021089001
710,1981,-0.0038339077,-0.022299353,0.028691795,0.016576957,0.016755305,0.037762657,0,0,0.0,0.0,0.0,0.0,0.0,0.0,0.053607374,0.066205852,0.037905037,0.030145491,0.040720999,-0.0015050001,-0.027347,-0.00446
710,1982,-0.018465444,0.032525703,0.020410866,0.020589214,0.041596565,0.083597884,0,0,0.0,0.0,0.0,0.0,0.0,0.0,-0.0038339077,0.053607374,0.066205852,0.037905037,0.01106,0.040720999,-0.0015050001,-0.027347
710,1983,0.050991148,0.03887631,0.039054658,0.06006201,0.10206333,0.12601116,0,0,0.0,0.0,0.0,0.0,0.0,0.0,-0.018465444,-0.0038339077,0.053607374,0.066205852,0.022503,0.01106,0.040720999,-0.0015050001
710,1984,-0.012114837,-0.011936489,0.0090708621,0.051072184,0.07502003,0.071842171,0,0,0.0,0.0,0.0,0.0,0.0,0.0,0.050991148,-0.018465444,-0.0038339077,0.053607374,0.022769,0.022503,0.01106,0.040720999
710,1985,0.00017834779,0.0211857,0.063187018,0.08713486,0.083957002,0.073774189,0,0,0.0,0.0,0.0,0.0,0.0,0.0,-0.012114837,0.050991148,-0.018465444,-0.0038339077,-0.0077269999,0.022769,0.022503,0.01106
710,1986,0.021007352,0.063008673,0.086956516,0.083778657,0.073595844,0.05222588,0,0,0.0,0.0,0.0,0.0,0.0,0.0,0.00017834779,-0.012114837,0.050991148,-0.018465444,-0.033821002,-0.0077269999,0.022769,0.022503
710,1987,0.042001322,0.065949164,0.062771305,0.052588493,0.031218531,0.043553729,0,0,0.0,0.0,0.0,0.0,0.0,0.0,0.021007352,0.00017834779,-0.012114837,0.050991148,-0.0052280002,-0.033821002,-0.0077269999,0.022769
710,1988,0.023947842,0.020769985,0.010587174,-0.010782788,0.0015524114,0.033893842,0,0,0.0,0.0,0.0,0.0,0.0,0.0,0.042001322,0.021007352,0.00017834779,-0.012114837,0.028302999,-0.0052280002,-0.033821002,-0.0077269999
710,1989,-0.0031778568,-0.013360668,-0.034730628,-0.022395428,0.0099460036,0.041102342,0,0,0.0,0.0,0.0,0.0,0.0,0.0,0.023947842,0.042001322,0.021007352,0.00017834779,0.0080970004,0.028302999,-0.0052280002,-0.033821002
710,1990,-0.010182811,-0.031552773,-0.019217573,0.013123859,0.044280194,0.087347478,0,0,0.0,0.0,0.0,0.0,0.0,0.0,-0.0031778568,0.023947842,0.042001322,0.021007352,0.0067409999,0.0080970004,0.028302999,-0.0052280002
710,1991,-0.021369962,-0.0090347631,0.023306668,0.054463007,0.09753029,0.12399858,0,0,0.0,0.0,0.0,0.0,0.0,0.0,-0.010182811,-0.0031778568,0.023947842,0.042001322,-0.0074120001,0.0067409999,0.0080970004,0.028302999
710,1992,0.012335199,0.044676632,0.07583297,0.11890025,0.14536855,0.15054215,0,0,0.0,0.0,0.0,0.0,0.0,0.0,-0.021369962,-0.010182811,-0.0031778568,0.023947842,-0.011257,-0.0074120001,0.0067409999,0.0080970004
710,1993,0.032341432,0.063497767,0.10656504,0.13303334,0.13820694,0.16178802,0,0,0.0,0.0,0.0,0.0,0.0,0.0,0.012335199,-0.021369962,-0.010182811,-0.0031778568,-0.020969,-0.011257,-0.0074120001,0.0067409999
710,1994,0.031156337,0.074223615,0.10069191,0.10586551,0.12944658,0.17099202,0,0,0.0,0.0,0.0,0.0,0.0,0.0,0.032341432,0.012335199,-0.021369962,-0.010182811,0.015181,-0.020969,-0.011257,-0.0074120001
710,1995,0.04306728,0.069535568,0.07470917,0.09829025,0.13983569,0.16719064,0,0,0.0,0.0,0.0,0.0,0.0,0.0,0.031156337,0.032341432,0.012335199,-0.021369962,0.017831,0.015181,-0.020969,-0.011257
710,1996,0.026468292,0.031641897,0.055222973,0.096768416,0.12412337,0.16080134,0,0,0.0,0.0,0.0,0.0,0.0,0.0,0.04306728,0.031156337,0.032341432,0.012335199,0.017857,0.017831,0.015181,-0.020969
710,1997,0.005173604,0.028754681,0.070300125,0.09765508,0.13433304,0.16382383,0,0,0.0,0.0,0.0,0.0,0.0,0.0,0.026468292,0.04306728,0.031156337,0.032341432,0.019400001,0.017857,0.017831,0.015181
710,1998,0.023581078,0.065126523,0.092481479,0.12915945,0.15865023,0.20419593,0,0,0.0,0.0,0.0,0.0,0.0,0.0,0.005173604,0.026468292,0.04306728,0.031156337,0.042872,0.019400001,0.017857,0.017831
710,1999,0.041545443,0.068900399,0.10557836,0.13506915,0.18061484,0.23338595,0,0,0.0,0.0,0.0,0.0,0.0,0.0,0.023581078,0.005173604,0.026468292,0.04306728,-0.014942,0.042872,0.019400001,0.017857
710,2000,0.027354954,0.06403292,0.093523696,0.13906939,0.1918405,0.24787715,0,0,0.0,0.0,0.0,0.0,0.0,0.0,0.041545443,0.023581078,0.005173604,0.026468292,-0.014391,-0.014942,0.042872,0.019400001
710,2001,0.036677968,0.066168748,0.11171445,0.16448556,0.22052221,0.27412686,0,0,0.0,0.0,0.0,0.0,0.0,0.0,0.027354954,0.041545443,0.023581078,0.005173604,0.023349,-0.014391,-0.014942,0.042872
710,2002,0.02949078,0.075036481,0.12780759,0.18384424,0.23744889,0.26935941,0,0,0.0,0.0,0.0,0.0,0.0,0.0,0.036677968,0.027354954,0.041545443,0.023581078,-0.058986001,0.023349,-0.014391,-0.014942
710,2003,0.045545697,0.098316811,0.15435345,0.2079581,0.23986861,0.2244876,0,0,0.0,0.0,0.0,0.0,0.0,0.0,0.02949078,0.036677968,0.027354954,0.041545443,0.053449001,-0.058986001,0.023349,-0.014391
710,2004,0.052771114,0.10880776,0.16241241,0.19432291,0.17894191,0.20933968,0,0,0.0,0.0,0.0,0.0,0.0,0.0,0.045545697,0.02949078,0.036677968,0.027354954,0.0033509999,0.053449001,-0.058986001,0.023349
710,2005,0.056036647,0.1096413,0.14155182,0.12617081,0.15656859,0.18941055,0,0,0.0,0.0,0.0,0.0,0.0,0.0,0.052771114,0.045545697,0.02949078,0.036677968,0.042371001,0.0033509999,0.053449001,-0.058986001
710,2006,0.053604651,0.085515171,0.070134163,0.10053194,0.1333739,0.15550649,0,0,0.0,0.0,0.0,0.0,0.0,0.0,0.056036647,0.052771114,0.045545697,0.02949078,0.063516997,0.042371001,0.0033509999,0.053449001
710,2007,0.031910516,0.016529508,0.046927281,0.079769254,0.10190184,0.12679468,0,0,0.0,0.0,0.0,0.0,0.0,0.0,0.053604651,0.056036647,0.052771114,0.045545697,0.040068999,0.063516997,0.042371001,0.0033509999
710,2008,-0.015381008,0.015016763,0.04785873,0.06999132,0.094884157,0.11188013,0,0,0.0,0.0,0.0,0.0,0.0,0.0,0.031910516,0.053604651,0.056036647,0.052771114,0.036743999,0.040068999,0.063516997,0.042371001
710,2009,0.030397771,0.063239738,0.085372329,0.11026517,0.12726115,0.14024965,0,0,0.0,0.0,0.0,0.0,0.0,0.0,-0.015381008,0.031910516,0.053604651,0.056036647,-0.028860999,0.036743999,0.040068999,0.063516997
710,2010,0.032841969,0.05497456,0.079867393,0.096863367,0.10985188,0.11264545,0,0,0.0,0.0,0.0,0.0,0.0,0.0,0.030397771,-0.015381008,0.031910516,0.053604651,-0.041480999,-0.028860999,0.036743999,0.040068999
710,2011,0.02213259,0.047025423,0.064021401,0.077009916,0.079803489,,0,0,0.0,0.0,0.0,0.0,0.0,0.0,0.032841969,0.030397771,-0.015381008,0.031910516,-0.023534,-0.041480999,-0.028860999,0.036743999
710,2012,0.024892833,0.041888811,0.054877322,0.057670895,,,0,0,0.0,0.0,0.0,0.0,0.0,0.0,0.02213259,0.032841969,0.030397771,-0.015381008,0.016416,-0.023534,-0.041480999,-0.028860999
710,2013,0.016995976,0.029984487,0.032778062,,,,0,0,0.0,0.0,0.0,0.0,0.0,0.0,0.024892833,0.02213259,0.032841969,0.030397771,-0.013091,0.016416,-0.023534,-0.041480999
724,1874,0.028868323,0.047581472,0.1447489,0.11845036,0.061645061,0.14651623,0,0,,,,0.0,0.0,0.0,-0.087359004,0.084609114,0.13000689,0.076180451,,,,
724,1875,0.01871315,0.11588058,0.089582041,0.032776743,0.11764791,0.14298193,0,0,0.0,,,0.0,0.0,0.0,0.028868323,-0.087359004,0.084609114,0.13000689,,,,
724,1876,0.097167432,0.070868894,0.014063597,0.098934762,0.12426879,0.13715012,0,0,0.0,0.0,,0.0,0.0,0.0,0.01871315,0.028868323,-0.087359004,0.084609114,,,,
724,1877,-0.026298536,-0.083103836,0.0017673299,0.027101355,0.039982688,0.062243558,0,0,0.0,0.0,0.0,0.0,0.0,0.0,0.097167432,0.01871315,0.028868323,-0.087359004,,,,
724,1878,-0.056805298,0.028065868,0.053399891,0.066281222,0.088542089,0.091285944,0,0,0.0,0.0,0.0,0.0,0.0,0.0,-0.026298536,0.097167432,0.01871315,0.028868323,,,,
724,1879,0.084871165,0.11020519,0.12308652,0.14534739,0.14809124,0.12110752,0,0,0.0,0.0,0.0,0.0,0.0,0.0,-0.056805298,-0.026298536,0.097167432,0.01871315,,,,
724,1880,0.025334025,0.038215358,0.060476229,0.063220084,0.036236361,0.01456015,0,0,0.0,0.0,0.0,0.0,0.0,0.0,0.084871165,-0.056805298,-0.026298536,0.097167432,,,,
724,1881,0.012881333,0.035142206,0.037886064,0.010902341,-0.010773869,-0.024793625,0,0,0.0,0.0,0.0,0.0,0.0,0.0,0.025334025,0.084871165,-0.056805298,-0.026298536,,,,
724,1882,0.022260871,0.025004728,-0.0019789953,-0.023655206,-0.037674963,0.0020443164,0,0,0.0,0.0,0.0,0.0,0.0,0.0,0.012881333,0.025334025,0.084871165,-0.056805298,,,,
724,1883,0.0027438577,-0.024239866,-0.045916077,-0.059935834,-0.020216554,-0.02253839,0,0,0.0,0.0,0.0,0.0,0.0,0.0,0.022260871,0.012881333,0.025334025,0.084871165,,,,
724,1884,-0.026983723,-0.048659936,-0.062679693,-0.022960413,-0.025282249,-0.02472729,0,0,0.0,0.0,0.0,0.0,0.0,0.0,0.0027438577,0.022260871,0.012881333,0.025334025,,,,
724,1885,-0.021676211,-0.035695966,0.0040233135,0.0017014786,0.0022564367,0.024748556,0,0,0.0,0.0,0.0,0.0,0.0,0.0,-0.026983723,0.0027438577,0.022260871,0.012881333,,,,
724,1886,-0.014019757,0.025699522,0.023377687,0.023932645,0.046424765,0.11874148,0,0,0.0,0.0,0.0,0.0,0.0,0.0,-0.021676211,-0.026983723,0.0027438577,0.022260871,,,,
724,1887,0.03971928,0.037397444,0.037952401,0.060444519,0.13276124,0.097125724,0,0,0.0,0.0,0.0,0.0,0.0,0.0,-0.014019757,-0.021676211,-0.026983723,0.0027438577,,,,
724,1888,-0.0023218349,-0.0017668767,0.020725243,0.093041964,0.057406452,0.068522014,0,0,0.0,0.0,0.0,0.0,0.0,0.0,0.03971928,-0.014019757,-0.021676211,-0.026983723,,,,
724,1889,0.00055495824,0.023047078,0.095363796,0.059728283,0.070843846,0.062046088,0,0,0.0,0.0,0.0,0.0,0.0,0.0,-0.0023218349,0.03971928,-0.014019757,-0.021676211,,,,
724,1890,0.02249212,0.094808839,0.059173327,0.070288889,0.061491132,-0.021555953,0,0,0.0,0.0,0.0,0.0,0.0,0.0,0.00055495824,-0.0023218349,0.03971928,-0.014019757,,,,
724,1891,0.072316721,0.036681209,0.047796767,0.03899901,-0.044048075,0.0055448674,0,0,0.0,0.0,0.0,0.0,0.0,0.0,0.02249212,0.00055495824,-0.0023218349,0.03971928,,,,
724,1892,-0.035635512,-0.024519954,-0.033317711,-0.11636479,-0.06677185,0.0074781999,0,0,0.0,0.0,0.0,0.0,0.0,0.0,0.072316721,0.02249212,0.00055495824,-0.0023218349,,,,
724,1893,0.011115559,0.0023178011,-0.080729283,-0.031136341,0.043113708,0.059014171,0,0,0.0,0.0,0.0,0.0,0.0,0.0,-0.035635512,0.072316721,0.02249212,0.00055495824,,,,
724,1894,-0.0087977583,-0.091844842,-0.0422519,0.03199815,0.047898613,0.069447428,0,0,0.0,0.0,0.0,0.0,0.0,0.0,0.011115559,-0.035635512,0.072316721,0.02249212,,,,
724,1895,-0.083047085,-0.033454143,0.040795907,0.05669637,0.078245185,0.1454957,0,0,0.0,0.0,0.0,0.0,0.0,0.0,-0.0087977583,0.011115559,-0.035635512,0.072316721,,,,
724,1896,0.049592942,0.12384299,0.13974345,0.16129225,0.22854277,0.19904599,0,0,0.0,0.0,0.0,0.0,0.0,0.0,-0.083047085,-0.0087977583,0.011115559,-0.035635512,,,,
724,1897,0.07425005,0.090150513,0.11169933,0.17894983,0.14945304,0.15408805,0,0,0.0,0.0,0.0,0.0,0.0,0.0,0.049592942,-0.083047085,-0.0087977583,0.011115559,,,,
724,1898,0.015900463,0.037449278,0.10469979,0.075203009,0.079838008,0.076508775,0,0,0.0,0.0,0.0,0.0,0.0,0.0,0.07425005,0.049592942,-0.083047085,-0.0087977583,,,,
724,1899,0.021548813,0.088799328,0.059302546,0.063937545,0.060608309,0.046591435,0,0,0.0,0.0,0.0,0.0,0.0,0.0,0.015900463,0.07425005,0.049592942,-0.083047085,,,,
724,1900,0.067250513,0.037753731,0.042388733,0.039059497,0.025042623,0.075364999,0,0,0.0,0.0,0.0,0.0,0.0,0.0,0.021548813,0.015900463,0.07425005,0.049592942,,,,
724,1901,-0.029496782,-0.024861779,-0.028191015,-0.042207889,0.0081144869,0.039089501,0,0,0.0,0.0,0.0,0.0,0.0,0.0,0.067250513,0.021548813,0.015900463,0.07425005,0.002939,,,
724,1902,0.0046350025,0.0013057673,-0.012711107,0.037611268,0.068586282,0.10704029,0,0,0.0,0.0,0.0,0.0,0.0,0.0,-0.029496782,0.067250513,0.021548813,0.015900463,0.0051970002,0.002939,,
724,1903,-0.0033292351,-0.01734611,0.032976266,0.063951284,0.10240529,0.11965668,0,0,0.0,0.0,0.0,0.0,0.0,0.0,0.0046350025,-0.029496782,0.067250513,0.021548813,-0.00154,0.0051970002,0.002939,
724,1904,-0.014016874,0.036305502,0.067280516,0.10573452,0.12298591,0.08735688,0,0,0.0,0.0,0.0,0.0,0.0,0.0,-0.0033292351,0.0046350025,-0.029496782,0.067250513,-0.001682,-0.00154,0.0051970002,0.002939
724,1908,0.017251395,-0.018377643,0.050886232,0.043320242,0.08311443,,0,0,,,,0.0,0.0,0.0,0.038454004,0.030975014,0.050322376,-0.014016874,0.0038099999,-0.00033800001,0.001874,0.003547
724,1909,-0.035629038,0.033634838,0.026068848,0.065863028,,,0,0,0.0,,,0.0,0.0,0.0,0.017251395,0.038454004,0.030975014,0.050322376,0.002725,0.0038099999,-0.00033800001,0.001874
724,1910,0.069263875,0.061697885,0.10149207,,,,0,0,0.0,0.0,,0.0,0.0,0.0,-0.035629038,0.017251395,0.038454004,0.030975014,0.0064099999,0.002725,0.0038099999,-0.00033800001
724,1919,0.069741033,0.094187655,0.1359466,0.14878139,0.17667302,0.23672682,0,0,,,,,,,0.0062357686,,,,,,,
724,1920,0.024446622,0.066205561,0.079040356,0.10693198,0.16698578,0.16326281,0,0,0.0,,,0.0,,,0.069741033,0.0062357686,,,0.0043779998,,,
724,1921,0.041758943,0.054593738,0.08248537,0.14253917,0.13881621,0.22191849,0,0,0.0,0.0,,0.0,0.0,,0.024446622,0.069741033,0.0062357686,,0.00337,0.0043779998,,
724,1922,0.012834794,0.040726423,0.10078022,0.097057261,0.18015954,0.18405785,0,0,0.0,0.0,0.0,0.0,0.0,0.0,0.041758943,0.024446622,0.069741033,0.0062357686,0.015041,0.00337,0.0043779998,
724,1923,0.02789163,0.087945424,0.084222466,0.16732475,0.17122306,0.23955896,0,0,0.0,0.0,0.0,0.0,0.0,0.0,0.012834794,0.041758943,0.024446622,0.069741033,-0.0035949999,0.015041,0.00337,0.0043779998
724,1924,0.060053796,0.056330837,0.13943312,0.14333142,0.21166733,0.17750531,0,0,0.0,0.0,0.0,0.0,0.0,0.0,0.02789163,0.012834794,0.041758943,0.024446622,-0.0058519999,-0.0035949999,0.015041,0.00337
724,1925,-0.0037229597,0.07937932,0.083277628,0.15161353,0.11745152,0.091664061,0,0,0.0,0.0,0.0,0.0,0.0,0.0,0.060053796,0.02789163,0.012834794,0.041758943,-0.0064030001,-0.0058519999,-0.0035949999,0.015041
724,1926,0.083102278,0.087000586,0.15533648,0.12117447,0.095387012,0.11673719,0,0,0.0,0.0,0.0,0.0,0.0,0.0,-0.0037229597,0.060053796,0.02789163,0.012834794,0.002106,-0.0064030001,-0.0058519999,-0.0035949999
724,1927,0.0038983098,0.072234206,0.038072187,0.01228473,0.033634916,0.013870286,0,0,0.0,0.0,0.0,0.0,0.0,0.0,0.083102278,-0.0037229597,0.060053796,0.02789163,0.00139,0.002106,-0.0064030001,-0.0058519999
724,1928,0.068335898,0.03417388,0.0083864219,0.029736606,0.0099719763,0.047047377,0,0,0.0,0.0,0.0,0.0,0.0,0.0,0.0038983098,0.083102278,-0.0037229597,0.060053796,0.0041800002,0.00139,0.002106,-0.0064030001
724,1929,-0.034162018,-0.059949476,-0.03859929,-0.058363922,-0.021288522,-0.0013853237,0,0,0.0,0.0,0.0,0.0,0.0,0.0,0.068335898,0.0038983098,0.083102278,-0.0037229597,0.0084239999,0.0041800002,0.00139,0.002106
724,1930,-0.025787458,-0.0044372734,-0.024201903,0.012873497,0.032776695,,0,0,0.0,0.0,0.0,0.0,0.0,0.0,-0.034162018,0.068335898,0.0038983098,0.083102278,0.0034700001,0.0084239999,0.0041800002,0.00139
724,1931,0.021350184,0.0015855543,0.038660955,0.058564153,,,0,1,0.0,0.0,0.0,0.0,0.0,0.0,-0.025787458,-0.034162018,0.068335898,0.0038983098,-0.017556001,0.0034700001,0.0084239999,0.0041800002
724,1932,-0.01976463,0.01731077,0.037213966,,,,0,0,0.0,0.0,0.0,1.0,0.0,0.0,0.021350184,-0.025787458,-0.034162018,0.068335898,0.00043099999,-0.017556001,0.0034700001,0.0084239999
724,1946,0.016330469,0.018784704,0.012310497,0.042822175,0.13755664,0.21600227,0,0,,,,,,,0.043903492,,,,,,,
724,1947,0.0024542348,-0.004019971,0.026491705,0.12122616,0.19967179,0.19640827,0,0,0.0,,,0.0,,,0.016330469,0.043903492,,,0.050827,,,
724,1948,-0.0064742058,0.024037469,0.11877193,0.19721755,0.19395404,0.26714996,0,1,0.0,0.0,,0.0,0.0,,0.0024542348,0.016330469,0.043903492,,0.00416,0.050827,,
724,1949,0.030511675,0.12524614,0.20369177,0.20042825,0.27362418,0.31270486,0,0,0.0,0.0,0.0,1.0,0.0,0.0,-0.0064742058,0.0024542348,0.016330469,0.043903492,0.011764,0.00416,0.050827,
724,1950,0.09473446,0.17318009,0.16991657,0.24311249,0.28219315,0.36039764,0,0,0.0,0.0,0.0,0.0,1.0,0.0,0.030511675,-0.0064742058,0.0024542348,0.016330469,0.001852,0.011764,0.00416,0.050827
724,1951,0.078445628,0.07518211,0.14837803,0.18745871,0.26566318,0.29715455,0,0,0.0,0.0,0.0,0.0,0.0,1.0,0.09473446,0.030511675,-0.0064742058,0.0024542348,-0.036729999,0.001852,0.011764,0.00416
724,1952,-0.0032635201,0.069932401,0.10901308,0.18721756,0.21870893,0.26101339,0,0,0.0,0.0,0.0,0.0,0.0,0.0,0.078445628,0.09473446,0.030511675,-0.0064742058,0.027721999,-0.036729999,0.001852,0.011764
724,1953,0.073195919,0.1122766,0.19048107,0.22197244,0.26427686,0.24104142,0,0,0.0,0.0,0.0,0.0,0.0,0.0,-0.0032635201,0.078445628,0.09473446,0.030511675,0.018890001,0.027721999,-0.036729999,0.001852
724,1954,0.039080676,0.11728515,0.1487765,0.19108094,0.1678455,0.1835656,0,0,0.0,0.0,0.0,0.0,0.0,0.0,0.073195919,-0.0032635201,0.078445628,0.09473446,-0.035326,0.018890001,0.027721999,-0.036729999
724,1955,0.078204475,0.10969584,0.15200028,0.12876484,0.14448494,0.26287168,0,0,0.0,0.0,0.0,0.0,0.0,0.0,0.039080676,0.073195919,-0.0032635201,0.078445628,0.026296999,-0.035326,0.018890001,0.027721999
724,1956,0.031491362,0.073795803,0.05056037,0.066280477,0.18466723,0.28420162,0,0,0.0,0.0,0.0,0.0,0.0,0.0,0.078204475,0.039080676,0.073195919,-0.0032635201,0.021722,0.026296999,-0.035326,0.018890001
724,1957,0.042304441,0.019069007,0.034789111,0.15317586,0.25271022,0.34867519,0,0,0.0,0.0,0.0,0.0,0.0,0.0,0.031491362,0.078204475,0.039080676,0.073195919,-0.015992001,0.021722,0.026296999,-0.035326
724,1958,-0.023235435,-0.0075153299,0.11087142,0.2104058,0.30637079,0.35945588,0,0,0.0,0.0,0.0,0.0,0.0,0.0,0.042304441,0.031491362,0.078204475,0.039080676,0.010097,-0.015992001,0.021722,0.026296999
724,1959,0.015720105,0.13410684,0.23364122,0.32960621,0.38269132,0.44522268,0,0,0.0,0.0,0.0,0.0,0.0,0.0,-0.023235435,0.042304441,0.031491362,0.078204475,0.0092040002,0.010097,-0.015992001,0.021722
724,1960,0.11838675,0.21792112,0.31388611,0.36697119,0.42950255,0.50196314,0,0,0.0,0.0,0.0,0.0,0.0,0.0,0.015720105,-0.023235435,0.042304441,0.031491362,0.029351,0.0092040002,0.010097,-0.015992001
724,1961,0.099534377,0.19549936,0.24858446,0.3111158,0.38357639,0.42697978,0,0,0.0,0.0,0.0,0.0,0.0,0.0,0.11838675,0.015720105,-0.023235435,0.042304441,0.0078210002,0.029351,0.0092040002,0.010097
724,1962,0.095964983,0.14905009,0.21158144,0.28404206,0.32744545,0.39341566,0,0,0.0,0.0,0.0,0.0,0.0,0.0,0.099534377,0.11838675,0.015720105,-0.023235435,0.029294999,0.0078210002,0.029351,0.0092040002
724,1963,0.053085104,0.11561645,0.18807706,0.23148045,0.29745066,0.3865208,0,0,0.0,0.0,0.0,0.0,0.0,0.0,0.095964983,0.099534377,0.11838675,0.015720105,0.0081900004,0.029294999,0.0078210002,0.029351
724,1964,0.062531345,0.13499194,0.17839533,0.24436554,0.33343571,0.37634504,0,0,0.0,0.0,0.0,0.0,0.0,0.0,0.053085104,0.095964983,0.099534377,0.11838675,-0.019592,0.0081900004,0.029294999,0.0078210002
724,1965,0.072460607,0.11586399,0.18183419,0.27090436,0.31381369,0.36030841,0,0,0.0,0.0,0.0,0.0,0.0,0.0,0.062531345,0.053085104,0.095964983,0.099534377,0.042759001,-0.019592,0.0081900004,0.029294999
724,1966,0.043403383,0.10937358,0.19844374,0.24135306,0.28784782,0.36934528,0,0,0.0,0.0,0.0,0.0,0.0,0.0,0.072460607,0.062531345,0.053085104,0.095964983,0.0073239999,0.042759001,-0.019592,0.0081900004
724,1967,0.065970205,0.15504035,0.19794968,0.24444441,0.32594186,0.4038265,0,0,0.0,0.0,0.0,0.0,0.0,0.0,0.043403383,0.072460607,0.062531345,0.053085104,0.016210999,0.0073239999,0.042759001,-0.019592
724,1968,0.089070156,0.1319795,0.17847423,0.25997168,0.33785632,0.39404419,0,0,0.0,0.0,0.0,0.0,0.0,0.0,0.065970205,0.043403383,0.072460607,0.062531345,0.042750001,0.016210999,0.0073239999,0.042759001
724,1969,0.042909332,0.089404069,0.17090154,0.24878618,0.30497405,0.31039608,0,0,0.0,0.0,0.0,0.0,0.0,0.0,0.089070156,0.065970205,0.043403383,0.072460607,0.034309998,0.042750001,0.016210999,0.0073239999
724,1970,0.046494737,0.1279922,0.20587686,0.26206473,0.26748675,0.30052465,0,0,0.0,0.0,0.0,0.0,0.0,0.0,0.042909332,0.089070156,0.065970205,0.043403383,0.0077900002,0.034309998,0.042750001,0.016210999
724,1971,0.081497461,0.1593821,0.21556996,0.22099198,0.2540299,0.28241563,0,0,0.0,0.0,0.0,0.0,0.0,0.0,0.046494737,0.042909332,0.089070156,0.065970205,0.022629,0.0077900002,0.034309998,0.042750001
724,1972,0.077884652,0.13407251,0.13949454,0.17253245,0.2009182,0.21554823,0,0,0.0,0.0,0.0,0.0,0.0,0.0,0.081497461,0.046494737,0.042909332,0.089070156,0.032202002,0.022629,0.0077900002,0.034309998
724,1973,0.056187857,0.06160989,0.09464781,0.12303355,0.13766359,0.13807905,0,0,0.0,0.0,0.0,0.0,0.0,0.0,0.077884652,0.081497461,0.046494737,0.042909332,0.036114,0.032202002,0.022629,0.0077900002
724,1974,0.0054220329,0.038459949,0.066845693,0.081475727,0.081891194,0.10397848,0,0,0.0,0.0,0.0,0.0,0.0,0.0,0.056187857,0.077884652,0.081497461,0.046494737,0.020245999,0.036114,0.032202002,0.022629
724,1975,0.033037916,0.061423659,0.076053694,0.076469161,0.098556444,0.097231761,0,0,0.0,0.0,0.0,0.0,0.0,0.0,0.0054220329,0.056187857,0.077884652,0.081497461,0.026169,0.020245999,0.036114,0.032202002
724,1976,0.028385742,0.043015774,0.043431241,0.065518521,0.064193837,0.076658458,1,1,0.0,0.0,0.0,0.0,0.0,0.0,0.033037916,0.0054220329,0.056187857,0.077884652,0.015474,0.026169,0.020245999,0.036114
724,1977,0.014630034,0.015045498,0.037132781,0.035808094,0.04827271,0.065973863,1,1,1.0,0.0,0.0,1.0,0.0,0.0,0.028385742,0.033037916,0.0054220329,0.056187857,-0.028147001,0.015474,0.026169,0.020245999
724,1978,0.00041546504,0.022502746,0.021178059,0.033642676,0.051343832,0.069190711,0,0,1.0,1.0,0.0,1.0,1.0,0.0,0.014630034,0.028385742,0.033037916,0.0054220329,-0.044853002,-0.028147001,0.015474,0.026169
724,1979,0.022087282,0.020762596,0.033227213,0.050928369,0.068775244,0.091989607,0,1,0.0,1.0,1.0,0.0,1.0,1.0,0.00041546504,0.014630034,0.028385742,0.033037916,5.9000002e-05,-0.044853002,-0.028147001,0.015474
724,1980,-0.0013246862,0.011139931,0.028841088,0.046687961,0.069902316,0.10243553,0,0,0.0,0.0,1.0,1.0,0.0,1.0,0.022087282,0.00041546504,0.014630034,0.028385742,-0.0049060001,5.9000002e-05,-0.044853002,-0.028147001
724,1981,0.012464617,0.030165773,0.048012648,0.071227007,0.10376023,0.15923145,0,0,0.0,0.0,0.0,0.0,1.0,0.0,-0.0013246862,0.022087282,0.00041546504,0.014630034,0.031254001,-0.0049060001,5.9000002e-05,-0.044853002
724,1982,0.017701156,0.035548031,0.05876239,0.091295607,0.14676684,0.19771008,1,0,0.0,0.0,0.0,0.0,0.0,1.0,0.012464617,-0.0013246862,0.022087282,0.00041546504,0.0060200002,0.031254001,-0.0049060001,5.9000002e-05
724,1983,0.017846875,0.041061234,0.073594451,0.12906568,0.18000892,0.22827922,0,0,1.0,0.0,0.0,0.0,0.0,0.0,0.017701156,0.012464617,-0.0013246862,0.022087282,-0.011953,0.0060200002,0.031254001,-0.0049060001
724,1984,0.023214359,0.055747576,0.1112188,0.16216204,0.21043234,0.24824627,0,0,0.0,1.0,0.0,0.0,0.0,0.0,0.017846875,0.017701156,0.012464617,-0.0013246862,-0.063979998,-0.011953,0.0060200002,0.031254001
724,1985,0.032533217,0.08800444,0.13894768,0.18721798,0.22503191,0.25049192,0,0,0.0,0.0,1.0,0.0,0.0,0.0,0.023214359,0.017846875,0.017701156,0.012464617,-0.010434,-0.063979998,-0.011953,0.0060200002
724,1986,0.055471227,0.10641447,0.15468477,0.1924987,0.2179587,0.22725086,0,0,0.0,0.0,0.0,0.0,0.0,0.0,0.032533217,0.023214359,0.017846875,0.017701156,-0.021888999,-0.010434,-0.063979998,-0.011953
724,1987,0.050943241,0.099213541,0.13702747,0.16248748,0.17177963,0.16146472,0,0,0.0,0.0,0.0,0.0,0.0,0.0,0.055471227,0.032533217,0.023214359,0.017846875,0.027650001,-0.021888999,-0.010434,-0.063979998
724,1988,0.0482703,0.086084232,0.11154424,0.12083639,0.11052147,0.13435343,0,0,0.0,0.0,0.0,0.0,0.0,0.0,0.050943241,0.055471227,0.032533217,0.023214359,0.035023998,0.027650001,-0.021888999,-0.010434
724,1989,0.037813935,0.063273937,0.072566092,0.062251173,0.086083129,0.11365807,0,0,0.0,0.0,0.0,0.0,0.0,0.0,0.0482703,0.050943241,0.055471227,0.032533217,0.044176999,0.035023998,0.027650001,-0.021888999
724,1990,0.025460005,0.03475216,0.024437243,0.048269197,0.075844139,0.10259053,0,1,0.0,0.0,0.0,0.0,0.0,0.0,0.037813935,0.0482703,0.050943241,0.055471227,-0.001158,0.044176999,0.035023998,0.027650001
724,1991,0.0092921546,-0.0010227626,0.022809193,0.050384134,0.077130526,0.11402667,0,0,0.0,0.0,0.0,1.0,0.0,0.0,0.025460005,0.037813935,0.0482703,0.050943241,0.016023999,-0.001158,0.044176999,0.035023998
724,1992,-0.010314917,0.013517037,0.041091979,0.067838371,0.10473451,0.14779429,0,0,0.0,0.0,0.0,0.0,1.0,0.0,0.0092921546,0.025460005,0.037813935,0.0482703,-0.0053849998,0.016023999,-0.001158,0.044176999
724,1993,0.023831954,0.051406894,0.078153282,0.11504942,0.1581092,0.20295821,0,0,0.0,0.0,0.0,0.0,0.0,1.0,-0.010314917,0.0092921546,0.025460005,0.037813935,-0.015461,-0.0053849998,0.016023999,-0.001158
724,1994,0.02757494,0.05432133,0.091217473,0.13427725,0.17912626,0.23201719,0,0,0.0,0.0,0.0,0.0,0.0,0.0,0.023831954,-0.010314917,0.0092921546,0.025460005,-0.02042,-0.015461,-0.0053849998,0.016023999
724,1995,0.02674639,0.063642532,0.10670231,0.15155132,0.20444225,0.24445294,0,0,0.0,0.0,0.0,0.0,0.0,0.0,0.02757494,0.023831954,-0.010314917,0.0092921546,-0.024363,-0.02042,-0.015461,-0.0053849998
724,1996,0.036896139,0.079955921,0.12480493,0.17769586,0.21770655,0.24650417,0,0,0.0,0.0,0.0,0.0,0.0,0.0,0.02674639,0.02757494,0.023831954,-0.010314917,0.0090220002,-0.024363,-0.02042,-0.015461
724,1997,0.043059781,0.08790879,0.14079972,0.18081041,0.20960803,0.24148375,0,0,0.0,0.0,0.0,0.0,0.0,0.0,0.036896139,0.02674639,0.02757494,0.023831954,0.046068002,0.0090220002,-0.024363,-0.02042
724,1998,0.044849008,0.097739935,0.13775063,0.16654825,0.19842397,0.23009144,0,0,0.0,0.0,0.0,0.0,0.0,0.0,0.043059781,0.036896139,0.02674639,0.02757494,0.080674998,0.046068002,0.0090220002,-0.024363
724,1999,0.05289093,0.092901617,0.12169924,0.15357494,0.18524241,0.22247344,0,0,0.0,0.0,0.0,0.0,0.0,0.0,0.044849008,0.043059781,0.036896139,0.02674639,0.018693,0.080674998,0.046068002,0.0090220002
724,2000,0.040010691,0.06880831,0.10068402,0.13235149,0.16958252,0.21132371,0,0,0.0,0.0,0.0,0.0,0.0,0.0,0.05289093,0.044849008,0.043059781,0.036896139,0.063074999,0.018693,0.080674998,0.046068002
724,2001,0.028797621,0.060673334,0.092340797,0.12957183,0.17131302,0.20900197,0,0,0.0,0.0,0.0,0.0,0.0,0.0,0.040010691,0.05289093,0.044849008,0.043059781,0.027631,0.063074999,0.018693,0.080674998
724,2002,0.031875715,0.063543186,0.10077421,0.14251541,0.18020436,0.19136409,0,0,0.0,0.0,0.0,0.0,0.0,0.0,0.028797621,0.040010691,0.05289093,0.044849008,0.043189,0.027631,0.063074999,0.018693
724,2003,0.031667467,0.068898499,0.11063969,0.14832865,0.15948838,0.12375025,0,0,0.0,0.0,0.0,0.0,0.0,0.0,0.031875715,0.028797621,0.040010691,0.05289093,0.061992001,0.043189,0.027631,0.063074999
724,2004,0.037231032,0.07897222,0.11666118,0.12782091,0.092082784,0.092220649,0,0,0.0,0.0,0.0,0.0,0.0,0.0,0.031667467,0.031875715,0.028797621,0.040010691,0.099403001,0.061992001,0.043189,0.027631
724,2005,0.041741189,0.079430141,0.090589866,0.054851744,0.05498961,0.044988804,0,0,0.0,0.0,0.0,0.0,0.0,0.0,0.037231032,0.031667467,0.031875715,0.028797621,0.194515,0.099403001,0.061992001,0.043189
724,2006,0.037688952,0.048848681,0.013110559,0.013248425,0.0032476205,-0.026050495,0,0,0.0,0.0,0.0,0.0,0.0,0.0,0.041741189,0.037231032,0.031667467,0.031875715,0.20434099,0.194515,0.099403001,0.061992001
724,2007,0.011159727,-0.024578394,-0.024440529,-0.034441333,-0.063739449,-0.080798395,0,0,0.0,0.0,0.0,0.0,0.0,0.0,0.037688952,0.041741189,0.037231032,0.031667467,0.131918,0.20434099,0.194515,0.099403001
724,2008,-0.035738122,-0.035600256,-0.045601062,-0.074899182,-0.091958128,-0.078168146,1,1,0.0,0.0,0.0,0.0,0.0,0.0,0.011159727,0.037688952,0.041741189,0.037231032,0.046601001,0.131918,0.20434099,0.194515
724,2009,0.00013786544,-0.0098629389,-0.039161056,-0.056220002,-0.042430021,-0.010383215,0,0,1.0,0.0,0.0,1.0,0.0,0.0,-0.035738122,0.011159727,0.037688952,0.041741189,0.027272999,0.046601001,0.131918,0.20434099
724,2010,-0.010000804,-0.039298922,-0.056357868,-0.042567886,-0.01052108,0.021836448,1,0,0.0,1.0,0.0,0.0,1.0,0.0,0.00013786544,-0.035738122,0.011159727,0.037688952,0.0034360001,0.027272999,0.046601001,0.131918
724,2011,-0.029298116,-0.046357065,-0.032567084,-0.00052027777,0.031837251,,0,0,1.0,0.0,1.0,0.0,0.0,1.0,-0.010000804,0.00013786544,-0.035738122,0.011159727,-0.047956001,0.0034360001,0.027272999,0.046601001
724,2012,-0.017058948,-0.0032689655,0.028777841,0.06113537,,,0,0,0.0,1.0,0.0,0.0,0.0,0.0,-0.029298116,-0.010000804,0.00013786544,-0.035738122,-0.136926,-0.047956001,0.0034360001,0.027272999
724,2013,0.013789983,0.045836788,0.07819432,,,,0,0,0.0,0.0,1.0,0.0,0.0,0.0,-0.017058948,-0.029298116,-0.010000804,0.00013786544,-0.14068,-0.136926,-0.047956001,0.0034360001
752,1891,-0.010909935,0.015560308,0.026773699,0.083877236,0.11882678,0.16634259,0,0,,,,0.0,0.0,0.0,0.055886615,0.026629955,0.018961467,0.01934216,-0.016605999,-0.0015050001,-0.014815,-0.021157
752,1892,0.026470244,0.037683636,0.094787166,0.12973672,0.17725252,0.22069773,0,0,0.0,,,0.0,0.0,0.0,-0.010909935,0.055886615,0.026629955,0.018961467,0.0042750002,-0.016605999,-0.0015050001,-0.014815
752,1893,0.01121339,0.068316922,0.10326647,0.15078227,0.19422749,0.22727975,0,0,0.0,0.0,,0.0,0.0,0.0,0.026470244,-0.010909935,0.055886615,0.026629955,0.0053039999,0.0042750002,-0.016605999,-0.0015050001
752,1894,0.057103533,0.092053086,0.13956888,0.18301409,0.21606636,0.22734225,0,0,0.0,0.0,0.0,0.0,0.0,0.0,0.01121339,0.026470244,-0.010909935,0.055886615,0.0096359998,0.0053039999,0.0042750002,-0.016605999
752,1895,0.034949549,0.082465351,0.12591058,0.15896285,0.17023873,0.20345165,0,0,0.0,0.0,0.0,0.0,0.0,0.0,0.057103533,0.01121339,0.026470244,-0.010909935,-0.021282,0.0096359998,0.0053039999,0.0042750002
752,1896,0.047515798,0.090961024,0.12401328,0.13528918,0.16850209,0.16123651,0,0,0.0,0.0,0.0,0.0,0.0,0.0,0.034949549,0.057103533,0.01121339,0.026470244,0.010799,-0.021282,0.0096359998,0.0053039999
752,1897,0.043445222,0.07649748,0.087773375,0.12098628,0.11372069,0.16931441,0,0,0.0,0.0,0.0,0.0,0.0,0.0,0.047515798,0.034949549,0.057103533,0.01121339,0.022234,0.010799,-0.021282,0.0096359998
752,1898,0.033052258,0.044328153,0.077541068,0.070275478,0.1258692,0.14885469,0,0,0.0,0.0,0.0,0.0,0.0,0.0,0.043445222,0.047515798,0.034949549,0.057103533,0.017275,0.022234,0.010799,-0.021282
752,1899,0.011275893,0.044488803,0.037223212,0.092816934,0.11580243,0.10837495,0,0,0.0,0.0,0.0,0.0,0.0,0.0,0.033052258,0.043445222,0.047515798,0.034949549,0.000405,0.017275,0.022234,0.010799
752,1900,0.033212911,0.025947321,0.081541039,0.10452653,0.097099051,0.18104056,0,0,0.0,0.0,0.0,0.0,0.0,0.0,0.011275893,0.033052258,0.043445222,0.047515798,0.018209999,0.000405,0.017275,0.022234
752,1901,-0.0072655892,0.048328128,0.07131362,0.063886136,0.14782763,0.22012596,0,0,0.0,0.0,0.0,0.0,0.0,0.0,0.033212911,0.011275893,0.033052258,0.043445222,0.044636998,0.018209999,0.000405,0.017275
752,1906,0.072298333,0.049741,0.063952073,0.090529963,0.12289727,0.16751073,0,0,,,,0.0,0.0,0.0,0.083941497,-0.0074274824,0.022985494,0.055593718,-0.001851,0.035952002,0.086029999,-0.029283
752,1907,-0.022557333,-0.0083462624,0.018231627,0.050598931,0.095212393,0.1625123,0,0,0.0,,,0.0,0.0,0.0,0.072298333,0.083941497,-0.0074274824,0.022985494,0.00090300001,-0.001851,0.035952002,0.086029999
752,1908,0.014211071,0.04078896,0.073156267,0.11776973,0.18506965,,0,0,0.0,0.0,,0.0,0.0,0.0,-0.022557333,0.072298333,0.083941497,-0.0074274824,0.02709,0.00090300001,-0.001851,0.035952002
752,1909,0.026577888,0.058945194,0.10355866,0.17085858,,,0,0,0.0,0.0,0.0,0.0,0.0,0.0,0.014211071,-0.022557333,0.072298333,0.083941497,0.0097500002,0.02709,0.00090300001,-0.001851
752,1910,0.032367304,0.07698077,0.14428069,,,,0,0,0.0,0.0,0.0,0.0,0.0,0.0,0.026577888,0.014211071,-0.022557333,0.072298333,-0.0074990001,0.0097500002,0.02709,0.00090300001
752,1919,0.069473185,0.025607415,0.10184527,0.13768345,0.20772323,0.23415956,0,0,,,,,,,0.019081177,,,,,,,
752,1920,-0.04386577,0.032372087,0.068210267,0.13825004,0.16468637,0.21537144,0,0,0.0,,,0.0,,,0.069473185,0.019081177,,,-0.033133999,,,
752,1921,0.076237857,0.11207604,0.18211581,0.20855214,0.25923723,0.29404098,0,0,0.0,0.0,,0.0,0.0,,-0.04386577,0.069473185,0.019081177,,0.113274,-0.033133999,,
752,1922,0.035838179,0.10587795,0.13231428,0.18299936,0.21780311,0.24862874,0,0,0.0,0.0,0.0,0.0,0.0,0.0,0.076237857,-0.04386577,0.069473185,0.019081177,0.027894,0.113274,-0.033133999,
752,1923,0.070039771,0.0964761,0.14716119,0.18196493,0.21279056,0.27318534,0,0,0.0,0.0,0.0,0.0,0.0,0.0,0.035838179,0.076237857,-0.04386577,0.069473185,-0.034600999,0.027894,0.113274,-0.033133999
752,1924,0.026436327,0.077121407,0.11192515,0.14275078,0.20314556,0.24824977,0,0,0.0,0.0,0.0,0.0,0.0,0.0,0.070039771,0.035838179,0.076237857,-0.04386577,-0.049692001,-0.034600999,0.027894,0.113274
752,1925,0.050685078,0.085488826,0.11631446,0.17670923,0.22181344,0.19930373,0,0,0.0,0.0,0.0,0.0,0.0,0.0,0.026436327,0.070039771,0.035838179,0.076237857,-0.036052,-0.049692001,-0.034600999,0.027894
752,1926,0.034803748,0.065629378,0.12602416,0.17112836,0.14861865,0.11265579,0,0,0.0,0.0,0.0,0.0,0.0,0.0,0.050685078,0.026436327,0.070039771,0.035838179,-0.0099710003,-0.036052,-0.049692001,-0.034600999
752,1927,0.030825634,0.091220409,0.13632461,0.11381491,0.077852041,0.098276615,0,0,0.0,0.0,0.0,0.0,0.0,0.0,0.034803748,0.050685078,0.026436327,0.070039771,-0.028022001,-0.0099710003,-0.036052,-0.049692001
752,1928,0.060394779,0.10549898,0.082989275,0.047026414,0.067450993,0.13345212,0,0,0.0,0.0,0.0,0.0,0.0,0.0,0.030825634,0.034803748,0.050685078,0.026436327,-0.001666,-0.028022001,-0.0099710003,-0.036052
752,1929,0.045104202,0.022594495,-0.013368366,0.0070562102,0.073057324,0.12126602,0,0,0.0,0.0,0.0,0.0,0.0,0.0,0.060394779,0.030825634,0.034803748,0.050685078,-0.013739,-0.001666,-0.028022001,-0.0099710003
752,1930,-0.022509707,-0.058472566,-0.038047992,0.027953126,0.076161832,0.11143921,0,0,0.0,0.0,0.0,0.0,0.0,0.0,0.045104202,0.060394779,0.030825634,0.034803748,0.024075,-0.013739,-0.001666,-0.028022001
752,1931,-0.035962861,-0.015538285,0.050462835,0.098671541,0.13394892,0.16103265,0,1,0.0,0.0,0.0,0.0,0.0,0.0,-0.022509707,0.045104202,0.060394779,0.030825634,0.063049003,0.024075,-0.013739,-0.001666
752,1932,0.020424576,0.086425692,0.13463439,0.16991177,0.1969955,0.23058225,0,0,0.0,0.0,0.0,1.0,0.0,0.0,-0.035962861,-0.022509707,0.045104202,0.060394779,-0.003336,0.063049003,0.024075,-0.013739
752,1933,0.066001117,0.11420982,0.1494872,0.17657092,0.21015768,,0,0,0.0,0.0,0.0,0.0,1.0,0.0,0.020424576,-0.035962861,-0.022509707,0.045104202,-0.044119999,-0.003336,0.063049003,0.024075
752,1934,0.048208702,0.08348608,0.11056981,0.14415656,,,0,0,0.0,0.0,0.0,0.0,0.0,1.0,0.066001117,0.020424576,-0.035962861,-0.022509707,-0.047664002,-0.044119999,-0.003336,0.063049003
752,1935,0.035277378,0.06236111,0.095947862,,,,0,0,0.0,0.0,0.0,0.0,0.0,0.0,0.048208702,0.066001117,0.020424576,-0.035962861,-0.011818,-0.047664002,-0.044119999,-0.003336
752,1946,0.08841759,0.11163834,0.152619,0.22005194,0.25863466,0.27316317,0,0,,,,,,,0.10539474,,,,,,,
752,1947,0.023220746,0.064201415,0.13163435,0.17021708,0.18474559,0.21217886,0,0,0.0,,,0.0,,,0.08841759,0.10539474,,,-0.0054040002,,,
752,1948,0.040980667,0.10841361,0.14699633,0.16152485,0.18895811,0.23020951,0,0,0.0,0.0,,0.0,0.0,,0.023220746,0.08841759,0.10539474,,-0.027845999,-0.0054040002,,
752,1949,0.06743294,0.10601567,0.12054418,0.14797744,0.18922885,0.21784052,0,0,0.0,0.0,0.0,0.0,0.0,0.0,0.040980667,0.023220746,0.08841759,0.10539474,-0.0064849998,-0.027845999,-0.0054040002,
752,1950,0.038582724,0.05311124,0.080544502,0.12179591,0.15040758,0.18782078,0,0,0.0,0.0,0.0,0.0,0.0,0.0,0.06743294,0.040980667,0.023220746,0.08841759,0.018123001,-0.0064849998,-0.027845999,-0.0054040002
752,1951,0.014528517,0.041961774,0.08321318,0.11182485,0.14923804,0.19309576,0,0,0.0,0.0,0.0,0.0,0.0,0.0,0.038582724,0.06743294,0.040980667,0.023220746,-0.052515,0.018123001,-0.0064849998,-0.027845999
752,1952,0.027433259,0.068684667,0.097296335,0.13470952,0.17856725,0.18347606,0,0,0.0,0.0,0.0,0.0,0.0,0.0,0.014528517,0.038582724,0.06743294,0.040980667,-0.030015999,-0.052515,0.018123001,-0.0064849998
752,1953,0.041251406,0.069863074,0.10727626,0.15113398,0.1560428,0.18607941,0,0,0.0,0.0,0.0,0.0,0.0,0.0,0.027433259,0.014528517,0.038582724,0.06743294,0.0031399999,-0.030015999,-0.052515,0.018123001
752,1954,0.028611669,0.066024862,0.10988258,0.11479139,0.14482801,0.19646914,0,0,0.0,0.0,0.0,0.0,0.0,0.0,0.041251406,0.027433259,0.014528517,0.038582724,0.013326,0.0031399999,-0.030015999,-0.052515
752,1955,0.037413191,0.081270911,0.086179718,0.11621634,0.16785748,0.22467285,0,0,0.0,0.0,0.0,0.0,0.0,0.0,0.028611669,0.041251406,0.027433259,0.014528517,-0.019452,0.013326,0.0031399999,-0.030015999
752,1956,0.04385772,0.048766531,0.078803152,0.13044429,0.18725966,0.22984739,0,0,0.0,0.0,0.0,0.0,0.0,0.0,0.037413191,0.028611669,0.041251406,0.027433259,-0.016340001,-0.019452,0.013326,0.0031399999
752,1957,0.0049088099,0.034945428,0.086586565,0.14340194,0.18598966,0.23926865,0,0,0.0,0.0,0.0,0.0,0.0,0.0,0.04385772,0.037413191,0.028611669,0.041251406,0.0057799998,-0.016340001,-0.019452,0.013326
752,1958,0.030036619,0.081677757,0.13849312,0.18108085,0.23435983,0.3025744,0,0,0.0,0.0,0.0,0.0,0.0,0.0,0.0049088099,0.04385772,0.037413191,0.028611669,0.016945999,0.0057799998,-0.016340001,-0.019452
752,1959,0.05164114,0.10845651,0.15104423,0.20432322,0.27253777,0.3107523,0,0,0.0,0.0,0.0,0.0,0.0,0.0,0.030036619,0.0049088099,0.04385772,0.037413191,0.020136001,0.016945999,0.0057799998,-0.016340001
752,1960,0.056815371,0.099403098,0.15268208,0.22089665,0.25911117,0.28001952,0,0,0.0,0.0,0.0,0.0,0.0,0.0,0.05164114,0.030036619,0.0049088099,0.04385772,0.0022440001,0.020136001,0.016945999,0.0057799998
752,1961,0.042587727,0.09586671,0.16408128,0.20229581,0.22320418,0.25685915,0,0,0.0,0.0,0.0,0.0,0.0,0.0,0.056815371,0.05164114,0.030036619,0.0049088099,-0.0065569999,0.0022440001,0.020136001,0.016945999
752,1962,0.053278979,0.12149355,0.15970808,0.18061645,0.21427143,0.25065395,0,0,0.0,0.0,0.0,0.0,0.0,0.0,0.042587727,0.056815371,0.05164114,0.030036619,0.022537,-0.0065569999,0.0022440001,0.020136001
752,1963,0.068214566,0.1064291,0.12733747,0.16099244,0.19737497,0.24747147,0,0,0.0,0.0,0.0,0.0,0.0,0.0,0.053278979,0.042587727,0.056815371,0.05164114,0.023943,0.022537,-0.0065569999,0.0022440001
752,1964,0.038214531,0.059122898,0.092777878,0.1291604,0.1792569,0.23967698,0,0,0.0,0.0,0.0,0.0,0.0,0.0,0.068214566,0.053278979,0.042587727,0.056815371,0.001988,0.023943,0.022537,-0.0065569999
752,1965,0.020908365,0.054563344,0.09094587,0.14104237,0.20146245,0.2109089,0,0,0.0,0.0,0.0,0.0,0.0,0.0,0.038214531,0.068214566,0.053278979,0.042587727,0.0064360001,0.001988,0.023943,0.022537
752,1966,0.033654977,0.070037499,0.120134,0.18055409,0.19000055,0.21288794,0,0,0.0,0.0,0.0,0.0,0.0,0.0,0.020908365,0.038214531,0.068214566,0.053278979,0.01215,0.0064360001,0.001988,0.023943
752,1967,0.036382522,0.086479023,0.1468991,0.15634556,0.17923295,0.21891277,0,0,0.0,0.0,0.0,0.0,0.0,0.0,0.033654977,0.020908365,0.038214531,0.068214566,0.018754,0.01215,0.0064360001,0.001988
752,1968,0.050096497,0.11051659,0.11996305,0.14285043,0.18253024,0.2145122,0,0,0.0,0.0,0.0,0.0,0.0,0.0,0.036382522,0.033654977,0.020908365,0.038214531,0.046875,0.018754,0.01215,0.0064360001
752,1969,0.060420088,0.069866553,0.092753939,0.13243374,0.1644157,0.18994433,0,0,0.0,0.0,0.0,0.0,0.0,0.0,0.050096497,0.036382522,0.033654977,0.020908365,0.0091939997,0.046875,0.018754,0.01215
752,1970,0.0094464626,0.032333851,0.072013661,0.10399562,0.12952425,0.14010529,0,0,0.0,0.0,0.0,0.0,0.0,0.0,0.060420088,0.050096497,0.036382522,0.033654977,-0.018030999,0.0091939997,0.046875,0.018754
752,1971,0.022887386,0.062567197,0.094549149,0.12007777,0.13065882,0.11469623,0,0,0.0,0.0,0.0,0.0,0.0,0.0,0.0094464626,0.060420088,0.050096497,0.036382522,0.029314,-0.018030999,0.0091939997,0.046875
752,1972,0.03967981,0.07166177,0.097190395,0.10777144,0.091808856,0.10932434,0,0,0.0,0.0,0.0,0.0,0.0,0.0,0.022887386,0.0094464626,0.060420088,0.050096497,0.01157,0.029314,-0.018030999,0.0091939997
752,1973,0.031981956,0.057510585,0.068091631,0.052129045,0.069644526,0.10804456,0,0,0.0,0.0,0.0,0.0,0.0,0.0,0.03967981,0.022887386,0.0094464626,0.060420088,0.0022819999,0.01157,0.029314,-0.018030999
752,1974,0.025528627,0.036109675,0.020147089,0.037662569,0.076062605,0.093062319,0,0,0.0,0.0,0.0,0.0,0.0,0.0,0.031981956,0.03967981,0.022887386,0.0094464626,0.049157001,0.0022819999,0.01157,0.029314
752,1975,0.010581049,-0.0053815367,0.012133944,0.05053398,0.067533694,0.072081998,0,0,0.0,0.0,0.0,0.0,0.0,0.0,0.025528627,0.031981956,0.03967981,0.022887386,0.0050169998,0.049157001,0.0022819999,0.01157
752,1976,-0.015962586,0.0015528947,0.03995293,0.056952644,0.061500948,0.073987596,0,0,0.0,0.0,0.0,0.0,0.0,0.0,0.010581049,0.025528627,0.031981956,0.03967981,0.017928001,0.0050169998,0.049157001,0.0022819999
752,1977,0.017515481,0.055915516,0.072915226,0.07746353,0.089950174,0.10895656,0,0,0.0,0.0,0.0,0.0,0.0,0.0,-0.015962586,0.010581049,0.025528627,0.031981956,0.035627,0.017928001,0.0050169998,0.049157001
752,1978,0.038400035,0.055399749,0.059948053,0.072434701,0.091441087,0.13373643,0,0,0.0,0.0,0.0,0.0,0.0,0.0,0.017515481,-0.015962586,0.010581049,0.025528627,0.006633,0.035627,0.017928001,0.0050169998
752,1979,0.016999714,0.021548018,0.034034662,0.053041048,0.0953364,0.11694014,0,0,0.0,0.0,0.0,0.0,0.0,0.0,0.038400035,0.017515481,-0.015962586,0.010581049,0.0068959999,0.006633,0.035627,0.017928001
752,1980,0.0045483042,0.01703495,0.036041334,0.078336686,0.099940419,0.12685364,0,0,0.0,0.0,0.0,0.0,0.0,0.0,0.016999714,0.038400035,0.017515481,-0.015962586,-0.043687999,0.0068959999,0.006633,0.035627
752,1981,0.012486646,0.03149303,0.073788382,0.095392123,0.12230536,0.15584379,0,0,0.0,0.0,0.0,0.0,0.0,0.0,0.0045483042,0.016999714,0.038400035,0.017515481,0.019858999,-0.043687999,0.0068959999,0.006633
752,1982,0.019006386,0.061301738,0.082905471,0.1098187,0.14335713,0.16894752,0,0,0.0,0.0,0.0,0.0,0.0,0.0,0.012486646,0.0045483042,0.016999714,0.038400035,0.020603999,0.019858999,-0.043687999,0.0068959999
752,1983,0.042295352,0.063899085,0.090812318,0.12435075,0.14994113,0.1764892,0,0,0.0,0.0,0.0,0.0,0.0,0.0,0.019006386,0.012486646,0.0045483042,0.016999714,-0.006234,0.020603999,0.019858999,-0.043687999
752,1984,0.021603737,0.04851697,0.082055405,0.10764579,0.13419387,0.14174062,0,0,0.0,0.0,0.0,0.0,0.0,0.0,0.042295352,0.019006386,0.012486646,0.0045483042,-0.00026500001,-0.006234,0.020603999,0.019858999
752,1985,0.026913233,0.060451664,0.086042047,0.11259012,0.12013686,0.10867712,0,0,0.0,0.0,0.0,0.0,0.0,0.0,0.021603737,0.042295352,0.019006386,0.012486646,0.0034,-0.00026500001,-0.006234,0.020603999
752,1986,0.033538431,0.059128817,0.085676886,0.093223631,0.081763878,0.07017795,0,0,0.0,0.0,0.0,0.0,0.0,0.0,0.026913233,0.021603737,0.042295352,0.019006386,0.070184,0.0034,-0.00026500001,-0.006234
752,1987,0.025590386,0.052138455,0.0596852,0.048225451,0.036639526,0.015983364,0,0,0.0,0.0,0.0,0.0,0.0,0.0,0.033538431,0.026913233,0.021603737,0.042295352,0.060757998,0.070184,0.0034,-0.00026500001
752,1988,0.026548069,0.034094818,0.022635069,0.011049142,-0.0096070208,0.031268999,0,0,0.0,0.0,0.0,0.0,0.0,0.0,0.025590386,0.033538431,0.026913233,0.021603737,0.11369,0.060757998,0.070184,0.0034
752,1989,0.0075467471,-0.0039130021,-0.015498929,-0.03615509,0.00472093,0.044963997,0,0,0.0,0.0,0.0,0.0,0.0,0.0,0.026548069,0.025590386,0.033538431,0.026913233,0.092427,0.11369,0.060757998,0.070184
752,1990,-0.011459749,-0.023045676,-0.043701839,-0.002825819,0.037417248,0.052595861,0,1,0.0,0.0,0.0,0.0,0.0,0.0,0.0075467471,0.026548069,0.025590386,0.033538431,0.054559,0.092427,0.11369,0.060757998
752,1991,-0.011585927,-0.03224209,0.0086339302,0.048876997,0.064055607,0.093060434,0,0,0.0,0.0,0.0,1.0,0.0,0.0,-0.011459749,0.0075467471,0.026548069,0.025590386,-0.023822,0.054559,0.092427,0.11369
752,1992,-0.020656163,0.020219857,0.060462922,0.075641535,0.10464636,0.14691427,1,0,0.0,0.0,0.0,0.0,1.0,0.0,-0.011585927,-0.011459749,0.0075467471,0.026548069,0.031902,-0.023822,0.054559,0.092427
752,1993,0.04087602,0.08111909,0.096297704,0.12530254,0.16757046,0.21287198,0,0,1.0,0.0,0.0,0.0,0.0,1.0,-0.020656163,-0.011585927,-0.011459749,0.0075467471,-0.135766,0.031902,-0.023822,0.054559
752,1994,0.040243067,0.05542168,0.084426507,0.12669443,0.17199595,0.21934882,0,0,0.0,1.0,0.0,0.0,0.0,0.0,0.04087602,-0.020656163,-0.011585927,-0.011459749,-0.080999002,-0.135766,0.031902,-0.023822
752,1995,0.015178612,0.044183441,0.086451359,0.13175288,0.17910576,0.19473986,0,0,0.0,0.0,1.0,0.0,0.0,0.0,0.040243067,0.04087602,-0.020656163,-0.011585927,-0.056209002,-0.080999002,-0.135766,0.031902
752,1996,0.029004829,0.071272746,0.11657427,0.16392714,0.17956124,0.20029701,0,0,0.0,0.0,0.0,0.0,0.0,0.0,0.015178612,0.040243067,0.04087602,-0.020656163,-0.032111999,-0.056209002,-0.080999002,-0.135766
752,1997,0.042267919,0.087569445,0.13492233,0.15055643,0.1712922,0.1951496,0,0,0.0,0.0,0.0,0.0,0.0,0.0,0.029004829,0.015178612,0.040243067,0.04087602,-0.011808,-0.032111999,-0.056209002,-0.080999002
752,1998,0.045301527,0.0926544,0.1082885,0.12902428,0.15288168,0.19608697,0,0,0.0,0.0,0.0,0.0,0.0,0.0,0.042267919,0.029004829,0.015178612,0.040243067,-0.001907,-0.011808,-0.032111999,-0.056209002
752,1999,0.047352873,0.062986977,0.083722748,0.10758016,0.15078545,0.17896874,0,0,0.0,0.0,0.0,0.0,0.0,0.0,0.045301527,0.042267919,0.029004829,0.015178612,0.0024590001,-0.001907,-0.011808,-0.032111999
752,2000,0.015634103,0.036369875,0.060227279,0.10343258,0.13161588,0.17849715,0,0,0.0,0.0,0.0,0.0,0.0,0.0,0.047352873,0.045301527,0.042267919,0.029004829,0.00017100001,0.0024590001,-0.001907,-0.011808
752,2001,0.020735772,0.044593178,0.087798476,0.11598177,0.16286305,0.19691253,0,0,0.0,0.0,0.0,0.0,0.0,0.0,0.015634103,0.047352873,0.045301527,0.042267919,0.038226001,0.00017100001,0.0024590001,-0.001907
752,2002,0.023857404,0.067062706,0.095246002,0.14212728,0.17617676,0.17060629,0,0,0.0,0.0,0.0,0.0,0.0,0.0,0.020735772,0.015634103,0.047352873,0.045301527,0.00072200003,0.038226001,0.00017100001,0.0024590001
752,2003,0.043205298,0.071388595,0.11826986,0.15231934,0.14674887,0.094902277,0,0,0.0,0.0,0.0,0.0,0.0,0.0,0.023857404,0.020735772,0.015634103,0.047352873,-0.0077610002,0.00072200003,0.038226001,0.00017100001
752,2004,0.028183296,0.07506457,0.10911406,0.10354358,0.05169699,0.11158626,0,0,0.0,0.0,0.0,0.0,0.0,0.0,0.043205298,0.023857404,0.020735772,0.015634103,0.013444,-0.0077610002,0.00072200003,0.038226001
752,2005,0.04688127,0.080930755,0.075360276,0.023513686,0.083402947,0.11004703,0,0,0.0,0.0,0.0,0.0,0.0,0.0,0.028183296,0.043205298,0.023857404,0.020735772,0.070116997,0.013444,-0.0077610002,0.00072200003
752,2006,0.034049489,0.028479014,-0.023367576,0.036521688,0.063165769,0.060302563,0,0,0.0,0.0,0.0,0.0,0.0,0.0,0.04688127,0.028183296,0.043205298,0.023857404,0.032876998,0.070116997,0.013444,-0.0077610002
752,2007,-0.0055704759,-0.057417065,0.0024721995,0.029116279,0.026253073,0.038665123,0,0,0.0,0.0,0.0,0.0,0.0,0.0,0.034049489,0.04688127,0.028183296,0.043205298,0.078140996,0.032876998,0.070116997,0.013444
752,2008,-0.05184659,0.0080426745,0.034686752,0.031823546,0.044235595,0.070278861,1,1,0.0,0.0,0.0,0.0,0.0,0.0,-0.0055704759,0.034049489,0.04688127,0.028183296,0.080112003,0.078140996,0.032876998,0.070116997
752,2009,0.059889264,0.086533345,0.083670139,0.096082188,0.12212545,0.16297506,0,0,1.0,0.0,0.0,1.0,0.0,0.0,-0.05184659,-0.0055704759,0.034049489,0.04688127,0.058024999,0.080112003,0.078140996,0.032876998
752,2010,0.026644079,0.023780873,0.036192924,0.06223619,0.10308579,0.13486314,0,0,0.0,1.0,0.0,0.0,1.0,0.0,0.059889264,-0.05184659,-0.0055704759,0.034049489,-0.019202,0.058024999,0.080112003,0.078140996
752,2011,-0.0028632062,0.0095488429,0.035592109,0.076441705,0.10821906,,0,0,0.0,0.0,1.0,0.0,0.0,1.0,0.026644079,0.059889264,-0.05184659,-0.0055704759,0.018428,-0.019202,0.058024999,0.080112003
752,2012,0.012412049,0.038455315,0.079304919,0.11108227,,,0,0,0.0,0.0,0.0,0.0,0.0,0.0,-0.0028632062,0.026644079,0.059889264,-0.05184659,0.042348001,0.018428,-0.019202,0.058024999
752,2013,0.026043264,0.066892862,0.098670214,,,,0,0,0.0,0.0,0.0,0.0,0.0,0.0,0.012412049,-0.0028632062,0.026644079,0.059889264,0.010054,0.042348001,0.018428,-0.019202
757,1900,-0.033312622,0.006786339,5.3217635e-05,0.078975417,0.11369325,0.18686904,0,0,0.0,0.0,0.0,,,,0.061811469,0.030649964,0.042451818,0.036667213,0.043758001,0.053022999,0.061271001,0.010869
757,1901,0.040098961,0.033365838,0.11228804,0.14700587,0.22018166,0.22723554,0,0,0.0,0.0,0.0,0.0,,,-0.033312622,0.061811469,0.030649964,0.042451818,0.046363998,0.043758001,0.053022999,0.061271001
757,1902,-0.0067331214,0.072189078,0.10690692,0.18008271,0.18713659,0.20135333,0,0,0.0,0.0,0.0,0.0,0.0,,0.040098961,-0.033312622,0.061811469,0.030649964,-0.012363,0.046363998,0.043758001,0.053022999
757,1903,0.078922197,0.11364004,0.18681583,0.19386971,0.20808645,0.23397602,0,0,0.0,0.0,0.0,0.0,0.0,0.0,-0.0067331214,0.040098961,-0.033312622,0.061811469,0.041896999,-0.012363,0.046363998,0.043758001
757,1904,0.034717839,0.10789363,0.11494751,0.12916425,0.15505382,0.19941215,0,0,0.0,0.0,0.0,0.0,0.0,0.0,0.078922197,-0.0067331214,0.040098961,-0.033312622,0.003424,0.041896999,-0.012363,0.046363998
757,1905,0.073175788,0.08022967,0.094446398,0.12033597,0.16469429,0.18165533,0,0,0.0,0.0,0.0,0.0,0.0,0.0,0.034717839,0.078922197,-0.0067331214,0.040098961,0.021761,0.003424,0.041896999,-0.012363
757,1906,0.00705388,0.02127061,0.047160178,0.091518506,0.10847954,0.16015799,0,0,0.0,0.0,0.0,0.0,0.0,0.0,0.073175788,0.034717839,0.078922197,-0.0067331214,-0.010544,0.021761,0.003424,0.041896999
757,1907,0.014216731,0.0401063,0.084464625,0.10142566,0.15310411,0.1481352,0,0,0.0,0.0,0.0,0.0,0.0,0.0,0.00705388,0.073175788,0.034717839,0.078922197,0.021020001,-0.010544,0.021761,0.003424
757,1908,0.02588957,0.070247896,0.087208934,0.13888738,0.13391846,,0,0,0.0,0.0,0.0,0.0,0.0,0.0,0.014216731,0.00705388,0.073175788,0.034717839,0.067988999,0.021020001,-0.010544,0.021761
757,1909,0.044358328,0.061319366,0.11299782,0.10802891,,,0,0,0.0,0.0,0.0,0.0,0.0,0.0,0.02588957,0.014216731,0.00705388,0.073175788,0.0053059999,0.067988999,0.021020001,-0.010544
757,1910,0.01696104,0.068639487,0.063670583,,,,0,0,0.0,0.0,0.0,0.0,0.0,0.0,0.044358328,0.02588957,0.014216731,0.00705388,0.039267998,0.0053059999,0.067988999,0.021020001
757,1919,0.063638218,-0.10628555,0.05041682,0.086742476,0.16406295,0.18611477,0,0,,,,,,,-0.0095240148,,,,,,,
757,1920,-0.16992377,-0.013221398,0.023104262,0.10042474,0.12247657,0.1464178,0,0,0.0,,,0.0,,,0.063638218,-0.0095240148,,,-0.082208,,,
757,1921,0.15670237,0.19302803,0.27034849,0.29240033,0.31634155,0.38257325,0,0,0.0,0.0,,0.0,0.0,,-0.16992377,0.063638218,-0.0095240148,,0.26163399,-0.082208,,
757,1922,0.03632566,0.11364613,0.13569796,0.15963919,0.22587091,0.28192145,0,0,0.0,0.0,0.0,0.0,0.0,0.0,0.15670237,-0.16992377,0.063638218,-0.0095240148,0.077073999,0.26163399,-0.082208,
757,1923,0.077320471,0.099372305,0.12331354,0.18954524,0.2455958,0.28732589,0,0,0.0,0.0,0.0,0.0,0.0,0.0,0.03632566,0.15670237,-0.16992377,0.063638218,-0.059002001,0.077073999,0.26163399,-0.082208
757,1924,0.022051832,0.045993064,0.11222477,0.16827533,0.21000543,0.20035878,0,0,0.0,0.0,0.0,0.0,0.0,0.0,0.077320471,0.03632566,0.15670237,-0.16992377,-0.019393001,-0.059002001,0.077073999,0.26163399
757,1925,0.023941232,0.090172946,0.1462235,0.18795359,0.17830694,0.17900391,0,0,0.0,0.0,0.0,0.0,0.0,0.0,0.022051832,0.077320471,0.03632566,0.15670237,0.023988999,-0.019393001,-0.059002001,0.077073999
757,1926,0.066231713,0.12228227,0.16401237,0.15436572,0.15506269,0.089852393,0,0,0.0,0.0,0.0,0.0,0.0,0.0,0.023941232,0.022051832,0.077320471,0.03632566,0.089773998,0.023988999,-0.019393001,-0.059002001
757,1927,0.05605055,0.097780645,0.088133998,0.08883097,0.023620673,0.053000778,0,0,0.0,0.0,0.0,0.0,0.0,0.0,0.066231713,0.023941232,0.022051832,0.077320471,0.060633998,0.089773998,0.023988999,-0.019393001
757,1928,0.041730098,0.032083452,0.032780424,-0.032429874,-0.0030497666,0.0048954235,0,0,0.0,0.0,0.0,0.0,0.0,0.0,0.05605055,0.066231713,0.023941232,0.022051832,0.005039,0.060633998,0.089773998,0.023988999
757,1929,-0.0096466467,-0.0089496756,-0.074159972,-0.044779867,-0.036834676,-0.082449406,0,0,0.0,0.0,0.0,0.0,0.0,0.0,0.041730098,0.05605055,0.066231713,0.023941232,0.078725003,0.005039,0.060633998,0.089773998
757,1930,0.00069697137,-0.064513326,-0.03513322,-0.027188029,-0.072802752,-0.08586099,0,0,0.0,0.0,0.0,0.0,0.0,0.0,-0.0096466467,0.041730098,0.05605055,0.066231713,0.065637,0.078725003,0.005039,0.060633998
757,1931,-0.065210298,-0.035830192,-0.027885001,-0.073499724,-0.086557962,0.015069023,1,0,0.0,0.0,0.0,0.0,0.0,0.0,0.00069697137,-0.0096466467,0.041730098,0.05605055,0.041563001,0.065637,0.078725003,0.005039
757,1932,0.029380107,0.037325297,-0.0082894303,-0.021347664,0.08027932,0.034904901,0,0,1.0,0.0,0.0,0.0,0.0,0.0,-0.065210298,0.00069697137,-0.0096466467,0.041730098,0.164937,0.041563001,0.065637,0.078725003
757,1933,0.0079451902,-0.037669536,-0.05072777,0.050899215,0.0055247955,,0,0,0.0,1.0,0.0,0.0,0.0,0.0,0.029380107,-0.065210298,0.00069697137,-0.0096466467,0.0041399999,0.164937,0.041563001,0.065637
757,1934,-0.045614727,-0.058672961,0.042954024,-0.0024203956,,,0,0,0.0,0.0,1.0,0.0,0.0,0.0,0.0079451902,0.029380107,-0.065210298,0.00069697137,0.022282001,0.0041399999,0.164937,0.041563001
757,1935,-0.013058235,0.088568747,0.043194328,,,,0,0,0.0,0.0,0.0,0.0,0.0,0.0,-0.045614727,0.0079451902,0.029380107,-0.065210298,0.01753,0.022282001,0.0041399999,0.164937
757,1946,0.033059504,0.038528185,0.010920888,0.056961849,0.13482341,0.14303064,0,0,,,,,,,0.19769566,,,,,,,
757,1947,0.0054686805,-0.022138618,0.023902342,0.1017639,0.10997114,0.14456184,0,0,0.0,,,0.0,,,0.033059504,0.19769566,,,-0.0080690002,,,
757,1948,-0.027607298,0.018433662,0.096295215,0.10450245,0.13909316,0.19389585,0,0,0.0,0.0,,0.0,0.0,,0.0054686805,0.033059504,0.19769566,,0.045177002,-0.0080690002,,
757,1949,0.04604096,0.12390251,0.13210975,0.16670045,0.22150314,0.28662699,0,0,0.0,0.0,0.0,0.0,0.0,0.0,-0.027607298,0.0054686805,0.033059504,0.19769566,-0.028205,0.045177002,-0.0080690002,
757,1950,0.077861555,0.086068794,0.1206595,0.17546219,0.24058603,0.30486813,0,0,0.0,0.0,0.0,0.0,0.0,0.0,0.04604096,-0.027607298,0.0054686805,0.033059504,-0.019296,-0.028205,0.045177002,-0.0080690002
757,1951,0.0082072383,0.042797949,0.097600631,0.16272447,0.22700655,0.2659539,0,0,0.0,0.0,0.0,0.0,0.0,0.0,0.077861555,0.04604096,-0.027607298,0.0054686805,0.013626,-0.019296,-0.028205,0.045177002
757,1952,0.03459071,0.089393392,0.15451723,0.21879932,0.2577467,0.23635359,0,0,0.0,0.0,0.0,0.0,0.0,0.0,0.0082072383,0.077861555,0.04604096,-0.027607298,0.0092089996,0.013626,-0.019296,-0.028205
757,1953,0.054802682,0.11992653,0.18420863,0.22315599,0.20176288,0.26274395,0,0,0.0,0.0,0.0,0.0,0.0,0.0,0.03459071,0.0082072383,0.077861555,0.04604096,-0.0035230001,0.0092089996,0.013626,-0.019296
757,1954,0.065123841,0.12940595,0.1683533,0.1469602,0.20794125,0.27557376,0,0,0.0,0.0,0.0,0.0,0.0,0.0,0.054802682,0.03459071,0.0082072383,0.077861555,-0.00028400001,-0.0035230001,0.0092089996,0.013626
757,1955,0.064282097,0.10322946,0.08183635,0.14281741,0.21044992,0.28829169,0,0,0.0,0.0,0.0,0.0,0.0,0.0,0.065123841,0.054802682,0.03459071,0.0082072383,0.007708,-0.00028400001,-0.0035230001,0.0092089996
757,1956,0.038947359,0.017554253,0.078535303,0.14616781,0.22400957,0.27083236,0,0,0.0,0.0,0.0,0.0,0.0,0.0,0.064282097,0.065123841,0.054802682,0.03459071,0.017483,0.007708,-0.00028400001,-0.0035230001
757,1957,-0.021393105,0.039587945,0.10722046,0.18506221,0.231885,0.27974263,0,0,0.0,0.0,0.0,0.0,0.0,0.0,0.038947359,0.064282097,0.065123841,0.054802682,0.027037,0.017483,0.007708,-0.00028400001
757,1958,0.06098105,0.12861356,0.20645532,0.25327811,0.30113572,0.3523528,0,0,0.0,0.0,0.0,0.0,0.0,0.0,-0.021393105,0.038947359,0.064282097,0.065123841,-0.019086,0.027037,0.017483,0.007708
757,1959,0.067632511,0.14547427,0.19229706,0.24015468,0.29137176,0.32264641,0,0,0.0,0.0,0.0,0.0,0.0,0.0,0.06098105,-0.021393105,0.038947359,0.064282097,-0.001846,-0.019086,0.027037,0.017483
757,1960,0.077841759,0.12466455,0.17252217,0.22373924,0.25501388,0.27919844,0,0,0.0,0.0,0.0,0.0,0.0,0.0,0.067632511,0.06098105,-0.021393105,0.038947359,-0.00076199998,-0.001846,-0.019086,0.027037
757,1961,0.04682279,0.094680414,0.14589748,0.17717212,0.20135668,0.23150736,0,0,0.0,0.0,0.0,0.0,0.0,0.0,0.077841759,0.067632511,0.06098105,-0.021393105,0.03032,-0.00076199998,-0.001846,-0.019086
757,1962,0.047857627,0.099074692,0.13034934,0.15453389,0.18468457,0.21992138,0,0,0.0,0.0,0.0,0.0,0.0,0.0,0.04682279,0.077841759,0.067632511,0.06098105,0.012855,0.03032,-0.00076199998,-0.001846
757,1963,0.051217068,0.082491711,0.10667627,0.13682696,0.17206377,0.22688106,0,0,0.0,0.0,0.0,0.0,0.0,0.0,0.047857627,0.04682279,0.077841759,0.067632511,0.0047320002,0.012855,0.03032,-0.00076199998
757,1964,0.031274643,0.055459201,0.085609883,0.12084669,0.17566398,0.23748824,0,0,0.0,0.0,0.0,0.0,0.0,0.0,0.051217068,0.047857627,0.04682279,0.077841759,0.011728,0.0047320002,0.012855,0.03032
757,1965,0.02418456,0.054335244,0.08957205,0.14438933,0.20621359,0.24616554,0,0,0.0,0.0,0.0,0.0,0.0,0.0,0.031274643,0.051217068,0.047857627,0.04682279,0.011548,0.011728,0.0047320002,0.012855
757,1966,0.030150684,0.065387487,0.12020478,0.18202904,0.22198099,0.25347874,0,0,0.0,0.0,0.0,0.0,0.0,0.0,0.02418456,0.031274643,0.051217068,0.047857627,0.012324,0.011548,0.011728,0.0047320002
757,1967,0.035236806,0.090054095,0.15187836,0.19183031,0.22332805,0.25336957,0,0,0.0,0.0,0.0,0.0,0.0,0.0,0.030150684,0.02418456,0.031274643,0.051217068,0.022876,0.012324,0.011548,0.011728
757,1968,0.054817289,0.11664155,0.1565935,0.18809125,0.21813278,0.23257786,0,0,0.0,0.0,0.0,0.0,0.0,0.0,0.035236806,0.030150684,0.02418456,0.031274643,0.023809999,0.022876,0.012324,0.011548
757,1969,0.061824266,0.10177621,0.13327396,0.16331549,0.17776057,0.10214802,0,0,0.0,0.0,0.0,0.0,0.0,0.0,0.054817289,0.035236806,0.030150684,0.02418456,0.022657,0.023809999,0.022876,0.012324
757,1970,0.03995195,0.071449704,0.10149123,0.11593631,0.040323757,0.026179921,0,0,0.0,0.0,0.0,0.0,0.0,0.0,0.061824266,0.054817289,0.035236806,0.030150684,-0.026307,0.022657,0.023809999,0.022876
757,1971,0.031497754,0.061539281,0.075984359,0.00037180632,-0.013772029,0.010277791,0,0,0.0,0.0,0.0,0.0,0.0,0.0,0.03995195,0.061824266,0.054817289,0.035236806,-0.039647002,-0.026307,0.022657,0.023809999
757,1972,0.030041527,0.044486605,-0.031125948,-0.045269784,-0.021219963,-0.017143609,0,0,0.0,0.0,0.0,0.0,0.0,0.0,0.031497754,0.03995195,0.061824266,0.054817289,-0.090750001,-0.039647002,-0.026307,0.022657
757,1973,0.014445079,-0.061167475,-0.075311311,-0.051261492,-0.047185138,-0.02257256,0,1,0.0,0.0,0.0,0.0,0.0,0.0,0.030041527,0.031497754,0.03995195,0.061824266,-0.061104,-0.090750001,-0.039647002,-0.026307
757,1974,-0.075612552,-0.089756384,-0.065706566,-0.061630212,-0.037017636,0.0079710409,1,1,0.0,0.0,0.0,1.0,0.0,0.0,0.014445079,0.030041527,0.031497754,0.03995195,0.068442002,-0.061104,-0.090750001,-0.039647002
757,1975,-0.014143836,0.0099059846,0.013982339,0.038594916,0.083583593,0.099596955,0,0,1.0,0.0,0.0,1.0,1.0,0.0,-0.075612552,0.014445079,0.030041527,0.031497754,0.029309001,0.068442002,-0.061104,-0.090750001
757,1976,0.02404982,0.028126175,0.052738752,0.097727433,0.11374079,0.10064662,0,0,0.0,1.0,0.0,0.0,1.0,1.0,-0.014143836,-0.075612552,0.014445079,0.030041527,0.032187998,0.029309001,0.068442002,-0.061104
757,1977,0.0040763542,0.028688932,0.073677607,0.089690968,0.076596797,0.082987592,0,0,0.0,0.0,1.0,0.0,0.0,1.0,0.02404982,-0.014143836,-0.075612552,0.014445079,0.033606,0.032187998,0.029309001,0.068442002
757,1978,0.024612578,0.069601253,0.085614614,0.072520442,0.078911237,0.1089958,0,0,0.0,0.0,0.0,0.0,0.0,0.0,0.0040763542,0.02404982,-0.014143836,-0.075612552,0.027973,0.033606,0.032187998,0.029309001
757,1979,0.044988677,0.061002038,0.047907863,0.054298658,0.084383219,0.12111918,0,0,0.0,0.0,0.0,0.0,0.0,0.0,0.024612578,0.0040763542,0.02404982,-0.014143836,0.018266,0.027973,0.033606,0.032187998
757,1980,0.01601336,0.002919185,0.0093099792,0.039394543,0.076130502,0.094716832,0,0,0.0,0.0,0.0,0.0,0.0,0.0,0.044988677,0.024612578,0.0040763542,0.02404982,0.043418001,0.018266,0.027973,0.033606
757,1981,-0.013094175,-0.00670338,0.023381185,0.060117144,0.078703471,0.094558254,0,0,0.0,0.0,0.0,0.0,0.0,0.0,0.01601336,0.044988677,0.024612578,0.0040763542,0.050161,0.043418001,0.018266,0.027973
757,1982,0.0063907946,0.03647536,0.07321132,0.09179765,0.10765243,0.14042839,0,0,0.0,0.0,0.0,0.0,0.0,0.0,-0.013094175,0.01601336,0.044988677,0.024612578,0.012724,0.050161,0.043418001,0.018266
757,1983,0.030084565,0.066820525,0.085406855,0.10126164,0.1340376,0.17734554,0,0,0.0,0.0,0.0,0.0,0.0,0.0,0.0063907946,-0.013094175,0.01601336,0.044988677,-0.003366,0.012724,0.050161,0.043418001
757,1984,0.036735959,0.055322289,0.071177073,0.10395303,0.14726096,0.18400723,0,0,0.0,0.0,0.0,0.0,0.0,0.0,0.030084565,0.0063907946,-0.013094175,0.01601336,0.032579999,-0.003366,0.012724,0.050161
757,1985,0.018586328,0.03444111,0.067217067,0.110525,0.14727126,0.1381131,0,0,0.0,0.0,0.0,0.0,0.0,0.0,0.036735959,0.030084565,0.0063907946,-0.013094175,0.056267999,0.032579999,-0.003366,0.012724
757,1986,0.015854781,0.048630744,0.091938682,0.12868494,0.11952677,0.11908945,0,0,0.0,0.0,0.0,0.0,0.0,0.0,0.018586328,0.036735959,0.030084565,0.0063907946,0.063000001,0.056267999,0.032579999,-0.003366
757,1987,0.032775961,0.076083899,0.11283015,0.10367199,0.10323466,0.10197483,1,0,0.0,0.0,0.0,0.0,0.0,0.0,0.015854781,0.018586328,0.036735959,0.030084565,0.056658,0.063000001,0.056267999,0.032579999
757,1988,0.043307938,0.080054194,0.070896029,0.070458703,0.069198869,0.081896447,0,0,1.0,0.0,0.0,0.0,0.0,0.0,0.032775961,0.015854781,0.018586328,0.036735959,0.051426001,0.056658,0.063000001,0.056267999
757,1989,0.036746256,0.02758809,0.027150759,0.025890924,0.038588502,0.043397166,0,0,0.0,1.0,0.0,0.0,0.0,0.0,0.043307938,0.032775961,0.015854781,0.018586328,0.067754,0.051426001,0.056658,0.063000001
757,1990,-0.0091581661,-0.0095954956,-0.010855331,0.0018422455,0.0066509098,0.012661846,1,0,0.0,0.0,1.0,0.0,0.0,0.0,0.036746256,0.043307938,0.032775961,0.015854781,0.0122,0.067754,0.051426001,0.056658
757,1991,-0.00043732993,-0.0016971652,0.011000412,0.015809076,0.021820012,0.044940487,0,0,1.0,0.0,0.0,0.0,0.0,0.0,-0.0091581661,0.036746256,0.043307938,0.032775961,0.002875,0.0122,0.067754,0.051426001
757,1992,-0.0012598353,0.011437741,0.016246404,0.022257341,0.045377813,0.07482554,0,0,0.0,1.0,0.0,0.0,0.0,0.0,-0.00043732993,-0.0091581661,0.036746256,0.043307938,-0.0038429999,0.002875,0.0122,0.067754
757,1993,0.012697577,0.017506242,0.023517178,0.046637651,0.076085374,0.092519097,0,0,0.0,0.0,1.0,0.0,0.0,0.0,-0.0012598353,-0.00043732993,-0.0091581661,0.036746256,-0.015052,-0.0038429999,0.002875,0.0122
757,1994,0.0048086643,0.010819601,0.033940073,0.063387796,0.07982152,0.11928254,0,0,0.0,0.0,0.0,0.0,0.0,0.0,0.012697577,-0.0012598353,-0.00043732993,-0.0091581661,0.0099269999,-0.015052,-0.0038429999,0.002875
757,1995,0.0060109361,0.029131409,0.058579132,0.075012855,0.11447388,0.12893982,0,0,0.0,0.0,0.0,0.0,0.0,0.0,0.0048086643,0.012697577,-0.0012598353,-0.00043732993,0.027646,0.0099269999,-0.015052,-0.0038429999
757,1996,0.023120472,0.052568197,0.069001921,0.10846294,0.1229289,0.12436284,0,0,0.0,0.0,0.0,0.0,0.0,0.0,0.0060109361,0.0048086643,0.012697577,-0.0012598353,0.012216,0.027646,0.0099269999,-0.015052
757,1997,0.029447725,0.045881446,0.085342474,0.099808425,0.10124237,0.10173945,0,0,0.0,0.0,0.0,0.0,0.0,0.0,0.023120472,0.0060109361,0.0048086643,0.012697577,-0.014133,0.012216,0.027646,0.0099269999
757,1998,0.016433721,0.055894747,0.070360698,0.071794644,0.072291724,0.10072121,0,0,0.0,0.0,0.0,0.0,0.0,0.0,0.029447725,0.023120472,0.0060109361,0.0048086643,-0.022443,-0.014133,0.012216,0.027646
757,1999,0.039461028,0.053926975,0.055360917,0.055857997,0.08428748,0.11467053,0,0,0.0,0.0,0.0,0.0,0.0,0.0,0.016433721,0.029447725,0.023120472,0.0060109361,0.018873001,-0.022443,-0.014133,0.012216
757,2000,0.014465949,0.015899893,0.016396975,0.044826459,0.075209513,0.11533737,0,0,0.0,0.0,0.0,0.0,0.0,0.0,0.039461028,0.016433721,0.029447725,0.023120472,-0.056653,0.018873001,-0.022443,-0.014133
757,2001,0.0014339439,0.0019310254,0.030360509,0.060743563,0.10087141,0.1422749,0,0,0.0,0.0,0.0,0.0,0.0,0.0,0.014465949,0.039461028,0.016433721,0.029447725,0.00079399999,-0.056653,0.018873001,-0.022443
757,2002,0.00049708149,0.028926566,0.059309617,0.099437475,0.14084096,0.16361336,0,0,0.0,0.0,0.0,0.0,0.0,0.0,0.0014339439,0.014465949,0.039461028,0.016433721,0.012882,0.00079399999,-0.056653,0.018873001
757,2003,0.028429484,0.058812536,0.098940387,0.14034387,0.16311628,0.14182009,0,0,0.0,0.0,0.0,0.0,0.0,0.0,0.00049708149,0.0014339439,0.014465949,0.039461028,0.0063979998,0.012882,0.00079399999,-0.056653
757,2004,0.030383052,0.070510909,0.1119144,0.1346868,0.11339061,0.14292878,0,0,0.0,0.0,0.0,0.0,0.0,0.0,0.028429484,0.00049708149,0.0014339439,0.014465949,-0.00125,0.0063979998,0.012882,0.00079399999
757,2005,0.040127855,0.081531338,0.10430374,0.083007559,0.11254573,0.13059127,0,0,0.0,0.0,0.0,0.0,0.0,0.0,0.030383052,0.028429484,0.00049708149,0.0014339439,-0.0072619999,-0.00125,0.0063979998,0.012882
757,2006,0.041403484,0.064175881,0.042879697,0.072417863,0.0904634,0.10094443,0,0,0.0,0.0,0.0,0.0,0.0,0.0,0.040127855,0.030383052,0.028429484,0.00049708149,-0.016026,-0.0072619999,-0.00125,0.0063979998
757,2007,0.0227724,0.0014762152,0.031014381,0.04905992,0.059540946,0.077346742,0,0,0.0,0.0,0.0,0.0,0.0,0.0,0.041403484,0.040127855,0.030383052,0.028429484,-0.028289,-0.016026,-0.0072619999,-0.00125
757,2008,-0.021296185,0.0082419813,0.02628752,0.036768548,0.054574344,0.074543208,1,1,0.0,0.0,0.0,0.0,0.0,0.0,0.0227724,0.041403484,0.040127855,0.030383052,0.017366,-0.028289,-0.016026,-0.0072619999
757,2009,0.029538166,0.047583707,0.058064733,0.075870529,0.095839389,0.10426176,0,0,1.0,0.0,0.0,1.0,0.0,0.0,-0.021296185,0.0227724,0.041403484,0.040127855,0.034517001,0.017366,-0.028289,-0.016026
757,2010,0.018045539,0.028526565,0.046332359,0.066301219,0.074723586,0.087598093,0,0,0.0,1.0,0.0,0.0,1.0,0.0,0.029538166,-0.021296185,0.0227724,0.041403484,-0.040369,0.034517001,0.017366,-0.028289
757,2011,0.010481026,0.028286822,0.048255682,0.056678049,0.069552556,,0,0,0.0,0.0,1.0,0.0,0.0,1.0,0.018045539,0.029538166,-0.021296185,0.0227724,0.013103,-0.040369,0.034517001,0.017366
757,2012,0.017805796,0.03777466,0.046197027,0.059071533,,,0,0,0.0,0.0,0.0,0.0,0.0,0.0,0.010481026,0.018045539,0.029538166,-0.021296185,0.073861003,0.013103,-0.040369,0.034517001
757,2013,0.019968862,0.028391231,0.041265741,,,,0,0,0.0,0.0,0.0,0.0,0.0,0.0,0.017805796,0.010481026,0.018045539,0.029538166,0.016015001,0.073861003,0.013103,-0.040369
764,1976,0.098434627,0.20139208,0.25510976,0.30684516,0.36591384,0.41943732,0,0,0.0,,,,,,0.093268111,0.049704053,0.044662531,0.10236433,0.001649,0.044746,0.022744,0.020408001
764,1977,0.10295746,0.15667513,0.20841055,0.26747924,0.32100272,0.37684473,0,0,0.0,0.0,,0.0,,,0.098434627,0.093268111,0.049704053,0.044662531,0.035744999,0.001649,0.044746,0.022744
764,1978,0.053717665,0.10545307,0.16452175,0.21804523,0.27388725,0.33141154,0,0,0.0,0.0,0.0,0.0,0.0,,0.10295746,0.098434627,0.093268111,0.049704053,0.029575,0.035744999,0.001649,0.044746
764,1979,0.051735412,0.1108041,0.16432759,0.22016962,0.27769393,0.32416633,1,1,0.0,0.0,0.0,0.0,0.0,0.0,0.053717665,0.10295746,0.098434627,0.093268111,0.029832,0.029575,0.035744999,0.001649
764,1980,0.05906868,0.11259217,0.16843419,0.2259585,0.2724309,0.32776916,0,0,1.0,0.0,0.0,1.0,0.0,0.0,0.051735412,0.053717665,0.10295746,0.098434627,-0.022326,0.029832,0.029575,0.035744999
764,1981,0.053523488,0.10936551,0.16688982,0.21336222,0.26870048,0.36388993,0,0,0.0,1.0,0.0,0.0,1.0,0.0,0.05906868,0.051735412,0.053717665,0.10295746,0.0092420001,-0.022326,0.029832,0.029575
764,1982,0.055842023,0.11336633,0.15983874,0.21517701,0.31036648,0.44324762,0,0,0.0,0.0,1.0,0.0,0.0,1.0,0.053523488,0.05906868,0.051735412,0.053717665,0.032077,0.0092420001,-0.022326,0.029832
764,1983,0.057524305,0.10399671,0.15933499,0.25452444,0.38740557,0.5093106,0,0,0.0,0.0,0.0,0.0,0.0,0.0,0.055842023,0.053523488,0.05906868,0.051735412,0.107485,0.032077,0.0092420001,-0.022326
764,1984,0.0464724,0.10181068,0.19700015,0.32988128,0.45178634,0.56345797,0,0,0.0,0.0,0.0,0.0,0.0,0.0,0.057524305,0.055842023,0.053523488,0.05906868,0.049660001,0.107485,0.032077,0.0092420001
764,1985,0.055338278,0.15052775,0.28340888,0.40531394,0.5169856,0.60256821,0,0,0.0,0.0,0.0,0.0,0.0,0.0,0.0464724,0.057524305,0.055842023,0.053523488,0.023118,0.049660001,0.107485,0.032077
764,1986,0.09518946,0.22807059,0.34997565,0.46164727,0.54722989,0.6280638,0,0,0.0,0.0,0.0,0.0,0.0,0.0,0.055338278,0.0464724,0.057524305,0.055842023,-0.018278999,0.023118,0.049660001,0.107485
764,1987,0.13288113,0.25478619,0.36645782,0.45204043,0.53287435,0.61538476,0,0,0.0,0.0,0.0,0.0,0.0,0.0,0.09518946,0.055338278,0.0464724,0.057524305,0.040762,-0.018278999,0.023118,0.049660001
764,1988,0.12190506,0.2335767,0.3191593,0.39999318,0.48250362,0.5624727,0,0,0.0,0.0,0.0,0.0,0.0,0.0,0.13288113,0.09518946,0.055338278,0.0464724,0.049591001,0.040762,-0.018278999,0.023118
764,1989,0.11167164,0.19725424,0.27808812,0.36059856,0.44056761,0.52177024,0,0,0.0,0.0,0.0,0.0,0.0,0.0,0.12190506,0.13288113,0.09518946,0.055338278,0.072755001,0.049591001,0.040762,-0.018278999
764,1990,0.085582599,0.16641648,0.24892691,0.32889596,0.41009858,0.46662232,0,1,0.0,0.0,0.0,0.0,0.0,0.0,0.11167164,0.12190506,0.13288113,0.09518946,0.115131,0.072755001,0.049591001,0.040762
764,1991,0.080833882,0.16334432,0.24331337,0.324516,0.38103974,0.35350382,0,0,0.0,0.0,0.0,1.0,0.0,0.0,0.085582599,0.11167164,0.12190506,0.13288113,0.057937998,0.115131,0.072755001,0.049591001
764,1992,0.082510434,0.16247949,0.24368212,0.30020586,0.27266994,0.1963326,0,0,0.0,0.0,0.0,0.0,1.0,0.0,0.080833882,0.085582599,0.11167164,0.12190506,0.065132998,0.057937998,0.115131,0.072755001
764,1993,0.079969049,0.16117167,0.21769542,0.19015951,0.11382218,0.15954515,0,0,0.0,0.0,0.0,0.0,0.0,1.0,0.082510434,0.080833882,0.085582599,0.11167164,0.118418,0.065132998,0.057937998,0.115131
764,1994,0.081202619,0.13772635,0.11019044,0.033853106,0.07957609,0.12413285,0,0,0.0,0.0,0.0,0.0,0.0,0.0,0.079969049,0.082510434,0.080833882,0.085582599,0.17014401,0.118418,0.065132998,0.057937998
764,1995,0.056523737,0.028987831,-0.047349505,-0.0016265213,0.042930238,0.07737267,0,0,0.0,0.0,0.0,0.0,0.0,0.0,0.081202619,0.079969049,0.082510434,0.080833882,0.119852,0.17014401,0.118418,0.065132998
764,1996,-0.027535906,-0.10387325,-0.058150262,-0.013593502,0.020848934,0.082337737,0,1,0.0,0.0,0.0,0.0,0.0,0.0,0.056523737,0.081202619,0.079969049,0.082510434,0.076811999,0.119852,0.17014401,0.118418
764,1997,-0.076337337,-0.030614354,0.013942406,0.048384842,0.10987364,0.18176694,1,1,0.0,0.0,0.0,1.0,0.0,0.0,-0.027535906,0.056523737,0.081202619,0.079969049,0.183065,0.076811999,0.119852,0.17014401
764,1998,0.045722984,0.090279743,0.12472218,0.18621099,0.25810429,0.32099718,0,0,1.0,0.0,0.0,1.0,1.0,0.0,-0.076337337,-0.027535906,0.056523737,0.081202619,-0.098212004,0.183065,0.076811999,0.119852
764,1999,0.044556759,0.078999192,0.140488,0.2123813,0.27527419,0.31715253,0,0,0.0,1.0,0.0,0.0,1.0,1.0,0.045722984,-0.076337337,-0.027535906,0.056523737,-0.226346,-0.098212004,0.183065,0.076811999
764,2000,0.034442436,0.095931232,0.16782454,0.23071742,0.27259576,0.32227492,1,1,0.0,0.0,1.0,0.0,0.0,1.0,0.044556759,0.045722984,-0.076337337,-0.027535906,-0.23373,-0.226346,-0.098212004,0.183065
764,2001,0.0614888,0.13338211,0.196275,0.23815334,0.2878325,0.34218341,0,0,1.0,0.0,0.0,1.0,0.0,0.0,0.034442436,0.044556759,0.045722984,-0.076337337,-0.109345,-0.23373,-0.226346,-0.098212004
764,2002,0.071893305,0.13478619,0.17666453,0.22634371,0.28069463,0.29795131,0,0,0.0,1.0,0.0,0.0,1.0,0.0,0.0614888,0.034442436,0.044556759,0.045722984,0.052680001,-0.109345,-0.23373,-0.226346
764,2003,0.062892884,0.10477123,0.1544504,0.20880133,0.22605801,0.21915068,0,0,0.0,0.0,1.0,0.0,0.0,1.0,0.071893305,0.0614888,0.034442436,0.044556759,-0.056659002,0.052680001,-0.109345,-0.23373
764,2004,0.041878346,0.091557518,0.14590845,0.16316512,0.15625779,0.23139369,0,0,0.0,0.0,0.0,0.0,0.0,0.0,0.062892884,0.071893305,0.0614888,0.034442436,0.024077,-0.056659002,0.052680001,-0.109345
764,2005,0.049679171,0.1040301,0.12128677,0.11437944,0.18951535,0.19791494,0,0,0.0,0.0,0.0,0.0,0.0,0.0,0.041878346,0.062892884,0.071893305,0.0614888,-0.021974999,0.024077,-0.056659002,0.052680001
764,2006,0.054350924,0.071607605,0.064700268,0.13983618,0.14823577,0.22066544,0,0,0.0,0.0,0.0,0.0,0.0,0.0,0.049679171,0.041878346,0.062892884,0.071893305,-0.059198,-0.021974999,0.024077,-0.056659002
764,2007,0.017256679,0.010349345,0.085485257,0.093884856,0.16631453,0.19363926,0,0,0.0,0.0,0.0,0.0,0.0,0.0,0.054350924,0.049679171,0.041878346,0.062892884,-0.033075999,-0.059198,-0.021974999,0.024077
764,2008,-0.0069073336,0.068228573,0.076628163,0.14905784,0.17638257,0.18552776,1,1,0.0,0.0,0.0,0.0,0.0,0.0,0.017256679,0.054350924,0.049679171,0.041878346,0.018418999,-0.033075999,-0.059198,-0.021974999
764,2009,0.075135909,0.083535507,0.15596518,0.18328992,0.1924351,0.22184746,0,0,1.0,0.0,0.0,1.0,0.0,0.0,-0.0069073336,0.017256679,0.054350924,0.049679171,0.030396,0.018418999,-0.033075999,-0.059198
764,2010,0.0083995946,0.080829263,0.108154,0.11729919,0.14671154,0.17901115,0,0,0.0,1.0,0.0,0.0,1.0,0.0,0.075135909,-0.0069073336,0.017256679,0.054350924,-0.000178,0.030396,0.018418999,-0.033075999
764,2011,0.072429672,0.099754408,0.1088996,0.13831195,0.17061156,,0,0,0.0,0.0,1.0,0.0,0.0,1.0,0.0083995946,0.075135909,-0.0069073336,0.017256679,0.115335,-0.000178,0.030396,0.018418999
764,2012,0.027324734,0.036469925,0.06588228,0.098181888,,,0,0,0.0,0.0,0.0,0.0,0.0,0.0,0.072429672,0.0083995946,0.075135909,-0.0069073336,0.063444003,0.115335,-0.000178,0.030396
764,2013,0.0091451909,0.038557544,0.070857152,,,,0,0,0.0,0.0,0.0,0.0,0.0,0.0,0.027324734,0.072429672,0.0083995946,0.075135909,0.05627,0.063444003,0.115335,-0.000178
792,1988,0.0029024407,0.095563911,0.1027667,0.15312305,0.2296357,0.18295422,1,1,,,0.0,0.0,,,0.023207368,0.094855383,0.070120312,0.042413358,-0.032512002,0.0092740003,0.022282001,-0.0042050001
792,1989,0.09266147,0.099864259,0.1502206,0.22673325,0.18005177,0.25883445,0,0,1.0,,,1.0,0.0,,0.0029024407,0.023207368,0.094855383,0.070120312,-0.006945,-0.032512002,0.0092740003,0.022282001
792,1990,0.0072027906,0.05755914,0.1340718,0.087390319,0.16617298,0.23996963,0,0,0.0,1.0,,0.0,1.0,0.0,0.09266147,0.0029024407,0.023207368,0.094855383,0.00038499999,-0.006945,-0.032512002,0.0092740003
792,1991,0.050356351,0.12686899,0.080187514,0.15897018,0.23276682,0.30854344,1,0,0.0,0.0,1.0,0.0,0.0,1.0,0.0072027906,0.09266147,0.0029024407,0.023207368,0.004948,0.00038499999,-0.006945,-0.032512002
792,1992,0.07651265,0.029831175,0.10861385,0.18241049,0.25818712,0.28126925,1,1,1.0,0.0,0.0,0.0,0.0,0.0,0.050356351,0.0072027906,0.09266147,0.0029024407,0.0077220001,0.004948,0.00038499999,-0.006945
792,1993,-0.046681475,0.032101195,0.10589784,0.18167448,0.20475662,0.17086357,0,0,1.0,1.0,0.0,1.0,0.0,0.0,0.07651265,0.050356351,0.0072027906,0.09266147,0.001819,0.0077220001,0.004948,0.00038499999
792,1994,0.07878267,0.15257931,0.22835594,0.25143808,0.21754503,0.28394565,0,1,0.0,1.0,1.0,0.0,1.0,0.0,-0.046681475,0.07651265,0.050356351,0.0072027906,-0.021824,0.001819,0.0077220001,0.004948
792,1995,0.073796645,0.14957328,0.17265542,0.13876237,0.20516299,0.14553988,0,0,0.0,0.0,1.0,1.0,0.0,1.0,0.07878267,-0.046681475,0.07651265,0.050356351,0.025454,-0.021824,0.001819,0.0077220001
792,1996,0.075776637,0.098858774,0.064965725,0.13136634,0.071743235,0.13604602,0,0,0.0,0.0,0.0,0.0,1.0,0.0,0.073796645,0.07878267,-0.046681475,0.07651265,0.043419998,0.025454,-0.021824,0.001819
792,1997,0.023082135,-0.010810917,0.055589698,-0.0040334091,0.060269378,0.11635193,0,0,0.0,0.0,0.0,0.0,0.0,1.0,0.075776637,0.073796645,0.07878267,-0.046681475,0.034724001,0.043419998,0.025454,-0.021824
792,1998,-0.033893052,0.032507565,-0.027115542,0.037187245,0.093269795,0.18971302,1,1,0.0,0.0,0.0,0.0,0.0,0.0,0.023082135,0.075776637,0.073796645,0.07878267,-0.095169999,0.034724001,0.043419998,0.025454
792,1999,0.066400617,0.00677751,0.071080297,0.12716284,0.22360606,0.31370461,0,0,1.0,0.0,0.0,1.0,0.0,0.0,-0.033893052,0.023082135,0.075776637,0.073796645,-0.0055669998,-0.095169999,0.034724001,0.043419998
792,2000,-0.059623107,0.0046796799,0.06076223,0.15720545,0.24730398,0.31840101,0,1,0.0,1.0,0.0,0.0,1.0,0.0,0.066400617,-0.033893052,0.023082135,0.075776637,0.011083,-0.0055669998,-0.095169999,0.034724001
792,2001,0.064302787,0.12038533,0.21682855,0.30692708,0.37802413,0.42832872,1,0,0.0,0.0,1.0,1.0,0.0,1.0,-0.059623107,0.066400617,-0.033893052,0.023082135,-0.023093,0.011083,-0.0055669998,-0.095169999
792,2002,0.05608255,0.15252577,0.2426243,0.31372133,0.36402592,0.37247843,0,1,1.0,0.0,0.0,0.0,1.0,0.0,0.064302787,-0.059623107,0.066400617,-0.033893052,-0.0086359996,-0.023093,0.011083,-0.0055669998
792,2003,0.096443221,0.18654175,0.25763878,0.30794337,0.31639588,0.26935121,0,0,0.0,1.0,0.0,1.0,0.0,1.0,0.05608255,0.064302787,-0.059623107,0.066400617,-0.000272,-0.0086359996,-0.023093,0.011083
792,2004,0.09009853,0.16119558,0.21150015,0.21995267,0.17290801,0.25778174,0,0,0.0,0.0,1.0,0.0,1.0,0.0,0.096443221,0.05608255,0.064302787,-0.059623107,0.026047001,-0.000272,-0.0086359996,-0.023093
792,2005,0.071097039,0.12140162,0.12985414,0.082809485,0.16768321,0.27881819,0,0,0.0,0.0,0.0,0.0,0.0,1.0,0.09009853,0.096443221,0.05608255,0.064302787,0.046909999,0.026047001,-0.000272,-0.0086359996
792,2006,0.05030458,0.058757097,0.011712439,0.09658616,0.20772111,0.25562051,0,0,0.0,0.0,0.0,0.0,0.0,0.0,0.071097039,0.09009853,0.096443221,0.05608255,0.034972001,0.046909999,0.026047001,-0.000272
792,2007,0.0084525142,-0.038592145,0.046281576,0.15741654,0.20531595,0.29022902,0,0,0.0,0.0,0.0,0.0,0.0,0.0,0.05030458,0.071097039,0.09009853,0.096443221,0.033190999,0.034972001,0.046909999,0.026047001
792,2008,-0.047044657,0.037829064,0.14896402,0.19686341,0.28177649,0.3334434,1,1,0.0,0.0,0.0,0.0,0.0,0.0,0.0084525142,0.05030458,0.071097039,0.09009853,0.028972,0.033190999,0.034972001,0.046909999
792,2009,0.084873721,0.19600868,0.24390808,0.32882118,0.3804881,0.44106439,0,0,1.0,0.0,0.0,1.0,0.0,0.0,-0.047044657,0.0084525142,0.05030458,0.071097039,0.036375001,0.028972,0.033190999,0.034972001
792,2010,0.11113496,0.15903437,0.24394746,0.29561436,0.35619065,0.38495475,0,0,0.0,1.0,0.0,0.0,1.0,0.0,0.084873721,-0.047044657,0.0084525142,0.05030458,0.070923001,0.036375001,0.028972,0.033190999
792,2011,0.047899403,0.1328125,0.18447942,0.24505571,0.2738198,,1,0,0.0,0.0,1.0,0.0,0.0,1.0,0.11113496,0.084873721,-0.047044657,0.0084525142,0.046314999,0.070923001,0.036375001,0.028972
792,2012,0.08491309,0.13657999,0.19715628,0.22592038,,,0,0,1.0,0.0,0.0,0.0,0.0,0.0,0.047899403,0.11113496,0.084873721,-0.047044657,0.025926,0.046314999,0.070923001,0.036375001
792,2013,0.051666908,0.11224321,0.1410073,,,,0,0,0.0,1.0,0.0,0.0,0.0,0.0,0.08491309,0.047899403,0.11113496,0.084873721,0.080523998,0.025926,0.046314999,0.070923001
818,1906,-0.012039635,-0.074513108,-0.0033565164,-0.055104941,-0.068856113,-0.0028763264,0,0,0.0,0.0,0.0,,,,0.042538803,-0.019293202,-0.020849241,-0.0076482208,,,,
818,1907,-0.062473472,0.008683119,-0.043065306,-0.056816477,0.0091633089,-0.031998798,0,1,0.0,0.0,0.0,0.0,,,-0.012039635,0.042538803,-0.019293202,-0.020849241,,,,
818,1908,0.071156591,0.019408166,0.0056569949,0.071636781,0.030474674,,0,0,0.0,0.0,0.0,1.0,0.0,,-0.062473472,-0.012039635,0.042538803,-0.019293202,,,,
818,1909,-0.051748425,-0.065499596,0.00048018992,-0.040681917,,,0,0,0.0,0.0,0.0,0.0,1.0,0.0,0.071156591,-0.062473472,-0.012039635,0.042538803,,,,
818,1910,-0.013751172,0.052228615,0.011066508,,,,0,0,0.0,0.0,0.0,0.0,0.0,1.0,-0.051748425,0.071156591,-0.062473472,-0.012039635,,,,
818,1919,-0.11016263,-0.18538606,0.051061451,-0.019663565,-0.021083012,-0.027733868,0,0,,,,,,,0.17043146,,,,,,,
818,1920,-0.075223424,0.1612241,0.090499081,0.089079633,0.082428776,0.045531385,0,1,0.0,,,0.0,,,-0.11016263,0.17043146,,,,,,
818,1921,0.23644751,0.16572249,0.16430305,0.1576522,0.12075481,0.22314355,0,0,0.0,0.0,,1.0,0.0,,-0.075223424,-0.11016263,0.17043146,,,,,
818,1922,-0.070725016,-0.072144464,-0.078795321,-0.11569271,-0.013303965,-0.023173943,0,0,0.0,0.0,0.0,0.0,1.0,0.0,0.23644751,-0.075223424,-0.11016263,0.17043146,,,,
818,1923,-0.0014194467,-0.0080703022,-0.044967692,0.057421055,0.047551077,0.035759557,0,0,0.0,0.0,0.0,0.0,0.0,1.0,-0.070725016,0.23644751,-0.075223424,-0.11016263,,,,
818,1924,-0.0066508558,-0.043548249,0.058840498,0.04897052,0.037179001,-0.019603785,0,0,0.0,0.0,0.0,0.0,0.0,0.0,-0.0014194467,-0.070725016,0.23644751,-0.075223424,,,,
818,1925,-0.036897391,0.065491356,0.055621378,0.043829858,-0.012952928,0.018418465,0,0,0.0,0.0,0.0,0.0,0.0,0.0,-0.0066508558,-0.0014194467,-0.070725016,0.23644751,,,,
818,1926,0.10238875,0.092518769,0.080727249,0.023944464,0.055315856,0.061380722,0,0,0.0,0.0,0.0,0.0,0.0,0.0,-0.036897391,-0.0066508558,-0.0014194467,-0.070725016,,,,
818,1927,-0.0098699769,-0.021661498,-0.078444287,-0.047072895,-0.041008029,-0.0094192289,0,0,0.0,0.0,0.0,0.0,0.0,0.0,0.10238875,-0.036897391,-0.0066508558,-0.0014194467,,,,
818,1928,-0.01179152,-0.068574309,-0.037202917,-0.031138051,0.00045074895,0.0103163,0,0,0.0,0.0,0.0,0.0,0.0,0.0,-0.0098699769,0.10238875,-0.036897391,-0.0066508558,,,,
818,1929,-0.056782786,-0.025411393,-0.019346528,0.012242272,0.022107825,0.033643,0,0,0.0,0.0,0.0,0.0,0.0,0.0,-0.01179152,-0.0098699769,0.10238875,-0.036897391,,,,
826,1870,0.052413665,0.054539047,0.077625163,0.094086364,0.11828116,0.12819202,0,0,,,,,,,0.06007389,,,,,,,
826,1871,0.0021253806,0.025211494,0.041672699,0.065867499,0.075778365,0.085591972,0,0,0.0,,,0.0,,,0.052413665,0.06007389,,,,,,
826,1872,0.023086114,0.039547317,0.063742116,0.073652983,0.083466589,0.087365262,0,0,0.0,0.0,,0.0,0.0,,0.0021253806,0.052413665,0.06007389,,,,,
826,1873,0.016461203,0.040656004,0.050566871,0.060380474,0.064279146,0.06038047,0,0,0.0,0.0,0.0,0.0,0.0,0.0,0.023086114,0.0021253806,0.052413665,0.06007389,,,,
826,1874,0.024194801,0.034105666,0.043919269,0.047817945,0.043919269,0.089728802,0,0,0.0,0.0,0.0,0.0,0.0,0.0,0.016461203,0.023086114,0.0021253806,0.052413665,,,,
826,1875,0.0099108657,0.01972447,0.023623144,0.01972447,0.065534011,0.10036798,0,0,0.0,0.0,0.0,0.0,0.0,0.0,0.024194801,0.016461203,0.023086114,0.0021253806,,,,
826,1876,0.0098136039,0.013712279,0.0098136049,0.055623144,0.090457112,0.11887821,0,0,0.0,0.0,0.0,0.0,0.0,0.0,0.0099108657,0.024194801,0.016461203,0.023086114,,,,
826,1877,0.0038986751,0.0,0.045809537,0.080643505,0.1090646,0.11604543,0,0,0.0,0.0,0.0,0.0,0.0,0.0,0.0098136039,0.0099108657,0.024194801,0.016461203,,,,
826,1878,-0.0038986751,0.041910861,0.076744825,0.10516592,0.11214675,0.11388435,0,0,0.0,0.0,0.0,0.0,0.0,0.0,0.0038986751,0.0098136039,0.0099108657,0.024194801,,,,
826,1879,0.045809537,0.080643505,0.1090646,0.11604543,0.11778303,0.11256114,0,0,0.0,0.0,0.0,0.0,0.0,0.0,-0.0038986751,0.0038986751,0.0098136039,0.0099108657,,,,
826,1880,0.034833968,0.063255064,0.070235893,0.071973495,0.066751599,0.082336314,0,0,0.0,0.0,0.0,0.0,0.0,0.0,0.045809537,-0.0038986751,0.0038986751,0.0098136039,,,,
826,1881,0.028421095,0.035401925,0.037139531,0.031917635,0.04750235,0.086260319,0,0,0.0,0.0,0.0,0.0,0.0,0.0,0.034833968,0.045809537,-0.0038986751,0.0038986751,0.001379,,,
826,1882,0.0069808308,0.0087184347,0.0034965375,0.019081252,0.057839215,0.10150017,0,0,0.0,0.0,0.0,0.0,0.0,0.0,0.028421095,0.034833968,0.045809537,-0.0038986751,0.013316,0.001379,,
826,1883,0.0017376044,-0.0034842929,0.012100422,0.050858386,0.094519332,0.14691958,0,0,0.0,0.0,0.0,0.0,0.0,0.0,0.0069808308,0.028421095,0.034833968,0.045809537,-0.00138,0.013316,0.001379,
826,1884,-0.0052218973,0.010362817,0.049120784,0.092781737,0.14518198,0.14967638,0,0,0.0,0.0,0.0,0.0,0.0,0.0,0.0017376044,0.0069808308,0.028421095,0.034833968,0.020335,-0.00138,0.013316,0.001379
826,1885,0.015584715,0.05434268,0.098003626,0.15040387,0.15489827,0.15489827,0,0,0.0,0.0,0.0,0.0,0.0,0.0,-0.0052218973,0.0017376044,0.0069808308,0.028421095,0.00073000003,0.020335,-0.00138,0.013316
826,1886,0.038757965,0.082418919,0.13481916,0.13931356,0.13931356,0.11510663,0,0,0.0,0.0,0.0,0.0,0.0,0.0,0.015584715,-0.0052218973,0.0017376044,0.0069808308,0.001319,0.00073000003,0.020335,-0.00138
826,1887,0.04366095,0.0960612,0.10055561,0.10055561,0.076348677,0.076348677,0,0,0.0,0.0,0.0,0.0,0.0,0.0,0.038757965,0.015584715,-0.0052218973,0.0017376044,-0.003819,0.001319,0.00073000003,0.020335
826,1888,0.05240025,0.056894653,0.056894653,0.032687724,0.032687724,0.097896054,0,0,0.0,0.0,0.0,0.0,0.0,0.0,0.04366095,0.038757965,0.015584715,-0.0052218973,-0.003483,-0.003819,0.001319,0.00073000003
826,1889,0.004494403,0.004494403,-0.019712528,-0.019712528,0.045495801,0.076571673,0,0,0.0,0.0,0.0,0.0,0.0,0.0,0.05240025,0.04366095,0.038757965,0.015584715,-0.0034749999,-0.003483,-0.003819,0.001319
826,1890,0.0,-0.024206931,-0.024206931,0.041001402,0.072077274,0.11295493,0,0,0.0,0.0,0.0,0.0,0.0,0.0,0.004494403,0.05240025,0.04366095,0.038757965,-0.00088800001,-0.0034749999,-0.003483,-0.003819
826,1891,-0.024206931,-0.024206931,0.041001402,0.072077274,0.11295493,0.12621769,0,0,0.0,0.0,0.0,0.0,0.0,0.0,0.0,0.004494403,0.05240025,0.04366095,0.035498001,-0.00088800001,-0.0034749999,-0.003483
826,1892,0.0,0.065208331,0.096284203,0.13716185,0.15042461,0.19802201,0,0,0.0,0.0,0.0,0.0,0.0,0.0,-0.024206931,0.0,0.004494403,0.05240025,0.0029539999,0.035498001,-0.00088800001,-0.0034749999
826,1893,0.065208331,0.096284203,0.13716185,0.15042461,0.19802201,0.23864302,0,0,0.0,0.0,0.0,0.0,0.0,0.0,0.0,-0.024206931,0.0,0.004494403,0.0028520001,0.0029539999,0.035498001,-0.00088800001
826,1894,0.031075871,0.07195352,0.085216291,0.13281369,0.1734347,0.16617082,0,0,0.0,0.0,0.0,0.0,0.0,0.0,0.065208331,0.0,-0.024206931,0.0,-0.018069001,0.0028520001,0.0029539999,0.035498001
826,1895,0.040877651,0.054140422,0.10173782,0.14235882,0.13509494,0.13509485,0,0,0.0,0.0,0.0,0.0,0.0,0.0,0.031075871,0.065208331,0.0,-0.024206931,0.010298,-0.018069001,0.0028520001,0.0029539999
826,1896,0.01326277,0.060860168,0.10148117,0.094217278,0.094217189,0.11941347,0,0,0.0,0.0,0.0,0.0,0.0,0.0,0.040877651,0.031075871,0.065208331,0.0,0.0067409999,0.010298,-0.018069001,0.0028520001
826,1897,0.047597397,0.088218406,0.080954514,0.080954425,0.10615071,0.095429994,0,0,0.0,0.0,0.0,0.0,0.0,0.0,0.01326277,0.040877651,0.031075871,0.065208331,0.00057700003,0.0067409999,0.010298,-0.018069001
826,1898,0.040621005,0.033357114,0.033357028,0.058553312,0.047832593,0.053802751,0,0,0.0,0.0,0.0,0.0,0.0,0.0,0.047597397,0.01326277,0.040877651,0.031075871,-0.0054819998,0.00057700003,0.0067409999,0.010298
826,1899,-0.0072638895,-0.0072639761,0.017932307,0.0072115902,0.013181746,0.04250931,0,0,0.0,0.0,0.0,0.0,0.0,0.0,0.040621005,0.047597397,0.01326277,0.040877651,-0.001387,-0.0054819998,0.00057700003,0.0067409999
826,1900,-8.6551694e-08,0.025196198,0.014475482,0.020445637,0.049773201,0.082749546,0,0,0.0,0.0,0.0,0.0,0.0,0.0,-0.0072638895,0.040621005,0.047597397,0.01326277,-0.0048580002,-0.001387,-0.0054819998,0.00057700003
826,1901,0.025196284,0.014475567,0.020445723,0.049773287,0.082749628,0.1015867,0,0,0.0,0.0,0.0,0.0,0.0,0.0,-8.6551694e-08,-0.0072638895,0.040621005,0.047597397,-0.0073990002,-0.0048580002,-0.001387,-0.0054819998
826,1902,-0.010720717,-0.0047505605,0.024577003,0.057553343,0.076390415,0.034927905,0,0,0.0,0.0,0.0,0.0,0.0,0.0,0.025196284,-8.6551694e-08,-0.0072638895,0.040621005,-0.001427,-0.0073990002,-0.0048580002,-0.001387
826,1903,0.0059701563,0.035297722,0.068274066,0.087111138,0.045648627,0.068273991,0,0,0.0,0.0,0.0,0.0,0.0,0.0,-0.010720717,0.025196284,-8.6551694e-08,-0.0072638895,0.011202,-0.001427,-0.0073990002,-0.0048580002
826,1904,0.029327564,0.062303904,0.08114098,0.039678469,0.06230383,0.093143396,0,0,0.0,0.0,0.0,0.0,0.0,0.0,0.0059701563,-0.010720717,0.025196284,-8.6551694e-08,-0.001547,0.011202,-0.001427,-0.0073990002
826,1905,0.032976341,0.051813412,0.010350902,0.032976262,0.063815832,0.092679337,0,0,0.0,0.0,0.0,0.0,0.0,0.0,0.029327564,0.0059701563,-0.010720717,0.025196284,-0.010186,-0.001547,0.011202,-0.001427
826,1906,0.018837072,-0.022625439,-7.8231096e-08,0.030839488,0.059702996,0.074347705,0,0,0.0,0.0,0.0,0.0,0.0,0.0,0.032976341,0.029327564,0.0059701563,-0.010720717,0.001278,-0.010186,-0.001547,0.011202
826,1907,-0.041462511,-0.01883715,0.012002416,0.040865924,0.055510629,0.093212411,0,0,0.0,0.0,0.0,0.0,0.0,0.0,0.018837072,0.032976341,0.029327564,0.0059701563,-0.0049740002,0.001278,-0.010186,-0.001547
826,1908,0.022625361,0.053464927,0.082328439,0.096973144,0.13467494,,0,0,0.0,0.0,0.0,0.0,0.0,0.0,-0.041462511,0.018837072,0.032976341,0.029327564,0.0062859999,-0.0049740002,0.001278,-0.010186
826,1909,0.030839566,0.059703074,0.074347779,0.11204956,,,0,0,0.0,0.0,0.0,0.0,0.0,0.0,0.022625361,-0.041462511,0.018837072,0.032976341,-0.00232,0.0062859999,-0.0049740002,0.001278
826,1910,0.028863508,0.043508213,0.081210002,,,,0,0,0.0,0.0,0.0,0.0,0.0,0.0,0.030839566,0.022625361,-0.041462511,0.018837072,0.008192,-0.00232,0.0062859999,-0.0049740002
826,1919,-0.06236051,-0.14707303,-0.096698649,-0.065530092,-0.025089074,0.022538975,0,0,,,,,,,-0.11502625,,,,,,,
826,1920,-0.08471252,-0.034338139,-0.003169585,0.037271433,0.084899485,0.047382798,0,1,0.0,,,0.0,,,-0.06236051,-0.11502625,,,-0.0077209999,,,
826,1921,0.050374381,0.081542939,0.12198396,0.16961201,0.13209532,0.20950338,0,0,0.0,0.0,,1.0,0.0,,-0.08471252,-0.06236051,-0.11502625,,0.028549001,-0.0077209999,,
826,1922,0.031168554,0.071609572,0.11923762,0.081720933,0.15912899,0.17116053,0,0,0.0,0.0,0.0,0.0,1.0,0.0,0.050374381,-0.08471252,-0.06236051,-0.11502625,0.012569,0.028549001,-0.0077209999,
826,1923,0.040441018,0.088069066,0.050552379,0.12796044,0.13999198,0.16900581,0,0,0.0,0.0,0.0,0.0,0.0,1.0,0.031168554,0.050374381,-0.08471252,-0.06236051,0.024387,0.012569,0.028549001,-0.0077209999
826,1924,0.047628049,0.010111362,0.08751943,0.09955097,0.12856479,0.12138987,0,0,0.0,0.0,0.0,0.0,0.0,0.0,0.040441018,0.031168554,0.050374381,-0.08471252,0.012726,0.024387,0.012569,0.028549001
826,1925,-0.037516687,0.039891381,0.051922917,0.080936737,0.073761821,0.021093801,0,0,0.0,0.0,0.0,0.0,0.0,0.0,0.047628049,0.040441018,0.031168554,0.050374381,0.011128,0.012726,0.024387,0.012569
826,1926,0.077408068,0.089439608,0.11845343,0.11127851,0.058610491,0.066171966,0,0,0.0,0.0,0.0,0.0,0.0,0.0,-0.037516687,0.047628049,0.040441018,0.031168554,0.027626,0.011128,0.012726,0.024387
826,1927,0.012031537,0.04104536,0.03387044,-0.01879758,-0.011236107,0.017536219,0,0,0.0,0.0,0.0,0.0,0.0,0.0,0.077408068,-0.037516687,0.047628049,0.040441018,-0.0073770001,0.027626,0.011128,0.012726
826,1928,0.029013822,0.021838903,-0.030829117,-0.023267644,0.0055046827,0.069299437,0,0,0.0,0.0,0.0,0.0,0.0,0.0,0.012031537,0.077408068,-0.037516687,0.047628049,0.014996,-0.0073770001,0.027626,0.011128
826,1929,-0.0071749189,-0.05984294,-0.052281469,-0.023509143,0.04028561,0.078184932,0,0,0.0,0.0,0.0,0.0,0.0,0.0,0.029013822,0.012031537,0.077408068,-0.037516687,0.0078149997,0.014996,-0.0073770001,0.027626
826,1930,-0.05266802,-0.045106549,-0.016334223,0.047460534,0.085359856,0.1298116,0,0,0.0,0.0,0.0,0.0,0.0,0.0,-0.0071749189,0.029013822,0.012031537,0.077408068,-0.0056179999,0.0078149997,0.014996,-0.0073770001
826,1931,0.0075614727,0.036333799,0.10012855,0.13802788,0.18247962,0.21667102,0,0,0.0,0.0,0.0,0.0,0.0,0.0,-0.05266802,-0.0071749189,0.029013822,0.012031537,0.024891,-0.0056179999,0.0078149997,0.014996
826,1932,0.028772326,0.092567079,0.1304664,0.17491814,0.20910954,0.22125852,0,0,0.0,0.0,0.0,0.0,0.0,0.0,0.0075614727,-0.05266802,-0.0071749189,0.029013822,-0.026373001,0.024891,-0.0056179999,0.0078149997
826,1933,0.063794754,0.10169408,0.14614582,0.18033722,0.1924862,,0,0,0.0,0.0,0.0,0.0,0.0,0.0,0.028772326,0.0075614727,-0.05266802,-0.0071749189,-0.0075929998,-0.026373001,0.024891,-0.0056179999
826,1934,0.037899327,0.082351074,0.11654247,0.12869143,,,0,0,0.0,0.0,0.0,0.0,0.0,0.0,0.063794754,0.028772326,0.0075614727,-0.05266802,0.0049859998,-0.0075929998,-0.026373001,0.024891
826,1935,0.044451743,0.078643136,0.090792105,,,,0,0,0.0,0.0,0.0,0.0,0.0,0.0,0.037899327,0.063794754,0.028772326,0.0075614727,0.0029549999,0.0049859998,-0.0075929998,-0.026373001
826,1946,-0.014996884,0.016107684,0.052713126,0.046680383,0.076095343,0.074282058,0,0,,,,,,,-0.044334091,,,,,,,
826,1947,0.031104568,0.067710012,0.06167727,0.091092229,0.089278944,0.1278477,0,0,0.0,,,0.0,,,-0.014996884,-0.044334091,,,0.019693,,,
826,1948,0.03660544,0.030572698,0.059987657,0.058174372,0.096743129,0.1366806,0,0,0.0,0.0,,0.0,0.0,,0.031104568,-0.014996884,-0.044334091,,0.0031300001,0.019693,,
826,1949,-0.0060327421,0.023382219,0.021568934,0.060137689,0.10007516,0.13578311,0,0,0.0,0.0,0.0,0.0,0.0,0.0,0.03660544,0.031104568,-0.014996884,-0.044334091,0.012315,0.0031300001,0.019693,
826,1950,0.029414961,0.027601676,0.066170432,0.10610791,0.14181586,0.15415062,0,0,0.0,0.0,0.0,0.0,0.0,0.0,-0.0060327421,0.03660544,0.031104568,-0.014996884,0.010257,0.012315,0.0031300001,0.019693
826,1951,-0.0018132858,0.036755472,0.076692946,0.11240089,0.12473565,0.1406012,0,0,0.0,0.0,0.0,0.0,0.0,0.0,0.029414961,-0.0060327421,0.03660544,0.031104568,0.001221,0.010257,0.012315,0.0031300001
826,1952,0.038568757,0.078506231,0.11421418,0.12654895,0.1424145,0.1403144,0,0,0.0,0.0,0.0,0.0,0.0,0.0,-0.0018132858,0.029414961,-0.0060327421,0.03660544,-0.025496,0.001221,0.010257,0.012315
826,1953,0.039937474,0.075645417,0.087980181,0.10384573,0.10174564,0.14143127,0,0,0.0,0.0,0.0,0.0,0.0,0.0,0.038568757,-0.0018132858,0.029414961,-0.0060327421,-0.0094569996,-0.025496,0.001221,0.010257
826,1954,0.035707947,0.048042707,0.063908257,0.061808161,0.10149381,0.15750055,0,0,0.0,0.0,0.0,0.0,0.0,0.0,0.039937474,0.038568757,-0.0018132858,0.029414961,0.011403,-0.0094569996,-0.025496,0.001221
826,1955,0.01233476,0.02820031,0.026100215,0.065785855,0.1217926,0.14752831,0,0,0.0,0.0,0.0,0.0,0.0,0.0,0.035707947,0.039937474,0.038568757,-0.0018132858,-0.0095189996,0.011403,-0.0094569996,-0.025496
826,1956,0.015865549,0.013765454,0.053451095,0.10945784,0.13519354,0.14847347,0,0,0.0,0.0,0.0,0.0,0.0,0.0,0.01233476,0.035707947,0.039937474,0.038568757,-0.0043139998,-0.0095189996,0.011403,-0.0094569996
826,1957,-0.0021000949,0.037585545,0.093592286,0.11932798,0.13260792,0.17217034,0,0,0.0,0.0,0.0,0.0,0.0,0.0,0.015865549,0.01233476,0.035707947,0.039937474,-0.0059699998,-0.0043139998,-0.0095189996,0.011403
826,1958,0.03968564,0.095692381,0.12142808,0.13470802,0.17427042,0.22465324,0,0,0.0,0.0,0.0,0.0,0.0,0.0,-0.0021000949,0.015865549,0.01233476,0.035707947,0.013899,-0.0059699998,-0.0043139998,-0.0095189996
826,1959,0.056006745,0.081742443,0.095022373,0.13458478,0.18496761,0.21285738,0,0,0.0,0.0,0.0,0.0,0.0,0.0,0.03968564,-0.0021000949,0.015865549,0.01233476,0.032319002,0.013899,-0.0059699998,-0.0043139998
826,1960,0.025735701,0.039015632,0.07857804,0.12896086,0.15685064,0.17734376,0,0,0.0,0.0,0.0,0.0,0.0,0.0,0.056006745,0.03968564,-0.0021000949,0.015865549,0.014485,0.032319002,0.013899,-0.0059699998
826,1961,0.013279932,0.052842341,0.10322516,0.13111493,0.15160805,0.17471769,0,0,0.0,0.0,0.0,0.0,0.0,0.0,0.025735701,0.056006745,0.03968564,-0.0021000949,-0.0044260002,0.014485,0.032319002,0.013899
826,1962,0.039562412,0.089945234,0.117835,0.13832811,0.16143775,0.20128512,0,0,0.0,0.0,0.0,0.0,0.0,0.0,0.013279932,0.025735701,0.056006745,0.03968564,0.010616,-0.0044260002,0.014485,0.032319002
826,1963,0.050382823,0.078272596,0.098765709,0.12187536,0.16172275,0.18224721,0,0,0.0,0.0,0.0,0.0,0.0,0.0,0.039562412,0.013279932,0.025735701,0.056006745,-0.0072909999,0.010616,-0.0044260002,0.014485
826,1964,0.02788977,0.048382882,0.07149253,0.11133991,0.13186437,0.19144097,0,0,0.0,0.0,0.0,0.0,0.0,0.0,0.050382823,0.039562412,0.013279932,0.025735701,0.018329,-0.0072909999,0.010616,-0.0044260002
826,1965,0.020493113,0.043602765,0.083450146,0.1039746,0.16355121,0.19834456,0,0,0.0,0.0,0.0,0.0,0.0,0.0,0.02788977,0.050382823,0.039562412,0.013279932,0.0055269999,0.018329,-0.0072909999,0.010616
826,1966,0.02310965,0.062957034,0.083481491,0.14305809,0.17785144,0.22079614,0,0,0.0,0.0,0.0,0.0,0.0,0.0,0.020493113,0.02788977,0.050382823,0.039562412,0.0052029998,0.0055269999,0.018329,-0.0072909999
826,1967,0.039847381,0.060371839,0.11994845,0.15474179,0.19768649,0.26284724,0,0,0.0,0.0,0.0,0.0,0.0,0.0,0.02310965,0.020493113,0.02788977,0.050382823,0.010163,0.0052029998,0.0055269999,0.018329
826,1968,0.020524457,0.080101065,0.11489442,0.15783912,0.22299987,0.19827312,0,0,0.0,0.0,0.0,0.0,0.0,0.0,0.039847381,0.02310965,0.020493113,0.02788977,0.005657,0.010163,0.0052029998,0.0055269999
826,1969,0.059576608,0.094369963,0.13731466,0.2024754,0.17774865,0.16286522,0,0,0.0,0.0,0.0,0.0,0.0,0.0,0.020524457,0.039847381,0.02310965,0.020493113,0.0071020001,0.005657,0.010163,0.0052029998
826,1970,0.034793351,0.077738047,0.1428988,0.11817206,0.10328863,0.13250643,0,0,0.0,0.0,0.0,0.0,0.0,0.0,0.059576608,0.020524457,0.039847381,0.02310965,0.002231,0.0071020001,0.005657,0.010163
826,1971,0.0429447,0.10810544,0.083378702,0.068495274,0.097713076,0.12234522,0,0,0.0,0.0,0.0,0.0,0.0,0.0,0.034793351,0.059576608,0.020524457,0.039847381,0.0063069998,0.002231,0.0071020001,0.005657
826,1972,0.065160744,0.040434003,0.02555057,0.054768376,0.079400517,0.12135337,0,0,0.0,0.0,0.0,0.0,0.0,0.0,0.0429447,0.034793351,0.059576608,0.020524457,0.041542999,0.0063069998,0.002231,0.0071020001
826,1973,-0.024726741,-0.039610174,-0.01039237,0.014239771,0.056192622,0.093547598,1,1,0.0,0.0,0.0,0.0,0.0,0.0,0.065160744,0.0429447,0.034793351,0.059576608,0.036341999,0.041542999,0.0063069998,0.002231
826,1974,-0.014883432,0.014334372,0.038966514,0.080919363,0.11827434,0.097862691,1,1,1.0,0.0,0.0,1.0,0.0,0.0,-0.024726741,0.065160744,0.0429447,0.034793351,0.01131,0.036341999,0.041542999,0.0063069998
826,1975,0.029217804,0.053849943,0.095802791,0.13315776,0.11274612,0.10495686,0,0,1.0,1.0,0.0,1.0,1.0,0.0,-0.014883432,-0.024726741,0.065160744,0.0429447,-0.022324,0.01131,0.036341999,0.041542999
826,1976,0.024632141,0.066584989,0.10393997,0.083528325,0.075739063,0.095895782,0,0,0.0,1.0,1.0,0.0,1.0,1.0,0.029217804,-0.014883432,-0.024726741,0.065160744,-0.0063370001,-0.022324,0.01131,0.036341999
826,1977,0.041952848,0.079307824,0.05889618,0.051106919,0.071263641,0.11346936,0,0,0.0,0.0,1.0,0.0,0.0,1.0,0.024632141,0.029217804,-0.014883432,-0.024726741,-0.0034459999,-0.0063370001,-0.022324,0.01131
826,1978,0.037354976,0.016943332,0.0091540702,0.029310789,0.071516514,0.094262183,0,0,0.0,0.0,0.0,0.0,0.0,0.0,0.041952848,0.024632141,0.029217804,-0.014883432,-0.000734,-0.0034459999,-0.0063370001,-0.022324
826,1979,-0.020411644,-0.028200906,-0.008044187,0.034161538,0.056907207,0.098780259,0,0,0.0,0.0,0.0,0.0,0.0,0.0,0.037354976,0.041952848,0.024632141,0.029217804,0.029878,-0.000734,-0.0034459999,-0.0063370001
826,1980,-0.0077892621,0.012367457,0.054573182,0.077318847,0.1191919,0.15072443,0,0,0.0,0.0,0.0,0.0,0.0,0.0,-0.020411644,0.037354976,0.041952848,0.024632141,0.007669,0.029878,-0.000734,-0.0034459999
826,1981,0.020156719,0.062362444,0.085108116,0.12698117,0.1585137,0.21210854,0,0,0.0,0.0,0.0,0.0,0.0,0.0,-0.0077892621,-0.020411644,0.037354976,0.041952848,0.043134,0.007669,0.029878,-0.000734
826,1982,0.042205725,0.06495139,0.10682444,0.13835697,0.19195181,0.24982581,0,0,0.0,0.0,0.0,0.0,0.0,0.0,0.020156719,-0.0077892621,-0.020411644,0.037354976,0.050758999,0.043134,0.007669,0.029878
826,1983,0.022745669,0.064618722,0.096151248,0.14974609,0.20762008,0.23344904,0,0,0.0,0.0,0.0,0.0,0.0,0.0,0.042205725,0.020156719,-0.0077892621,-0.020411644,0.030912001,0.050758999,0.043134,0.007669
826,1984,0.041873053,0.073405579,0.12700042,0.18487442,0.21070337,0.2178722,0,0,0.0,0.0,0.0,0.0,0.0,0.0,0.022745669,0.042205725,0.020156719,-0.0077892621,0.048037998,0.030912001,0.050758999,0.043134
826,1985,0.031532522,0.085127369,0.14300136,0.16883031,0.17599913,0.16480929,0,0,0.0,0.0,0.0,0.0,0.0,0.0,0.041873053,0.022745669,0.042205725,0.020156719,0.033100002,0.048037998,0.030912001,0.050758999
826,1986,0.053594846,0.11146884,0.13729779,0.14446662,0.13327679,0.13687551,0,0,0.0,0.0,0.0,0.0,0.0,0.0,0.031532522,0.041873053,0.022745669,0.042205725,0.057541002,0.033100002,0.048037998,0.030912001
826,1987,0.057873998,0.083702952,0.090871781,0.07968194,0.083280668,0.10835081,0,0,0.0,0.0,0.0,0.0,0.0,0.0,0.053594846,0.031532522,0.041873053,0.022745669,0.042270001,0.057541002,0.033100002,0.048037998
826,1988,0.02582895,0.03299778,0.021807939,0.025406662,0.050476797,0.089327544,0,0,0.0,0.0,0.0,0.0,0.0,0.0,0.057873998,0.053594846,0.031532522,0.041873053,0.074445002,0.042270001,0.057541002,0.033100002
826,1989,0.0071688294,-0.0040210113,-0.00042228727,0.024647849,0.063498594,0.088562325,0,0,0.0,0.0,0.0,0.0,0.0,0.0,0.02582895,0.057873998,0.053594846,0.031532522,0.068328001,0.074445002,0.042270001,0.057541002
826,1990,-0.011189841,-0.0075911167,0.017479019,0.056329764,0.081393495,0.10688084,0,0,0.0,0.0,0.0,0.0,0.0,0.0,0.0071688294,0.02582895,0.057873998,0.053594846,0.030053999,0.068328001,0.074445002,0.042270001
826,1991,0.003598724,0.02866886,0.067519605,0.092583336,0.11807068,0.14934246,0,0,0.0,0.0,0.0,0.0,0.0,0.0,-0.011189841,0.0071688294,0.02582895,0.057873998,-0.0054049999,0.030053999,0.068328001,0.074445002
826,1992,0.025070136,0.063920885,0.088984616,0.11447196,0.14574374,0.17765154,0,0,0.0,0.0,0.0,0.0,0.0,0.0,0.003598724,-0.011189841,0.0071688294,0.02582895,-0.021736,-0.0054049999,0.030053999,0.068328001
826,1993,0.038850747,0.063914478,0.089401826,0.12067361,0.15258141,0.1854149,0,0,0.0,0.0,0.0,0.0,0.0,0.0,0.025070136,0.003598724,-0.011189841,0.0071688294,-0.030708,-0.021736,-0.0054049999,0.030053999
826,1994,0.025063729,0.050551072,0.081822857,0.11373065,0.14656414,0.18401377,0,0,0.0,0.0,0.0,0.0,0.0,0.0,0.038850747,0.025070136,0.003598724,-0.011189841,-0.01894,-0.030708,-0.021736,-0.0054049999
826,1995,0.025487345,0.05675913,0.088666923,0.1215004,0.15895003,0.18621111,0,0,0.0,0.0,0.0,0.0,0.0,0.0,0.025063729,0.038850747,0.025070136,0.003598724,0.011361,-0.01894,-0.030708,-0.021736
826,1996,0.031271785,0.063179582,0.096013069,0.1334627,0.16072378,0.18469626,0,0,0.0,0.0,0.0,0.0,0.0,0.0,0.025487345,0.025063729,0.038850747,0.025070136,0.001667,0.011361,-0.01894,-0.030708
826,1997,0.031907793,0.064741276,0.1021909,0.12945198,0.15342446,0.18808684,0,0,0.0,0.0,0.0,0.0,0.0,0.0,0.031271785,0.025487345,0.025063729,0.038850747,-0.022710999,0.001667,0.011361,-0.01894
826,1998,0.032833483,0.070283107,0.097544178,0.12151666,0.15617904,0.18145782,0,0,0.0,0.0,0.0,0.0,0.0,0.0,0.031907793,0.031271785,0.025487345,0.025063729,0.0091869999,-0.022710999,0.001667,0.011361
826,1999,0.037449624,0.064710699,0.088683181,0.12334557,0.14862435,0.17834531,0,0,0.0,0.0,0.0,0.0,0.0,0.0,0.032833483,0.031907793,0.031271785,0.025487345,0.030224999,0.0091869999,-0.022710999,0.001667
826,2000,0.027261073,0.051233556,0.085895941,0.11117471,0.14089566,0.16592576,0,0,0.0,0.0,0.0,0.0,0.0,0.0,0.037449624,0.032833483,0.031907793,0.031271785,0.036134999,0.030224999,0.0091869999,-0.022710999
826,2001,0.023972483,0.05863487,0.083913639,0.11363459,0.13866468,0.16422287,0,0,0.0,0.0,0.0,0.0,0.0,0.0,0.027261073,0.037449624,0.032833483,0.031907793,0.050028,0.036134999,0.030224999,0.0091869999
826,2002,0.034662388,0.059941158,0.089662112,0.1146922,0.14025038,0.13397834,0,1,0.0,0.0,0.0,0.0,0.0,0.0,0.023972483,0.027261073,0.037449624,0.032833483,0.054997001,0.050028,0.036134999,0.030224999
826,2003,0.025278771,0.054999728,0.080029815,0.105588,0.099315949,0.05603857,0,0,0.0,0.0,0.0,1.0,0.0,0.0,0.034662388,0.023972483,0.027261073,0.037449624,0.030306,0.054997001,0.050028,0.036134999
826,2004,0.029720956,0.054751042,0.080309235,0.074037179,0.0307598,0.049911417,0,0,0.0,0.0,0.0,0.0,1.0,0.0,0.025278771,0.034662388,0.023972483,0.027261073,0.039232999,0.030306,0.054997001,0.050028
826,2005,0.025030086,0.050588276,0.044316225,0.0010388456,0.020190464,0.035281084,0,0,0.0,0.0,0.0,0.0,0.0,1.0,0.029720956,0.025278771,0.034662388,0.023972483,0.029300001,0.039232999,0.030306,0.054997001
826,2006,0.02555819,0.019286139,-0.02399124,-0.0048396215,0.010250997,0.023381181,0,0,0.0,0.0,0.0,0.0,0.0,0.0,0.025030086,0.029720956,0.025278771,0.034662388,0.060681999,0.029300001,0.039232999,0.030306
826,2007,-0.0062720519,-0.049549431,-0.030397812,-0.015307194,-0.0021770084,0.016933776,0,0,0.0,0.0,0.0,0.0,0.0,0.0,0.02555819,0.025030086,0.029720956,0.025278771,0.055955999,0.060681999,0.029300001,0.039232999
826,2008,-0.043277379,-0.02412576,-0.0090351421,0.0040950431,0.023205828,0.053910665,1,1,0.0,0.0,0.0,0.0,0.0,0.0,-0.0062720519,0.02555819,0.025030086,0.029720956,0.024729,0.055955999,0.060681999,0.029300001
826,2009,0.019151619,0.034242235,0.047372419,0.0664832,0.097188041,0.11913033,0,0,1.0,0.0,0.0,1.0,0.0,0.0,-0.043277379,-0.0062720519,0.02555819,0.025030086,0.026089,0.024729,0.055955999,0.060681999
826,2010,0.015090618,0.028220803,0.047331586,0.078036427,0.099978715,0.1180389,0,0,0.0,1.0,0.0,0.0,1.0,0.0,0.019151619,-0.043277379,-0.0062720519,0.02555819,-0.16528,0.026089,0.024729,0.055955999
826,2011,0.013130185,0.032240968,0.062945805,0.084888101,0.10294829,,1,0,0.0,0.0,1.0,0.0,0.0,1.0,0.015090618,0.019151619,-0.043277379,-0.0062720519,-0.058830999,-0.16528,0.026089,0.024729
826,2012,0.019110784,0.049815621,0.071757913,0.089818098,,,0,0,1.0,0.0,0.0,0.0,0.0,0.0,0.013130185,0.015090618,0.019151619,-0.043277379,-0.03703,-0.058830999,-0.16528,0.026089
826,2013,0.030704837,0.052647129,0.070707314,,,,0,0,0.0,1.0,0.0,0.0,0.0,0.0,0.019110784,0.013130185,0.015090618,0.019151619,-0.046831999,-0.03703,-0.058830999,-0.16528
842,1870,0.044611823,0.08465974,0.13360764,0.12735353,0.17828295,0.19012851,0,0,,,,,,,-0.028625216,,,,,,,
842,1871,0.040047918,0.088995814,0.082741708,0.13367113,0.14551669,0.17738858,0,0,0.0,,,0.0,,,0.044611823,-0.028625216,,,,,,
842,1872,0.048947897,0.042693794,0.093623213,0.10546878,0.13734066,0.17831278,0,0,0.0,0.0,,0.0,0.0,,0.040047918,0.044611823,-0.028625216,,,,,
842,1873,-0.0062541035,0.044675317,0.056520879,0.088392757,0.12936488,0.24552462,0,0,0.0,0.0,0.0,0.0,0.0,0.0,0.048947897,0.040047918,0.044611823,-0.028625216,,,,
842,1874,0.05092942,0.062774986,0.094646864,0.13561898,0.25177872,0.36313546,0,0,0.0,0.0,0.0,0.0,0.0,0.0,-0.0062541035,0.048947897,0.040047918,0.044611823,,,,
842,1875,0.011845564,0.043717444,0.084689558,0.20084929,0.31220603,0.34719694,0,0,0.0,0.0,0.0,0.0,0.0,0.0,0.05092942,-0.0062541035,0.048947897,0.040047918,,,,
842,1876,0.031871878,0.072843991,0.18900374,0.30036044,0.33535135,0.39725605,0,0,0.0,0.0,0.0,0.0,0.0,0.0,0.011845564,0.05092942,-0.0062541035,0.048947897,,,,
842,1877,0.040972114,0.15713185,0.26848859,0.30347949,0.36538419,0.38949761,0,0,0.0,0.0,0.0,0.0,0.0,0.0,0.031871878,0.011845564,0.05092942,-0.0062541035,,,,
842,1878,0.11615974,0.22751646,0.26250738,0.32441208,0.34852549,0.36639357,0,0,0.0,0.0,0.0,0.0,0.0,0.0,0.040972114,0.031871878,0.011845564,0.05092942,,,,
842,1879,0.11135672,0.14634764,0.20825233,0.23236576,0.25023383,0.25779498,0,0,0.0,0.0,0.0,0.0,0.0,0.0,0.11615974,0.040972114,0.031871878,0.011845564,,,,
842,1880,0.034990914,0.096895605,0.12100903,0.13887709,0.14643823,0.17612356,0,0,0.0,0.0,0.0,0.0,0.0,0.0,0.11135672,0.11615974,0.040972114,0.031871878,,,,
842,1881,0.061904687,0.086018115,0.10388619,0.11144733,0.14113265,0.18524033,0,0,0.0,0.0,0.0,0.0,0.0,0.0,0.034990914,0.11135672,0.11615974,0.040972114,-0.000848,,,
842,1882,0.024113424,0.041981492,0.049542632,0.079227954,0.12333564,0.11866023,0,0,0.0,0.0,0.0,0.0,0.0,0.0,0.061904687,0.034990914,0.11135672,0.11615974,0.0030159999,-0.000848,,
842,1883,0.017868068,0.025429206,0.05511453,0.099222213,0.094546802,0.15479179,0,0,0.0,0.0,0.0,0.0,0.0,0.0,0.024113424,0.061904687,0.034990914,0.11135672,0.014822,0.0030159999,-0.000848,
842,1884,0.0075611384,0.037246466,0.081354149,0.076678738,0.13692373,0.15116408,0,0,0.0,0.0,0.0,0.0,0.0,0.0,0.017868068,0.024113424,0.061904687,0.034990914,0.014134,0.014822,0.0030159999,-0.000848
842,1885,0.029685326,0.073793009,0.069117598,0.12936258,0.14360294,0.18606223,0,0,0.0,0.0,0.0,0.0,0.0,0.0,0.0075611384,0.017868068,0.024113424,0.061904687,0.0073000002,0.014134,0.014822,0.0030159999
842,1886,0.044107683,0.039432272,0.099677265,0.11391763,0.15637691,0.24895397,0,0,0.0,0.0,0.0,0.0,0.0,0.0,0.029685326,0.0075611384,0.017868068,0.024113424,0.0045019998,0.0073000002,0.014134,0.014822
842,1887,-0.0046754088,0.055569582,0.069809943,0.11226924,0.20484629,0.15521361,0,0,0.0,0.0,0.0,0.0,0.0,0.0,0.044107683,0.029685326,0.0075611384,0.017868068,0.024269,0.0045019998,0.0073000002,0.014134
842,1888,0.060244989,0.074485347,0.11694464,0.20952168,0.159889,0.13070628,0,0,0.0,0.0,0.0,0.0,0.0,0.0,-0.0046754088,0.044107683,0.029685326,0.0075611384,0.0053810002,0.024269,0.0045019998,0.0073000002
842,1889,0.01424036,0.056699648,0.1492767,0.09964402,0.070461303,0.18444066,0,0,0.0,0.0,0.0,0.0,0.0,0.0,0.060244989,-0.0046754088,0.044107683,0.029685326,0.027604001,0.0053810002,0.024269,0.0045019998
842,1890,0.04245929,0.13503633,0.085403651,0.056220934,0.17020029,0.14966558,0,0,0.0,0.0,0.0,0.0,0.0,0.0,0.01424036,0.060244989,-0.0046754088,0.044107683,0.0056070001,0.027604001,0.0053810002,0.024269
842,1891,0.092577048,0.042944361,0.013761641,0.12774099,0.10720628,0.19835857,0,0,0.0,0.0,0.0,0.0,0.0,0.0,0.04245929,0.01424036,0.060244989,-0.0046754088,0.0084870001,0.0056070001,0.027604001,0.0053810002
842,1892,-0.049632687,-0.078815408,0.035163946,0.014629241,0.10578153,0.12640077,0,0,0.0,0.0,0.0,0.0,0.0,0.0,0.092577048,0.04245929,0.01424036,0.060244989,0.0026130001,0.0084870001,0.0056070001,0.027604001
842,1893,-0.029182719,0.084796637,0.064261928,0.15541422,0.17603347,0.26304477,0,0,0.0,0.0,0.0,0.0,0.0,0.0,-0.049632687,0.092577048,0.04245929,0.01424036,0.023808001,0.0026130001,0.0084870001,0.0056070001
842,1894,0.11397935,0.093444645,0.18459693,0.20521617,0.29222748,0.31907478,0,0,0.0,0.0,0.0,0.0,0.0,0.0,-0.029182719,-0.049632687,0.092577048,0.04245929,0.010911,0.023808001,0.0026130001,0.0084870001
842,1895,-0.020534705,0.070617586,0.09123683,0.17824814,0.20509544,0.31177959,0,0,0.0,0.0,0.0,0.0,0.0,0.0,0.11397935,-0.029182719,-0.049632687,0.092577048,-0.01932,0.010911,0.023808001,0.0026130001
842,1896,0.091152288,0.11177152,0.19878283,0.22563013,0.33231428,0.34267712,0,0,0.0,0.0,0.0,0.0,0.0,0.0,-0.020534705,0.11397935,-0.029182719,-0.049632687,0.024870999,-0.01932,0.010911,0.023808001
842,1897,0.02061924,0.10763054,0.13447784,0.241162,0.25152484,0.29898161,0,0,0.0,0.0,0.0,0.0,0.0,0.0,0.091152288,-0.020534705,0.11397935,-0.029182719,-0.013965,0.024870999,-0.01932,0.010911
842,1898,0.0870113,0.1138586,0.22054276,0.23090559,0.27836236,0.26564133,0,0,0.0,0.0,0.0,0.0,0.0,0.0,0.02061924,0.091152288,-0.020534705,0.11397935,-0.012382,-0.013965,0.024870999,-0.01932
842,1899,0.026847303,0.13353145,0.14389428,0.19135106,0.17863004,0.24999094,0,0,0.0,0.0,0.0,0.0,0.0,0.0,0.0870113,0.02061924,0.091152288,-0.020534705,0.01363,-0.012382,-0.013965,0.024870999
842,1900,0.10668416,0.11704698,0.16450375,0.15178274,0.22314364,0.33220583,0,0,0.0,0.0,0.0,0.0,0.0,0.0,0.026847303,0.0870113,0.02061924,0.091152288,0.003974,0.01363,-0.012382,-0.013965
842,1901,0.01036283,0.057819594,0.045098573,0.11645948,0.22552165,0.24084319,0,0,0.0,0.0,0.0,0.0,0.0,0.0,0.10668416,0.026847303,0.0870113,0.02061924,0.012404,0.003974,0.01363,-0.012382
842,1902,0.047456764,0.034735743,0.10609666,0.21515884,0.23048037,0.14506257,0,0,0.0,0.0,0.0,0.0,0.0,0.0,0.01036283,0.10668416,0.026847303,0.0870113,0.0065740002,0.012404,0.003974,0.01363
842,1903,-0.012721022,0.058639888,0.16770206,0.1830236,0.097605802,0.2129797,0,0,0.0,0.0,0.0,0.0,0.0,0.0,0.047456764,0.01036283,0.10668416,0.026847303,-0.001543,0.0065740002,0.012404,0.003974
842,1904,0.071360908,0.18042308,0.19574462,0.11032682,0.22570072,0.23586456,0,0,0.0,0.0,0.0,0.0,0.0,0.0,-0.012721022,0.047456764,0.01036283,0.10668416,0.017091,-0.001543,0.0065740002,0.012404
842,1905,0.10906218,0.12438372,0.038965918,0.15433982,0.16450366,0.19656837,0,0,0.0,0.0,0.0,0.0,0.0,0.0,0.071360908,-0.012721022,0.047456764,0.01036283,-0.0022229999,0.017091,-0.001543,0.0065740002
842,1906,0.015321539,-0.070096262,0.04527764,0.05544148,0.087506182,0.13323441,0,0,0.0,0.0,0.0,0.0,0.0,0.0,0.10906218,0.071360908,-0.012721022,0.047456764,0.0057350001,-0.0022229999,0.017091,-0.001543
842,1907,-0.0854178,0.029956102,0.040119942,0.072184645,0.11791288,0.15665376,1,1,0.0,0.0,0.0,0.0,0.0,0.0,0.015321539,0.10906218,0.071360908,-0.012721022,-0.0037529999,0.0057350001,-0.0022229999,0.017091
842,1908,0.1153739,0.12553774,0.15760244,0.20333068,0.24207155,,0,0,1.0,0.0,0.0,1.0,0.0,0.0,-0.0854178,0.015321539,0.10906218,0.071360908,0.029398,-0.0037529999,0.0057350001,-0.0022229999
842,1909,0.010163839,0.042228542,0.087956779,0.12669766,,,0,0,0.0,1.0,0.0,0.0,1.0,0.0,0.1153739,-0.0854178,0.015321539,0.10906218,0.0035600001,0.029398,-0.0037529999,0.0057350001
842,1910,0.032064702,0.077792943,0.11653382,,,,0,0,0.0,0.0,1.0,0.0,0.0,1.0,0.010163839,0.1153739,-0.0854178,0.015321539,0.026725,0.0035600001,0.029398,-0.0037529999
842,1919,-0.0095445197,-0.032473233,0.021359339,0.1452288,0.17538919,0.19831286,0,0,,,,,,,0.0086729638,,,,,,,
842,1920,-0.022928713,0.030903859,0.15477332,0.18493371,0.20785739,0.27097845,0,1,0.0,,,0.0,,,-0.0095445197,0.0086729638,,,0.030567,,,
842,1921,0.053832572,0.17770204,0.20786242,0.2307861,0.29390717,0.3038311,0,0,0.0,0.0,,1.0,0.0,,-0.022928713,-0.0095445197,0.0086729638,,0.05091,0.030567,,
842,1922,0.12386947,0.15402986,0.17695354,0.24007462,0.24999857,0.26112798,0,0,0.0,0.0,0.0,0.0,1.0,0.0,0.053832572,-0.022928713,-0.0095445197,0.0086729638,-0.015357,0.05091,0.030567,
842,1923,0.030160388,0.053084072,0.11620516,0.12612911,0.13725853,0.19665688,0,0,0.0,0.0,0.0,0.0,0.0,1.0,0.12386947,0.053832572,-0.022928713,-0.0095445197,-0.020710001,-0.015357,0.05091,0.030567
842,1924,0.022923684,0.086044766,0.095968708,0.10709813,0.16649649,0.073331311,0,0,0.0,0.0,0.0,0.0,0.0,0.0,0.030160388,0.12386947,0.053832572,-0.022928713,0.016183,-0.020710001,-0.015357,0.05091
842,1925,0.06312108,0.073045023,0.084174447,0.14357281,0.050407633,-0.029466785,0,0,0.0,0.0,0.0,0.0,0.0,0.0,0.022923684,0.030160388,0.12386947,0.053832572,0.017808,0.016183,-0.020710001,-0.015357
842,1926,0.0099239452,0.021053366,0.080451727,-0.012713447,-0.092587866,-0.23417497,0,0,0.0,0.0,0.0,0.0,0.0,0.0,0.06312108,0.022923684,0.030160388,0.12386947,0.0026529999,0.017808,0.016183,-0.020710001
842,1927,0.011129422,0.070527785,-0.02263739,-0.10251181,-0.24409892,-0.26533106,0,0,0.0,0.0,0.0,0.0,0.0,0.0,0.0099239452,0.06312108,0.022923684,0.030160388,0.027481999,0.0026529999,0.017808,0.016183
842,1928,0.059398361,-0.033766814,-0.11364123,-0.25522834,-0.27646047,-0.20204607,0,0,0.0,0.0,0.0,0.0,0.0,0.0,0.011129422,0.0099239452,0.06312108,0.022923684,0.018606,0.027481999,0.0026529999,0.017808
842,1929,-0.093165174,-0.17303959,-0.31462669,-0.33585882,-0.26144442,-0.18773489,0,0,0.0,0.0,0.0,0.0,0.0,0.0,0.059398361,0.011129422,0.0099239452,0.06312108,-0.0047929999,0.018606,0.027481999,0.0026529999
842,1930,-0.079874419,-0.22146153,-0.24269368,-0.16827929,-0.094569758,0.038313761,1,0,0.0,0.0,0.0,0.0,0.0,0.0,-0.093165174,0.059398361,0.011129422,0.0099239452,0.053264,-0.0047929999,0.018606,0.027481999
842,1931,-0.14158711,-0.16281925,-0.088404857,-0.014695324,0.11818819,0.16007248,1,1,1.0,0.0,0.0,0.0,0.0,0.0,-0.079874419,-0.093165174,0.059398361,0.011129422,0.022033,0.053264,-0.0047929999,0.018606
842,1932,-0.021232143,0.053182252,0.12689179,0.25977531,0.30165958,0.26107064,0,0,1.0,1.0,0.0,1.0,0.0,0.0,-0.14158711,-0.079874419,-0.093165174,0.059398361,0.028687,0.022033,0.053264,-0.0047929999
842,1933,0.074414395,0.14812392,0.28100744,0.32289171,0.28230277,,0,0,0.0,1.0,1.0,0.0,1.0,0.0,-0.021232143,-0.14158711,-0.079874419,-0.093165174,-0.091770001,0.028687,0.022033,0.053264
842,1934,0.073709533,0.20659305,0.24847732,0.20788836,,,0,0,0.0,0.0,1.0,0.0,0.0,1.0,0.074414395,-0.021232143,-0.14158711,-0.079874419,-0.099937998,-0.091770001,0.028687,0.022033
842,1935,0.13288352,0.17476779,0.13417883,,,,0,0,0.0,0.0,0.0,0.0,0.0,0.0,0.073709533,0.074414395,-0.021232143,-0.14158711,-0.062222,-0.099937998,-0.091770001,0.028687
842,1946,-0.015176002,0.02195305,0.025822971,0.10915847,0.18254831,0.21918181,0,0,,,,,,,-0.23111802,,,,,,,
842,1947,0.037129052,0.040998973,0.12433447,0.19772431,0.2343578,0.27930984,0,0,0.0,,,0.0,,,-0.015176002,-0.23111802,,,0.025690001,,,
842,1948,0.0038699217,0.087205417,0.16059525,0.19722876,0.24218078,0.23559071,0,0,0.0,0.0,,0.0,0.0,,0.037129052,-0.015176002,-0.23111802,,0.005713,0.025690001,,
842,1949,0.083335496,0.15672533,0.19335884,0.23831086,0.23172079,0.29999113,0,0,0.0,0.0,0.0,0.0,0.0,0.0,0.0038699217,0.037129052,-0.015176002,-0.23111802,0.010481,0.005713,0.025690001,
842,1950,0.073389836,0.11002333,0.15497535,0.14838529,0.21665564,0.23600623,0,0,0.0,0.0,0.0,0.0,0.0,0.0,0.083335496,0.0038699217,0.037129052,-0.015176002,0.025386,0.010481,0.005713,0.025690001
842,1951,0.036633499,0.081585526,0.074995458,0.14326581,0.1626164,0.18121579,0,0,0.0,0.0,0.0,0.0,0.0,0.0,0.073389836,0.083335496,0.0038699217,0.037129052,-0.003337,0.025386,0.010481,0.005713
842,1952,0.044952024,0.038361959,0.10663231,0.12598291,0.1445823,0.13442743,0,0,0.0,0.0,0.0,0.0,0.0,0.0,0.036633499,0.073389836,0.083335496,0.0038699217,0.013645,-0.003337,0.025386,0.010481
842,1953,-0.0065900651,0.061680291,0.081030883,0.099630281,0.089475416,0.16106597,0,0,0.0,0.0,0.0,0.0,0.0,0.0,0.044952024,0.036633499,0.073389836,0.083335496,0.003792,0.013645,-0.003337,0.025386
842,1954,0.068270355,0.087620944,0.10622034,0.096065477,0.16765603,0.19222139,0,0,0.0,0.0,0.0,0.0,0.0,0.0,-0.0065900651,0.044952024,0.036633499,0.073389836,0.020082001,0.003792,0.013645,-0.003337
842,1955,0.019350592,0.03794999,0.027795121,0.099385671,0.12395103,0.14695102,0,0,0.0,0.0,0.0,0.0,0.0,0.0,0.068270355,-0.0065900651,0.044952024,0.036633499,0.026963999,0.020082001,0.003792,0.013645
842,1956,0.018599398,0.00844453,0.080035083,0.10460044,0.12760043,0.18860044,0,0,0.0,0.0,0.0,0.0,0.0,0.0,0.019350592,0.068270355,-0.0065900651,0.044952024,0.020057,0.026963999,0.020082001,0.003792
842,1957,-0.010154868,0.061435681,0.086001039,0.10900104,0.17000104,0.21400104,0,0,0.0,0.0,0.0,0.0,0.0,0.0,0.018599398,0.019350592,0.068270355,-0.0065900651,0.0054239999,0.020057,0.026963999,0.020082001
842,1958,0.07159055,0.096155904,0.11915591,0.1801559,0.2241559,0.2821559,0,0,0.0,0.0,0.0,0.0,0.0,0.0,-0.010154868,0.018599398,0.019350592,0.068270355,0.018680001,0.0054239999,0.020057,0.026963999
842,1959,0.024565356,0.047565356,0.10856536,0.15256536,0.21056536,0.27456537,0,0,0.0,0.0,0.0,0.0,0.0,0.0,0.07159055,-0.010154868,0.018599398,0.019350592,0.018169999,0.018680001,0.0054239999,0.020057
842,1960,0.023,0.083999999,0.12799999,0.18599999,0.25,0.315,0,0,0.0,0.0,0.0,0.0,0.0,0.0,0.024565356,0.07159055,-0.010154868,0.018599398,0.015215,0.018169999,0.018680001,0.0054239999
842,1961,0.061000001,0.105,0.163,0.227,0.292,0.317,0,0,0.0,0.0,0.0,0.0,0.0,0.0,0.023,0.024565356,0.07159055,-0.010154868,0.016683999,0.015215,0.018169999,0.018680001
842,1962,0.044,0.102,0.16600001,0.23100001,0.25600001,0.30400002,0,0,0.0,0.0,0.0,0.0,0.0,0.0,0.061000001,0.023,0.024565356,0.07159055,0.016502,0.016683999,0.015215,0.018169999
842,1963,0.058000002,0.12200001,0.18700001,0.21200001,0.26000002,0.29100001,0,0,0.0,0.0,0.0,0.0,0.0,0.0,0.044,0.061000001,0.023,0.024565356,0.029643999,0.016502,0.016683999,0.015215
842,1964,0.064000003,0.12900001,0.15400001,0.20200002,0.23300003,0.26506811,0,0,0.0,0.0,0.0,0.0,0.0,0.0,0.058000002,0.044,0.061000001,0.023,0.019161001,0.029643999,0.016502,0.016683999
842,1965,0.064999998,0.089999996,0.138,0.169,0.20106807,0.23402284,0,0,0.0,0.0,0.0,0.0,0.0,0.0,0.064000003,0.058000002,0.044,0.061000001,0.019545,0.019161001,0.029643999,0.016502
842,1966,0.025,0.072999999,0.104,0.13606808,0.16902284,0.22165547,0,0,0.0,0.0,0.0,0.0,0.0,0.0,0.064999998,0.064000003,0.058000002,0.044,-0.0085929995,0.019545,0.019161001,0.029643999
842,1967,0.048,0.078999996,0.11106807,0.14402284,0.19665547,0.25308672,0,0,0.0,0.0,0.0,0.0,0.0,0.0,0.025,0.064999998,0.064000003,0.058000002,0.013756,-0.0085929995,0.019545,0.019161001
842,1968,0.030999999,0.063068077,0.096022844,0.14865547,0.20508672,0.19991517,0,0,0.0,0.0,0.0,0.0,0.0,0.0,0.048,0.025,0.064999998,0.064000003,-0.0068560001,0.013756,-0.0085929995,0.019545
842,1969,0.032068074,0.065022841,0.11765547,0.17408672,0.16891517,0.16693838,0,0,0.0,0.0,0.0,0.0,0.0,0.0,0.030999999,0.048,0.025,0.064999998,6.2999999e-05,-0.0068560001,0.013756,-0.0085929995
842,1970,0.032954767,0.085587397,0.14201865,0.13684709,0.13487031,0.18873121,0,0,0.0,0.0,0.0,0.0,0.0,0.0,0.032068074,0.030999999,0.048,0.025,-0.0025490001,6.2999999e-05,-0.0068560001,0.013756
842,1971,0.052632626,0.10906388,0.10389233,0.10191555,0.15577644,0.20186241,0,0,0.0,0.0,0.0,0.0,0.0,0.0,0.032954767,0.032068074,0.030999999,0.048,0.011137,-0.0025490001,6.2999999e-05,-0.0068560001
842,1972,0.056431249,0.051259704,0.04928292,0.10314383,0.14922979,0.20484665,0,0,0.0,0.0,0.0,0.0,0.0,0.0,0.052632626,0.032954767,0.032068074,0.030999999,0.029338,0.011137,-0.0025490001,6.2999999e-05
842,1973,-0.0051715458,-0.007148331,0.04671257,0.092798546,0.1484154,0.18017231,0,0,0.0,0.0,0.0,0.0,0.0,0.0,0.056431249,0.052632626,0.032954767,0.032068074,0.028757,0.029338,0.011137,-0.0025490001
842,1974,-0.0019767853,0.051884118,0.097970091,0.15358694,0.18534385,0.18289788,1,1,0.0,0.0,0.0,0.0,0.0,0.0,-0.0051715458,0.056431249,0.052632626,0.032954767,0.0071459999,0.028757,0.029338,0.011137
842,1975,0.053860903,0.099946871,0.15556373,0.18732063,0.18487467,0.21081938,0,0,1.0,0.0,0.0,1.0,0.0,0.0,-0.0019767853,-0.0051715458,0.056431249,0.052632626,-0.026916999,0.0071459999,0.028757,0.029338
842,1976,0.046085972,0.10170282,0.13345973,0.13101377,0.15695848,0.13784957,0,0,0.0,1.0,0.0,0.0,1.0,0.0,0.053860903,-0.0019767853,-0.0051715458,0.056431249,-0.0050400002,-0.026916999,0.0071459999,0.028757
842,1977,0.055616852,0.087373763,0.084927797,0.1108725,0.091763586,0.13808817,0,0,0.0,0.0,1.0,0.0,0.0,1.0,0.046085972,0.053860903,-0.0019767853,-0.0051715458,0.019100999,-0.0050400002,-0.026916999,0.0071459999
842,1978,0.031756908,0.029310945,0.055255651,0.036146741,0.082471311,0.15506218,0,0,0.0,0.0,0.0,0.0,0.0,0.0,0.055616852,0.046085972,0.053860903,-0.0019767853,0.010569,0.019100999,-0.0050400002,-0.026916999
842,1979,-0.0024459623,0.023498742,0.0043898318,0.050714403,0.12330528,0.16569266,0,0,0.0,0.0,0.0,0.0,0.0,0.0,0.031756908,0.055616852,0.046085972,0.053860903,-0.00075100001,0.010569,0.019100999,-0.0050400002
842,1980,0.025944704,0.0068357941,0.053160369,0.12575124,0.16813862,0.20325477,0,0,0.0,0.0,0.0,0.0,0.0,0.0,-0.0024459623,0.031756908,0.055616852,0.046085972,-0.015872,-0.00075100001,0.010569,0.019100999
842,1981,-0.01910891,0.027215663,0.099806532,0.14219391,0.17731006,0.21192753,0,0,0.0,0.0,0.0,0.0,0.0,0.0,0.025944704,-0.0024459623,0.031756908,0.055616852,-0.027632,-0.015872,-0.00075100001,0.010569
842,1982,0.046324573,0.11891545,0.16130282,0.19641897,0.23103645,0.27307618,0,0,0.0,0.0,0.0,0.0,0.0,0.0,-0.01910891,0.025944704,-0.0024459623,0.031756908,-0.00043700001,-0.027632,-0.015872,-0.00075100001
842,1983,0.072590873,0.11497825,0.1500944,0.18471187,0.2267516,0.26355684,0,0,0.0,0.0,0.0,0.0,0.0,0.0,0.046324573,-0.01910891,0.025944704,-0.0024459623,0.0096500004,-0.00043700001,-0.027632,-0.015872
842,1984,0.042387377,0.077503525,0.112121,0.15416072,0.19096597,0.21015967,0,0,0.0,0.0,0.0,0.0,0.0,0.0,0.072590873,0.046324573,-0.01910891,0.025944704,0.024954,0.0096500004,-0.00043700001,-0.027632
842,1985,0.035116147,0.06973362,0.11177334,0.14857858,0.16777229,0.16703145,0,0,0.0,0.0,0.0,0.0,0.0,0.0,0.042387377,0.072590873,0.046324573,-0.01910891,0.015516,0.024954,0.0096500004,-0.00043700001
842,1986,0.034617476,0.076657191,0.11346243,0.13265614,0.1319153,0.16746926,0,0,0.0,0.0,0.0,0.0,0.0,0.0,0.035116147,0.042387377,0.072590873,0.046324573,0.025508,0.015516,0.024954,0.0096500004
842,1987,0.042039718,0.078844965,0.098038666,0.097297817,0.13285178,0.16031034,0,0,0.0,0.0,0.0,0.0,0.0,0.0,0.034617476,0.035116147,0.042387377,0.072590873,0.012183,0.025508,0.015516,0.024954
842,1988,0.036805242,0.055998944,0.055258099,0.090812057,0.11827062,0.15864706,0,0,0.0,0.0,0.0,0.0,0.0,0.0,0.042039718,0.034617476,0.035116147,0.042387377,0.00077300001,0.012183,0.025508,0.015516
842,1989,0.019193703,0.018452859,0.054006822,0.081465393,0.12184183,0.14903159,0,0,0.0,0.0,0.0,0.0,0.0,0.0,0.036805242,0.042039718,0.034617476,0.035116147,-0.023164,0.00077300001,0.012183,0.025508
842,1990,-0.00074084528,0.034813117,0.062271684,0.10264812,0.12983789,0.1677967,1,0,0.0,0.0,0.0,0.0,0.0,0.0,0.019193703,0.036805242,0.042039718,0.034617476,-0.026690001,-0.023164,0.00077300001,0.012183
842,1991,0.035553962,0.063012525,0.10338897,0.13057873,0.16853754,0.21340781,0,0,1.0,0.0,0.0,0.0,0.0,0.0,-0.00074084528,0.019193703,0.036805242,0.042039718,-0.036125001,-0.026690001,-0.023164,0.00077300001
842,1992,0.027458567,0.067835003,0.095024765,0.13298358,0.17785385,0.22235297,0,0,0.0,1.0,0.0,0.0,0.0,0.0,0.035553962,-0.00074084528,0.019193703,0.036805242,-0.037379,-0.036125001,-0.026690001,-0.023164
842,1993,0.040376436,0.067566194,0.105525,0.15039527,0.19489439,0.24174638,0,0,0.0,0.0,1.0,0.0,0.0,0.0,0.027458567,0.035553962,-0.00074084528,0.019193703,-0.0060629998,-0.037379,-0.036125001,-0.026690001
842,1994,0.027189758,0.06514857,0.11001883,0.15451795,0.20136994,0.2422917,0,0,0.0,0.0,0.0,0.0,0.0,0.0,0.040376436,0.027458567,0.035553962,-0.00074084528,0.00062599999,-0.0060629998,-0.037379,-0.036125001
842,1995,0.037958812,0.082829081,0.12732819,0.17418018,0.21510194,0.22486176,0,0,0.0,0.0,0.0,0.0,0.0,0.0,0.027189758,0.040376436,0.027458567,0.035553962,0.0070190001,0.00062599999,-0.0060629998,-0.037379
842,1996,0.044870269,0.089369379,0.13622138,0.17714314,0.18690296,0.20476423,0,0,0.0,0.0,0.0,0.0,0.0,0.0,0.037958812,0.027189758,0.040376436,0.027458567,-0.00054899999,0.0070190001,0.00062599999,-0.0060629998
842,1997,0.04449911,0.091351107,0.13227287,0.14203268,0.15989396,0.18796173,0,0,0.0,0.0,0.0,0.0,0.0,0.0,0.044870269,0.037958812,0.027189758,0.040376436,0.0032490001,-0.00054899999,0.0070190001,0.00062599999
842,1998,0.046851996,0.087773755,0.097533576,0.11539485,0.14346261,0.18132004,0,0,0.0,0.0,0.0,0.0,0.0,0.0,0.04449911,0.044870269,0.037958812,0.027189758,0.013037,0.0032490001,-0.00054899999,0.0070190001
842,1999,0.040921763,0.05068158,0.068542853,0.096610613,0.13446805,0.1679202,0,0,0.0,0.0,0.0,0.0,0.0,0.0,0.046851996,0.04449911,0.044870269,0.037958812,0.0056059998,0.013037,0.0032490001,-0.00054899999
842,2000,0.0097598182,0.027621094,0.055688854,0.093546286,0.12699845,0.15366471,0,0,0.0,0.0,0.0,0.0,0.0,0.0,0.040921763,0.046851996,0.04449911,0.044870269,0.0084020002,0.0056059998,0.013037,0.0032490001
842,2001,0.017861277,0.045929037,0.083786465,0.11723863,0.14390488,0.16169058,0,0,0.0,0.0,0.0,0.0,0.0,0.0,0.0097598182,0.040921763,0.046851996,0.04449911,0.012154,0.0084020002,0.0056059998,0.013037
842,2002,0.02806776,0.065925188,0.099377349,0.1260436,0.1438293,0.14091308,0,1,0.0,0.0,0.0,0.0,0.0,0.0,0.017861277,0.0097598182,0.040921763,0.046851996,0.016620999,0.012154,0.0084020002,0.0056059998
842,2003,0.037857428,0.071309589,0.09797585,0.11576156,0.11284534,0.085090041,0,0,0.0,0.0,0.0,1.0,0.0,0.0,0.02806776,0.017861277,0.0097598182,0.040921763,0.018154999,0.016620999,0.012154,0.0084020002
842,2004,0.033452161,0.060118418,0.07790412,0.074987903,0.047232606,0.072551817,0,0,0.0,0.0,0.0,0.0,1.0,0.0,0.037857428,0.02806776,0.017861277,0.0097598182,0.027999001,0.018154999,0.016620999,0.012154
842,2005,0.026666258,0.044451959,0.041535746,0.01378045,0.039099656,0.055114202,0,0,0.0,0.0,0.0,0.0,0.0,1.0,0.033452161,0.037857428,0.02806776,0.017861277,0.016299,0.027999001,0.018154999,0.016620999
842,2006,0.017785704,0.014869489,-0.012885807,0.0124334,0.028447947,0.050688256,0,0,0.0,0.0,0.0,0.0,0.0,0.0,0.026666258,0.033452161,0.037857428,0.02806776,0.010581,0.016299,0.027999001,0.018154999
842,2007,-0.0029162145,-0.030671511,-0.0053523034,0.010662243,0.032902554,0.049675867,1,0,0.0,0.0,0.0,0.0,0.0,0.0,0.017785704,0.026666258,0.033452161,0.037857428,0.015977001,0.010581,0.016299,0.027999001
842,2008,-0.027755296,-0.0024360884,0.013578458,0.035818767,0.052592084,0.076296657,1,1,1.0,0.0,0.0,0.0,0.0,0.0,-0.0029162145,0.017785704,0.026666258,0.033452161,0.011879,0.015977001,0.010581,0.016299
842,2009,0.025319207,0.041333754,0.063574061,0.080347374,0.10405195,0.13001344,0,0,1.0,1.0,0.0,1.0,0.0,0.0,-0.027755296,-0.0029162145,0.017785704,0.026666258,-0.024335001,0.011879,0.015977001,0.010581
842,2010,0.016014546,0.038254857,0.05502817,0.078732744,0.10469422,0.12085079,0,0,0.0,1.0,1.0,0.0,1.0,0.0,0.025319207,-0.027755296,-0.0029162145,0.017785704,-0.0088959998,-0.024335001,0.011879,0.015977001
842,2011,0.022240309,0.039013624,0.062718198,0.088679679,0.10483624,,0,0,0.0,0.0,1.0,0.0,0.0,1.0,0.016014546,0.025319207,-0.027755296,-0.0029162145,-0.0086960001,-0.0088959998,-0.024335001,0.011879
842,2012,0.016773315,0.040477894,0.066439375,0.082595937,,,0,0,0.0,0.0,0.0,0.0,0.0,0.0,0.022240309,0.016014546,0.025319207,-0.027755296,-0.0051330002,-0.0086960001,-0.0088959998,-0.024335001
842,2013,0.023704577,0.049666058,0.065822616,,,,0,0,0.0,0.0,0.0,0.0,0.0,0.0,0.016773315,0.022240309,0.016014546,0.025319207,-0.0033170001,-0.0051330002,-0.0086960001,-0.0088959998
862,1949,0.022825895,0.090124674,0.1738874,0.21169418,0.31018686,0.39058772,0,0,,,,0.0,0.0,0.0,0.059385601,0.10728883,0.17904347,0.18227051,,,,
862,1950,0.067298777,0.15106151,0.18886828,0.28736097,0.36776182,0.45099229,0,0,0.0,,,0.0,0.0,0.0,0.022825895,0.059385601,0.10728883,0.17904347,,,,
862,1951,0.083762735,0.12156951,0.2200622,0.30046305,0.38369352,0.52249837,0,0,0.0,0.0,,0.0,0.0,0.0,0.067298777,0.022825895,0.059385601,0.10728883,,,,
862,1952,0.037806779,0.13629946,0.21670032,0.29993078,0.43873566,0.45530048,0,0,0.0,0.0,0.0,0.0,0.0,0.0,0.083762735,0.067298777,0.022825895,0.059385601,,,,
862,1953,0.098492675,0.17889354,0.262124,0.40092888,0.4174937,0.47583967,0,0,0.0,0.0,0.0,0.0,0.0,0.0,0.037806779,0.083762735,0.067298777,0.022825895,,,,
862,1954,0.080400854,0.16363132,0.3024362,0.31900102,0.37734699,0.38052124,0,0,0.0,0.0,0.0,0.0,0.0,0.0,0.098492675,0.037806779,0.083762735,0.067298777,,,,
862,1955,0.083230458,0.22203535,0.23860015,0.29694614,0.30012038,0.33204558,0,0,0.0,0.0,0.0,0.0,0.0,0.0,0.080400854,0.098492675,0.037806779,0.083762735,,,,
862,1956,0.13880488,0.15536968,0.21371567,0.2168899,0.24881509,0.33414441,0,0,0.0,0.0,0.0,0.0,0.0,0.0,0.083230458,0.080400854,0.098492675,0.037806779,,,,
862,1957,0.016564805,0.07491079,0.078085028,0.11001022,0.19533956,0.23434907,0,0,0.0,0.0,0.0,0.0,0.0,0.0,0.13880488,0.083230458,0.080400854,0.098492675,,,,
862,1958,0.058345985,0.061520219,0.093445413,0.17877474,0.21778426,0.32907772,0,0,0.0,0.0,0.0,0.0,0.0,0.0,0.016564805,0.13880488,0.083230458,0.080400854,,,,
862,1959,0.0031742351,0.035099428,0.12042877,0.15943828,0.27073175,0.31236041,0,0,0.0,0.0,0.0,0.0,0.0,0.0,0.058345985,0.016564805,0.13880488,0.083230458,,,,
862,1960,0.031925194,0.11725453,0.15626404,0.2675575,0.30918616,0.32428867,0,0,0.0,0.0,0.0,0.0,0.0,0.0,0.0031742351,0.058345985,0.016564805,0.13880488,,,,
862,1961,0.085329339,0.12433885,0.2356323,0.27726096,0.29236346,0.32070217,0,0,0.0,0.0,0.0,0.0,0.0,0.0,0.031925194,0.0031742351,0.058345985,0.016564805,,,,
862,1962,0.039009511,0.15030296,0.19193164,0.20703414,0.23537283,0.30874515,0,0,0.0,0.0,0.0,0.0,0.0,0.0,0.085329339,0.031925194,0.0031742351,0.058345985,,,,
862,1963,0.11129345,0.15292212,0.16802463,0.19636331,0.26973563,0.27679601,0,0,0.0,0.0,0.0,0.0,0.0,0.0,0.039009511,0.085329339,0.031925194,0.0031742351,,,,
862,1964,0.041628666,0.056731168,0.085069858,0.15844218,0.16550255,0.24262169,0,0,0.0,0.0,0.0,0.0,0.0,0.0,0.11129345,0.039009511,0.085329339,0.031925194,,,,
862,1965,0.015102501,0.043441191,0.11681352,0.12387389,0.20099303,0.21578595,0,0,0.0,0.0,0.0,0.0,0.0,0.0,0.041628666,0.11129345,0.039009511,0.085329339,,,,
862,1966,0.028338689,0.10171102,0.10877139,0.18589053,0.20068344,0.2135115,0,0,0.0,0.0,0.0,0.0,0.0,0.0,0.015102501,0.041628666,0.11129345,0.039009511,,,,
862,1967,0.073372327,0.080432698,0.15755184,0.17234474,0.1851728,0.25627238,0,0,0.0,0.0,0.0,0.0,0.0,0.0,0.028338689,0.015102501,0.041628666,0.11129345,,,,
862,1968,0.0070603681,0.084179513,0.098972425,0.11180048,0.18290006,0.20359339,0,0,0.0,0.0,0.0,0.0,0.0,0.0,0.073372327,0.028338689,0.015102501,0.041628666,,,,
862,1969,0.077119142,0.091912054,0.10474011,0.17583969,0.19653302,0.22549561,0,0,0.0,0.0,0.0,0.0,0.0,0.0,0.0070603681,0.073372327,0.028338689,0.015102501,,,,
862,1970,0.014792912,0.027620964,0.098720543,0.11941388,0.14837645,0.22565386,0,0,0.0,0.0,0.0,0.0,0.0,0.0,0.077119142,0.0070603681,0.073372327,0.028338689,,,,
862,1971,0.012828051,0.083927631,0.10462096,0.13358355,0.21086094,0.27356878,0,0,0.0,0.0,0.0,0.0,0.0,0.0,0.014792912,0.077119142,0.0070603681,0.073372327,,,,
862,1972,0.071099579,0.091792911,0.12075549,0.19803289,0.26074073,0.2842097,0,0,0.0,0.0,0.0,0.0,0.0,0.0,0.012828051,0.014792912,0.077119142,0.0070603681,,,,
862,1973,0.020693334,0.049655914,0.12693331,0.18964115,0.21311012,0.22075367,0,0,0.0,0.0,0.0,0.0,0.0,0.0,0.071099579,0.012828051,0.014792912,0.077119142,,,,
862,1974,0.028962579,0.10623997,0.16894782,0.19241679,0.20006034,0.15584712,0,0,0.0,0.0,0.0,0.0,0.0,0.0,0.020693334,0.071099579,0.012828051,0.014792912,,,,
862,1975,0.0772774,0.13998523,0.1634542,0.17109776,0.12688453,0.12325642,0,0,0.0,0.0,0.0,0.0,0.0,0.0,0.028962579,0.020693334,0.071099579,0.012828051,,,,
862,1976,0.062707834,0.086176798,0.093820348,0.049607124,0.045979016,0.025268955,0,0,0.0,0.0,0.0,0.0,0.0,0.0,0.0772774,0.028962579,0.020693334,0.071099579,,,,
862,1977,0.023468964,0.031112514,-0.01310071,-0.016728818,-0.037438877,-0.075087048,0,0,0.0,0.0,0.0,0.0,0.0,0.0,0.062707834,0.0772774,0.028962579,0.020693334,,,,
862,1978,0.0076435511,-0.036569674,-0.040197782,-0.060907841,-0.098556012,-0.084134363,0,1,0.0,0.0,0.0,0.0,0.0,0.0,0.023468964,0.062707834,0.0772774,0.028962579,,,,
862,1979,-0.044213224,-0.047841333,-0.068551391,-0.10619956,-0.091777913,-0.089844912,0,1,0.0,0.0,0.0,1.0,0.0,0.0,0.0076435511,0.023468964,0.062707834,0.0772774,,,,
862,1980,-0.0036281091,-0.024338169,-0.061986342,-0.047564697,-0.045631696,0.019471753,0,0,0.0,0.0,0.0,1.0,1.0,0.0,-0.044213224,0.0076435511,0.023468964,0.062707834,,,,
862,1981,-0.02071006,-0.05835823,-0.043936584,-0.042003583,0.023099866,0.058916368,0,0,0.0,0.0,0.0,0.0,1.0,1.0,-0.0036281091,-0.044213224,0.0076435511,0.023468964,,,,
862,1982,-0.037648171,-0.023226526,-0.021293525,0.043809924,0.079626426,0.13784011,0,0,0.0,0.0,0.0,0.0,0.0,1.0,-0.02071006,-0.0036281091,-0.044213224,0.0076435511,,,,
862,1983,0.014421646,0.016354648,0.081458099,0.1172746,0.17548828,0.089789458,0,0,0.0,0.0,0.0,0.0,0.0,0.0,-0.037648171,-0.02071006,-0.0036281091,-0.044213224,,,,
862,1984,0.0019330016,0.06703645,0.10285296,0.16106664,0.075367816,0.14004722,0,0,0.0,0.0,0.0,0.0,0.0,0.0,0.014421646,-0.037648171,-0.02071006,-0.0036281091,,,,
862,1985,0.065103449,0.10091995,0.15913363,0.073434807,0.13811421,0.2354131,0,0,0.0,0.0,0.0,0.0,0.0,0.0,0.0019330016,0.014421646,-0.037648171,-0.02071006,,,,
862,1986,0.035816502,0.094030187,0.0083313659,0.073010772,0.17030966,0.2309144,0,0,0.0,0.0,0.0,0.0,0.0,0.0,0.065103449,0.0019330016,0.014421646,-0.037648171,,,,
862,1987,0.058213681,-0.02748514,0.037194267,0.13449314,0.19509788,0.19785176,0,0,0.0,0.0,0.0,0.0,0.0,0.0,0.035816502,0.065103449,0.0019330016,0.014421646,,,,
862,1988,-0.085698821,-0.021019414,0.076279469,0.13688421,0.1396381,0.11614302,1,0,0.0,0.0,0.0,0.0,0.0,0.0,0.058213681,0.035816502,0.065103449,0.0019330016,,,,
862,1989,0.064679407,0.16197829,0.22258303,0.22533691,0.20184183,0.24135846,1,1,1.0,0.0,0.0,0.0,0.0,0.0,-0.085698821,0.058213681,0.035816502,0.065103449,,,,
862,1990,0.097298883,0.15790361,0.1606575,0.13716242,0.17667904,0.17470068,0,0,1.0,1.0,0.0,1.0,0.0,0.0,0.064679407,-0.085698821,0.058213681,0.035816502,,,,
862,1991,0.060604736,0.06335862,0.039863542,0.07938017,0.077401794,0.14111111,0,0,0.0,1.0,1.0,0.0,1.0,0.0,0.097298883,0.064679407,-0.085698821,0.058213681,,,,
862,1992,0.0027538815,-0.020741198,0.01877543,0.016797056,0.080506377,0.083446927,1,1,0.0,0.0,1.0,0.0,0.0,1.0,0.060604736,0.097298883,0.064679407,-0.085698821,,,,
862,1993,-0.02349508,0.016021548,0.014043175,0.077752493,0.080693044,0.020988464,1,0,1.0,0.0,0.0,1.0,0.0,0.0,0.0027538815,0.060604736,0.097298883,0.064679407,,,,
862,1994,0.039516628,0.037538256,0.10124758,0.10418813,0.04448355,0.081352994,0,0,1.0,1.0,0.0,0.0,1.0,0.0,-0.02349508,0.0027538815,0.060604736,0.097298883,,,,
862,1995,-0.0019783727,0.061730947,0.064671502,0.0049669221,0.041836366,0.075778723,1,0,0.0,1.0,1.0,0.0,0.0,1.0,0.039516628,-0.02349508,0.0027538815,0.060604736,,,,
862,1996,0.063709319,0.066649869,0.0069452897,0.043814734,0.07775709,-0.010799378,0,0,1.0,0.0,1.0,0.0,0.0,0.0,-0.0019783727,0.039516628,-0.02349508,0.0027538815,,,,
862,1997,0.0029405516,-0.056764029,-0.019894585,0.014047775,-0.074508697,-0.1520617,0,0,0.0,1.0,0.0,0.0,0.0,0.0,0.063709319,-0.0019783727,0.039516628,-0.02349508,,,,
862,1998,-0.059704579,-0.022835135,0.011107225,-0.077449247,-0.15500225,0.027863801,1,1,0.0,0.0,1.0,0.0,0.0,0.0,0.0029405516,0.063709319,-0.0019783727,0.039516628,,,,
862,1999,0.036869444,0.070811808,-0.01774466,-0.095297664,0.087568387,0.19074753,1,0,1.0,0.0,0.0,1.0,0.0,0.0,-0.059704579,0.0029405516,0.063709319,-0.0019783727,,,,
862,2000,0.03394236,-0.054614108,-0.13216712,0.050698936,0.15387808,0.25259957,0,0,1.0,1.0,0.0,0.0,1.0,0.0,0.036869444,-0.059704579,0.0029405516,0.063709319,,,,
862,2001,-0.088556468,-0.16610947,0.016756579,0.11993572,0.21865723,0.30619302,0,0,0.0,1.0,1.0,0.0,0.0,1.0,0.03394236,0.036869444,-0.059704579,0.0029405516,,,,
862,2002,-0.077553004,0.10531305,0.20849219,0.30721369,0.39474949,0.44752803,0,0,0.0,0.0,1.0,0.0,0.0,0.0,-0.088556468,0.03394236,0.036869444,-0.059704579,,,,
862,2003,0.18286605,0.28604519,0.3847667,0.4723025,0.52508104,0.49305803,0,0,0.0,0.0,0.0,0.0,0.0,0.0,-0.077553004,-0.088556468,0.03394236,0.036869444,,,,
862,2004,0.10317914,0.20190063,0.28943643,0.34221497,0.31019193,0.29530403,0,0,0.0,0.0,0.0,0.0,0.0,0.0,0.18286605,-0.077553004,-0.088556468,0.03394236,,,,
862,2005,0.098721497,0.18625729,0.23903583,0.2070128,0.19212489,0.23388915,0,1,0.0,0.0,0.0,0.0,0.0,0.0,0.10317914,0.18286605,-0.077553004,-0.088556468,,,,
862,2006,0.087535791,0.14031433,0.1082913,0.093403384,0.13516764,0.19142722,0,0,0.0,0.0,0.0,1.0,0.0,0.0,0.098721497,0.10317914,0.18286605,-0.077553004,,,,
862,2007,0.052778538,0.020755511,0.0058675986,0.047631852,0.10389142,0.11732236,0,1,0.0,0.0,0.0,0.0,1.0,0.0,0.087535791,0.098721497,0.10317914,0.18286605,,,,
862,2008,-0.032023028,-0.046910942,-0.005146686,0.051112883,0.064543821,,1,0,0.0,0.0,0.0,1.0,0.0,1.0,0.052778538,0.087535791,0.098721497,0.10317914,,,,
862,2009,-0.014887912,0.026876343,0.08313591,0.096566848,,,0,0,1.0,0.0,0.0,0.0,1.0,0.0,-0.032023028,0.052778538,0.087535791,0.098721497,,,,
862,2010,0.041764256,0.098023824,0.11145476,,,,0,0,0.0,1.0,0.0,0.0,0.0,1.0,-0.014887912,-0.032023028,0.052778538,0.087535791,,,,
